date,n1,n2,n3,n4,n5,n6
07-09-1986,1,20,22,24,27,40
14-09-1986,9,10,20,30,32,36
21-09-1986,6,7,8,16,24,30
28-09-1986,1,10,11,36,40,41
05-10-1986,13,14,15,28,31,35
12-10-1986,4,9,13,25,30,39
19-10-1986,14,15,17,38,43,45
26-10-1986,1,2,8,11,26,30
02-11-1986,6,12,14,16,28,31
09-11-1986,5,25,30,33,35,38
16-11-1986,5,14,20,22,33,39
23-11-1986,27,29,35,38,39,44
30-11-1986,4,19,21,31,35,45
07-12-1986,7,17,19,29,38,41
14-12-1986,17,20,27,33,36,38
21-12-1986,2,13,30,33,39,41
01-01-1987,1,13,14,32,34,44
11-01-1987,7,11,26,28,29,33
18-01-1987,2,19,28,29,33,42
25-01-1987,1,5,10,16,33,43
01-02-1987,4,16,21,35,38,45
08-02-1987,12,17,28,29,30,33
15-02-1987,2,6,10,23,31,41
22-02-1987,3,7,12,17,36,44
01-03-1987,18,19,24,26,30,42
08-03-1987,1,5,24,36,38,42
15-03-1987,4,19,23,27,29,34
22-03-1987,3,7,13,24,31,44
29-03-1987,3,4,10,21,28,44
05-04-1987,6,9,14,21,24,44
12-04-1987,3,20,23,26,27,40
19-04-1987,3,6,18,20,40,42
26-04-1987,5,25,28,30,35,36
03-05-1987,21,29,32,35,39,43
10-05-1987,12,13,14,19,35,40
17-05-1987,32,33,35,41,43,45
24-05-1987,3,15,16,36,39,42
31-05-1987,8,10,14,26,30,41
07-06-1987,8,23,24,25,28,32
14-06-1987,1,15,30,37,40,43
21-06-1987,3,11,12,16,19,42
28-06-1987,10,17,30,37,40,45
05-07-1987,5,8,15,22,33,36
12-07-1987,3,8,17,27,29,44
19-07-1987,1,22,27,36,39,43
26-07-1987,8,15,20,25,33,41
02-08-1987,4,20,28,29,38,43
09-08-1987,3,10,14,27,29,45
16-08-1987,3,5,10,12,16,28
23-08-1987,5,10,22,30,39,43
30-08-1987,8,10,24,30,35,39
06-09-1987,8,17,26,33,37,39
13-09-1987,9,24,25,26,37,45
20-09-1987,4,17,22,26,37,39
27-09-1987,4,6,10,11,24,36
04-10-1987,7,10,33,35,36,41
11-10-1987,5,14,20,22,23,31
18-10-1987,21,22,29,30,34,35
25-10-1987,20,21,32,33,35,43
01-11-1987,15,25,26,28,39,44
08-11-1987,5,13,16,23,39,41
15-11-1987,14,25,29,30,37,41
22-11-1987,7,16,17,20,39,45
29-11-1987,5,14,17,33,37,39
06-12-1987,10,13,17,26,31,38
13-12-1987,4,18,19,23,26,31
20-12-1987,3,15,19,24,25,27
27-12-1987,9,17,26,32,33,35
03-01-1988,8,21,27,28,42,45
10-01-1988,7,18,22,30,34,40
17-01-1988,1,3,5,22,23,37
24-01-1988,1,14,16,24,29,34
31-01-1988,5,12,25,36,40,41
07-02-1988,9,18,29,35,37,41
14-02-1988,1,10,18,28,35,45
21-02-1988,13,17,20,36,38,42
28-02-1988,4,7,17,18,31,37
06-03-1988,12,24,25,31,36,37
13-03-1988,3,20,26,35,36,37
20-03-1988,3,19,21,29,31,44
27-03-1988,2,8,23,29,30,31
03-04-1988,3,4,12,14,31,44
10-04-1988,2,8,13,15,21,23
17-04-1988,3,20,26,27,41,42
24-04-1988,4,15,22,26,28,30
01-05-1988,12,22,26,35,37,45
08-05-1988,13,16,20,31,32,40
15-05-1988,4,24,27,32,33,35
22-05-1988,7,16,17,26,29,36
29-05-1988,8,12,20,30,33,38
05-06-1988,4,7,10,20,31,43
12-06-1988,2,14,15,25,26,39
19-06-1988,2,4,7,10,27,28
26-06-1988,15,25,34,41,44,45
03-07-1988,10,16,18,28,37,40
10-07-1988,2,7,11,27,32,43
17-07-1988,5,10,14,20,29,34
24-07-1988,2,12,14,27,35,41
31-07-1988,9,11,23,34,42,43
07-08-1988,1,4,11,33,34,42
14-08-1988,4,9,10,16,18,32
21-08-1988,12,24,26,37,42,43
28-08-1988,3,22,23,28,35,45
04-09-1988,3,22,38,39,42,43
11-09-1988,3,9,12,16,22,41
18-09-1988,1,25,27,36,39,43
25-09-1988,4,9,15,23,26,32
02-10-1988,2,6,8,12,24,30
09-10-1988,2,3,12,25,26,36
16-10-1988,7,9,11,19,21,22
23-10-1988,15,19,26,43,44,45
30-10-1988,8,16,31,32,34,43
06-11-1988,8,16,22,37,38,42
13-11-1988,2,3,23,32,34,35
20-11-1988,2,18,24,26,31,42
27-11-1988,1,2,5,21,37,39
04-12-1988,7,15,24,26,32,40
11-12-1988,21,24,35,41,43,44
18-12-1988,5,27,31,36,38,41
25-12-1988,10,25,33,36,39,42
01-01-1989,7,11,18,22,23,24
08-01-1989,10,16,17,27,30,36
15-01-1989,9,10,19,23,27,43
22-01-1989,6,14,18,21,38,43
29-01-1989,1,6,16,20,37,38
05-02-1989,13,15,16,19,30,44
12-02-1989,16,20,27,32,36,37
19-02-1989,1,3,5,12,23,40
26-02-1989,2,5,8,11,28,44
05-03-1989,3,17,18,34,37,39
12-03-1989,4,13,26,33,35,41
19-03-1989,18,26,28,36,38,42
26-03-1989,7,13,17,23,28,43
02-04-1989,4,8,9,29,30,34
09-04-1989,6,9,22,23,38,43
16-04-1989,6,12,14,15,16,27
23-04-1989,10,20,24,33,44,45
30-04-1989,13,28,35,36,38,45
07-05-1989,9,13,17,20,22,44
14-05-1989,2,5,9,12,16,31
21-05-1989,2,14,16,26,28,40
28-05-1989,2,4,6,12,16,28
04-06-1989,14,16,22,26,33,39
11-06-1989,4,18,21,25,31,40
18-06-1989,12,18,21,32,33,45
25-06-1989,7,17,23,30,37,38
02-07-1989,7,9,14,31,39,40
09-07-1989,3,8,17,19,27,35
16-07-1989,1,5,13,16,27,45
23-07-1989,5,13,18,24,36,44
30-07-1989,7,14,17,27,38,41
06-08-1989,6,7,10,28,32,43
13-08-1989,13,20,28,30,31,45
20-08-1989,2,13,14,29,30,42
27-08-1989,2,5,7,15,20,30
03-09-1989,12,15,20,22,28,32
10-09-1989,4,7,10,11,17,34
17-09-1989,5,23,24,28,31,39
24-09-1989,5,14,20,21,34,41
01-10-1989,2,5,14,41,43,45
08-10-1989,2,4,21,36,38,44
15-10-1989,7,20,29,33,34,41
22-10-1989,4,21,22,27,29,41
29-10-1989,2,13,32,34,41,44
05-11-1989,2,3,7,24,29,38
12-11-1989,4,11,22,25,34,43
19-11-1989,2,17,19,27,33,38
26-11-1989,3,16,21,29,36,37
03-12-1989,6,19,28,33,42,44
10-12-1989,8,19,21,28,30,40
17-12-1989,3,5,23,29,35,45
25-12-1989,2,36,37,38,41,42
31-12-1989,3,13,21,22,29,39
07-01-1990,1,2,12,32,39,40
14-01-1990,5,11,13,19,22,40
21-01-1990,9,15,28,31,39,41
28-01-1990,8,26,27,36,38,40
04-02-1990,15,16,20,24,25,43
11-02-1990,11,22,23,25,32,39
18-02-1990,1,13,18,23,28,42
25-02-1990,8,9,11,16,34,36
04-03-1990,2,5,6,23,27,33
11-03-1990,3,11,23,27,30,33
18-03-1990,1,2,20,33,36,41
25-03-1990,3,9,18,26,28,44
01-04-1990,1,10,12,29,32,42
08-04-1990,7,9,14,18,24,35
15-04-1990,2,3,14,25,28,29
22-04-1990,7,8,20,30,31,33
29-04-1990,10,19,24,26,37,42
06-05-1990,4,15,24,30,37,39
13-05-1990,3,11,19,22,29,42
20-05-1990,4,10,21,31,34,39
27-05-1990,2,16,23,26,31,44
03-06-1990,10,12,20,23,33,39
10-06-1990,3,8,18,37,40,43
17-06-1990,5,15,18,23,24,29
24-06-1990,6,10,11,16,22,43
01-07-1990,7,8,21,26,28,33
08-07-1990,3,5,7,19,25,42
15-07-1990,10,17,18,19,34,39
22-07-1990,6,10,11,13,32,43
29-07-1990,1,9,22,23,39,41
05-08-1990,10,11,19,23,26,29
12-08-1990,8,12,17,18,21,44
19-08-1990,10,12,19,22,31,44
26-08-1990,2,6,7,11,20,35
02-09-1990,18,28,30,35,36,43
09-09-1990,11,22,27,34,42,44
16-09-1990,8,11,16,26,32,37
23-09-1990,16,18,25,29,30,33
30-09-1990,5,18,25,37,38,44
07-10-1990,5,6,29,31,32,43
14-10-1990,1,3,4,13,15,39
21-10-1990,10,23,37,41,43,44
28-10-1990,4,6,26,35,42,45
04-11-1990,9,10,11,12,17,44
11-11-1990,2,6,17,21,30,43
18-11-1990,5,7,26,31,35,42
25-11-1990,7,30,35,37,40,43
02-12-1990,7,9,23,25,29,45
09-12-1990,9,10,12,39,41,44
16-12-1990,6,18,20,23,34,36
23-12-1990,5,22,32,34,42,43
30-12-1990,3,4,13,32,35,44
06-01-1991,6,16,17,31,42,43
13-01-1991,8,12,30,32,33,43
20-01-1991,2,15,18,27,32,39
27-01-1991,1,5,27,28,36,42
03-02-1991,8,10,19,30,37,39
10-02-1991,6,16,18,39,42,43
17-02-1991,1,6,12,14,26,43
24-02-1991,5,11,16,18,43,44
03-03-1991,8,15,20,25,26,44
10-03-1991,2,8,19,28,33,39
17-03-1991,7,11,18,20,36,40
24-03-1991,9,24,26,29,31,37
31-03-1991,3,6,24,31,34,44
07-04-1991,7,11,19,26,32,42
14-04-1991,8,21,22,24,30,40
21-04-1991,2,9,10,23,25,45
28-04-1991,2,6,9,10,31,38
05-05-1991,5,11,15,16,17,19
12-05-1991,14,15,27,28,40,42
19-05-1991,19,24,25,29,31,41
26-05-1991,3,7,9,23,24,35
02-06-1991,5,17,37,42,43,44
09-06-1991,1,2,13,23,27,39
16-06-1991,6,12,17,19,20,21
23-06-1991,7,8,18,21,26,36
30-06-1991,5,6,13,17,34,41
07-07-1991,1,9,14,25,26,29
14-07-1991,1,8,11,16,31,35
21-07-1991,2,4,6,22,27,36
28-07-1991,12,14,29,35,44,45
04-08-1991,13,22,24,27,30,38
11-08-1991,5,8,9,28,34,40
18-08-1991,6,7,22,23,33,41
25-08-1991,6,10,16,21,22,42
01-09-1991,5,7,15,18,26,28
08-09-1991,3,4,12,17,25,44
15-09-1991,11,13,14,19,23,29
22-09-1991,7,9,38,40,41,45
29-09-1991,12,14,20,30,36,42
06-10-1991,6,9,31,32,34,41
13-10-1991,21,22,26,28,36,40
20-10-1991,3,6,18,32,37,40
27-10-1991,5,10,17,23,29,31
03-11-1991,1,7,9,10,39,40
10-11-1991,2,27,31,35,36,40
17-11-1991,1,4,8,9,26,33
24-11-1991,10,11,15,22,24,28
01-12-1991,15,19,21,22,26,45
08-12-1991,13,14,22,32,37,38
15-12-1991,10,11,12,19,33,35
22-12-1991,8,14,17,23,38,45
29-12-1991,6,8,9,16,26,42
05-01-1992,7,17,18,19,25,40
12-01-1992,9,16,18,24,35,45
19-01-1992,15,29,30,33,34,42
26-01-1992,27,30,31,32,34,39
02-02-1992,1,12,14,27,31,43
09-02-1992,5,8,14,24,25,33
16-02-1992,7,17,19,21,25,29
23-02-1992,7,20,22,25,30,34
01-03-1992,1,7,11,35,38,41
08-03-1992,12,24,25,29,40,45
15-03-1992,1,4,8,27,32,37
22-03-1992,6,13,24,28,31,42
29-03-1992,4,8,33,35,36,44
05-04-1992,7,20,21,30,35,36
12-04-1992,21,30,34,36,38,39
19-04-1992,4,16,17,20,22,39
26-04-1992,4,5,14,23,26,27
03-05-1992,4,5,20,26,27,33
10-05-1992,4,7,21,27,39,42
17-05-1992,4,5,22,26,33,36
24-05-1992,2,8,17,27,29,36
31-05-1992,17,21,22,30,39,45
07-06-1992,11,20,29,30,31,40
14-06-1992,1,7,13,16,22,41
21-06-1992,21,26,28,38,39,44
28-06-1992,3,7,20,34,35,43
05-07-1992,7,13,20,26,28,36
12-07-1992,8,13,27,35,36,40
19-07-1992,1,2,11,25,28,45
26-07-1992,9,12,16,18,22,45
02-08-1992,2,11,27,30,35,43
09-08-1992,4,7,21,26,27,29
16-08-1992,2,5,12,16,31,33
23-08-1992,4,11,31,34,39,41
30-08-1992,3,4,11,27,32,39
06-09-1992,18,37,39,40,43,45
13-09-1992,4,9,20,26,27,30
20-09-1992,3,12,13,18,20,40
27-09-1992,12,19,21,22,25,27
04-10-1992,3,7,10,24,36,39
11-10-1992,1,12,13,36,43,44
18-10-1992,10,21,28,37,38,44
25-10-1992,10,23,25,31,36,45
01-11-1992,5,22,23,31,33,45
08-11-1992,4,8,18,21,28,37
15-11-1992,7,12,15,22,26,30
22-11-1992,3,10,13,19,21,43
29-11-1992,1,5,23,24,40,42
06-12-1992,16,17,20,26,34,43
13-12-1992,12,21,22,30,31,38
20-12-1992,8,12,16,33,36,44
27-12-1992,1,10,12,26,36,45
03-01-1993,1,26,33,34,39,40
10-01-1993,8,11,18,26,38,44
17-01-1993,1,2,4,24,26,28
24-01-1993,11,20,26,28,36,40
31-01-1993,4,24,29,36,39,40
07-02-1993,8,14,15,24,26,42
14-02-1993,6,12,22,28,30,33
21-02-1993,13,21,28,32,38,39
28-02-1993,3,4,10,17,20,34
07-03-1993,5,17,28,32,37,40
14-03-1993,5,7,11,20,23,37
21-03-1993,6,19,25,39,40,42
28-03-1993,5,7,17,28,32,45
04-04-1993,9,18,21,33,36,43
11-04-1993,3,20,33,34,42,45
18-04-1993,5,11,25,31,36,38
25-04-1993,5,21,34,40,41,43
02-05-1993,7,10,13,26,28,36
09-05-1993,6,9,15,16,27,37
16-05-1993,5,11,24,25,33,38
23-05-1993,5,15,17,24,34,43
30-05-1993,13,20,21,30,33,35
06-06-1993,9,30,36,40,43,45
13-06-1993,11,15,27,30,36,42
20-06-1993,8,12,13,18,24,30
27-06-1993,13,16,26,34,41,44
04-07-1993,1,6,12,33,40,45
11-07-1993,2,8,19,20,24,44
18-07-1993,8,11,12,16,19,37
25-07-1993,9,11,13,25,37,44
01-08-1993,2,4,6,26,29,42
08-08-1993,2,7,17,18,32,35
15-08-1993,4,11,13,17,34,40
22-08-1993,2,7,20,27,33,43
29-08-1993,13,17,23,27,30,35
05-09-1993,3,29,30,37,38,41
12-09-1993,4,5,6,15,38,44
19-09-1993,2,6,8,14,22,29
26-09-1993,15,25,29,33,34,37
03-10-1993,3,10,15,31,36,37
10-10-1993,7,14,15,23,36,41
17-10-1993,5,6,10,17,34,39
24-10-1993,6,10,16,27,29,35
31-10-1993,6,25,33,38,42,43
07-11-1993,11,15,21,27,29,30
14-11-1993,22,27,29,36,38,43
21-11-1993,2,19,21,26,34,42
28-11-1993,4,9,14,16,36,42
05-12-1993,2,17,41,42,44,45
12-12-1993,7,8,27,36,40,43
19-12-1993,4,5,7,8,20,30
26-12-1993,1,2,5,7,33,41
02-01-1994,6,7,15,25,26,37
09-01-1994,15,23,26,28,32,33
16-01-1994,5,8,11,12,39,45
23-01-1994,5,19,20,30,32,39
30-01-1994,14,30,31,34,37,44
06-02-1994,1,4,6,12,17,23
13-02-1994,1,15,20,32,36,42
20-02-1994,19,24,25,34,41,43
27-02-1994,15,18,27,37,41,43
06-03-1994,5,29,30,31,32,37
13-03-1994,7,18,27,31,38,39
20-03-1994,5,23,27,31,37,42
27-03-1994,19,24,32,33,36,40
03-04-1994,1,11,13,32,38,43
10-04-1994,2,3,13,17,26,39
17-04-1994,13,19,23,24,25,32
24-04-1994,2,7,12,14,25,40
01-05-1994,12,16,30,39,40,42
08-05-1994,3,5,11,25,42,44
15-05-1994,1,9,12,23,28,45
22-05-1994,2,9,11,16,23,45
29-05-1994,1,3,16,20,26,37
05-06-1994,3,5,9,21,29,39
12-06-1994,1,19,26,29,36,37
19-06-1994,5,7,21,23,25,26
26-06-1994,7,14,19,22,24,40
03-07-1994,3,10,28,34,41,43
10-07-1994,11,22,24,33,37,43
17-07-1994,17,20,21,30,31,39
24-07-1994,16,32,33,36,43,45
31-07-1994,4,7,9,13,18,22
07-08-1994,1,16,17,21,25,29
14-08-1994,12,24,25,36,43,45
21-08-1994,3,4,9,16,19,32
28-08-1994,2,5,10,32,41,44
04-09-1994,4,8,14,40,41,45
11-09-1994,8,10,15,18,23,38
18-09-1994,17,19,23,39,42,43
25-09-1994,8,10,11,13,27,36
02-10-1994,6,7,18,25,33,42
09-10-1994,4,10,13,18,19,21
16-10-1994,17,25,29,33,39,42
23-10-1994,10,21,29,39,43,45
30-10-1994,3,15,27,28,37,41
06-11-1994,1,6,15,18,26,30
13-11-1994,4,7,8,13,15,29
20-11-1994,4,14,21,25,35,40
27-11-1994,4,26,30,35,36,38
04-12-1994,1,5,11,20,35,40
11-12-1994,6,9,14,18,37,42
18-12-1994,5,11,22,23,27,43
25-12-1994,2,5,24,39,41,43
01-01-1995,7,13,15,19,25,38
08-01-1995,7,9,13,16,22,27
15-01-1995,6,7,9,30,33,40
22-01-1995,9,17,27,36,38,42
29-01-1995,2,11,20,28,30,35
05-02-1995,1,12,20,22,37,42
12-02-1995,2,4,9,21,22,42
19-02-1995,9,15,25,26,40,43
26-02-1995,17,23,27,28,29,43
05-03-1995,4,5,13,21,42,45
12-03-1995,1,7,14,19,31,40
19-03-1995,4,5,30,35,38,42
26-03-1995,3,14,17,31,39,43
02-04-1995,3,7,11,15,17,35
09-04-1995,3,7,21,28,40,41
16-04-1995,6,8,10,16,22,35
23-04-1995,12,26,30,38,43,44
30-04-1995,21,24,26,38,39,41
07-05-1995,1,10,15,28,38,42
14-05-1995,7,9,13,15,16,30
21-05-1995,8,15,25,33,35,45
28-05-1995,1,3,28,36,38,43
04-06-1995,9,22,30,37,38,44
11-06-1995,13,23,38,41,42,45
18-06-1995,4,9,27,28,40,42
25-06-1995,10,12,27,28,40,43
02-07-1995,4,15,18,23,24,29
09-07-1995,4,9,11,32,42,44
16-07-1995,1,2,22,26,31,33
23-07-1995,1,11,19,26,32,39
30-07-1995,7,19,20,21,29,31
06-08-1995,5,18,19,23,30,45
13-08-1995,6,9,22,25,26,45
20-08-1995,4,18,19,32,37,38
27-08-1995,1,17,19,26,35,44
03-09-1995,7,15,23,36,42,43
10-09-1995,12,14,20,31,35,44
17-09-1995,2,23,26,29,37,40
24-09-1995,2,3,7,10,12,44
01-10-1995,1,2,4,5,17,44
08-10-1995,1,5,30,33,35,42
15-10-1995,8,25,26,29,40,42
22-10-1995,1,17,26,30,33,44
29-10-1995,4,9,15,34,35,39
05-11-1995,1,12,19,24,28,44
12-11-1995,7,9,10,25,26,32
19-11-1995,1,2,8,12,19,23
26-11-1995,7,16,18,21,22,32
03-12-1995,13,15,24,25,28,44
10-12-1995,11,13,17,19,25,44
17-12-1995,5,6,12,14,16,27
23-12-1995,5,8,18,31,36,45
31-12-1995,13,24,25,29,32,33
07-01-1996,14,25,27,37,38,43
14-01-1996,17,18,20,30,32,44
21-01-1996,16,18,22,25,31,32
28-01-1996,6,22,30,33,35,45
04-02-1996,15,19,23,28,30,45
11-02-1996,5,12,15,20,21,41
18-02-1996,13,23,24,30,33,43
25-02-1996,5,34,36,37,42,43
03-03-1996,14,22,25,31,33,40
10-03-1996,17,22,25,29,34,39
17-03-1996,3,8,17,22,33,40
24-03-1996,10,21,23,29,34,39
31-03-1996,8,13,29,34,35,41
07-04-1996,3,13,25,27,31,37
14-04-1996,16,21,25,35,37,38
21-04-1996,3,20,27,32,39,44
28-04-1996,5,11,16,17,26,40
05-05-1996,22,23,26,31,36,39
12-05-1996,1,16,30,33,43,45
19-05-1996,6,10,12,14,33,45
26-05-1996,9,16,27,29,40,41
02-06-1996,7,12,16,21,39,41
09-06-1996,9,12,19,28,31,43
16-06-1996,4,21,28,37,38,39
23-06-1996,1,8,13,15,28,42
30-06-1996,3,4,6,14,31,33
07-07-1996,6,16,17,33,34,43
14-07-1996,4,30,32,34,36,40
21-07-1996,1,16,26,37,41,45
28-07-1996,10,13,19,25,36,40
04-08-1996,3,7,16,23,26,27
11-08-1996,1,3,22,27,32,40
18-08-1996,7,21,26,28,41,44
25-08-1996,8,15,24,35,42,44
01-09-1996,4,6,15,25,29,38
08-09-1996,5,7,18,29,42,45
15-09-1996,1,4,8,21,27,34
22-09-1996,1,2,4,27,31,34
29-09-1996,16,17,26,31,38,42
06-10-1996,6,18,34,35,41,44
13-10-1996,6,16,22,25,42,44
20-10-1996,14,17,29,31,35,42
27-10-1996,7,12,15,28,35,41
03-11-1996,4,5,11,22,26,44
10-11-1996,7,14,18,35,37,44
17-11-1996,3,11,18,22,27,32
24-11-1996,2,8,13,20,24,34
01-12-1996,1,23,24,27,29,40
08-12-1996,11,26,27,31,39,43
15-12-1996,5,15,17,38,41,45
22-12-1996,6,26,31,34,38,39
29-12-1996,1,9,23,24,26,35
05-01-1997,3,8,9,25,26,35
12-01-1997,4,5,6,8,21,35
19-01-1997,3,7,26,28,31,40
26-01-1997,2,7,32,39,42,43
02-02-1997,4,8,20,28,37,39
09-02-1997,1,5,10,20,26,45
16-02-1997,5,11,19,30,33,44
23-02-1997,12,21,24,29,33,35
02-03-1997,16,17,24,30,38,44
09-03-1997,3,6,10,27,31,36
16-03-1997,5,7,12,17,35,41
23-03-1997,4,15,31,36,38,44
30-03-1997,14,17,26,27,36,44
06-04-1997,7,12,25,27,28,30
13-04-1997,17,22,23,40,41,42
20-04-1997,14,15,19,26,33,45
27-04-1997,7,9,11,13,35,43
04-05-1997,5,19,22,25,41,45
11-05-1997,3,28,34,35,39,40
18-05-1997,5,22,26,28,36,45
25-05-1997,2,14,21,23,41,42
01-06-1997,3,10,13,18,30,35
08-06-1997,3,4,9,26,32,33
15-06-1997,11,18,22,23,42,45
22-06-1997,4,10,18,23,24,31
29-06-1997,3,5,8,15,28,41
06-07-1997,2,4,10,13,25,44
13-07-1997,6,33,35,37,42,43
20-07-1997,1,11,21,24,38,42
27-07-1997,6,15,24,41,43,45
03-08-1997,1,3,6,10,33,39
10-08-1997,30,32,34,35,38,43
17-08-1997,3,16,19,28,31,42
24-08-1997,18,21,22,28,30,31
31-08-1997,1,4,14,15,29,33
03-09-1997,13,15,18,22,30,31
07-09-1997,3,17,24,30,42,44
10-09-1997,3,6,9,11,26,44
14-09-1997,5,7,11,16,21,28
17-09-1997,2,12,14,20,43,45
21-09-1997,3,9,16,23,38,41
24-09-1997,2,13,18,19,24,44
28-09-1997,12,16,23,25,27,28
01-10-1997,11,24,27,33,38,41
05-10-1997,15,16,18,22,33,43
08-10-1997,1,10,15,29,31,41
12-10-1997,1,15,16,31,35,38
15-10-1997,10,12,30,34,40,44
19-10-1997,6,13,20,23,33,45
22-10-1997,5,7,16,17,20,31
26-10-1997,6,9,20,27,42,45
29-10-1997,5,6,10,13,15,16
02-11-1997,6,7,8,17,24,25
05-11-1997,1,2,32,34,41,45
09-11-1997,19,24,25,36,39,45
12-11-1997,1,2,15,17,23,43
16-11-1997,9,15,24,25,28,40
19-11-1997,10,14,23,26,31,44
23-11-1997,2,9,10,18,19,33
26-11-1997,15,21,22,26,37,39
30-11-1997,6,26,29,37,38,41
03-12-1997,13,16,17,19,21,43
07-12-1997,6,21,26,30,38,43
10-12-1997,8,11,19,26,32,34
14-12-1997,2,22,35,40,41,44
17-12-1997,6,7,16,18,28,34
21-12-1997,3,14,20,26,28,34
28-12-1997,7,9,21,23,24,29
31-12-1997,3,9,18,25,41,43
04-01-1998,4,7,15,17,28,43
07-01-1998,1,4,5,6,10,31
11-01-1998,1,9,14,33,37,43
14-01-1998,18,23,27,28,35,44
18-01-1998,2,4,10,35,36,39
21-01-1998,15,20,27,28,33,45
25-01-1998,1,15,22,29,36,41
28-01-1998,9,11,20,25,39,40
01-02-1998,6,12,25,27,32,40
04-02-1998,5,12,29,32,34,41
08-02-1998,11,17,18,20,27,44
11-02-1998,8,23,29,39,40,45
15-02-1998,11,13,16,29,30,34
18-02-1998,1,10,25,26,34,44
22-02-1998,5,10,15,26,28,37
25-02-1998,7,9,19,26,32,43
01-03-1998,5,11,12,16,38,41
04-03-1998,6,19,22,38,39,42
08-03-1998,6,11,20,21,29,38
11-03-1998,15,17,20,26,28,42
15-03-1998,1,5,13,16,20,24
18-03-1998,9,12,14,30,41,45
22-03-1998,15,17,26,32,34,45
25-03-1998,2,4,7,27,30,31
29-03-1998,3,8,13,19,21,40
01-04-1998,4,9,17,29,31,40
05-04-1998,2,9,10,11,19,32
08-04-1998,5,10,26,29,30,45
12-04-1998,12,15,16,21,28,42
15-04-1998,1,2,4,24,32,36
19-04-1998,4,8,23,26,43,45
22-04-1998,3,4,10,11,15,18
26-04-1998,3,6,16,19,27,32
29-04-1998,1,10,21,27,44,45
03-05-1998,13,18,19,20,36,38
06-05-1998,3,16,22,24,29,44
10-05-1998,11,16,24,25,39,44
13-05-1998,2,13,18,31,33,41
17-05-1998,22,24,27,30,32,45
20-05-1998,4,10,15,18,38,45
24-05-1998,8,13,18,19,24,28
27-05-1998,5,12,13,26,42,43
31-05-1998,7,11,20,29,42,44
03-06-1998,16,28,33,39,41,45
07-06-1998,22,23,27,36,42,43
10-06-1998,9,17,19,20,26,44
14-06-1998,2,6,11,12,36,39
17-06-1998,1,31,33,35,38,39
21-06-1998,23,29,35,40,44,45
24-06-1998,5,15,22,37,41,43
28-06-1998,1,7,12,38,44,45
01-07-1998,5,14,16,17,36,44
05-07-1998,3,9,11,15,26,32
08-07-1998,4,14,18,20,37,45
12-07-1998,8,11,12,23,30,32
15-07-1998,3,10,11,14,16,39
19-07-1998,7,17,29,34,36,44
22-07-1998,10,21,26,38,39,44
26-07-1998,1,22,28,30,31,41
29-07-1998,6,8,11,30,38,39
02-08-1998,9,10,17,28,37,43
05-08-1998,18,21,25,26,43,45
09-08-1998,1,4,10,11,13,40
12-08-1998,7,17,24,29,39,43
16-08-1998,4,15,29,31,42,45
19-08-1998,1,6,17,19,20,34
23-08-1998,9,10,18,20,31,44
26-08-1998,3,9,25,34,38,39
30-08-1998,9,10,13,17,33,39
02-09-1998,8,32,35,37,39,45
06-09-1998,2,26,33,37,39,41
09-09-1998,4,8,10,12,39,43
13-09-1998,8,18,19,24,27,44
16-09-1998,7,10,18,28,31,34
20-09-1998,3,14,21,41,44,45
23-09-1998,2,6,10,18,21,26
27-09-1998,16,29,30,35,41,44
30-09-1998,4,10,21,27,28,32
04-10-1998,9,16,23,28,30,36
07-10-1998,3,24,26,27,33,39
11-10-1998,5,7,10,13,37,41
14-10-1998,11,19,30,35,36,40
18-10-1998,1,7,15,22,35,39
21-10-1998,7,9,16,28,34,45
25-10-1998,8,12,16,20,25,38
28-10-1998,26,28,30,32,34,39
01-11-1998,5,14,19,37,39,43
04-11-1998,9,11,19,35,38,43
08-11-1998,2,5,11,27,43,44
11-11-1998,4,12,30,36,37,44
15-11-1998,21,24,26,30,34,41
18-11-1998,14,15,31,34,39,45
22-11-1998,9,15,16,19,25,37
25-11-1998,4,8,21,25,29,37
29-11-1998,3,19,30,31,33,43
02-12-1998,3,13,17,35,38,42
06-12-1998,2,7,9,16,38,40
09-12-1998,5,6,14,16,24,37
13-12-1998,3,6,8,18,32,33
16-12-1998,1,6,14,23,28,36
20-12-1998,12,20,22,23,28,36
27-12-1998,2,5,9,10,12,41
30-12-1998,1,17,24,26,33,36
03-01-1999,6,8,14,16,18,23
06-01-1999,3,15,31,38,42,44
10-01-1999,5,14,22,29,33,40
13-01-1999,1,11,15,28,34,36
17-01-1999,12,33,34,38,41,42
20-01-1999,3,20,31,38,39,45
24-01-1999,1,7,18,27,40,44
27-01-1999,3,8,13,28,31,40
31-01-1999,8,11,15,17,20,25
03-02-1999,13,14,26,31,34,39
07-02-1999,10,13,18,19,28,30
10-02-1999,9,13,18,19,30,31
14-02-1999,9,21,29,30,31,32
17-02-1999,6,11,25,29,34,39
21-02-1999,22,23,27,32,34,37
24-02-1999,6,7,24,26,31,38
28-02-1999,3,9,18,20,36,37
03-03-1999,4,17,30,31,36,44
07-03-1999,8,11,16,17,19,20
10-03-1999,1,7,12,19,32,45
14-03-1999,4,8,9,18,21,26
17-03-1999,1,7,18,39,40,42
21-03-1999,12,13,14,17,37,40
24-03-1999,2,18,21,22,30,38
28-03-1999,13,14,19,29,31,43
31-03-1999,2,28,32,34,42,44
04-04-1999,16,26,31,38,44,45
07-04-1999,4,5,11,37,38,43
11-04-1999,7,15,20,23,29,44
14-04-1999,3,13,16,25,31,36
18-04-1999,8,24,25,32,43,45
21-04-1999,1,16,23,36,39,42
25-04-1999,3,9,16,20,43,44
28-04-1999,3,7,15,23,24,43
02-05-1999,9,18,20,25,33,39
05-05-1999,8,15,24,26,27,40
09-05-1999,10,12,17,19,37,42
12-05-1999,32,34,36,38,43,45
16-05-1999,2,5,12,14,25,26
19-05-1999,3,6,17,19,20,39
23-05-1999,14,15,25,26,34,45
26-05-1999,4,5,29,31,33,37
30-05-1999,3,6,16,17,18,31
02-06-1999,7,14,16,33,44,45
06-06-1999,8,10,17,18,23,44
09-06-1999,4,6,7,14,27,29
13-06-1999,4,10,16,35,40,43
16-06-1999,9,11,13,14,21,36
20-06-1999,10,19,21,24,28,43
23-06-1999,10,11,21,31,39,43
27-06-1999,6,9,16,28,41,43
30-06-1999,1,13,22,25,29,34
04-07-1999,2,8,22,24,27,35
07-07-1999,3,10,16,18,23,27
11-07-1999,5,9,29,30,33,41
14-07-1999,1,16,17,29,30,36
18-07-1999,8,13,19,29,34,39
21-07-1999,16,22,23,29,40,44
25-07-1999,7,14,18,22,33,36
28-07-1999,3,12,21,23,29,32
01-08-1999,21,25,31,34,38,45
04-08-1999,8,9,19,21,24,41
08-08-1999,13,20,21,25,30,38
11-08-1999,3,4,7,12,36,41
15-08-1999,13,15,26,28,31,37
18-08-1999,1,16,17,25,32,42
22-08-1999,3,27,28,33,36,37
25-08-1999,4,5,8,34,38,41
29-08-1999,2,3,24,26,43,44
01-09-1999,3,6,10,13,21,43
05-09-1999,3,5,25,28,37,39
08-09-1999,12,13,15,17,23,34
12-09-1999,4,17,20,30,32,43
15-09-1999,1,4,18,21,22,30
19-09-1999,3,5,7,20,38,42
22-09-1999,4,6,12,19,22,28
26-09-1999,4,7,11,15,27,42
29-09-1999,24,27,29,31,34,43
03-10-1999,5,15,20,28,30,42
06-10-1999,7,8,10,26,35,44
10-10-1999,3,13,23,32,35,43
13-10-1999,16,20,27,28,33,36
17-10-1999,1,22,23,25,29,30
20-10-1999,5,14,32,37,39,40
24-10-1999,13,14,18,40,41,42
27-10-1999,1,11,32,35,38,42
31-10-1999,5,11,13,17,37,38
03-11-1999,8,21,22,27,29,32
07-11-1999,9,10,12,14,26,39
10-11-1999,6,11,17,32,35,45
14-11-1999,13,17,19,34,39,45
17-11-1999,7,14,28,32,33,40
21-11-1999,1,3,15,22,32,44
24-11-1999,1,19,29,31,42,43
28-11-1999,5,16,23,27,34,37
01-12-1999,4,18,20,24,29,44
05-12-1999,17,28,29,31,39,43
08-12-1999,1,22,24,29,31,38
12-12-1999,21,25,29,33,37,42
15-12-1999,6,10,13,19,29,35
19-12-1999,4,18,22,23,40,45
22-12-1999,6,17,21,36,43,44
26-12-1999,2,6,16,23,33,42
29-12-1999,10,19,20,25,36,45
02-01-2000,3,9,21,38,39,42
05-01-2000,3,19,23,24,28,43
09-01-2000,3,8,25,35,42,43
12-01-2000,2,6,17,20,29,37
16-01-2000,10,27,30,31,34,40
19-01-2000,8,17,20,26,35,36
23-01-2000,3,9,19,24,40,43
26-01-2000,5,21,30,36,40,43
30-01-2000,14,24,33,34,37,42
02-02-2000,10,22,29,35,38,45
06-02-2000,6,7,16,17,24,42
09-02-2000,7,8,11,25,32,36
13-02-2000,9,13,21,23,31,34
16-02-2000,4,7,8,19,35,37
20-02-2000,21,27,28,35,39,40
23-02-2000,13,22,26,33,35,43
27-02-2000,7,10,12,21,39,42
01-03-2000,3,9,11,15,16,22
05-03-2000,5,16,17,29,36,44
08-03-2000,3,4,7,9,14,34
12-03-2000,8,10,22,27,32,45
15-03-2000,5,14,19,24,25,40
19-03-2000,1,20,23,39,40,41
22-03-2000,3,4,7,20,22,43
26-03-2000,9,16,24,28,35,36
29-03-2000,10,14,17,27,41,45
02-04-2000,2,3,4,21,28,36
05-04-2000,3,15,30,32,33,34
09-04-2000,4,15,16,19,23,45
12-04-2000,3,7,8,22,43,45
16-04-2000,5,9,12,14,16,30
19-04-2000,18,21,23,27,43,45
23-04-2000,22,24,25,27,42,45
26-04-2000,1,10,12,20,38,45
30-04-2000,7,11,30,31,38,41
03-05-2000,11,12,27,32,40,42
07-05-2000,4,6,24,30,31,32
10-05-2000,4,17,25,34,40,45
14-05-2000,1,11,29,30,41,43
17-05-2000,2,27,28,37,38,45
21-05-2000,7,12,19,24,25,27
24-05-2000,11,14,16,20,25,26
28-05-2000,11,21,32,35,44,45
31-05-2000,9,15,16,20,33,45
04-06-2000,6,7,39,40,43,45
07-06-2000,8,17,27,34,35,38
11-06-2000,3,6,12,13,21,28
14-06-2000,2,10,11,16,22,44
18-06-2000,13,14,25,31,36,40
21-06-2000,8,9,11,17,24,43
25-06-2000,26,27,29,37,39,44
28-06-2000,3,13,17,28,33,37
02-07-2000,1,2,4,6,7,27
05-07-2000,7,9,14,28,29,40
09-07-2000,15,19,27,30,38,43
12-07-2000,13,21,23,34,37,38
16-07-2000,1,3,8,11,28,35
19-07-2000,5,7,14,32,35,41
23-07-2000,3,4,17,20,21,44
26-07-2000,1,2,11,16,26,32
30-07-2000,8,15,18,21,34,42
02-08-2000,12,16,19,36,44,45
06-08-2000,3,6,16,21,32,38
09-08-2000,22,33,34,39,40,45
13-08-2000,8,14,19,28,31,43
16-08-2000,1,6,7,9,11,25
20-08-2000,25,27,28,31,36,39
23-08-2000,1,9,13,19,23,30
27-08-2000,3,16,29,41,42,43
30-08-2000,1,5,12,37,40,45
03-09-2000,2,10,26,36,40,45
06-09-2000,7,28,31,32,41,42
10-09-2000,6,11,17,19,32,44
13-09-2000,7,9,10,27,41,44
17-09-2000,11,21,22,35,42,43
20-09-2000,2,12,17,27,41,45
24-09-2000,3,11,31,32,36,40
27-09-2000,1,10,16,32,35,37
01-10-2000,2,6,26,38,44,45
04-10-2000,2,11,15,24,28,38
08-10-2000,5,14,29,31,34,38
11-10-2000,4,21,26,33,37,41
15-10-2000,12,13,14,23,32,36
18-10-2000,5,6,14,16,22,40
22-10-2000,10,26,28,32,33,43
25-10-2000,9,10,12,18,37,43
29-10-2000,9,15,16,29,37,44
01-11-2000,3,19,20,28,39,45
05-11-2000,1,2,12,16,27,37
08-11-2000,2,21,22,28,40,41
12-11-2000,5,14,26,34,40,43
15-11-2000,8,14,16,17,21,32
19-11-2000,4,15,19,23,25,28
22-11-2000,2,6,14,16,18,42
26-11-2000,15,16,25,30,37,41
29-11-2000,8,9,18,23,35,36
03-12-2000,3,12,15,17,19,32
06-12-2000,1,13,18,32,37,42
10-12-2000,1,5,32,35,37,44
13-12-2000,12,14,16,20,28,40
17-12-2000,4,9,16,31,35,37
20-12-2000,7,26,30,36,37,41
23-12-2000,7,31,37,40,42,43
27-12-2000,6,13,24,34,37,38
31-12-2000,1,3,24,36,39,40
03-01-2001,4,7,24,37,39,44
07-01-2001,29,31,35,37,40,41
10-01-2001,9,16,18,20,23,29
14-01-2001,19,24,27,32,38,44
17-01-2001,1,15,29,30,36,45
21-01-2001,2,7,14,21,26,30
24-01-2001,15,20,24,38,39,41
28-01-2001,3,7,11,15,37,42
31-01-2001,1,26,30,32,37,39
04-02-2001,10,12,18,20,29,43
07-02-2001,5,8,15,27,30,31
11-02-2001,6,8,10,11,12,35
14-02-2001,3,16,17,25,38,41
18-02-2001,1,2,5,7,28,37
21-02-2001,2,6,8,12,16,33
25-02-2001,13,20,22,29,38,41
28-02-2001,2,3,11,24,32,43
04-03-2001,6,7,8,29,39,41
07-03-2001,8,15,24,30,32,44
11-03-2001,1,2,7,25,28,38
14-03-2001,5,18,25,27,29,30
18-03-2001,13,20,30,33,37,38
21-03-2001,5,10,13,22,38,41
25-03-2001,23,24,27,29,42,44
28-03-2001,5,6,7,15,30,40
01-04-2001,1,13,28,33,37,41
04-04-2001,4,7,14,40,41,44
08-04-2001,1,4,7,8,26,27
11-04-2001,4,5,20,24,27,29
15-04-2001,9,14,34,40,42,45
18-04-2001,2,10,15,18,21,37
22-04-2001,4,18,19,22,41,44
25-04-2001,1,11,17,19,22,36
29-04-2001,8,15,25,28,29,37
02-05-2001,10,18,19,33,39,45
06-05-2001,6,27,30,34,39,43
09-05-2001,9,10,11,30,32,39
13-05-2001,11,19,28,29,37,44
16-05-2001,6,8,10,27,29,37
20-05-2001,2,23,33,37,40,43
23-05-2001,6,16,20,31,40,41
27-05-2001,22,23,32,35,36,45
30-05-2001,7,9,22,25,29,34
03-06-2001,1,6,15,19,32,38
06-06-2001,3,6,11,17,41,42
10-06-2001,1,3,5,6,10,13
13-06-2001,11,20,28,30,42,43
17-06-2001,3,6,17,24,37,41
20-06-2001,6,20,23,24,29,32
24-06-2001,4,23,27,31,38,41
27-06-2001,3,16,28,32,39,43
01-07-2001,8,15,19,31,34,44
04-07-2001,4,7,16,17,24,45
08-07-2001,13,18,23,24,39,44
11-07-2001,21,23,29,40,41,42
15-07-2001,2,5,6,8,11,36
18-07-2001,7,16,20,33,36,43
22-07-2001,12,20,25,27,40,44
25-07-2001,13,21,23,38,42,45
29-07-2001,2,12,18,21,37,43
01-08-2001,6,11,18,32,35,45
05-08-2001,7,11,18,20,35,37
08-08-2001,1,2,17,18,24,33
12-08-2001,6,20,31,32,33,43
15-08-2001,6,14,27,29,31,41
19-08-2001,10,14,26,30,36,42
22-08-2001,8,18,28,30,33,36
26-08-2001,2,8,20,21,39,43
29-08-2001,11,23,24,28,39,41
02-09-2001,15,26,28,40,41,45
05-09-2001,4,9,25,38,42,43
09-09-2001,9,15,16,20,26,29
12-09-2001,3,5,14,24,29,42
16-09-2001,11,15,18,21,23,27
19-09-2001,7,10,15,27,31,41
23-09-2001,5,7,15,33,35,40
26-09-2001,18,27,34,35,36,43
30-09-2001,2,4,5,13,28,36
03-10-2001,9,11,13,17,23,24
07-10-2001,4,6,14,18,34,35
10-10-2001,8,20,24,31,33,43
14-10-2001,6,26,31,32,35,38
17-10-2001,3,11,12,25,26,44
21-10-2001,7,12,20,29,41,42
24-10-2001,13,16,18,27,37,44
28-10-2001,14,18,31,33,36,37
31-10-2001,2,10,14,21,31,34
04-11-2001,11,12,31,37,41,43
07-11-2001,17,23,30,37,40,42
11-11-2001,9,19,20,21,31,35
14-11-2001,8,15,16,36,38,42
18-11-2001,7,11,24,25,26,30
21-11-2001,8,17,22,31,35,41
25-11-2001,5,10,13,21,36,37
28-11-2001,2,8,20,22,30,31
02-12-2001,4,17,19,31,35,44
05-12-2001,8,17,18,32,33,42
09-12-2001,3,6,7,23,32,35
12-12-2001,8,17,24,28,37,38
16-12-2001,3,5,8,19,24,44
19-12-2001,2,5,24,26,38,40
23-12-2001,3,7,16,24,30,34
26-12-2001,1,14,17,19,25,31
29-12-2001,6,10,11,21,31,37
02-01-2002,7,23,24,33,36,39
06-01-2002,13,20,28,30,39,43
09-01-2002,10,17,33,39,42,43
13-01-2002,4,5,30,33,35,42
16-01-2002,4,21,26,35,39,43
20-01-2002,3,4,29,34,36,42
23-01-2002,6,14,20,21,26,37
27-01-2002,3,6,13,36,38,39
30-01-2002,1,14,24,26,32,39
03-02-2002,18,21,25,37,40,43
06-02-2002,1,3,6,16,29,39
10-02-2002,8,24,25,32,36,43
13-02-2002,1,19,27,30,39,45
17-02-2002,1,6,14,18,25,37
20-02-2002,11,16,24,39,43,44
24-02-2002,10,12,17,27,42,45
27-02-2002,2,7,10,39,42,45
03-03-2002,2,3,7,14,41,42
06-03-2002,2,13,23,30,34,45
10-03-2002,9,21,25,28,37,44
13-03-2002,5,8,22,32,34,43
17-03-2002,4,10,12,27,37,41
20-03-2002,16,29,32,37,41,43
24-03-2002,1,3,13,32,34,37
27-03-2002,4,8,20,23,34,39
31-03-2002,6,18,33,36,37,38
03-04-2002,16,22,30,36,38,44
07-04-2002,1,11,22,36,42,43
10-04-2002,3,8,15,26,33,44
14-04-2002,2,4,5,13,20,23
17-04-2002,1,18,21,22,26,39
21-04-2002,8,16,19,24,34,44
24-04-2002,3,9,14,17,20,44
28-04-2002,5,8,11,13,22,28
01-05-2002,3,16,22,32,43,44
05-05-2002,13,14,19,21,28,33
08-05-2002,3,5,27,31,39,42
12-05-2002,8,12,16,39,42,43
15-05-2002,5,9,11,39,43,44
19-05-2002,8,10,19,21,27,34
22-05-2002,8,11,23,29,31,33
26-05-2002,18,21,30,32,40,41
29-05-2002,16,24,25,26,32,45
02-06-2002,5,7,14,27,36,40
05-06-2002,1,6,7,20,34,39
09-06-2002,14,15,20,33,36,44
12-06-2002,3,10,14,19,25,43
16-06-2002,2,4,10,24,36,39
19-06-2002,8,9,20,28,37,38
23-06-2002,2,3,4,18,26,35
26-06-2002,1,10,15,25,29,43
30-06-2002,7,22,25,30,31,44
03-07-2002,2,9,10,15,38,45
07-07-2002,4,12,37,40,42,45
10-07-2002,5,8,25,31,34,36
14-07-2002,3,12,24,25,30,33
17-07-2002,6,10,23,24,30,31
21-07-2002,7,20,22,36,38,39
24-07-2002,4,14,22,27,31,41
28-07-2002,5,8,17,18,40,43
31-07-2002,1,8,18,22,23,40
04-08-2002,1,14,15,19,39,45
07-08-2002,1,3,14,26,40,44
11-08-2002,11,13,16,20,23,28
14-08-2002,10,14,27,28,43,44
18-08-2002,3,7,13,24,26,39
21-08-2002,8,11,14,25,42,44
25-08-2002,12,14,18,20,34,42
28-08-2002,3,5,11,19,30,40
01-09-2002,4,9,11,13,14,35
04-09-2002,1,3,12,15,18,21
08-09-2002,7,26,31,33,37,42
11-09-2002,2,18,29,31,32,36
15-09-2002,14,31,35,36,39,45
18-09-2002,6,22,25,34,41,43
22-09-2002,3,6,17,27,31,38
25-09-2002,9,23,27,28,33,41
29-09-2002,3,11,20,26,32,37
02-10-2002,4,5,10,13,14,41
06-10-2002,5,11,15,17,31,34
09-10-2002,1,25,26,27,39,45
13-10-2002,12,22,23,28,32,44
16-10-2002,3,7,17,19,36,42
20-10-2002,11,13,19,21,23,38
23-10-2002,3,12,15,25,38,43
27-10-2002,7,9,25,27,32,38
30-10-2002,3,12,15,23,34,37
03-11-2002,1,12,13,19,32,42
06-11-2002,5,8,12,15,31,33
10-11-2002,1,4,10,17,19,20
13-11-2002,1,14,29,36,41,44
17-11-2002,2,11,16,26,31,40
20-11-2002,8,12,22,41,44,45
24-11-2002,4,10,21,32,33,45
27-11-2002,1,2,9,12,17,39
01-12-2002,2,12,13,20,22,23
04-12-2002,1,5,12,19,20,35
08-12-2002,3,12,19,38,43,45
11-12-2002,2,7,8,18,32,36
15-12-2002,5,7,10,18,21,37
18-12-2002,9,23,26,36,43,45
22-12-2002,1,4,19,28,34,45
25-12-2002,4,23,39,40,41,42
29-12-2002,6,12,14,17,21,33
01-01-2003,6,7,13,15,23,33
05-01-2003,5,13,19,25,40,41
08-01-2003,7,10,12,22,34,43
12-01-2003,2,7,12,25,40,42
15-01-2003,12,14,16,24,31,34
19-01-2003,8,13,28,32,34,39
22-01-2003,8,10,20,23,38,41
26-01-2003,17,18,29,38,40,44
29-01-2003,6,7,12,18,30,43
02-02-2003,2,3,13,15,30,36
05-02-2003,3,9,14,18,28,30
09-02-2003,17,19,27,31,40,45
12-02-2003,4,11,24,33,34,41
16-02-2003,7,8,12,19,25,38
19-02-2003,2,5,19,29,40,44
23-02-2003,4,11,22,31,34,40
26-02-2003,13,15,27,33,36,44
02-03-2003,10,18,19,29,35,44
05-03-2003,8,9,12,15,19,32
09-03-2003,21,24,30,31,35,40
12-03-2003,2,3,6,24,25,26
16-03-2003,6,11,13,15,16,26
19-03-2003,4,9,10,16,36,41
23-03-2003,6,20,27,37,38,42
26-03-2003,17,26,29,36,37,43
30-03-2003,3,9,16,17,39,45
02-04-2003,6,14,22,23,25,44
06-04-2003,10,14,17,27,31,38
09-04-2003,6,16,18,19,23,33
13-04-2003,7,12,17,20,24,38
16-04-2003,3,6,20,30,41,43
20-04-2003,7,9,11,31,34,38
23-04-2003,14,15,16,33,35,38
27-04-2003,9,16,28,32,37,42
30-04-2003,11,17,26,36,38,44
04-05-2003,23,25,34,37,42,43
07-05-2003,3,16,32,34,43,45
11-05-2003,21,22,23,34,40,41
14-05-2003,4,5,8,9,28,38
18-05-2003,2,8,9,16,29,31
21-05-2003,5,14,15,24,26,45
25-05-2003,3,21,23,31,33,41
28-05-2003,1,20,29,30,33,43
01-06-2003,1,15,29,32,37,42
04-06-2003,3,23,24,26,39,43
08-06-2003,11,17,22,31,41,44
11-06-2003,10,19,21,23,37,41
15-06-2003,13,14,19,26,28,42
18-06-2003,12,13,19,28,32,37
22-06-2003,2,16,24,29,31,43
25-06-2003,15,19,26,29,30,39
29-06-2003,17,19,25,29,32,42
02-07-2003,11,14,17,25,32,40
06-07-2003,4,32,41,42,43,44
09-07-2003,13,17,21,32,39,43
13-07-2003,2,12,13,39,42,44
16-07-2003,6,8,17,23,25,45
20-07-2003,7,10,15,21,34,39
23-07-2003,5,7,8,25,32,37
27-07-2003,3,13,24,25,30,44
30-07-2003,7,13,19,27,32,36
03-08-2003,2,10,26,28,39,42
06-08-2003,7,16,23,29,34,45
10-08-2003,2,9,22,24,26,30
13-08-2003,7,9,21,30,38,43
17-08-2003,1,7,18,26,27,42
20-08-2003,3,11,12,22,25,38
24-08-2003,5,8,10,16,29,33
27-08-2003,1,21,32,37,39,41
31-08-2003,6,14,17,19,25,33
03-09-2003,2,6,22,29,33,44
07-09-2003,3,9,15,29,34,38
10-09-2003,7,22,32,34,37,38
14-09-2003,9,11,14,24,28,44
17-09-2003,8,14,16,40,42,43
21-09-2003,3,5,21,30,37,44
24-09-2003,10,17,21,28,33,42
28-09-2003,3,17,35,39,40,44
01-10-2003,2,13,15,27,42,43
05-10-2003,7,8,9,18,43,44
08-10-2003,2,17,19,27,30,40
12-10-2003,1,11,21,29,32,44
15-10-2003,9,11,13,25,31,38
19-10-2003,1,6,25,27,30,33
22-10-2003,7,25,31,34,40,45
26-10-2003,13,14,19,22,44,45
29-10-2003,16,17,23,26,38,41
02-11-2003,3,15,27,29,31,35
05-11-2003,17,27,29,30,34,37
09-11-2003,16,22,26,34,35,39
12-11-2003,7,10,11,15,19,27
16-11-2003,6,9,14,20,26,28
19-11-2003,16,25,27,29,34,42
23-11-2003,6,11,12,15,28,44
26-11-2003,7,26,27,34,35,43
30-11-2003,2,3,8,21,37,41
03-12-2003,8,15,18,20,30,35
07-12-2003,4,16,22,34,43,44
10-12-2003,15,16,28,36,41,43
14-12-2003,7,13,21,23,24,44
17-12-2003,2,19,25,30,32,33
21-12-2003,7,21,24,26,28,37
25-12-2003,10,17,18,25,32,36
28-12-2003,7,9,24,25,30,37
31-12-2003,6,7,10,14,20,38
04-01-2004,25,26,27,36,41,43
07-01-2004,13,20,27,41,42,45
11-01-2004,8,13,14,17,19,43
14-01-2004,2,4,6,26,31,43
18-01-2004,14,17,22,25,33,45
21-01-2004,6,10,19,26,39,41
25-01-2004,15,18,24,34,43,45
28-01-2004,5,12,18,32,33,39
01-02-2004,18,23,27,31,33,36
04-02-2004,7,15,26,34,35,43
08-02-2004,2,8,17,26,31,37
11-02-2004,8,29,33,34,35,40
15-02-2004,11,14,18,26,35,36
18-02-2004,13,23,25,31,34,41
22-02-2004,7,16,33,34,35,40
25-02-2004,20,25,27,29,36,39
29-02-2004,5,8,13,23,37,43
03-03-2004,6,11,15,18,23,29
07-03-2004,6,12,22,33,39,41
10-03-2004,3,6,12,22,34,37
14-03-2004,2,5,9,17,19,36
17-03-2004,6,7,20,29,38,40
21-03-2004,11,12,21,24,32,45
24-03-2004,2,5,23,24,37,43
28-03-2004,22,24,25,29,41,42
31-03-2004,8,12,15,17,34,38
04-04-2004,10,13,29,32,41,42
07-04-2004,4,21,23,30,35,42
11-04-2004,6,17,21,24,29,41
14-04-2004,10,17,26,27,30,34
18-04-2004,4,13,17,24,30,32
21-04-2004,14,15,24,25,31,33
25-04-2004,6,18,23,29,39,40
28-04-2004,4,6,9,25,31,43
02-05-2004,12,17,18,28,39,45
05-05-2004,10,18,23,25,30,37
09-05-2004,5,10,23,26,27,35
12-05-2004,5,18,25,34,38,41
16-05-2004,1,6,8,11,40,42
19-05-2004,5,11,16,21,26,32
23-05-2004,2,4,5,27,37,44
26-05-2004,6,20,27,30,40,45
30-05-2004,8,11,13,20,34,38
02-06-2004,1,4,7,9,13,44
06-06-2004,4,9,15,17,18,22
09-06-2004,4,27,35,37,39,45
13-06-2004,1,5,8,37,44,45
16-06-2004,20,23,28,31,40,43
20-06-2004,15,16,27,32,38,44
23-06-2004,3,20,21,27,38,42
27-06-2004,5,22,32,37,38,42
30-06-2004,5,6,17,25,27,29
04-07-2004,2,19,20,32,35,45
07-07-2004,2,16,23,30,31,40
11-07-2004,1,5,6,12,27,45
14-07-2004,5,18,22,24,25,28
18-07-2004,1,9,17,22,26,40
21-07-2004,3,4,5,7,33,38
25-07-2004,14,23,24,35,41,42
28-07-2004,2,10,30,31,35,45
01-08-2004,12,17,19,22,30,44
04-08-2004,4,16,21,25,36,42
08-08-2004,3,8,26,35,43,44
11-08-2004,3,9,13,20,21,23
15-08-2004,9,24,25,34,42,45
18-08-2004,1,7,14,27,29,38
22-08-2004,6,9,11,13,32,34
25-08-2004,5,15,32,37,43,45
29-08-2004,8,13,17,28,38,44
01-09-2004,1,10,18,24,40,42
05-09-2004,3,20,25,28,40,44
08-09-2004,5,17,23,27,34,43
12-09-2004,7,8,17,22,24,29
15-09-2004,8,15,17,20,28,30
19-09-2004,17,18,19,27,29,32
22-09-2004,2,9,23,35,41,44
26-09-2004,3,8,15,22,24,25
29-09-2004,5,7,20,29,34,38
03-10-2004,2,25,29,32,41,45
06-10-2004,9,12,20,27,42,43
10-10-2004,24,31,38,40,42,45
13-10-2004,3,12,25,33,43,45
17-10-2004,1,4,14,32,41,42
20-10-2004,5,20,29,34,39,42
24-10-2004,2,8,17,26,33,42
27-10-2004,5,7,25,39,40,45
31-10-2004,7,19,35,37,38,40
03-11-2004,10,14,20,34,38,42
07-11-2004,2,14,27,31,36,39
10-11-2004,8,16,18,33,36,40
14-11-2004,7,12,18,31,36,42
17-11-2004,3,20,33,36,40,43
21-11-2004,2,17,18,37,39,44
24-11-2004,1,2,12,25,36,41
28-11-2004,5,6,15,31,39,45
01-12-2004,2,11,17,20,24,27
05-12-2004,12,13,24,35,43,45
08-12-2004,3,12,13,17,18,27
12-12-2004,4,15,29,31,35,41
15-12-2004,3,7,9,20,24,43
19-12-2004,9,17,20,35,36,44
22-12-2004,5,16,32,33,36,43
26-12-2004,8,13,20,25,30,37
29-12-2004,4,13,14,31,35,41
02-01-2005,1,3,27,30,39,42
05-01-2005,2,3,6,10,14,27
09-01-2005,15,23,24,29,32,35
12-01-2005,2,5,13,30,42,45
16-01-2005,3,8,34,38,41,44
19-01-2005,2,10,12,23,34,40
23-01-2005,14,15,20,25,31,40
26-01-2005,22,24,35,36,40,42
30-01-2005,5,7,8,18,36,42
02-02-2005,1,6,10,14,26,35
06-02-2005,3,21,22,27,33,37
09-02-2005,5,11,19,21,25,43
13-02-2005,3,8,11,16,21,36
16-02-2005,5,17,22,38,39,40
20-02-2005,5,8,17,24,31,37
23-02-2005,11,18,23,29,33,39
27-02-2005,6,11,14,32,38,44
02-03-2005,17,25,29,35,38,40
06-03-2005,12,14,15,16,23,37
09-03-2005,6,11,14,27,30,43
13-03-2005,11,21,35,38,39,44
16-03-2005,9,10,12,17,40,42
20-03-2005,3,5,27,29,40,41
23-03-2005,5,16,24,33,39,41
27-03-2005,15,27,35,38,39,41
30-03-2005,12,19,24,27,29,43
03-04-2005,5,17,22,29,32,42
06-04-2005,11,24,26,36,39,44
10-04-2005,1,2,6,12,28,45
13-04-2005,2,4,21,29,35,42
17-04-2005,10,12,22,23,25,38
20-04-2005,8,9,18,36,39,40
24-04-2005,20,27,37,39,43,44
27-04-2005,2,4,7,15,17,26
01-05-2005,1,18,24,29,32,42
04-05-2005,5,23,35,38,40,45
08-05-2005,1,10,18,21,30,37
11-05-2005,4,14,25,26,30,45
15-05-2005,1,4,12,16,37,45
18-05-2005,15,19,23,24,39,42
22-05-2005,5,14,18,29,32,40
25-05-2005,2,3,8,11,22,23
29-05-2005,6,11,13,15,37,40
01-06-2005,3,7,23,26,31,41
05-06-2005,9,11,19,24,26,30
08-06-2005,3,9,12,32,40,42
12-06-2005,6,21,23,26,28,30
15-06-2005,2,3,4,11,34,40
19-06-2005,3,20,32,33,34,35
22-06-2005,2,6,15,17,26,31
26-06-2005,4,7,19,28,31,42
29-06-2005,3,7,9,12,24,30
03-07-2005,1,8,9,10,18,31
06-07-2005,1,8,17,31,41,45
10-07-2005,2,5,6,11,42,45
13-07-2005,14,24,33,34,38,43
17-07-2005,3,4,10,17,19,30
20-07-2005,13,18,21,37,39,41
24-07-2005,8,11,12,35,40,42
27-07-2005,2,13,17,28,40,41
31-07-2005,5,7,23,31,37,41
03-08-2005,11,27,31,35,40,43
07-08-2005,16,23,27,32,41,44
10-08-2005,18,23,24,36,40,45
14-08-2005,2,10,16,27,29,37
17-08-2005,1,5,16,29,31,43
21-08-2005,16,18,31,33,36,37
24-08-2005,3,7,9,24,31,32
28-08-2005,1,10,23,28,37,42
31-08-2005,15,17,23,24,31,42
04-09-2005,1,12,20,22,32,44
07-09-2005,12,21,22,28,41,45
11-09-2005,6,11,14,37,38,40
14-09-2005,8,11,13,14,29,38
18-09-2005,12,15,18,22,38,39
21-09-2005,2,8,12,13,19,25
25-09-2005,3,14,18,19,20,24
28-09-2005,3,19,29,42,43,45
02-10-2005,17,25,26,35,39,44
05-10-2005,3,7,14,19,21,30
09-10-2005,5,8,11,24,28,36
12-10-2005,2,6,18,24,27,36
16-10-2005,4,12,16,19,31,43
19-10-2005,13,29,30,35,36,39
23-10-2005,13,24,33,37,38,40
26-10-2005,5,17,18,33,39,43
30-10-2005,14,20,21,38,40,41
02-11-2005,5,12,20,34,39,44
06-11-2005,11,18,24,28,31,37
09-11-2005,1,8,21,25,28,37
13-11-2005,6,9,19,32,38,42
16-11-2005,4,8,12,16,29,31
20-11-2005,7,8,9,39,41,45
23-11-2005,14,16,20,21,25,36
27-11-2005,3,4,6,11,25,31
30-11-2005,8,12,17,21,34,40
04-12-2005,7,14,16,18,21,26
07-12-2005,2,11,12,14,21,28
11-12-2005,2,12,15,26,33,45
14-12-2005,4,11,23,25,26,35
18-12-2005,6,18,24,27,38,41
21-12-2005,2,8,11,30,35,42
25-12-2005,1,12,15,27,36,42
28-12-2005,2,25,34,39,42,44
01-01-2006,19,31,33,36,40,41
04-01-2006,9,13,16,29,42,43
08-01-2006,13,21,36,40,41,44
11-01-2006,26,33,36,39,40,45
15-01-2006,15,16,19,22,33,34
18-01-2006,4,13,19,22,23,31
22-01-2006,4,5,15,20,28,43
25-01-2006,5,22,30,39,42,44
29-01-2006,6,7,9,28,35,43
01-02-2006,5,10,27,33,34,44
05-02-2006,1,3,8,10,43,45
08-02-2006,3,9,22,25,33,42
12-02-2006,7,13,30,34,38,41
15-02-2006,8,10,28,37,41,42
19-02-2006,22,23,26,35,37,42
22-02-2006,4,5,6,9,19,29
26-02-2006,1,2,15,18,30,43
01-03-2006,1,28,30,31,33,40
05-03-2006,8,10,14,15,31,35
08-03-2006,1,10,11,26,31,44
12-03-2006,9,11,19,22,30,32
15-03-2006,5,8,11,20,27,39
19-03-2006,1,5,8,26,29,34
22-03-2006,5,8,16,36,37,42
26-03-2006,4,9,12,24,37,43
29-03-2006,2,6,12,17,27,33
02-04-2006,5,19,32,34,35,43
05-04-2006,6,25,29,41,42,43
09-04-2006,10,17,18,30,32,42
12-04-2006,7,13,19,24,30,32
16-04-2006,3,4,14,23,29,43
19-04-2006,1,14,21,23,34,43
23-04-2006,7,12,28,37,39,45
26-04-2006,4,11,13,24,35,41
30-04-2006,5,12,16,21,31,32
03-05-2006,6,9,11,18,38,40
07-05-2006,4,5,11,15,38,42
10-05-2006,13,14,16,18,31,37
14-05-2006,3,4,23,31,32,39
17-05-2006,6,14,19,31,32,40
21-05-2006,1,9,15,26,36,39
24-05-2006,6,20,29,33,34,42
28-05-2006,7,16,21,34,42,45
31-05-2006,21,24,29,31,39,44
04-06-2006,4,5,6,7,23,26
07-06-2006,9,11,13,21,32,39
11-06-2006,12,28,29,31,35,45
14-06-2006,9,18,20,23,30,32
18-06-2006,1,5,9,26,28,33
21-06-2006,2,25,28,35,38,39
25-06-2006,4,13,21,34,43,45
28-06-2006,15,17,27,34,40,41
02-07-2006,7,10,13,30,38,44
05-07-2006,7,10,14,19,21,35
09-07-2006,1,20,21,26,40,45
12-07-2006,5,15,19,32,35,43
16-07-2006,17,24,34,37,43,44
19-07-2006,20,25,29,32,37,45
23-07-2006,2,6,12,17,34,41
26-07-2006,8,19,32,35,38,43
30-07-2006,3,5,9,12,34,39
02-08-2006,1,23,32,38,39,44
06-08-2006,7,9,12,18,19,35
09-08-2006,3,4,18,21,25,43
13-08-2006,1,19,23,25,27,28
16-08-2006,3,10,18,28,42,43
20-08-2006,13,21,23,28,37,39
23-08-2006,7,9,12,23,26,44
27-08-2006,4,19,24,39,40,43
30-08-2006,2,3,20,21,33,45
03-09-2006,1,5,22,23,32,40
06-09-2006,1,14,23,25,30,33
10-09-2006,4,6,21,36,40,44
13-09-2006,2,5,11,23,25,31
17-09-2006,4,10,11,19,28,42
20-09-2006,4,11,27,40,42,45
24-09-2006,14,15,18,31,34,45
27-09-2006,3,18,20,25,28,29
01-10-2006,5,22,25,38,39,42
04-10-2006,6,7,18,28,38,42
08-10-2006,11,12,16,17,20,33
11-10-2006,3,13,27,29,33,39
15-10-2006,8,14,22,25,30,41
18-10-2006,4,12,13,22,26,43
22-10-2006,6,12,17,26,35,40
25-10-2006,8,14,16,31,39,44
29-10-2006,9,31,34,36,37,38
01-11-2006,15,21,25,26,27,34
05-11-2006,3,4,9,14,29,44
08-11-2006,20,23,26,30,43,45
12-11-2006,2,9,23,30,39,40
15-11-2006,1,2,18,19,22,43
19-11-2006,22,24,26,31,32,44
22-11-2006,7,10,30,31,33,40
26-11-2006,1,16,23,24,33,39
29-11-2006,9,27,32,33,36,40
03-12-2006,6,10,14,16,21,36
06-12-2006,5,8,12,15,18,39
10-12-2006,8,16,17,18,25,35
13-12-2006,3,5,14,22,44,45
17-12-2006,7,8,25,27,29,42
20-12-2006,11,18,23,28,37,39
24-12-2006,4,8,21,29,37,44
27-12-2006,3,10,12,22,36,43
31-12-2006,9,20,27,34,41,44
03-01-2007,7,14,15,21,24,32
07-01-2007,2,23,26,31,41,42
10-01-2007,5,16,23,26,34,37
14-01-2007,3,15,34,37,43,44
17-01-2007,3,5,11,13,20,43
21-01-2007,3,5,8,36,43,44
24-01-2007,9,27,29,39,43,45
28-01-2007,10,22,24,26,37,45
31-01-2007,3,17,24,36,38,41
04-02-2007,23,34,38,41,42,45
07-02-2007,6,10,23,25,29,43
11-02-2007,1,3,23,37,41,45
14-02-2007,8,16,18,36,37,44
18-02-2007,9,14,17,25,29,44
21-02-2007,6,19,23,27,37,40
25-02-2007,1,2,18,20,32,38
28-02-2007,3,16,19,31,40,44
04-03-2007,1,7,28,32,38,42
07-03-2007,4,25,30,40,42,45
11-03-2007,9,13,21,27,33,43
14-03-2007,5,10,17,26,29,40
18-03-2007,5,19,25,29,30,43
21-03-2007,4,11,18,23,36,42
25-03-2007,8,14,15,17,35,43
28-03-2007,9,12,21,28,32,35
01-04-2007,2,12,20,26,42,45
04-04-2007,2,9,10,16,21,35
08-04-2007,4,6,12,24,33,35
11-04-2007,24,25,34,35,42,43
15-04-2007,10,12,25,30,33,40
18-04-2007,19,36,38,41,42,43
22-04-2007,11,16,22,24,31,38
25-04-2007,17,20,30,38,40,43
29-04-2007,3,8,9,12,13,21
02-05-2007,3,7,15,20,38,44
06-05-2007,3,11,15,19,29,32
09-05-2007,1,9,12,16,18,27
13-05-2007,8,14,15,17,21,33
16-05-2007,1,5,9,10,32,39
20-05-2007,4,21,29,31,37,44
23-05-2007,8,27,35,39,40,43
27-05-2007,6,9,14,27,39,41
30-05-2007,5,10,17,22,30,39
03-06-2007,9,18,21,22,29,39
06-06-2007,6,17,21,33,36,39
10-06-2007,3,9,16,22,30,34
13-06-2007,6,17,18,21,29,33
17-06-2007,8,15,17,23,27,38
20-06-2007,1,7,17,19,26,36
24-06-2007,7,10,15,29,40,44
27-06-2007,2,8,9,12,14,35
01-07-2007,9,16,17,35,38,39
04-07-2007,5,6,13,17,22,40
08-07-2007,13,20,26,30,38,39
11-07-2007,12,13,27,32,33,39
15-07-2007,7,11,13,19,26,40
18-07-2007,4,16,35,36,39,45
22-07-2007,3,13,24,36,41,45
25-07-2007,1,22,33,34,37,44
29-07-2007,3,14,18,20,37,45
01-08-2007,11,18,25,29,41,42
05-08-2007,3,5,7,37,44,45
08-08-2007,3,16,17,26,29,35
12-08-2007,9,10,17,31,34,41
15-08-2007,13,16,21,22,25,39
19-08-2007,6,8,21,39,40,45
22-08-2007,3,19,24,28,35,36
26-08-2007,4,5,26,31,35,36
29-08-2007,4,14,16,21,23,42
02-09-2007,9,11,14,27,39,40
05-09-2007,12,16,22,27,32,37
09-09-2007,1,9,23,31,42,45
12-09-2007,2,4,12,19,36,42
16-09-2007,2,6,22,27,36,42
19-09-2007,4,6,15,27,38,43
23-09-2007,5,7,14,17,25,32
26-09-2007,17,22,24,25,33,38
30-09-2007,8,31,37,39,41,44
03-10-2007,3,9,15,16,20,31
07-10-2007,13,23,24,39,40,43
10-10-2007,4,9,11,19,32,38
14-10-2007,4,11,18,26,30,45
17-10-2007,2,16,26,30,42,44
21-10-2007,1,4,5,13,38,42
24-10-2007,8,11,12,29,30,45
28-10-2007,5,9,13,21,37,39
31-10-2007,21,26,28,36,39,40
04-11-2007,1,12,21,29,32,41
07-11-2007,9,13,16,18,20,40
11-11-2007,4,11,35,39,41,44
14-11-2007,5,17,20,23,27,45
18-11-2007,2,13,23,28,29,41
21-11-2007,13,18,20,25,35,36
25-11-2007,5,11,28,39,43,45
28-11-2007,8,9,10,26,36,41
02-12-2007,10,15,20,24,36,38
05-12-2007,1,5,16,28,39,40
09-12-2007,6,12,13,19,32,43
12-12-2007,3,12,23,24,37,45
16-12-2007,1,4,7,12,25,43
19-12-2007,5,17,18,31,32,42
23-12-2007,5,16,30,34,36,44
26-12-2007,6,7,12,16,30,34
30-12-2007,2,16,22,29,34,37
02-01-2008,6,14,26,34,40,41
06-01-2008,1,10,16,29,37,42
09-01-2008,5,10,13,24,32,35
13-01-2008,5,19,24,40,43,45
16-01-2008,20,21,32,34,42,45
20-01-2008,6,15,18,23,36,44
23-01-2008,2,4,5,11,29,45
27-01-2008,18,20,24,26,27,43
30-01-2008,18,22,24,26,31,42
03-02-2008,16,31,33,38,40,45
06-02-2008,2,3,13,14,16,41
10-02-2008,3,19,24,26,40,43
13-02-2008,7,16,29,31,38,39
17-02-2008,1,13,19,34,39,40
20-02-2008,5,8,24,36,42,44
24-02-2008,5,14,18,28,36,38
27-02-2008,1,12,24,28,29,44
02-03-2008,1,3,15,34,38,39
05-03-2008,5,18,20,25,28,42
09-03-2008,6,7,17,20,29,45
12-03-2008,8,18,20,27,40,41
16-03-2008,2,5,13,31,35,37
19-03-2008,3,8,16,25,35,38
23-03-2008,1,3,18,20,41,42
26-03-2008,4,7,9,23,27,28
30-03-2008,6,7,29,32,35,36
02-04-2008,2,3,15,19,31,33
06-04-2008,7,10,11,14,16,17
09-04-2008,11,14,15,22,30,45
13-04-2008,4,13,15,18,23,43
16-04-2008,9,22,36,40,41,43
20-04-2008,10,15,17,22,26,31
23-04-2008,3,5,15,32,36,38
27-04-2008,16,20,25,31,34,45
30-04-2008,3,13,14,16,27,42
04-05-2008,9,20,23,30,31,34
07-05-2008,14,17,21,22,27,37
11-05-2008,4,7,9,15,25,37
14-05-2008,17,21,23,37,38,40
18-05-2008,6,9,14,28,42,44
21-05-2008,6,8,15,19,27,43
25-05-2008,8,10,19,34,37,40
28-05-2008,14,30,32,39,40,42
01-06-2008,10,12,19,31,38,45
04-06-2008,1,11,16,19,29,45
08-06-2008,2,3,13,15,35,38
11-06-2008,3,20,32,33,39,43
15-06-2008,8,22,26,27,30,39
18-06-2008,2,25,26,27,29,41
22-06-2008,1,13,36,39,42,45
25-06-2008,10,18,19,25,27,32
29-06-2008,6,10,25,41,42,43
02-07-2008,2,14,25,37,41,43
06-07-2008,6,16,18,22,35,38
09-07-2008,11,19,21,22,36,42
13-07-2008,4,7,11,19,28,33
16-07-2008,11,16,20,30,34,38
20-07-2008,9,17,18,22,38,39
23-07-2008,3,11,17,35,43,45
27-07-2008,6,9,12,18,32,42
30-07-2008,6,15,24,25,28,32
03-08-2008,4,10,28,37,42,45
06-08-2008,12,18,24,28,35,38
10-08-2008,4,10,22,27,32,38
13-08-2008,11,12,17,29,33,41
17-08-2008,3,22,26,35,37,38
20-08-2008,1,7,14,43,44,45
24-08-2008,1,3,9,17,21,27
27-08-2008,6,9,18,19,30,45
31-08-2008,5,7,10,20,25,28
03-09-2008,7,12,16,34,35,44
07-09-2008,3,5,6,24,33,36
10-09-2008,4,8,14,22,27,42
14-09-2008,16,17,38,40,44,45
17-09-2008,2,12,21,24,32,36
21-09-2008,1,5,14,15,36,43
24-09-2008,2,10,24,36,40,44
28-09-2008,3,6,13,14,27,39
01-10-2008,2,19,25,26,33,40
05-10-2008,9,10,20,34,38,40
08-10-2008,15,16,24,26,28,41
12-10-2008,9,10,19,20,24,44
15-10-2008,5,13,15,24,41,45
19-10-2008,3,8,14,25,32,35
22-10-2008,4,23,29,30,33,36
26-10-2008,7,10,21,36,37,45
29-10-2008,3,5,18,34,37,39
02-11-2008,1,14,19,30,34,43
05-11-2008,17,25,26,29,37,44
09-11-2008,12,21,26,27,28,32
12-11-2008,1,4,19,29,41,42
16-11-2008,5,12,22,23,31,38
19-11-2008,4,28,32,34,42,44
23-11-2008,17,22,26,28,30,34
26-11-2008,10,14,19,39,42,44
30-11-2008,13,19,30,33,42,44
03-12-2008,2,14,27,30,43,45
07-12-2008,10,22,23,29,36,44
10-12-2008,13,28,31,32,38,44
14-12-2008,10,11,19,33,34,42
17-12-2008,11,18,19,25,34,45
21-12-2008,17,18,21,36,39,42
24-12-2008,19,28,32,39,41,43
28-12-2008,4,14,16,24,27,43
31-12-2008,16,18,19,20,28,29
04-01-2009,1,8,16,22,36,38
07-01-2009,3,25,30,37,41,44
11-01-2009,10,17,22,26,29,38
14-01-2009,16,19,21,27,32,36
18-01-2009,3,5,12,36,37,38
21-01-2009,9,17,33,36,40,41
25-01-2009,7,13,14,34,38,39
28-01-2009,8,11,23,36,37,43
01-02-2009,8,12,14,23,28,34
04-02-2009,16,17,22,25,41,42
08-02-2009,3,11,15,21,30,38
11-02-2009,2,15,16,23,30,33
15-02-2009,5,17,25,31,34,36
18-02-2009,15,17,26,34,36,37
22-02-2009,6,7,8,38,39,44
25-02-2009,1,4,16,19,20,35
01-03-2009,9,27,28,29,35,39
04-03-2009,8,9,11,20,31,35
08-03-2009,2,4,12,17,34,45
11-03-2009,5,6,14,17,19,28
15-03-2009,2,10,11,26,33,39
18-03-2009,9,20,24,29,31,44
22-03-2009,7,22,26,33,38,42
25-03-2009,2,11,13,30,38,44
29-03-2009,3,13,18,25,35,40
01-04-2009,5,11,17,18,33,42
05-04-2009,16,17,36,37,40,45
08-04-2009,2,4,8,11,14,18
12-04-2009,8,15,18,21,33,36
15-04-2009,14,16,18,24,32,41
19-04-2009,11,14,21,27,29,34
22-04-2009,1,4,12,30,33,38
26-04-2009,9,11,25,31,40,42
29-04-2009,3,16,26,31,41,45
03-05-2009,1,9,13,15,28,41
06-05-2009,2,14,20,24,28,32
10-05-2009,14,18,25,30,31,43
13-05-2009,1,2,21,27,35,38
17-05-2009,22,29,32,34,44,45
20-05-2009,9,13,29,33,41,44
24-05-2009,12,15,20,25,28,36
27-05-2009,10,27,30,34,37,44
31-05-2009,8,27,33,38,42,44
03-06-2009,6,10,13,20,31,41
07-06-2009,1,2,4,8,12,22
10-06-2009,1,15,16,18,30,44
14-06-2009,10,19,25,34,37,39
17-06-2009,9,14,19,21,26,27
21-06-2009,3,24,28,32,39,45
24-06-2009,5,12,21,23,26,32
28-06-2009,14,22,24,37,38,39
01-07-2009,3,4,14,17,36,41
05-07-2009,4,7,8,33,40,43
08-07-2009,3,5,21,22,28,39
12-07-2009,7,13,21,26,39,43
15-07-2009,16,22,24,27,32,40
19-07-2009,12,24,29,39,42,44
22-07-2009,19,23,30,36,41,45
26-07-2009,1,20,23,34,42,45
29-07-2009,1,12,17,23,27,32
02-08-2009,7,8,13,25,27,45
05-08-2009,7,12,24,28,35,39
09-08-2009,12,16,18,22,26,43
12-08-2009,10,12,17,22,42,44
16-08-2009,13,27,29,30,31,41
19-08-2009,1,4,20,25,40,42
23-08-2009,6,20,26,35,36,40
26-08-2009,2,3,13,22,23,29
30-08-2009,3,6,13,15,16,30
02-09-2009,12,24,26,38,41,44
06-09-2009,14,25,37,40,42,43
09-09-2009,14,16,27,36,39,44
13-09-2009,5,30,36,41,42,45
16-09-2009,15,19,25,27,31,39
20-09-2009,6,8,29,32,36,39
23-09-2009,23,25,32,36,40,42
27-09-2009,6,22,35,37,38,41
30-09-2009,2,12,18,34,35,37
04-10-2009,3,5,14,30,34,37
07-10-2009,1,17,22,27,31,34
11-10-2009,3,4,11,16,25,38
14-10-2009,2,21,27,37,40,41
18-10-2009,6,10,16,27,34,40
21-10-2009,1,6,8,20,22,45
25-10-2009,2,4,13,20,22,42
28-10-2009,3,21,24,29,39,40
01-11-2009,6,8,14,20,36,38
04-11-2009,5,11,26,29,41,45
08-11-2009,3,5,17,22,42,44
11-11-2009,3,15,31,32,36,37
15-11-2009,7,23,26,29,38,41
18-11-2009,5,14,16,35,39,43
22-11-2009,1,2,20,21,36,38
25-11-2009,12,14,18,23,25,43
29-11-2009,2,4,12,22,26,39
02-12-2009,1,5,20,30,35,42
06-12-2009,9,14,20,34,36,41
09-12-2009,11,19,20,41,42,44
13-12-2009,1,3,18,19,34,38
16-12-2009,9,18,32,40,42,45
20-12-2009,8,17,23,29,37,42
23-12-2009,6,21,22,25,29,39
27-12-2009,1,12,15,29,30,43
30-12-2009,8,20,22,28,35,41
03-01-2010,5,14,34,35,39,42
06-01-2010,18,19,26,28,34,40
10-01-2010,4,9,18,24,37,41
13-01-2010,2,28,29,30,41,42
17-01-2010,3,4,12,25,32,39
20-01-2010,4,8,9,12,21,31
24-01-2010,5,10,11,19,38,44
27-01-2010,1,7,23,25,27,42
31-01-2010,3,20,40,41,44,45
03-02-2010,5,11,17,34,35,39
07-02-2010,18,22,25,28,42,45
10-02-2010,3,15,16,22,39,40
14-02-2010,9,10,13,18,26,41
17-02-2010,11,15,18,30,36,45
21-02-2010,6,17,28,34,36,44
24-02-2010,7,8,11,31,33,39
28-02-2010,4,11,18,19,24,29
03-03-2010,8,13,31,34,38,42
07-03-2010,6,10,14,20,29,32
10-03-2010,1,2,7,20,23,29
14-03-2010,2,4,12,14,17,26
17-03-2010,9,23,31,33,37,45
21-03-2010,2,5,7,11,26,34
24-03-2010,11,19,24,30,38,45
28-03-2010,10,13,17,25,32,39
31-03-2010,13,16,24,35,38,43
04-04-2010,15,28,29,31,34,41
07-04-2010,3,5,16,36,37,42
11-04-2010,2,12,30,31,39,44
14-04-2010,9,11,12,14,15,43
18-04-2010,5,6,9,28,33,38
21-04-2010,1,3,6,18,21,22
25-04-2010,12,14,15,18,25,28
28-04-2010,5,10,25,32,37,45
02-05-2010,7,14,17,19,23,42
05-05-2010,6,11,21,34,35,44
09-05-2010,7,9,13,24,35,40
12-05-2010,6,14,16,20,26,39
16-05-2010,12,24,25,27,30,31
19-05-2010,10,20,31,39,41,43
23-05-2010,10,15,17,24,37,38
26-05-2010,7,16,22,31,34,45
30-05-2010,2,7,20,22,23,28
02-06-2010,4,10,17,25,35,42
06-06-2010,4,7,17,29,32,37
09-06-2010,3,12,19,20,36,40
13-06-2010,1,6,14,18,28,31
16-06-2010,3,23,29,33,34,39
20-06-2010,11,17,35,39,40,42
23-06-2010,1,13,21,28,37,43
27-06-2010,1,3,12,35,40,43
30-06-2010,5,10,26,36,40,41
04-07-2010,5,8,18,19,20,32
07-07-2010,6,10,12,16,41,45
11-07-2010,6,15,32,36,43,44
14-07-2010,1,11,19,27,30,35
18-07-2010,13,18,23,29,37,40
21-07-2010,4,6,31,37,44,45
25-07-2010,1,15,20,23,43,45
28-07-2010,4,28,30,35,43,44
01-08-2010,10,18,22,31,33,38
04-08-2010,3,18,26,33,34,41
08-08-2010,1,6,7,9,19,30
11-08-2010,4,10,14,23,27,39
15-08-2010,2,9,12,20,26,27
18-08-2010,10,20,21,33,37,38
22-08-2010,5,21,22,38,39,44
25-08-2010,11,19,21,22,31,35
29-08-2010,2,15,20,22,27,44
01-09-2010,17,23,30,31,33,43
05-09-2010,8,10,23,28,29,45
08-09-2010,4,30,31,32,34,38
12-09-2010,1,9,19,34,39,43
15-09-2010,5,6,26,34,35,42
19-09-2010,6,17,20,26,34,36
22-09-2010,2,9,10,14,29,40
26-09-2010,2,12,15,33,34,45
29-09-2010,9,17,26,33,35,36
03-10-2010,1,17,24,25,26,31
06-10-2010,23,27,36,39,40,43
10-10-2010,7,9,18,21,24,44
13-10-2010,2,3,13,30,35,40
17-10-2010,23,25,28,30,40,44
20-10-2010,2,10,12,22,25,34
24-10-2010,5,25,31,36,41,43
27-10-2010,1,15,24,33,34,44
31-10-2010,3,4,13,16,19,43
03-11-2010,13,16,18,29,39,45
07-11-2010,4,12,22,24,37,42
10-11-2010,4,11,18,30,42,43
14-11-2010,6,25,33,38,44,45
17-11-2010,6,12,13,21,22,40
21-11-2010,1,13,24,30,36,38
24-11-2010,10,13,31,39,44,45
28-11-2010,3,23,25,26,28,44
01-12-2010,12,15,16,22,29,36
05-12-2010,3,7,10,29,32,42
08-12-2010,1,3,9,39,42,43
12-12-2010,7,10,32,33,39,43
15-12-2010,3,9,26,36,38,44
19-12-2010,16,20,26,34,37,43
22-12-2010,3,7,11,28,35,36
26-12-2010,2,11,12,13,24,26
29-12-2010,5,6,22,32,42,43
02-01-2011,10,12,21,24,36,42
05-01-2011,8,18,25,30,43,45
09-01-2011,2,4,12,14,24,40
12-01-2011,3,6,10,12,19,38
16-01-2011,1,2,10,11,15,16
19-01-2011,3,19,23,35,43,44
23-01-2011,2,13,33,37,41,45
26-01-2011,8,10,19,22,34,44
30-01-2011,2,10,15,19,37,41
02-02-2011,3,16,19,22,23,28
06-02-2011,1,2,10,26,27,34
09-02-2011,2,4,9,11,17,24
13-02-2011,6,17,34,39,40,43
16-02-2011,1,18,21,24,27,45
20-02-2011,3,8,20,37,38,44
23-02-2011,3,13,17,20,28,29
27-02-2011,21,22,25,28,41,45
02-03-2011,3,11,17,25,28,42
06-03-2011,4,16,19,32,36,37
09-03-2011,12,17,20,22,27,44
13-03-2011,9,14,20,25,37,42
16-03-2011,6,18,19,20,24,26
20-03-2011,7,8,22,24,29,41
23-03-2011,1,2,9,24,35,37
27-03-2011,17,20,22,25,32,39
30-03-2011,15,19,23,29,34,39
03-04-2011,13,15,27,35,36,38
06-04-2011,10,16,33,38,40,41
10-04-2011,2,5,13,15,19,26
13-04-2011,7,9,18,22,31,44
17-04-2011,4,16,21,22,29,42
20-04-2011,8,13,14,25,34,39
24-04-2011,2,5,14,20,33,43
27-04-2011,2,8,9,16,32,44
01-05-2011,15,24,25,32,38,41
04-05-2011,4,10,21,37,40,43
08-05-2011,3,5,6,33,36,44
11-05-2011,4,6,24,26,28,42
15-05-2011,2,18,21,22,29,40
18-05-2011,5,9,24,25,31,45
22-05-2011,2,17,24,33,38,43
25-05-2011,2,11,16,18,28,43
29-05-2011,1,14,26,28,30,35
01-06-2011,4,6,8,11,38,43
05-06-2011,8,15,16,18,21,29
08-06-2011,6,15,21,34,38,42
12-06-2011,6,13,14,24,27,44
15-06-2011,9,11,15,17,30,43
19-06-2011,8,16,19,26,35,40
22-06-2011,14,17,27,32,34,41
26-06-2011,7,10,16,17,39,43
29-06-2011,2,3,14,25,38,41
03-07-2011,10,22,25,31,36,39
06-07-2011,5,6,17,22,24,35
10-07-2011,4,25,29,33,34,44
13-07-2011,8,17,24,34,37,38
17-07-2011,4,9,11,17,31,33
20-07-2011,25,32,37,41,42,45
24-07-2011,4,12,14,22,32,44
27-07-2011,2,6,9,20,24,33
31-07-2011,1,7,17,31,37,45
03-08-2011,3,24,27,31,36,43
07-08-2011,2,8,9,14,32,42
10-08-2011,5,21,24,31,35,40
14-08-2011,2,3,23,31,32,36
17-08-2011,7,10,11,21,26,35
21-08-2011,1,5,11,16,38,44
24-08-2011,13,19,25,26,39,45
28-08-2011,6,11,14,20,30,42
31-08-2011,2,16,23,28,33,44
04-09-2011,5,18,23,32,35,40
07-09-2011,1,7,10,26,33,42
11-09-2011,13,16,18,33,36,38
14-09-2011,5,19,28,36,37,38
18-09-2011,10,11,22,27,36,39
21-09-2011,1,18,19,29,33,41
25-09-2011,14,20,21,30,31,37
28-09-2011,3,15,21,39,40,43
02-10-2011,3,8,13,18,22,27
05-10-2011,6,9,13,36,40,42
09-10-2011,7,10,26,31,38,42
12-10-2011,4,20,23,29,31,40
16-10-2011,1,6,15,29,33,35
19-10-2011,16,29,31,36,40,44
23-10-2011,2,18,27,28,37,38
26-10-2011,4,11,26,35,36,42
30-10-2011,4,13,14,25,29,38
02-11-2011,4,23,31,32,36,45
06-11-2011,7,19,24,31,37,44
09-11-2011,8,9,10,27,34,39
13-11-2011,9,10,15,16,32,34
16-11-2011,17,29,34,35,36,45
20-11-2011,1,7,8,25,37,39
23-11-2011,10,18,25,38,39,41
27-11-2011,2,4,9,13,15,28
30-11-2011,6,27,37,38,41,44
04-12-2011,3,9,12,17,21,44
07-12-2011,7,19,32,34,35,36
11-12-2011,3,6,12,18,22,27
14-12-2011,6,21,30,37,38,45
18-12-2011,19,24,35,40,42,45
21-12-2011,6,11,23,28,33,36
25-12-2011,5,8,24,34,35,36
28-12-2011,15,19,34,37,41,44
01-01-2012,10,14,21,24,38,44
04-01-2012,11,13,17,21,22,33
08-01-2012,19,21,27,37,39,42
11-01-2012,4,7,9,10,23,30
15-01-2012,4,19,28,35,38,45
18-01-2012,16,18,25,28,39,42
22-01-2012,7,9,10,11,17,25
25-01-2012,2,3,6,31,40,42
29-01-2012,26,27,30,32,38,40
01-02-2012,5,16,17,21,23,28
05-02-2012,20,25,28,29,39,42
08-02-2012,6,9,19,21,22,24
12-02-2012,1,5,6,12,41,44
15-02-2012,2,5,7,12,13,23
19-02-2012,5,14,15,32,38,43
22-02-2012,2,3,6,31,41,44
26-02-2012,1,15,17,20,25,42
29-02-2012,5,17,27,37,41,43
04-03-2012,4,5,13,19,31,37
07-03-2012,8,16,21,23,32,43
11-03-2012,2,16,17,33,35,45
14-03-2012,9,10,14,18,24,26
18-03-2012,4,13,21,24,32,45
21-03-2012,5,8,14,24,39,44
25-03-2012,6,8,10,32,44,45
28-03-2012,9,19,20,21,23,44
01-04-2012,11,12,24,26,37,43
04-04-2012,6,19,30,31,36,41
08-04-2012,6,14,16,42,43,44
11-04-2012,1,20,24,26,30,35
15-04-2012,2,5,20,24,27,34
18-04-2012,7,10,12,23,39,40
22-04-2012,26,27,32,34,37,43
25-04-2012,1,30,39,41,43,45
29-04-2012,2,3,5,16,21,41
02-05-2012,4,9,13,15,22,44
06-05-2012,10,23,25,26,27,40
09-05-2012,2,10,15,27,28,34
13-05-2012,31,32,35,36,38,43
16-05-2012,1,9,10,22,25,32
20-05-2012,3,6,15,29,30,38
23-05-2012,1,13,18,29,30,33
27-05-2012,13,19,22,30,42,45
30-05-2012,13,17,20,23,32,34
03-06-2012,2,10,13,21,31,34
06-06-2012,8,9,16,24,27,34
10-06-2012,2,7,17,21,26,41
13-06-2012,2,8,15,17,32,45
17-06-2012,8,9,12,23,35,37
20-06-2012,3,4,5,13,15,34
24-06-2012,6,9,18,19,22,28
27-06-2012,9,17,18,21,35,42
01-07-2012,13,20,22,28,36,37
04-07-2012,6,12,16,17,19,29
08-07-2012,3,5,19,34,41,42
11-07-2012,9,15,17,20,24,35
15-07-2012,6,10,21,28,30,31
18-07-2012,11,29,31,34,39,41
22-07-2012,6,11,15,17,22,24
25-07-2012,4,14,16,18,29,42
29-07-2012,7,15,18,24,37,43
01-08-2012,1,7,9,32,34,43
05-08-2012,1,5,19,21,38,39
08-08-2012,2,5,17,19,37,45
12-08-2012,12,29,30,35,37,44
15-08-2012,3,9,14,33,41,44
19-08-2012,4,13,15,30,36,38
22-08-2012,1,16,25,30,38,44
26-08-2012,8,18,23,24,29,37
29-08-2012,13,23,31,37,40,45
02-09-2012,7,24,27,40,43,44
05-09-2012,9,15,19,27,30,33
09-09-2012,1,5,18,24,39,40
12-09-2012,4,10,16,17,27,39
16-09-2012,19,26,27,30,31,43
19-09-2012,9,19,23,26,27,32
23-09-2012,8,13,14,17,32,41
26-09-2012,6,10,37,40,41,42
30-09-2012,14,22,31,36,37,39
03-10-2012,28,30,34,38,42,43
07-10-2012,8,16,33,35,42,44
10-10-2012,14,20,24,28,30,39
14-10-2012,8,12,20,22,24,40
17-10-2012,7,13,18,25,33,44
21-10-2012,2,3,5,10,14,43
24-10-2012,2,25,29,31,34,42
28-10-2012,1,24,27,28,42,43
31-10-2012,5,9,32,33,41,45
04-11-2012,2,31,32,35,40,43
07-11-2012,13,14,20,23,26,34
11-11-2012,2,10,14,20,33,35
14-11-2012,6,16,27,30,35,36
18-11-2012,5,21,22,29,32,41
21-11-2012,10,12,16,20,30,33
25-11-2012,5,7,16,21,24,28
28-11-2012,4,9,10,18,28,34
02-12-2012,8,28,34,35,41,44
05-12-2012,5,6,18,19,26,42
09-12-2012,8,11,15,20,23,30
12-12-2012,17,20,22,23,27,35
16-12-2012,6,12,17,24,27,30
19-12-2012,5,7,15,17,25,31
23-12-2012,7,8,9,17,23,43
26-12-2012,8,16,24,27,39,40
30-12-2012,3,5,17,21,25,43
02-01-2013,11,15,34,36,40,43
06-01-2013,7,15,21,28,35,39
09-01-2013,11,12,22,28,34,45
13-01-2013,11,16,17,18,27,36
16-01-2013,20,23,26,27,36,42
20-01-2013,4,8,27,34,36,44
23-01-2013,4,20,30,32,40,41
27-01-2013,11,16,26,35,36,39
30-01-2013,1,15,20,32,35,45
03-02-2013,4,13,16,19,29,38
06-02-2013,7,9,10,11,18,45
10-02-2013,9,10,31,42,44,45
13-02-2013,1,7,20,34,35,44
17-02-2013,4,14,21,38,41,42
20-02-2013,4,7,13,31,34,41
24-02-2013,12,13,25,27,30,45
27-02-2013,7,9,12,27,28,39
03-03-2013,11,16,20,31,40,43
06-03-2013,3,15,18,22,27,28
10-03-2013,16,24,25,26,27,44
13-03-2013,11,24,31,38,41,43
17-03-2013,2,8,11,13,29,31
20-03-2013,1,6,21,23,40,41
24-03-2013,14,21,35,39,42,44
27-03-2013,2,9,16,22,24,43
31-03-2013,5,8,21,23,24,38
03-04-2013,4,16,19,21,30,35
07-04-2013,2,10,16,37,43,44
10-04-2013,10,14,15,16,25,42
14-04-2013,3,9,10,11,13,41
17-04-2013,6,16,22,25,30,38
21-04-2013,3,19,26,40,43,45
24-04-2013,25,26,27,28,37,43
28-04-2013,11,12,14,27,34,44
01-05-2013,3,4,6,11,35,45
05-05-2013,1,2,9,19,27,43
08-05-2013,1,5,11,15,39,45
12-05-2013,12,21,28,29,32,40
15-05-2013,6,22,27,36,42,43
19-05-2013,17,27,28,30,39,41
22-05-2013,1,10,17,20,26,41
26-05-2013,8,10,12,38,39,45
29-05-2013,7,11,14,32,36,39
02-06-2013,7,17,28,33,36,45
05-06-2013,1,18,20,26,33,36
09-06-2013,1,22,27,33,40,44
12-06-2013,2,6,13,23,27,39
16-06-2013,1,4,8,28,34,43
19-06-2013,10,16,19,25,31,40
23-06-2013,1,31,37,40,42,45
26-06-2013,1,13,17,30,31,33
30-06-2013,16,17,21,28,40,42
03-07-2013,2,3,20,22,38,41
07-07-2013,12,16,17,19,31,32
10-07-2013,11,17,23,38,40,45
14-07-2013,1,2,6,16,20,25
17-07-2013,20,21,24,43,44,45
21-07-2013,9,10,14,16,18,36
24-07-2013,7,10,16,32,33,39
28-07-2013,12,21,23,29,38,43
31-07-2013,4,6,15,34,35,45
04-08-2013,5,18,23,29,31,32
07-08-2013,10,20,21,23,26,40
11-08-2013,4,8,17,21,22,32
14-08-2013,5,15,17,24,33,42
18-08-2013,4,20,24,25,26,28
21-08-2013,14,20,24,43,44,45
25-08-2013,2,7,10,14,26,32
28-08-2013,7,11,21,25,37,44
01-09-2013,15,19,30,31,42,43
04-09-2013,5,11,19,23,24,31
08-09-2013,2,3,6,14,18,30
11-09-2013,8,13,20,28,40,42
15-09-2013,1,3,16,24,26,43
18-09-2013,15,20,28,36,40,41
22-09-2013,7,9,10,17,24,41
25-09-2013,3,23,38,40,42,45
29-09-2013,5,15,16,18,21,31
02-10-2013,5,15,19,23,37,40
06-10-2013,7,19,20,23,27,43
09-10-2013,3,21,26,31,34,44
13-10-2013,10,13,14,31,32,41
16-10-2013,8,12,25,34,38,43
20-10-2013,5,13,14,22,27,36
23-10-2013,2,4,13,28,32,34
27-10-2013,5,6,15,16,17,20
30-10-2013,7,20,23,33,38,43
03-11-2013,4,7,11,17,18,20
06-11-2013,1,16,28,30,36,45
10-11-2013,2,11,15,35,40,41
13-11-2013,4,14,17,23,26,33
17-11-2013,3,18,19,24,30,43
20-11-2013,7,11,14,18,26,35
24-11-2013,6,10,19,22,33,43
27-11-2013,3,5,13,26,41,45
01-12-2013,5,10,11,12,24,26
04-12-2013,5,15,17,19,26,38
08-12-2013,1,5,7,15,21,25
11-12-2013,4,8,11,37,40,42
15-12-2013,3,21,26,30,38,43
18-12-2013,1,18,19,39,41,44
22-12-2013,11,20,27,34,41,44
25-12-2013,5,8,16,17,32,40
29-12-2013,6,12,21,31,36,45
01-01-2014,6,11,15,24,28,32
05-01-2014,11,14,16,21,25,44
08-01-2014,23,25,28,29,38,40
12-01-2014,8,14,17,22,25,35
15-01-2014,1,8,31,35,42,43
19-01-2014,13,19,20,30,40,45
22-01-2014,12,30,32,34,37,43
26-01-2014,4,15,20,23,37,45
29-01-2014,6,9,12,22,25,32
02-02-2014,3,10,15,16,22,44
05-02-2014,8,15,19,24,32,38
09-02-2014,1,3,22,24,25,38
12-02-2014,18,21,22,39,43,45
16-02-2014,3,13,23,35,40,45
19-02-2014,2,8,19,24,34,43
23-02-2014,11,21,29,34,40,45
26-02-2014,3,15,27,34,35,41
02-03-2014,1,7,13,16,27,36
05-03-2014,4,8,9,11,13,23
09-03-2014,7,12,13,14,17,45
12-03-2014,2,11,13,14,23,35
16-03-2014,13,14,16,35,37,40
19-03-2014,5,16,19,21,28,39
23-03-2014,11,28,35,39,41,43
26-03-2014,5,9,10,14,30,34
30-03-2014,11,17,18,19,20,33
02-04-2014,13,20,35,39,40,44
06-04-2014,15,17,26,37,39,43
09-04-2014,6,14,18,25,29,35
13-04-2014,4,9,23,25,33,41
16-04-2014,5,13,21,28,36,44
20-04-2014,8,14,18,24,41,44
23-04-2014,3,5,10,13,19,39
27-04-2014,7,13,21,26,37,45
30-04-2014,4,7,12,29,32,37
04-05-2014,2,3,12,17,20,41
07-05-2014,3,12,16,27,35,38
11-05-2014,4,13,14,21,35,39
14-05-2014,16,26,35,39,43,44
18-05-2014,6,7,10,18,26,39
21-05-2014,11,12,18,24,26,40
25-05-2014,3,9,21,27,40,45
28-05-2014,4,15,28,29,31,39
01-06-2014,4,22,25,30,31,37
04-06-2014,5,6,11,26,27,42
08-06-2014,8,9,19,26,37,45
11-06-2014,2,4,11,34,37,41
15-06-2014,15,20,24,30,39,44
18-06-2014,10,22,24,29,35,37
22-06-2014,6,18,23,26,30,32
25-06-2014,2,21,26,34,40,45
29-06-2014,4,7,10,12,23,36
02-07-2014,8,16,24,25,27,35
06-07-2014,2,7,15,36,38,43
09-07-2014,5,11,20,29,32,36
13-07-2014,1,5,20,35,37,43
16-07-2014,1,4,13,17,22,40
20-07-2014,11,22,26,38,41,43
23-07-2014,3,4,12,24,34,43
27-07-2014,3,9,15,22,41,43
30-07-2014,7,20,27,30,38,42
03-08-2014,7,10,17,38,42,45
06-08-2014,3,6,8,18,22,26
10-08-2014,1,4,13,19,37,41
13-08-2014,7,14,16,18,19,21
17-08-2014,1,3,9,14,25,31
20-08-2014,6,8,25,39,44,45
24-08-2014,2,14,27,36,42,45
27-08-2014,6,7,8,15,37,44
31-08-2014,8,9,20,24,34,38
03-09-2014,21,25,32,33,37,44
07-09-2014,1,11,29,36,39,45
10-09-2014,2,4,15,29,31,39
14-09-2014,12,13,21,32,37,40
17-09-2014,2,7,10,17,23,41
21-09-2014,8,13,17,24,25,29
24-09-2014,9,21,22,23,36,37
28-09-2014,7,15,20,22,23,37
01-10-2014,10,17,32,36,40,41
05-10-2014,8,23,30,32,38,40
08-10-2014,10,13,20,26,29,43
12-10-2014,1,2,27,38,39,45
15-10-2014,4,5,27,29,30,36
19-10-2014,7,9,20,25,30,32
22-10-2014,10,15,30,32,37,40
26-10-2014,3,4,6,12,29,39
29-10-2014,2,9,11,23,25,29
02-11-2014,17,29,30,38,43,45
05-11-2014,13,17,19,28,30,44
09-11-2014,4,5,13,17,27,40
12-11-2014,3,10,18,29,37,39
16-11-2014,16,23,36,39,40,43
19-11-2014,6,12,21,38,42,45
23-11-2014,7,14,19,26,28,43
26-11-2014,7,31,32,39,41,44
30-11-2014,1,8,28,33,34,42
03-12-2014,10,23,30,37,41,42
07-12-2014,1,2,4,6,24,25
10-12-2014,4,5,13,32,40,41
14-12-2014,3,13,32,35,40,44
17-12-2014,15,19,23,24,26,45
21-12-2014,4,11,17,35,38,45
24-12-2014,3,4,5,12,29,42
28-12-2014,1,3,8,21,24,31
31-12-2014,4,7,16,20,22,44
04-01-2015,5,18,31,34,42,45
07-01-2015,1,17,22,28,37,42
11-01-2015,2,8,13,16,25,39
14-01-2015,9,13,24,28,33,40
18-01-2015,10,13,26,28,36,44
21-01-2015,6,10,11,12,17,21
25-01-2015,14,31,34,36,41,42
28-01-2015,8,10,12,21,26,36
01-02-2015,3,5,23,28,30,45
04-02-2015,10,17,19,27,28,30
08-02-2015,2,15,19,23,31,42
11-02-2015,8,12,18,19,35,37
15-02-2015,5,9,14,26,36,38
18-02-2015,9,12,14,20,25,27
22-02-2015,2,13,16,17,20,22
25-02-2015,2,5,12,18,22,44
01-03-2015,4,5,8,18,26,42
04-03-2015,4,20,22,28,32,38
08-03-2015,6,13,16,31,43,44
11-03-2015,3,5,6,14,17,39
15-03-2015,2,7,10,33,35,38
18-03-2015,7,10,18,21,32,45
22-03-2015,3,4,11,27,28,45
25-03-2015,2,14,17,30,33,41
29-03-2015,4,14,18,20,28,33
01-04-2015,12,24,26,29,31,33
05-04-2015,7,10,16,21,23,28
08-04-2015,1,2,4,5,13,22
12-04-2015,17,26,29,30,43,44
15-04-2015,4,5,13,26,38,43
19-04-2015,3,6,7,9,20,37
22-04-2015,3,9,12,27,33,34
26-04-2015,6,13,29,34,35,40
29-04-2015,12,17,26,27,29,39
03-05-2015,1,8,13,27,37,42
06-05-2015,5,10,20,33,36,37
10-05-2015,2,23,26,30,35,44
13-05-2015,1,2,20,23,40,45
17-05-2015,4,5,12,15,35,43
20-05-2015,5,6,12,22,32,45
24-05-2015,5,8,9,21,24,32
27-05-2015,16,21,25,33,36,38
31-05-2015,7,11,22,35,43,44
03-06-2015,8,10,17,33,36,45
07-06-2015,1,4,8,12,23,24
10-06-2015,5,9,19,24,34,43
14-06-2015,18,27,28,33,37,42
17-06-2015,3,16,23,33,39,43
21-06-2015,14,21,25,37,39,43
24-06-2015,5,6,14,19,28,31
28-06-2015,6,13,22,26,33,44
01-07-2015,22,23,26,30,35,42
05-07-2015,16,20,25,27,35,36
08-07-2015,1,4,8,11,38,39
12-07-2015,2,3,12,20,21,25
15-07-2015,3,15,17,25,28,33
19-07-2015,1,4,18,28,40,43
22-07-2015,6,11,22,30,38,43
26-07-2015,2,3,7,11,28,34
29-07-2015,2,11,15,20,30,44
02-08-2015,2,5,22,25,33,39
05-08-2015,11,15,24,32,35,40
09-08-2015,1,9,26,30,36,38
12-08-2015,7,24,30,35,38,39
16-08-2015,1,2,12,28,32,34
19-08-2015,6,10,12,23,24,36
23-08-2015,12,27,29,34,36,40
26-08-2015,3,7,19,23,24,34
30-08-2015,13,14,15,29,37,45
02-09-2015,8,12,17,24,43,45
06-09-2015,9,20,26,29,41,42
09-09-2015,5,6,10,15,24,40
13-09-2015,6,10,13,33,36,42
16-09-2015,1,13,20,29,43,44
20-09-2015,9,15,26,32,41,44
23-09-2015,18,29,38,39,42,45
27-09-2015,7,9,12,34,35,36
30-09-2015,21,22,27,31,34,36
04-10-2015,4,7,8,10,17,34
07-10-2015,14,16,31,40,41,45
11-10-2015,15,20,23,26,29,35
14-10-2015,2,3,14,30,39,40
18-10-2015,5,14,15,20,29,44
21-10-2015,5,6,7,19,22,43
25-10-2015,10,13,31,37,41,44
28-10-2015,1,5,6,17,18,22
01-11-2015,23,32,33,34,44,45
04-11-2015,8,16,20,24,28,45
08-11-2015,3,7,18,35,37,40
11-11-2015,19,22,24,32,33,42
15-11-2015,4,8,11,15,35,41
18-11-2015,18,27,28,29,37,42
22-11-2015,8,13,14,18,23,25
25-11-2015,20,22,26,29,34,43
29-11-2015,4,5,6,18,33,38
02-12-2015,5,11,23,24,25,44
06-12-2015,5,11,19,27,38,41
09-12-2015,8,12,21,29,38,42
13-12-2015,5,11,18,25,34,39
16-12-2015,8,9,10,31,40,45
20-12-2015,4,5,14,18,23,43
23-12-2015,6,11,22,23,28,38
27-12-2015,1,6,17,22,35,40
30-12-2015,2,7,18,35,36,38
03-01-2016,10,11,16,18,30,34
06-01-2016,12,19,26,34,38,41
10-01-2016,3,6,9,17,22,24
13-01-2016,8,10,17,19,24,34
17-01-2016,6,7,22,26,27,30
20-01-2016,3,22,24,29,30,35
24-01-2016,9,15,18,20,23,30
27-01-2016,9,13,15,26,36,42
31-01-2016,17,18,22,38,39,41
03-02-2016,5,12,18,25,32,39
07-02-2016,3,18,33,34,35,41
10-02-2016,2,4,8,10,33,35
14-02-2016,8,10,11,29,33,42
17-02-2016,4,6,14,28,31,35
21-02-2016,1,8,12,29,35,41
24-02-2016,4,17,18,23,31,40
28-02-2016,9,14,29,35,37,43
02-03-2016,7,9,11,17,19,35
06-03-2016,2,16,18,20,28,34
09-03-2016,8,16,25,32,34,37
13-03-2016,7,18,19,21,30,42
16-03-2016,7,9,12,27,30,43
20-03-2016,9,30,32,35,37,41
23-03-2016,7,12,36,37,38,45
27-03-2016,2,16,23,32,38,41
30-03-2016,6,14,21,33,36,39
03-04-2016,4,10,15,31,33,41
06-04-2016,4,22,23,26,32,38
10-04-2016,5,20,23,32,38,45
13-04-2016,5,15,23,28,37,45
17-04-2016,15,24,27,32,41,42
20-04-2016,3,17,22,26,32,33
24-04-2016,19,22,24,27,30,33
27-04-2016,4,26,32,33,38,45
01-05-2016,1,14,25,27,28,35
04-05-2016,11,12,17,30,35,40
08-05-2016,6,17,25,29,34,43
11-05-2016,19,27,30,37,41,45
15-05-2016,2,7,8,30,34,37
18-05-2016,3,5,7,16,29,31
22-05-2016,6,8,12,30,34,45
25-05-2016,7,17,21,30,34,45
29-05-2016,4,5,7,10,17,24
01-06-2016,3,6,10,18,28,30
05-06-2016,3,4,5,9,27,28
08-06-2016,10,21,25,28,37,44
12-06-2016,12,18,19,20,23,45
15-06-2016,2,16,17,23,26,37
19-06-2016,1,11,19,31,32,37
22-06-2016,10,25,26,32,35,45
26-06-2016,6,17,23,27,33,43
29-06-2016,5,20,26,27,30,32
03-07-2016,1,2,20,22,26,37
06-07-2016,1,4,15,16,26,27
10-07-2016,2,20,21,23,27,28
13-07-2016,10,20,22,26,36,42
17-07-2016,18,25,37,39,43,44
20-07-2016,6,15,22,25,27,34
24-07-2016,4,13,22,26,27,42
27-07-2016,8,10,30,36,37,39
31-07-2016,1,13,21,22,25,40
03-08-2016,4,8,9,18,40,42
07-08-2016,9,12,18,20,27,36
10-08-2016,4,7,10,19,31,43
14-08-2016,6,7,13,19,37,44
17-08-2016,1,5,11,28,29,36
21-08-2016,3,4,5,23,27,34
24-08-2016,3,10,14,18,22,24
28-08-2016,9,11,15,33,34,39
31-08-2016,1,11,18,26,29,40
04-09-2016,13,21,29,36,41,44
07-09-2016,1,7,11,12,25,29
11-09-2016,2,20,22,29,34,36
14-09-2016,9,12,35,37,38,43
18-09-2016,2,3,9,18,23,27
21-09-2016,7,18,30,37,43,44
25-09-2016,1,2,6,33,34,39
28-09-2016,3,8,19,24,32,42
02-10-2016,3,10,15,20,35,38
05-10-2016,10,12,27,30,34,36
09-10-2016,18,24,33,34,37,41
12-10-2016,11,20,26,32,34,42
16-10-2016,5,7,18,28,29,35
19-10-2016,6,10,20,26,33,40
23-10-2016,6,11,21,31,35,43
26-10-2016,8,10,11,14,23,34
30-10-2016,6,7,8,11,30,36
02-11-2016,7,14,22,24,36,39
06-11-2016,22,24,27,29,36,43
09-11-2016,5,10,12,19,31,44
13-11-2016,6,18,31,34,38,45
16-11-2016,3,9,24,27,32,41
20-11-2016,3,22,25,27,28,40
23-11-2016,2,3,25,39,42,45
27-11-2016,2,16,18,28,32,36
30-11-2016,4,10,12,18,27,36
04-12-2016,6,10,14,18,27,40
07-12-2016,6,14,20,28,29,30
11-12-2016,17,28,33,34,35,41
14-12-2016,28,30,31,34,38,42
18-12-2016,12,27,37,39,42,44
21-12-2016,4,13,18,32,40,44
25-12-2016,15,21,23,26,30,33
28-12-2016,5,13,23,28,29,35
01-01-2017,4,15,24,27,39,41
04-01-2017,8,9,34,39,41,45
08-01-2017,4,27,29,30,39,42
11-01-2017,4,10,13,20,26,30
15-01-2017,21,26,30,32,35,42
18-01-2017,1,8,13,24,33,37
22-01-2017,12,25,28,39,41,43
25-01-2017,3,7,34,35,36,39
29-01-2017,8,11,15,22,24,25
01-02-2017,14,20,24,26,31,36
05-02-2017,6,7,30,32,41,44
08-02-2017,3,9,12,16,19,27
12-02-2017,9,10,25,36,38,40
15-02-2017,8,11,33,35,38,42
19-02-2017,12,23,24,31,34,43
22-02-2017,12,17,19,30,39,44
26-02-2017,1,15,16,19,22,42
01-03-2017,1,2,10,17,24,41
05-03-2017,9,20,22,27,40,45
08-03-2017,9,13,19,21,27,29
12-03-2017,8,12,18,24,25,44
15-03-2017,1,14,18,27,30,40
19-03-2017,5,11,16,19,27,33
22-03-2017,14,23,32,38,44,45
26-03-2017,3,24,28,37,40,42
29-03-2017,5,28,32,33,34,43
02-04-2017,2,3,19,31,34,39
05-04-2017,4,8,22,25,26,31
09-04-2017,3,13,19,29,40,43
12-04-2017,2,6,13,30,35,44
16-04-2017,3,7,20,31,39,43
19-04-2017,10,18,25,30,33,41
23-04-2017,1,4,10,21,32,44
26-04-2017,5,6,11,19,27,44
30-04-2017,20,28,30,32,40,41
03-05-2017,3,8,27,32,42,43
07-05-2017,12,16,32,37,42,45
10-05-2017,1,5,16,29,35,39
14-05-2017,5,8,9,32,33,35
17-05-2017,6,17,20,24,25,34
21-05-2017,12,25,26,27,29,35
24-05-2017,8,13,28,29,31,40
28-05-2017,16,20,23,33,37,44
31-05-2017,3,10,11,13,28,43
04-06-2017,6,14,30,37,42,43
07-06-2017,1,6,10,12,33,34
11-06-2017,2,6,21,27,34,45
14-06-2017,7,12,17,27,37,45
18-06-2017,1,6,18,22,31,33
21-06-2017,9,10,12,14,44,45
25-06-2017,4,17,18,24,36,41
28-06-2017,5,13,16,31,34,39
02-07-2017,1,7,16,18,21,22
05-07-2017,11,19,27,35,37,38
09-07-2017,7,8,21,30,33,44
12-07-2017,2,10,17,21,25,45
16-07-2017,12,14,18,23,28,37
19-07-2017,4,6,16,34,36,43
23-07-2017,17,23,24,30,32,34
26-07-2017,1,17,23,24,30,44
30-07-2017,8,12,19,24,35,44
02-08-2017,7,8,29,34,37,41
06-08-2017,4,15,16,19,27,39
09-08-2017,3,10,25,36,39,42
13-08-2017,5,7,18,29,32,38
16-08-2017,21,22,23,26,28,34
20-08-2017,7,13,17,18,32,37
23-08-2017,19,23,24,38,39,41
27-08-2017,3,4,5,7,20,33
30-08-2017,1,14,22,27,32,37
03-09-2017,3,11,13,15,39,40
06-09-2017,4,7,11,18,23,36
10-09-2017,14,17,26,34,40,44
13-09-2017,5,14,23,27,31,45
17-09-2017,2,11,15,29,32,44
20-09-2017,2,7,11,18,20,24
24-09-2017,1,12,31,32,38,43
27-09-2017,9,26,32,35,37,43
01-10-2017,4,6,16,18,24,38
04-10-2017,14,26,32,33,36,37
08-10-2017,10,13,26,34,37,45
11-10-2017,5,13,26,29,33,41
15-10-2017,6,7,9,14,28,44
18-10-2017,14,16,19,22,39,41
22-10-2017,7,30,31,36,38,39
25-10-2017,8,18,21,32,35,36
29-10-2017,4,9,24,26,29,33
01-11-2017,1,3,4,27,33,35
05-11-2017,5,8,16,19,22,40
08-11-2017,15,18,20,29,30,41
12-11-2017,2,17,34,40,43,44
15-11-2017,2,5,7,19,27,40
19-11-2017,2,14,19,23,40,41
22-11-2017,1,3,6,12,16,42
26-11-2017,1,4,6,23,30,45
29-11-2017,5,11,15,20,21,26
03-12-2017,3,15,23,30,33,37
06-12-2017,15,26,31,39,43,44
10-12-2017,7,11,21,22,25,37
13-12-2017,2,5,10,25,28,42
17-12-2017,11,27,28,31,36,37
20-12-2017,13,33,34,35,36,39
24-12-2017,7,8,14,33,38,40
27-12-2017,3,5,26,31,35,41
31-12-2017,10,22,33,37,43,45
03-01-2018,8,22,25,26,32,45
07-01-2018,26,31,32,37,39,41
10-01-2018,3,7,25,27,31,41
14-01-2018,1,3,30,33,37,43
17-01-2018,9,14,15,17,31,42
21-01-2018,11,12,14,24,31,44
24-01-2018,2,4,8,14,35,43
28-01-2018,13,22,30,34,35,45
31-01-2018,3,15,23,26,38,40
04-02-2018,2,17,19,22,34,38
07-02-2018,6,13,22,25,36,41
11-02-2018,3,12,30,34,37,40
14-02-2018,9,10,12,28,32,40
18-02-2018,1,12,14,30,35,40
21-02-2018,1,16,23,29,33,37
25-02-2018,1,10,11,20,32,39
28-02-2018,3,21,22,32,36,40
04-03-2018,7,12,28,32,34,39
07-03-2018,1,18,26,27,32,42
11-03-2018,3,6,10,20,28,33
14-03-2018,7,10,12,35,37,38
18-03-2018,10,13,14,24,26,33
21-03-2018,10,23,25,32,34,44
25-03-2018,8,9,18,28,40,44
28-03-2018,3,4,28,30,31,39
01-04-2018,13,23,25,29,36,38
04-04-2018,11,14,26,29,35,43
08-04-2018,1,5,19,23,26,30
11-04-2018,1,4,5,6,7,25
15-04-2018,3,10,13,20,24,45
18-04-2018,12,14,17,39,40,45
22-04-2018,7,8,24,26,41,45
25-04-2018,3,8,36,40,43,44
29-04-2018,2,18,29,30,32,43
02-05-2018,9,19,26,28,31,42
06-05-2018,2,19,23,37,42,44
09-05-2018,9,15,17,21,33,36
13-05-2018,3,4,5,16,17,20
16-05-2018,8,17,24,28,29,40
20-05-2018,1,9,23,28,41,43
23-05-2018,9,13,15,16,24,33
27-05-2018,10,11,23,27,29,37
30-05-2018,1,4,19,22,30,33
03-06-2018,12,16,20,25,32,36
06-06-2018,12,15,28,29,32,43
10-06-2018,20,21,28,29,35,37
13-06-2018,12,16,23,30,38,43
17-06-2018,4,9,10,12,13,32
20-06-2018,3,6,16,27,32,39
24-06-2018,20,23,28,38,43,45
27-06-2018,8,15,26,28,37,44
01-07-2018,5,6,8,10,17,30
04-07-2018,6,8,29,30,34,36
08-07-2018,8,9,18,39,41,45
11-07-2018,27,29,36,41,44,45
15-07-2018,15,29,37,42,43,45
18-07-2018,7,10,22,24,27,43
22-07-2018,2,6,13,21,28,37
25-07-2018,10,18,26,31,32,37
29-07-2018,2,3,6,29,33,40
01-08-2018,14,16,28,29,36,42
05-08-2018,10,17,23,24,34,42
08-08-2018,1,12,25,35,37,45
12-08-2018,12,26,36,38,41,45
15-08-2018,9,19,30,34,35,42
19-08-2018,2,11,14,22,23,44
22-08-2018,20,21,22,24,30,43
26-08-2018,1,18,22,23,30,32
29-08-2018,14,16,24,30,31,45
02-09-2018,2,15,16,31,37,45
05-09-2018,5,8,15,26,40,42
09-09-2018,4,8,12,18,24,39
12-09-2018,8,12,20,23,37,42
16-09-2018,8,10,14,23,43,44
19-09-2018,1,10,24,25,39,45
23-09-2018,9,13,14,29,39,44
26-09-2018,1,4,5,11,15,33
30-09-2018,2,6,9,17,35,38
03-10-2018,3,10,23,27,28,41
07-10-2018,22,24,27,34,35,44
10-10-2018,16,23,37,40,44,45
14-10-2018,6,7,18,27,33,38
17-10-2018,1,9,20,24,29,31
21-10-2018,10,14,16,22,35,44
24-10-2018,1,7,10,12,21,24
28-10-2018,12,19,22,26,35,37
31-10-2018,6,7,13,24,27,38
04-11-2018,9,10,15,26,31,38
07-11-2018,3,14,26,27,41,42
11-11-2018,13,14,22,33,34,43
14-11-2018,12,21,23,34,38,44
18-11-2018,2,4,9,14,41,44
21-11-2018,20,25,29,32,37,44
25-11-2018,9,10,29,31,38,43
28-11-2018,9,10,17,18,28,40
02-12-2018,6,15,17,18,40,43
05-12-2018,15,16,17,20,21,25
09-12-2018,15,16,35,38,41,42
12-12-2018,8,9,14,26,27,34
16-12-2018,8,12,21,24,36,44
19-12-2018,3,11,20,29,39,44
23-12-2018,19,27,28,34,35,44
26-12-2018,13,16,22,26,29,36
30-12-2018,4,7,8,12,14,44
02-01-2019,2,10,12,13,26,28
06-01-2019,3,23,24,34,36,39
09-01-2019,1,8,21,31,33,39
13-01-2019,8,11,15,16,20,30
16-01-2019,3,17,18,32,38,43
20-01-2019,1,7,19,22,36,42
23-01-2019,1,12,28,36,40,41
27-01-2019,4,13,15,29,33,39
30-01-2019,19,20,21,28,30,45
03-02-2019,2,25,27,39,40,42
06-02-2019,13,15,19,26,30,44
10-02-2019,2,4,9,12,13,16
13-02-2019,3,7,8,16,23,25
17-02-2019,5,7,26,33,37,44
20-02-2019,9,12,21,26,29,37
24-02-2019,4,6,25,29,30,35
27-02-2019,2,6,13,37,39,43
03-03-2019,16,21,25,33,35,42
06-03-2019,1,7,12,33,37,42
10-03-2019,2,7,8,12,14,29
13-03-2019,4,25,30,33,34,43
17-03-2019,12,15,19,22,37,39
20-03-2019,8,11,12,17,23,24
24-03-2019,8,12,22,28,38,44
27-03-2019,7,20,27,32,43,44
31-03-2019,4,11,20,22,23,40
03-04-2019,2,6,10,14,34,38
07-04-2019,7,9,22,28,31,38
10-04-2019,3,14,26,27,28,30
14-04-2019,8,19,24,29,44,45
17-04-2019,4,16,17,18,37,42
21-04-2019,2,5,25,28,35,37
24-04-2019,5,13,20,26,31,40
28-04-2019,7,8,9,14,25,33
01-05-2019,4,7,24,28,36,40
05-05-2019,3,4,10,24,33,34
08-05-2019,23,28,32,35,39,40
12-05-2019,7,12,20,33,38,41
15-05-2019,4,5,12,24,26,27
19-05-2019,5,7,23,27,31,34
22-05-2019,19,26,28,35,38,43
26-05-2019,3,5,9,11,28,31
29-05-2019,1,3,7,20,22,34
02-06-2019,12,13,29,30,36,42
05-06-2019,4,18,20,32,34,44
09-06-2019,3,16,17,24,26,41
12-06-2019,3,8,11,15,18,43
16-06-2019,3,15,25,35,37,45
19-06-2019,3,9,18,35,38,41
23-06-2019,6,9,10,24,40,44
26-06-2019,6,13,17,28,32,42
30-06-2019,5,9,15,16,22,32
03-07-2019,6,16,29,31,41,44
07-07-2019,8,19,32,33,41,42
10-07-2019,5,28,30,35,36,45
14-07-2019,4,12,16,22,24,33
17-07-2019,4,5,18,28,31,32
21-07-2019,7,13,17,20,42,45
24-07-2019,4,6,7,29,30,37
28-07-2019,3,7,9,13,26,39
31-07-2019,13,22,33,37,39,41
04-08-2019,12,13,16,17,22,41
07-08-2019,3,4,9,19,20,25
11-08-2019,5,14,21,28,32,42
14-08-2019,1,6,7,20,28,35
18-08-2019,1,7,8,19,24,39
21-08-2019,5,6,24,26,35,36
25-08-2019,2,24,31,32,40,41
28-08-2019,4,10,20,25,29,35
01-09-2019,2,16,27,35,39,45
04-09-2019,2,6,11,27,32,42
08-09-2019,18,23,27,28,39,45
11-09-2019,5,7,13,15,23,30
15-09-2019,1,6,15,27,29,40
18-09-2019,12,14,21,25,32,33
22-09-2019,3,14,23,25,32,41
25-09-2019,5,14,21,26,29,38
29-09-2019,3,4,18,19,28,32
02-10-2019,11,15,16,17,22,24
06-10-2019,10,29,31,32,44,45
09-10-2019,3,6,16,28,33,42
13-10-2019,9,14,17,23,26,32
16-10-2019,3,4,25,36,40,45
20-10-2019,1,2,3,18,26,34
23-10-2019,6,8,13,32,39,45
27-10-2019,9,26,28,32,35,43
30-10-2019,4,11,12,15,20,42
03-11-2019,15,16,22,24,27,33
06-11-2019,6,16,17,34,38,40
10-11-2019,2,9,10,19,29,40
13-11-2019,4,27,33,34,41,45
17-11-2019,2,15,23,28,33,34
20-11-2019,7,11,13,15,22,27
24-11-2019,3,9,15,18,26,29
27-11-2019,2,7,17,23,39,43
01-12-2019,4,9,20,22,32,37
04-12-2019,2,7,9,32,36,43
08-12-2019,8,27,30,40,42,43
11-12-2019,2,8,18,26,35,43
15-12-2019,8,11,16,33,38,45
18-12-2019,1,8,11,17,32,34
22-12-2019,7,8,9,22,25,37
25-12-2019,6,27,32,33,38,40
29-12-2019,3,20,22,27,31,33
01-01-2020,5,8,19,23,36,39
05-01-2020,3,5,12,27,36,44
08-01-2020,18,21,24,38,41,42
12-01-2020,6,13,25,31,38,44
15-01-2020,9,11,16,26,31,41
19-01-2020,5,12,36,38,39,45
22-01-2020,1,15,28,42,43,44
26-01-2020,5,23,26,27,37,40
29-01-2020,3,11,23,29,39,44
02-02-2020,6,7,9,20,28,30
05-02-2020,8,17,33,36,38,44
09-02-2020,5,22,23,27,37,45
12-02-2020,3,4,7,17,39,44
16-02-2020,4,5,20,22,31,39
19-02-2020,1,2,3,16,24,44
23-02-2020,6,8,18,33,42,45
26-02-2020,3,6,11,16,25,43
01-03-2020,11,14,20,37,38,41
04-03-2020,4,10,12,31,34,44
08-03-2020,3,10,13,18,26,36
11-03-2020,15,29,31,42,44,45
13-03-2020,2,14,26,30,38,39
15-03-2020,4,16,17,20,25,43
18-03-2020,5,9,20,21,26,42
22-03-2020,4,9,12,17,32,43
25-03-2020,5,26,30,31,32,33
29-03-2020,3,4,6,30,36,39
01-04-2020,1,11,15,22,26,36
05-04-2020,12,23,28,33,40,41
08-04-2020,1,4,6,15,18,32
12-04-2020,13,20,26,41,43,45
15-04-2020,2,5,11,41,43,44
19-04-2020,2,10,12,33,35,39
22-04-2020,3,11,12,23,28,38
26-04-2020,8,16,23,25,26,28
29-04-2020,11,15,16,18,29,34
03-05-2020,10,14,21,32,34,45
06-05-2020,4,8,26,27,28,44
10-05-2020,7,13,27,31,32,44
13-05-2020,4,18,19,21,25,36
17-05-2020,3,7,11,18,22,34
20-05-2020,4,13,14,24,27,31
24-05-2020,12,16,18,25,28,34
27-05-2020,12,20,28,37,40,42
31-05-2020,21,25,26,28,34,40
03-06-2020,4,9,10,13,18,31
07-06-2020,1,12,20,36,41,42
10-06-2020,8,11,18,24,27,37
14-06-2020,9,12,17,20,28,45
17-06-2020,3,11,12,16,28,39
19-06-2020,1,7,13,39,44,45
21-06-2020,4,15,30,35,38,45
24-06-2020,10,17,18,25,29,36
28-06-2020,10,16,28,31,36,37
01-07-2020,1,3,15,22,27,32
05-07-2020,1,3,5,6,35,42
08-07-2020,4,16,26,31,34,40
12-07-2020,8,17,18,33,42,45
15-07-2020,11,15,18,21,32,44
19-07-2020,4,11,16,32,41,45
22-07-2020,3,6,9,22,24,38
26-07-2020,1,3,7,26,27,35
29-07-2020,23,24,31,35,36,42
02-08-2020,16,17,18,23,26,44
05-08-2020,3,30,32,34,37,39
09-08-2020,3,4,17,23,25,32
12-08-2020,1,16,18,23,27,45
16-08-2020,5,26,31,32,37,41
19-08-2020,5,9,15,33,34,42
23-08-2020,3,12,19,26,32,40
26-08-2020,3,4,8,14,31,38
30-08-2020,17,22,27,35,36,39
02-09-2020,11,21,34,37,40,43
06-09-2020,4,11,15,34,36,39
09-09-2020,7,11,18,22,26,34
13-09-2020,20,22,30,34,40,43
16-09-2020,3,8,18,23,32,41
20-09-2020,5,6,14,19,26,30
23-09-2020,4,8,11,21,39,45
27-09-2020,3,6,8,11,32,39
30-09-2020,2,7,11,22,28,39
04-10-2020,10,14,16,27,30,40
07-10-2020,3,7,9,13,17,26
11-10-2020,5,16,18,24,34,42
14-10-2020,4,7,9,10,19,42
18-10-2020,10,15,22,35,43,45
21-10-2020,3,11,19,25,28,38
25-10-2020,1,3,5,10,39,40
28-10-2020,4,8,10,15,18,35
01-11-2020,1,4,5,8,28,29
04-11-2020,6,17,26,28,36,45
08-11-2020,18,28,31,35,44,45
11-11-2020,7,16,20,31,38,41
13-11-2020,1,4,5,24,42,45
15-11-2020,12,16,29,34,35,45
18-11-2020,7,16,25,30,33,39
22-11-2020,18,22,36,40,42,45
25-11-2020,10,13,15,26,33,39
29-11-2020,5,15,26,32,33,35
02-12-2020,11,14,24,27,28,34
06-12-2020,4,10,12,20,40,41
09-12-2020,1,4,6,9,23,42
13-12-2020,17,19,22,24,29,43
16-12-2020,5,11,12,19,21,41
20-12-2020,10,12,16,27,39,42
23-12-2020,7,12,23,24,31,38
27-12-2020,16,18,19,24,28,32
30-12-2020,3,6,14,35,40,42
03-01-2021,4,5,12,16,26,40
06-01-2021,10,13,18,30,39,45
08-01-2021,4,20,22,24,27,29
10-01-2021,4,5,8,18,29,34
13-01-2021,6,8,23,28,32,44
17-01-2021,4,5,14,17,32,33
20-01-2021,5,14,20,24,27,42
24-01-2021,5,10,17,27,31,42
27-01-2021,4,5,17,21,27,42
31-01-2021,3,5,25,27,28,40
03-02-2021,12,22,23,26,32,34
07-02-2021,18,20,32,34,40,45
10-02-2021,20,26,27,28,29,41
12-02-2021,3,9,23,28,39,42
14-02-2021,7,25,31,32,37,41
17-02-2021,7,8,13,14,19,43
21-02-2021,10,21,26,35,40,45
24-02-2021,7,11,19,27,41,45
28-02-2021,10,13,20,27,33,35
03-03-2021,1,6,7,13,17,37
07-03-2021,11,14,15,18,25,32
10-03-2021,5,13,25,26,37,40
12-03-2021,4,17,27,32,39,45
14-03-2021,15,16,18,23,25,35
17-03-2021,6,10,18,21,32,33
21-03-2021,8,26,35,39,40,45
24-03-2021,4,6,8,13,19,27
28-03-2021,3,11,24,27,29,45
31-03-2021,1,2,13,18,22,42
04-04-2021,11,18,30,31,44,45
07-04-2021,12,17,26,27,43,44
09-04-2021,9,16,20,21,33,37
11-04-2021,1,4,7,17,36,38
14-04-2021,3,4,6,12,40,43
18-04-2021,3,15,21,22,29,32
21-04-2021,11,13,15,16,38,39
25-04-2021,9,11,13,14,37,38
28-04-2021,9,11,12,14,24,26
02-05-2021,4,6,7,17,18,38
05-05-2021,20,29,30,40,44,45
09-05-2021,3,7,16,25,39,45
12-05-2021,3,4,8,18,27,34
14-05-2021,4,8,17,18,38,44
16-05-2021,5,6,8,16,22,42
19-05-2021,3,4,17,22,27,41
23-05-2021,1,17,20,32,35,36
26-05-2021,6,8,11,17,21,33
30-05-2021,4,10,17,28,42,44
02-06-2021,10,12,23,26,32,40
06-06-2021,24,27,29,32,35,45
09-06-2021,3,9,24,38,39,42
13-06-2021,1,4,5,13,16,20
16-06-2021,7,10,21,22,40,43
20-06-2021,4,7,8,19,23,42
23-06-2021,4,5,10,36,42,45
27-06-2021,16,20,24,27,30,39
30-06-2021,4,5,11,22,41,44
04-07-2021,7,13,23,33,35,40
07-07-2021,2,5,7,12,25,32
09-07-2021,4,5,15,28,42,43
11-07-2021,1,8,13,23,30,40
14-07-2021,10,13,23,34,37,40
18-07-2021,6,11,16,29,44,45
21-07-2021,7,12,28,31,35,40
25-07-2021,9,12,17,30,31,43
28-07-2021,5,8,9,19,25,37
01-08-2021,8,13,19,20,26,45
04-08-2021,11,14,18,42,44,45
08-08-2021,3,17,27,30,40,41
11-08-2021,1,3,8,28,37,38
13-08-2021,3,6,19,41,43,45
15-08-2021,5,20,21,28,33,35
18-08-2021,22,27,30,39,41,42
22-08-2021,8,10,15,18,19,33
25-08-2021,3,15,24,29,40,45
29-08-2021,8,14,18,29,40,42
01-09-2021,13,24,29,33,38,45
05-09-2021,6,15,22,38,43,45
08-09-2021,2,11,23,25,27,42
10-09-2021,1,10,11,30,34,41
12-09-2021,7,14,18,20,41,43
15-09-2021,4,5,19,27,36,41
19-09-2021,3,6,8,24,26,27
22-09-2021,3,21,24,29,34,42
26-09-2021,3,11,22,23,24,28
29-09-2021,6,16,29,31,33,39
03-10-2021,5,29,38,41,43,45
06-10-2021,6,8,21,22,25,45
08-10-2021,1,5,13,24,32,38
10-10-2021,5,7,12,13,14,42
13-10-2021,7,9,18,21,34,40
17-10-2021,5,8,10,20,24,28
20-10-2021,2,12,14,29,42,45
24-10-2021,2,5,9,24,26,35
27-10-2021,1,25,33,34,38,43
31-10-2021,2,3,10,15,40,43
03-11-2021,4,9,19,21,43,45
07-11-2021,2,7,13,26,29,42
10-11-2021,2,15,17,18,19,23
12-11-2021,7,17,20,28,35,41
14-11-2021,5,8,9,13,38,42
17-11-2021,9,20,25,26,32,42
21-11-2021,1,6,17,19,21,32
24-11-2021,17,24,26,29,30,35
28-11-2021,6,12,19,23,25,26
01-12-2021,6,24,27,41,42,45
05-12-2021,9,10,16,21,28,31
08-12-2021,7,12,20,24,36,38
12-12-2021,1,14,17,18,26,37
15-12-2021,10,14,22,30,31,36
19-12-2021,5,9,11,16,23,35
22-12-2021,4,10,16,18,25,32
26-12-2021,15,18,19,26,35,36
29-12-2021,12,20,30,35,42,43
02-01-2022,11,19,20,30,34,38
05-01-2022,4,14,29,35,39,40
09-01-2022,2,3,5,11,19,44
12-01-2022,4,9,29,30,32,38
14-01-2022,6,14,20,29,34,41
16-01-2022,6,7,9,37,41,43
19-01-2022,9,10,11,21,32,43
23-01-2022,5,27,29,31,35,44
26-01-2022,2,19,23,36,38,39
30-01-2022,11,14,34,37,39,40
02-02-2022,4,8,10,15,18,27
06-02-2022,7,16,17,32,36,39
09-02-2022,1,4,21,29,31,34
11-02-2022,2,7,22,37,40,44
13-02-2022,13,17,23,26,35,37
16-02-2022,12,17,23,24,28,45
20-02-2022,2,10,17,24,35,37
23-02-2022,1,3,21,23,35,43
27-02-2022,1,10,23,25,35,39
02-03-2022,4,12,20,25,29,36
06-03-2022,11,22,24,29,39,40
09-03-2022,2,22,32,33,34,41
11-03-2022,7,16,19,29,32,37
13-03-2022,7,8,14,32,39,41
16-03-2022,2,22,26,27,28,43
20-03-2022,10,14,15,17,19,36
23-03-2022,1,2,10,14,17,24
27-03-2022,13,18,32,40,43,45
30-03-2022,5,12,23,24,25,40
03-04-2022,3,17,26,33,41,45
06-04-2022,10,39,41,42,43,44
08-04-2022,4,5,17,18,32,34
10-04-2022,3,14,19,24,26,44
13-04-2022,2,7,31,32,41,42
17-04-2022,10,25,30,38,39,41
20-04-2022,10,14,17,22,23,32
24-04-2022,5,13,18,28,39,45
27-04-2022,8,9,28,34,40,43
01-05-2022,16,21,23,25,31,44
04-05-2022,6,7,11,13,34,40
08-05-2022,21,23,27,28,36,44
11-05-2022,4,15,22,29,32,42
13-05-2022,3,6,11,25,33,45
15-05-2022,4,11,13,20,29,45
18-05-2022,1,2,18,27,36,37
22-05-2022,5,13,20,21,29,32
25-05-2022,3,4,25,27,30,42
29-05-2022,5,12,20,40,41,45
01-06-2022,13,18,19,26,41,44
05-06-2022,32,34,36,37,38,43
08-06-2022,10,14,26,27,35,41
12-06-2022,12,14,31,33,35,40
15-06-2022,3,12,26,32,36,42
19-06-2022,5,18,20,24,37,40
22-06-2022,10,18,28,29,37,42
26-06-2022,1,11,17,18,19,43
29-06-2022,10,13,37,38,42,44
03-07-2022,8,11,17,25,35,45
06-07-2022,11,12,15,18,33,43
08-07-2022,11,17,21,22,24,38
10-07-2022,9,12,24,25,28,45
13-07-2022,1,5,20,22,41,42
17-07-2022,4,11,27,29,32,35
20-07-2022,14,18,31,33,37,42
24-07-2022,13,20,25,32,33,39
27-07-2022,14,15,27,30,36,37
31-07-2022,8,31,32,34,37,45
03-08-2022,24,25,30,36,44,45
07-08-2022,1,16,30,31,37,42
10-08-2022,7,17,19,22,33,40
12-08-2022,5,24,28,37,38,43
14-08-2022,2,14,16,22,32,36
17-08-2022,1,3,7,30,34,36
21-08-2022,14,16,24,26,40,44
24-08-2022,2,7,10,20,36,38
28-08-2022,3,18,27,29,34,42
31-08-2022,1,6,12,14,16,36
04-09-2022,1,2,18,27,32,44
07-09-2022,3,14,17,24,35,44
11-09-2022,7,9,12,14,23,27
14-09-2022,5,16,18,22,36,37
16-09-2022,4,6,15,31,39,41
18-09-2022,4,18,19,21,29,37
21-09-2022,3,7,35,36,39,42
25-09-2022,9,10,12,33,42,43
28-09-2022,5,11,19,27,30,44
02-10-2022,6,11,13,21,34,39
05-10-2022,10,12,25,35,36,42
09-10-2022,10,13,17,22,32,39
12-10-2022,8,16,17,22,27,40
14-10-2022,3,10,24,29,39,41
16-10-2022,8,14,15,22,26,41
19-10-2022,2,13,15,21,37,43
23-10-2022,6,8,12,37,39,43
26-10-2022,9,22,25,34,37,45
30-10-2022,2,11,16,25,38,41
02-11-2022,2,14,15,22,28,42
06-11-2022,2,4,15,30,32,34
09-11-2022,2,13,23,27,28,45
11-11-2022,6,15,16,17,23,42
13-11-2022,3,11,17,29,37,41
16-11-2022,4,5,8,22,37,38
20-11-2022,1,11,16,20,35,45
23-11-2022,14,28,32,33,43,44
27-11-2022,7,13,18,37,39,45
30-11-2022,12,14,28,31,33,42
04-12-2022,10,17,25,27,35,43
07-12-2022,1,12,19,22,29,35
11-12-2022,8,13,27,36,37,40
14-12-2022,6,19,20,22,29,39
18-12-2022,5,11,27,28,39,44
21-12-2022,10,13,29,30,32,42
25-12-2022,7,12,31,37,40,41
28-12-2022,1,5,12,30,34,36
01-01-2023,1,3,24,33,39,40
04-01-2023,3,5,10,17,35,41
08-01-2023,4,6,19,25,39,42
11-01-2023,3,13,25,26,27,40
13-01-2023,9,11,17,28,34,45
15-01-2023,28,31,32,37,42,45
18-01-2023,1,11,12,15,27,38
22-01-2023,4,12,24,32,36,38
25-01-2023,6,38,39,41,42,43
29-01-2023,14,25,34,36,38,42
01-02-2023,8,10,17,22,35,37
05-02-2023,9,12,24,26,31,33
08-02-2023,2,6,16,21,24,37
10-02-2023,4,5,35,41,43,45
12-02-2023,23,24,31,38,41,45
15-02-2023,5,9,18,22,28,33
19-02-2023,14,17,27,32,37,43
22-02-2023,2,10,14,32,35,43
26-02-2023,2,5,16,19,26,29
01-03-2023,2,3,7,26,27,31
05-03-2023,11,14,17,23,32,44
08-03-2023,3,10,20,37,43,44
10-03-2023,5,11,19,27,32,42
12-03-2023,5,11,20,22,29,34
15-03-2023,10,13,20,23,39,44
19-03-2023,3,11,17,33,34,43
22-03-2023,5,7,29,36,37,43
26-03-2023,14,19,21,29,34,35
29-03-2023,9,10,14,24,31,33
02-04-2023,17,20,24,25,29,30
05-04-2023,5,6,16,18,23,45
09-04-2023,10,15,20,27,42,44
12-04-2023,1,5,11,18,21,25
14-04-2023,7,9,18,20,28,34
16-04-2023,7,13,17,37,38,39
19-04-2023,1,2,9,10,18,29
23-04-2023,2,3,7,9,40,44
26-04-2023,4,14,15,27,33,35
30-04-2023,7,8,10,18,36,38
03-05-2023,1,14,18,24,38,44
07-05-2023,13,14,16,32,35,36
10-05-2023,2,18,29,34,37,45
12-05-2023,21,23,25,26,30,42
14-05-2023,4,29,30,31,40,42
17-05-2023,3,8,9,38,41,44
21-05-2023,1,4,6,21,35,38
24-05-2023,10,13,18,23,30,34
28-05-2023,3,9,19,31,35,38
31-05-2023,4,17,19,26,39,43
04-06-2023,7,17,18,25,26,28
07-06-2023,1,5,21,34,41,43
11-06-2023,1,6,16,30,33,42
14-06-2023,3,19,20,25,27,30
18-06-2023,6,13,24,37,43,44
21-06-2023,16,18,20,24,25,39
25-06-2023,2,4,8,31,33,45
28-06-2023,13,19,26,30,32,44
02-07-2023,14,20,23,25,32,41
05-07-2023,5,6,27,30,33,36
09-07-2023,1,3,7,16,29,35
12-07-2023,1,3,7,15,16,39
14-07-2023,3,7,26,36,41,45
16-07-2023,6,21,24,25,28,39
19-07-2023,3,7,13,17,28,39
23-07-2023,3,9,12,15,20,25
26-07-2023,1,4,16,21,26,29
30-07-2023,3,6,24,35,38,43
02-08-2023,10,13,17,25,29,44
06-08-2023,7,9,11,27,40,41
09-08-2023,1,20,23,25,29,32
11-08-2023,11,14,18,23,25,39
13-08-2023,11,22,23,26,38,41
16-08-2023,1,3,29,33,36,37
20-08-2023,1,24,27,41,43,44
23-08-2023,15,17,24,25,30,37
27-08-2023,8,16,19,22,25,29
30-08-2023,1,18,25,26,36,39
03-09-2023,3,8,11,26,39,40
06-09-2023,1,6,11,16,28,36
08-09-2023,8,9,21,23,30,40
10-09-2023,7,9,13,24,26,27
13-09-2023,1,6,7,8,34,35
17-09-2023,1,13,18,28,34,35
20-09-2023,6,15,36,40,43,44
24-09-2023,7,11,25,35,36,38
27-09-2023,9,16,20,21,25,37
01-10-2023,12,23,26,37,41,45
04-10-2023,10,23,24,28,34,35
08-10-2023,6,24,32,33,39,45
11-10-2023,11,18,24,25,26,41
13-10-2023,2,7,16,18,34,45
15-10-2023,2,16,33,38,39,44
18-10-2023,8,9,21,28,31,37
22-10-2023,3,12,13,25,32,35
25-10-2023,13,15,25,29,36,43
29-10-2023,1,16,30,31,38,39
01-11-2023,1,15,16,19,31,35
05-11-2023,9,14,16,18,29,43
08-11-2023,3,16,22,28,36,39
10-11-2023,2,13,17,20,33,40
12-11-2023,2,12,16,18,28,33
15-11-2023,3,7,11,22,27,39
19-11-2023,2,20,25,26,35,45
22-11-2023,12,15,16,22,37,38
26-11-2023,10,12,16,21,39,41
29-11-2023,1,24,29,30,33,37
03-12-2023,3,4,5,8,21,23
06-12-2023,1,2,15,22,30,43
10-12-2023,4,5,23,34,38,40
13-12-2023,1,3,10,11,30,44
17-12-2023,3,9,31,32,36,38
20-12-2023,2,14,27,34,35,38
24-12-2023,5,7,17,25,26,42
27-12-2023,17,27,30,32,37,44
31-12-2023,4,11,12,22,40,41
03-01-2024,3,15,16,19,21,27
07-01-2024,1,9,14,15,20,35
10-01-2024,21,33,36,37,41,43
12-01-2024,4,7,8,18,31,42
14-01-2024,6,14,15,16,25,39
17-01-2024,7,21,26,31,42,43
21-01-2024,3,16,27,31,40,42
24-01-2024,4,8,14,16,35,42
28-01-2024,9,17,26,28,31,41
31-01-2024,17,21,22,28,35,36
04-02-2024,3,5,9,17,25,38
07-02-2024,3,4,20,37,40,42
09-02-2024,2,3,8,20,21,31
11-02-2024,2,14,16,21,37,41
14-02-2024,2,21,22,27,34,37
18-02-2024,13,18,23,29,30,42
21-02-2024,7,8,21,23,26,40
25-02-2024,3,8,10,14,29,35
28-02-2024,10,22,24,28,34,43
03-03-2024,3,11,14,25,33,39
06-03-2024,3,13,19,21,23,44
08-03-2024,6,14,18,22,28,37
10-03-2024,7,13,17,20,35,39
13-03-2024,2,5,7,14,38,41
17-03-2024,5,13,32,35,36,40
20-03-2024,1,3,6,7,20,45
24-03-2024,1,2,7,11,23,41
27-03-2024,4,11,25,26,32,41
31-03-2024,5,15,19,21,23,44
03-04-2024,3,4,11,12,27,37
07-04-2024,19,28,37,41,42,43
10-04-2024,5,12,13,14,39,43
12-04-2024,4,8,16,18,27,35
14-04-2024,9,15,19,26,31,45
17-04-2024,14,17,18,28,37,44
21-04-2024,7,9,11,14,15,42
24-04-2024,3,23,24,34,35,45
28-04-2024,4,9,30,38,41,44
01-05-2024,3,10,21,24,36,38
05-05-2024,15,17,28,34,36,37
08-05-2024,2,4,9,16,19,44
12-05-2024,1,5,14,25,29,35
15-05-2024,19,22,23,24,30,33
17-05-2024,22,23,28,35,41,43
19-05-2024,7,13,19,25,33,39
22-05-2024,14,19,28,32,40,42
26-05-2024,1,6,13,21,40,45
29-05-2024,1,22,23,24,38,45
02-06-2024,6,18,32,36,38,45
05-06-2024,7,15,21,28,31,39
09-06-2024,6,7,9,15,28,35
12-06-2024,5,15,27,29,41,44
16-06-2024,3,5,23,29,33,45
19-06-2024,2,5,6,22,23,30
23-06-2024,7,8,10,14,18,23
26-06-2024,14,23,26,30,31,39
30-06-2024,2,13,20,23,28,38
03-07-2024,6,8,13,19,25,26
07-07-2024,9,10,18,22,35,40
10-07-2024,6,8,12,18,19,38
12-07-2024,4,13,16,21,33,35
14-07-2024,7,13,17,20,30,43
17-07-2024,2,17,23,35,41,42
21-07-2024,3,15,25,26,30,33
24-07-2024,12,30,32,34,37,43
28-07-2024,7,9,12,17,19,39
31-07-2024,3,5,17,25,30,36
04-08-2024,11,13,27,32,38,40
07-08-2024,3,8,27,28,36,42
09-08-2024,3,9,14,29,33,38
11-08-2024,13,14,31,34,36,40
14-08-2024,1,5,13,17,26,38
18-08-2024,1,10,12,37,44,45
21-08-2024,4,17,18,24,26,39
25-08-2024,2,4,27,29,34,35
28-08-2024,5,9,16,20,39,45
01-09-2024,4,5,10,18,29,38
04-09-2024,1,14,15,23,31,42
08-09-2024,2,9,11,12,19,29
11-09-2024,2,8,11,12,23,40
13-09-2024,2,3,11,20,30,42
15-09-2024,1,2,3,4,20,26
18-09-2024,1,16,17,18,31,44
22-09-2024,15,19,32,37,39,40
25-09-2024,2,7,18,20,24,37
29-09-2024,4,7,16,25,27,41
02-10-2024,12,23,26,27,35,43
06-10-2024,3,8,21,22,32,43
09-10-2024,2,10,12,15,40,42
11-10-2024,16,22,28,29,36,45
13-10-2024,1,3,18,23,28,35
16-10-2024,3,12,30,41,42,45
20-10-2024,4,6,15,35,41,43
23-10-2024,12,17,22,27,36,40
27-10-2024,10,22,25,27,32,40
30-10-2024,7,8,29,36,39,40
03-11-2024,12,16,18,19,27,44
06-11-2024,9,12,23,26,30,44
08-11-2024,3,6,18,25,40,43
10-11-2024,8,11,14,28,32,36
13-11-2024,10,17,20,21,24,36
17-11-2024,7,8,11,16,26,40
20-11-2024,7,8,9,41,42,45
24-11-2024,8,11,30,31,33,37
27-11-2024,1,2,8,16,41,42
01-12-2024,3,4,7,8,35,41
04-12-2024,14,17,27,28,36,44
08-12-2024,9,19,31,33,34,36
11-12-2024,13,17,26,34,39,42
15-12-2024,4,5,41,42,44,45
18-12-2024,1,7,25,27,32,34
22-12-2024,3,25,30,34,41,44
25-12-2024,9,15,20,24,26,34
29-12-2024,14,17,20,35,39,45
01-01-2025,5,15,16,32,34,35
05-01-2025,5,11,19,21,34,44
08-01-2025,3,9,18,22,31,36
10-01-2025,3,14,22,23,38,44
12-01-2025,2,4,5,22,24,27
15-01-2025,9,17,23,33,36,38
19-01-2025,10,16,19,22,30,40
22-01-2025,3,5,29,33,40,45
26-01-2025,5,11,13,17,27,44
29-01-2025,10,11,13,23,29,41
02-02-2025,2,4,19,20,35,45
05-02-2025,1,9,13,15,26,27
09-02-2025,4,18,23,27,37,38
12-02-2025,2,12,24,35,36,45
14-02-2025,19,22,25,38,41,44
16-02-2025,21,30,31,35,42,43
19-02-2025,3,20,25,27,29,32
23-02-2025,3,19,24,35,42,43
26-02-2025,10,15,18,20,25,41
02-03-2025,10,13,14,16,21,34
05-03-2025,1,6,24,28,34,44
09-03-2025,20,24,32,37,39,44
12-03-2025,3,12,13,29,38,44
14-03-2025,5,7,10,16,32,41
16-03-2025,6,10,12,23,28,36
19-03-2025,14,15,20,27,34,40
23-03-2025,1,17,32,39,43,45
26-03-2025,1,14,15,18,23,38
30-03-2025,5,8,20,24,27,40
02-04-2025,1,2,15,17,23,27
06-04-2025,16,20,22,27,32,38
09-04-2025,5,21,24,27,38,44
11-04-2025,6,7,16,40,42,43
13-04-2025,9,25,37,40,43,45
16-04-2025,4,5,25,32,36,38
20-04-2025,3,16,34,35,38,43
23-04-2025,6,12,23,25,26,29
27-04-2025,13,16,24,25,29,30
30-04-2025,2,12,14,20,21,45
04-05-2025,8,11,20,34,37,38
07-05-2025,24,25,30,34,39,44
09-05-2025,10,13,18,27,34,40
11-05-2025,11,12,28,31,41,45
14-05-2025,18,19,27,33,36,40
18-05-2025,7,9,27,30,43,45
21-05-2025,11,15,21,27,31,43
25-05-2025,3,24,25,31,40,43
28-05-2025,3,5,10,21,30,32
01-06-2025,5,7,15,20,34,43
04-06-2025,2,4,5,17,19,29
08-06-2025,8,10,16,17,31,44
11-06-2025,3,7,8,14,34,40
13-06-2025,6,7,12,24,32,41
15-06-2025,9,13,15,18,24,44
18-06-2025,21,31,34,40,42,43
22-06-2025,17,18,21,28,35,41
25-06-2025,2,4,15,22,29,42
29-06-2025,10,12,14,28,31,41
02-07-2025,4,7,15,19,20,43
06-07-2025,7,8,18,23,33,39
09-07-2025,2,4,7,11,15,30
11-07-2025,6,8,20,22,29,44
13-07-2025,8,9,10,16,22,41
16-07-2025,1,4,6,13,31,40
20-07-2025,1,7,27,31,38,41
23-07-2025,5,13,16,30,34,44
25-07-2025,6,9,22,28,34,36
27-07-2025,8,16,17,34,35,43
30-07-2025,5,17,20,28,31,33
03-08-2025,2,14,18,27,29,30
06-08-2025,4,25,27,28,31,43
08-08-2025,15,21,23,28,32,43
10-08-2025,1,3,13,15,17,40
13-08-2025,4,10,16,19,27,41
17-08-2025,4,16,17,18,21,44
20-08-2025,2,28,33,34,35,36
22-08-2025,1,6,10,14,16,25
24-08-2025,5,10,17,25,40,42
27-08-2025,10,28,29,32,33,34
31-08-2025,3,4,18,21,32,40
03-09-2025,3,4,9,17,27,38
05-09-2025,10,14,18,22,23,26
07-09-2025,9,10,17,18,26,40
10-09-2025,2,10,15,23,25,42
14-09-2025,2,5,13,22,25,32
17-09-2025,1,19,27,30,39,41
19-09-2025,1,4,11,13,38,41
21-09-2025,15,21,22,29,33,38
24-09-2025,10,23,27,32,42,44
28-09-2025,19,30,33,34,44,45
01-10-2025,6,7,19,29,31,33
03-10-2025,2,4,25,27,32,43
05-10-2025,3,19,21,27,30,42
08-10-2025,1,11,23,26,35,38
12-10-2025,9,23,32,42,43,44
15-10-2025,2,14,34,38,40,41
17-10-2025,7,16,22,27,32,33
19-10-2025,12,14,24,27,41,45
22-10-2025,15,16,18,21,32,43
26-10-2025,4,20,23,30,32,41
29-10-2025,3,4,12,15,19,25
31-10-2025,4,7,9,16,17,24
02-11-2025,3,7,10,21,27,44
05-11-2025,12,17,20,33,41,43
09-11-2025,3,11,22,26,33,42
12-11-2025,11,19,26,28,31,44
14-11-2025,4,5,8,23,27,44
16-11-2025,2,20,27,33,42,45
19-11-2025,4,14,34,39,41,44
23-11-2025,19,21,31,36,37,42
26-11-2025,7,10,16,17,35,43
28-11-2025,12,20,30,39,40,44
30-11-2025,5,19,20,23,29,36
03-12-2025,10,14,18,22,31,40
07-12-2025,8,9,11,12,23,37
10-12-2025,2,8,36,40,41,45
12-12-2025,3,21,25,27,38,41
14-12-2025,4,15,24,30,37,40
17-12-2025,9,11,13,15,19,30
21-12-2025,14,23,28,30,33,42
24-12-2025,3,4,12,24,32,33
26-12-2025,2,3,5,12,17,43
28-12-2025,2,17,22,23,27,30
31-12-2025,1,6,20,31,34,45
04-01-2026,1,4,15,16,22,38
07-01-2026,4,5,16,21,35,45
09-01-2026,2,10,11,31,34,43
11-01-2026,5,8,14,16,27,43
14-01-2026,6,7,18,24,37,42
18-01-2026,1,9,19,27,28,40
21-01-2026,2,10,13,24,36,39
23-01-2026,10,25,31,39,40,44
25-01-2026,1,5,11,18,23,45
28-01-2026,8,10,20,30,34,43
01-02-2026,4,5,6,11,32,35
04-02-2026,2,18,25,26,30,43
06-02-2026,9,21,25,35,36,44
08-02-2026,12,16,19,31,34,45
11-02-2026,5,20,21,22,35,43
15-02-2026,4,5,22,24,27,30
18-02-2026,8,24,29,31,33,45
20-02-2026,6,9,16,18,25,27
22-02-2026,9,10,11,37,39,44
25-02-2026,14,17,21,31,38,43
01-03-2026,3,11,17,21,24,33
04-03-2026,7,35,39,43,44,45
06-03-2026,5,11,31,37,40,42
08-03-2026,17,20,21,22,29,35
11-03-2026,4,14,18,25,27,35
15-03-2026,6,10,17,24,25,35
18-03-2026,16,24,29,30,39,43
20-03-2026,9,11,32,38,43,45
22-03-2026,5,9,13,23,34,42
25-03-2026,8,9,12,24,28,40
29-03-2026,13,25,36,38,40,42
01-04-2026,5,14,16,19,34,37
03-04-2026,6,14,16,26,27,33
05-04-2026,2,4,18,21,22,31
08-04-2026,6,17,25,33,35,43
12-04-2026,2,3,9,32,39,42
15-04-2026,5,6,7,12,26,28
17-04-2026,1,10,19,22,39,41
19-04-2026,2,13,26,30,39,40
22-04-2026,8,16,24,34,39,43
26-04-2026,2,6,9,10,15,29
29-04-2026,4,6,9,12,18,31
01-05-2026,2,21,27,39,40,44
03-05-2026,2,10,12,25,31,35
06-05-2026,1,7,12,13,14,42
10-05-2026,1,4,15,19,28,34
13-05-2026,5,15,20,21,29,40
15-05-2026,1,14,20,36,38,43
17-05-2026,1,5,6,33,35,36
20-05-2026,3,7,11,22,27,31
24-05-2026,12,13,17,18,27,39
27-05-2026,3,26,35,36,43,44
29-05-2026,6,18,20,27,31,35
31-05-2026,5,8,27,31,32,34
03-06-2026,14,23,32,35,41,45
07-06-2026,2,7,16,17,35,36
10-06-2026,4,7,9,13,30,43
12-06-2026,6,10,19,30,36,38
14-06-2026,2,14,16,19,20,32
17-06-2026,5,17,20,39,40,42
21-06-2026,1,10,17,28,39,40
24-06-2026,2,9,24,34,36,37
26-06-2026,1,4,28,32,33,36
28-06-2026,3,23,24,29,32,33
01-07-2026,1,18,20,31,35,43
05-07-2026,13,17,21,32,33,39
08-07-2026,2,14,15,17,33,36
10-07-2026,3,10,14,19,31,45
12-07-2026,7,23,24,32,33,43
15-07-2026,4,14,27,32,38,45
19-07-2026,1,10,15,21,29,42
22-07-2026,4,9,17,22,25,32
24-07-2026,2,11,14,19,20,43
26-07-2026,10,11,26,28,31,36
29-07-2026,5,6,20,21,38,41
02-08-2026,5,16,18,26,36,39
05-08-2026,8,23,31,32,34,35
07-08-2026,2,6,10,17,32,37
09-08-2026,12,16,31,34,37,39
12-08-2026,4,19,25,26,27,36
16-08-2026,5,14,22,25,29,31
19-08-2026,3,5,6,22,38,40
21-08-2026,1,3,24,32,36,42
23-08-2026,3,25,35,36,38,42
26-08-2026,7,8,19,20,28,38
30-08-2026,3,6,17,28,32,40
02-09-2026,2,17,19,26,39,45
04-09-2026,7,16,26,31,35,38
06-09-2026,8,14,26,30,33,36
09-09-2026,8,11,14,16,21,45
13-09-2026,2,7,11,16,34,42
16-09-2026,1,6,7,13,33,38
18-09-2026,5,6,12,35,38,39
20-09-2026,3,4,15,31,32,41
23-09-2026,2,14,15,17,28,37
