date,n1,n2,n3,n4,n5,n6
09-01-1994,20,11,12,40,6,32
09-01-1994,35,6,7,47,9,26
16-01-1994,20,43,18,21,6,29
16-01-1994,5,33,38,46,12,30
23-01-1994,42,48,21,7,33,24
23-01-1994,25,9,43,33,22,2
30-01-1994,35,24,5,27,4,6
30-01-1994,28,48,43,14,24,47
06-02-1994,42,15,9,6,35,29
06-02-1994,14,15,10,31,6,9
13-02-1994,5,31,46,22,24,14
13-02-1994,19,21,12,2,8,34
20-02-1994,5,23,47,25,48,21
20-02-1994,18,5,27,12,37,47
27-02-1994,16,35,26,18,36,3
27-02-1994,18,3,2,44,34,9
06-03-1994,32,23,31,18,27,35
06-03-1994,3,15,9,5,23,10
13-03-1994,44,37,3,33,24,5
13-03-1994,33,42,18,34,29,15
20-03-1994,38,9,15,26,5,43
20-03-1994,7,13,18,6,31,3
27-03-1994,44,36,45,4,15,49
27-03-1994,31,41,39,38,42,11
03-04-1994,48,5,27,29,11,40
03-04-1994,3,9,29,19,1,32
10-04-1994,7,30,34,8,17,33
10-04-1994,7,14,20,37,1,17
17-04-1994,30,40,47,13,12,1
17-04-1994,30,3,47,7,43,28
24-04-1994,3,2,30,17,20,41
24-04-1994,12,48,1,18,8,43
01-05-1994,18,30,45,38,8,12
01-05-1994,37,26,10,4,33,46
08-05-1994,48,26,13,24,21,41
08-05-1994,22,9,8,24,42,23
15-05-1994,8,41,42,12,1,18
15-05-1994,30,6,21,9,29,45
22-05-1994,34,14,25,6,29,19
22-05-1994,33,7,17,38,34,42
29-05-1994,2,31,48,15,14,27
29-05-1994,4,37,25,26,3,49
05-06-1994,2,40,29,6,17,21
05-06-1994,10,47,36,5,18,14
12-06-1994,42,8,5,15,2,36
12-06-1994,3,42,40,31,43,18
19-06-1994,7,9,5,46,27,6
19-06-1994,37,32,31,33,9,23
26-06-1994,44,42,38,10,8,48
26-06-1994,15,23,6,28,1,44
03-07-1994,3,41,25,26,28,20
03-07-1994,43,14,1,31,4,29
10-07-1994,8,46,17,41,11,14
10-07-1994,10,12,37,20,9,41
17-07-1994,12,36,23,42,46,28
17-07-1994,29,15,28,35,42,19
24-07-1994,35,13,3,42,23,29
24-07-1994,49,32,12,42,35,17
31-07-1994,1,28,4,40,19,13
31-07-1994,17,34,29,26,46,12
07-08-1994,28,9,19,7,2,17
07-08-1994,26,12,28,8,25,16
14-08-1994,5,16,20,38,14,35
14-08-1994,5,16,26,32,29,24
21-08-1994,33,18,14,19,46,48
21-08-1994,17,11,42,29,23,28
28-08-1994,49,34,46,38,10,32
28-08-1994,2,37,26,24,20,13
04-09-1994,20,22,33,13,47,34
04-09-1994,36,3,37,44,40,31
11-09-1994,42,27,7,5,44,22
11-09-1994,34,43,29,24,8,26
18-09-1994,26,27,48,46,31,3
18-09-1994,31,24,25,38,33,42
25-09-1994,18,44,23,12,29,25
25-09-1994,42,37,36,22,23,10
02-10-1994,14,44,30,7,13,15
02-10-1994,36,7,23,38,13,21
09-10-1994,12,29,7,6,19,33
09-10-1994,35,38,29,20,17,15
16-10-1994,37,31,34,25,9,14
16-10-1994,14,27,46,26,35,1
23-10-1994,5,32,29,30,15,19
23-10-1994,24,2,34,42,18,43
30-10-1994,29,17,34,40,44,31
30-10-1994,4,45,21,46,15,13
06-11-1994,32,25,41,14,6,44
06-11-1994,2,44,26,1,34,19
13-11-1994,29,16,18,14,11,22
13-11-1994,32,43,34,21,6,8
20-11-1994,41,21,2,3,20,24
20-11-1994,31,1,4,24,2,11
27-11-1994,12,42,11,39,34,22
27-11-1994,10,33,46,4,11,24
04-12-1994,20,2,10,13,27,7
04-12-1994,31,19,9,2,23,21
11-12-1994,5,4,3,17,15,45
11-12-1994,43,23,33,46,1,28
18-12-1994,27,9,24,10,43,31
18-12-1994,40,3,30,28,23,13
23-12-1994,47,11,4,18,12,27
23-12-1994,14,40,48,21,5,36
01-01-1995,15,2,48,18,47,25
01-01-1995,40,38,17,46,39,6
08-01-1995,13,49,39,8,43,14
08-01-1995,16,19,13,18,25,26
15-01-1995,16,25,48,29,36,34
15-01-1995,40,22,29,30,42,6
22-01-1995,4,32,21,3,1,22
22-01-1995,26,37,42,34,1,44
29-01-1995,30,39,45,11,48,34
29-01-1995,38,20,16,13,4,17
05-02-1995,14,16,12,24,32,5
05-02-1995,4,42,21,29,48,24
12-02-1995,9,25,34,29,38,21
12-02-1995,35,34,49,45,14,2
19-02-1995,49,40,22,34,6,15
19-02-1995,27,18,46,20,49,11
26-02-1995,16,9,46,27,12,3
26-02-1995,34,4,23,11,20,42
05-03-1995,46,41,14,18,45,47
05-03-1995,12,6,18,21,47,22
12-03-1995,43,26,22,21,47,49
12-03-1995,36,32,41,9,39,11
19-03-1995,11,39,18,23,47,2
19-03-1995,5,31,34,45,38,6
26-03-1995,32,40,25,48,24,2
26-03-1995,42,38,46,16,17,18
02-04-1995,25,6,2,49,26,4
02-04-1995,5,20,1,13,7,29
05-04-1995,27,29,20,6,39,33
05-04-1995,24,45,19,44,46,4
09-04-1995,42,30,32,16,7,31
09-04-1995,14,37,3,49,46,48
12-04-1995,26,39,1,29,36,14
12-04-1995,4,7,5,3,25,21
16-04-1995,43,29,33,32,18,22
16-04-1995,15,40,25,20,41,10
19-04-1995,47,12,27,21,23,30
19-04-1995,13,2,39,41,43,40
23-04-1995,43,3,41,11,24,5
23-04-1995,8,13,5,11,10,22
26-04-1995,11,25,39,48,15,38
26-04-1995,1,14,39,26,37,35
30-04-1995,18,13,17,5,28,19
30-04-1995,13,5,40,18,36,20
03-05-1995,29,44,30,22,5,42
03-05-1995,7,31,12,21,3,30
07-05-1995,36,24,37,4,32,42
07-05-1995,8,39,3,46,45,19
10-05-1995,15,6,33,26,18,43
10-05-1995,23,41,19,2,6,46
14-05-1995,49,10,23,32,21,8
14-05-1995,42,29,14,30,25,3
17-05-1995,1,5,4,2,33,41
17-05-1995,26,9,38,27,24,11
21-05-1995,15,25,16,2,40,14
21-05-1995,47,35,34,45,48,18
24-05-1995,10,34,40,37,29,47
24-05-1995,29,19,7,6,35,48
28-05-1995,25,30,16,41,10,5
28-05-1995,47,8,33,42,40,7
31-05-1995,17,28,20,15,19,37
31-05-1995,7,15,41,21,34,32
04-06-1995,32,2,44,43,23,10
04-06-1995,19,25,34,2,37,7
07-06-1995,1,30,15,24,47,46
07-06-1995,45,27,9,2,29,12
11-06-1995,18,45,16,48,46,14
11-06-1995,39,13,47,11,24,9
14-06-1995,5,39,46,42,37,34
14-06-1995,6,48,1,16,44,29
18-06-1995,15,6,8,1,19,5
18-06-1995,34,31,18,4,22,36
21-06-1995,35,21,3,17,36,49
21-06-1995,47,46,8,20,33,43
25-06-1995,42,3,37,18,25,17
25-06-1995,9,31,21,10,23,35
28-06-1995,18,49,39,34,3,31
28-06-1995,28,11,13,37,27,21
02-07-1995,16,28,32,46,33,30
02-07-1995,36,23,18,22,6,48
05-07-1995,4,34,20,49,9,35
05-07-1995,14,12,23,16,46,4
09-07-1995,36,20,19,16,30,10
09-07-1995,39,29,41,14,21,2
12-07-1995,14,38,13,3,1,29
12-07-1995,11,21,27,49,42,6
16-07-1995,40,16,6,8,3,39
16-07-1995,44,17,26,22,24,28
19-07-1995,4,16,42,30,44,36
19-07-1995,19,26,25,34,3,44
23-07-1995,5,29,7,32,22,4
23-07-1995,34,46,39,30,47,38
26-07-1995,34,43,3,19,36,16
26-07-1995,23,20,16,29,18,9
30-07-1995,27,35,20,14,1,21
30-07-1995,46,40,29,4,19,43
02-08-1995,9,40,2,34,12,41
02-08-1995,17,12,29,1,32,31
06-08-1995,44,5,34,16,40,26
06-08-1995,29,15,38,42,46,21
09-08-1995,18,39,46,28,47,12
09-08-1995,40,43,37,44,7,34
13-08-1995,23,36,1,41,6,20
13-08-1995,5,26,44,8,43,6
16-08-1995,1,26,25,6,5,20
16-08-1995,46,33,39,28,13,29
20-08-1995,15,27,26,28,47,9
20-08-1995,49,8,28,6,2,40
23-08-1995,10,9,14,34,49,36
23-08-1995,7,48,16,11,6,44
27-08-1995,36,6,21,42,1,32
27-08-1995,47,45,15,33,31,41
30-08-1995,27,40,46,34,22,29
30-08-1995,37,21,38,33,6,22
03-09-1995,10,35,48,32,9,17
03-09-1995,6,45,39,41,25,23
06-09-1995,5,9,24,30,31,40
06-09-1995,12,2,43,4,41,26
10-09-1995,27,46,43,29,20,44
10-09-1995,30,10,16,18,24,27
13-09-1995,2,19,49,10,8,21
13-09-1995,18,44,6,10,22,48
17-09-1995,34,8,9,47,31,41
17-09-1995,45,29,12,24,47,40
20-09-1995,17,49,23,39,46,28
20-09-1995,11,10,21,41,30,36
24-09-1995,36,43,3,34,11,13
24-09-1995,13,17,27,43,11,1
27-09-1995,42,5,16,35,18,30
27-09-1995,47,2,42,36,22,40
01-10-1995,10,4,32,3,19,15
01-10-1995,20,41,45,24,6,37
04-10-1995,6,4,37,27,46,21
04-10-1995,6,39,25,24,36,34
08-10-1995,43,13,31,2,34,11
08-10-1995,22,8,5,40,25,20
11-10-1995,35,6,14,1,24,48
11-10-1995,24,48,26,33,35,41
15-10-1995,4,28,7,21,8,23
15-10-1995,28,43,41,32,21,5
18-10-1995,49,13,35,27,4,43
18-10-1995,3,35,45,11,39,17
22-10-1995,9,3,2,23,36,14
22-10-1995,37,3,28,2,18,48
25-10-1995,15,19,35,41,23,30
25-10-1995,33,34,44,48,23,30
29-10-1995,46,47,10,41,37,35
29-10-1995,28,47,5,33,35,36
01-11-1995,38,39,11,47,36,4
01-11-1995,13,22,23,39,47,15
05-11-1995,34,29,45,20,15,11
05-11-1995,7,2,37,40,14,12
08-11-1995,1,27,20,49,43,47
08-11-1995,13,24,5,32,15,4
12-11-1995,17,47,27,49,3,30
12-11-1995,36,22,44,34,11,19
15-11-1995,49,41,18,35,3,46
15-11-1995,12,27,19,39,25,21
19-11-1995,7,22,49,46,23,19
19-11-1995,18,5,9,42,11,1
22-11-1995,9,20,12,36,39,4
22-11-1995,8,7,48,3,37,20
26-11-1995,32,29,12,42,34,14
26-11-1995,14,24,17,46,44,48
29-11-1995,8,39,36,28,3,41
29-11-1995,3,28,45,30,29,47
03-12-1995,18,19,33,22,43,6
03-12-1995,29,40,22,5,12,38
06-12-1995,28,29,5,27,24,49
06-12-1995,22,30,36,16,17,20
10-12-1995,37,24,7,6,25,10
10-12-1995,12,28,2,32,21,43
13-12-1995,1,48,11,43,24,47
13-12-1995,41,7,39,43,36,49
17-12-1995,10,30,1,16,32,22
17-12-1995,9,28,41,12,6,24
20-12-1995,19,18,30,9,29,46
20-12-1995,14,30,48,29,37,26
24-12-1995,26,42,31,39,19,44
24-12-1995,22,19,20,46,45,32
27-12-1995,6,11,26,46,28,40
27-12-1995,15,24,39,19,33,44
31-12-1995,26,34,49,28,44,3
31-12-1995,10,49,32,21,17,15
03-01-1996,31,5,47,35,7,13
03-01-1996,11,38,33,37,8,40
07-01-1996,23,21,28,35,6,20
07-01-1996,10,26,43,16,34,5
10-01-1996,12,27,40,13,37,48
10-01-1996,37,4,21,40,43,49
14-01-1996,28,18,47,43,33,7
14-01-1996,31,26,47,8,43,17
17-01-1996,3,39,19,43,7,35
17-01-1996,28,45,5,15,12,47
21-01-1996,37,18,4,34,10,42
21-01-1996,20,14,21,37,4,9
24-01-1996,34,45,24,33,15,18
24-01-1996,2,27,14,46,19,11
28-01-1996,19,6,44,37,3,2
28-01-1996,37,26,11,38,16,47
31-01-1996,44,3,38,15,40,27
31-01-1996,12,29,5,2,10,42
04-02-1996,27,8,19,18,12,35
04-02-1996,39,34,8,21,37,10
07-02-1996,20,45,44,22,23,47
07-02-1996,26,16,34,2,37,35
11-02-1996,36,2,48,47,33,9
11-02-1996,6,31,15,1,39,38
14-02-1996,2,25,49,8,37,19
14-02-1996,8,3,7,12,10,35
18-02-1996,7,13,43,22,32,10
18-02-1996,39,38,9,45,41,27
21-02-1996,37,19,20,36,5,44
21-02-1996,38,46,47,39,2,49
25-02-1996,13,24,2,23,10,33
25-02-1996,36,7,40,33,32,20
28-02-1996,1,25,45,18,38,36
28-02-1996,36,18,46,45,34,29
03-03-1996,45,20,41,34,27,28
03-03-1996,41,46,26,29,39,30
06-03-1996,18,34,6,15,23,21
06-03-1996,20,44,46,29,28,13
10-03-1996,25,14,19,33,22,31
10-03-1996,32,42,29,20,34,33
13-03-1996,17,13,27,31,41,5
13-03-1996,11,10,40,8,2,26
17-03-1996,47,5,28,3,13,8
17-03-1996,29,40,5,42,47,34
20-03-1996,38,28,10,13,15,7
20-03-1996,2,27,48,7,29,11
24-03-1996,47,1,38,19,29,30
24-03-1996,43,7,24,41,13,15
27-03-1996,46,28,1,4,15,36
27-03-1996,41,43,10,33,19,31
31-03-1996,28,19,13,22,35,18
31-03-1996,2,47,34,11,44,48
03-04-1996,5,17,16,27,36,2
03-04-1996,18,31,27,26,5,25
07-04-1996,15,4,20,34,29,16
07-04-1996,49,32,46,38,36,1
10-04-1996,28,6,42,4,32,14
10-04-1996,35,49,31,12,11,40
14-04-1996,17,28,37,40,3,1
14-04-1996,44,41,47,10,49,25
17-04-1996,26,13,12,18,47,36
17-04-1996,19,9,3,21,10,25
21-04-1996,4,17,5,15,28,2
21-04-1996,30,28,10,5,7,36
24-04-1996,10,18,7,15,11,40
24-04-1996,25,29,19,44,23,9
28-04-1996,46,16,26,38,30,44
28-04-1996,20,9,22,3,32,19
01-05-1996,27,29,20,18,16,34
01-05-1996,43,15,14,38,33,35
05-05-1996,32,44,19,9,36,3
05-05-1996,5,11,23,33,10,43
08-05-1996,48,43,34,18,42,11
08-05-1996,12,37,41,49,8,40
12-05-1996,34,23,35,19,47,40
12-05-1996,4,1,30,28,45,35
15-05-1996,43,8,2,3,1,20
15-05-1996,9,5,10,8,18,3
19-05-1996,1,46,35,7,23,36
19-05-1996,40,22,15,20,39,13
22-05-1996,21,23,34,31,41,44
22-05-1996,36,30,35,5,31,3
26-05-1996,42,40,13,7,26,1
26-05-1996,39,46,49,42,8,13
29-05-1996,31,7,13,2,42,14
29-05-1996,22,36,10,40,13,11
02-06-1996,29,44,23,11,16,14
02-06-1996,9,38,6,10,40,28
05-06-1996,7,48,21,4,3,1
05-06-1996,47,26,3,6,2,39
09-06-1996,38,25,22,9,27,7
09-06-1996,32,41,36,15,33,19
12-06-1996,18,31,38,17,24,16
12-06-1996,46,39,49,13,29,17
16-06-1996,36,22,12,17,42,11
16-06-1996,29,1,47,38,43,13
19-06-1996,22,9,26,36,8,15
19-06-1996,5,2,8,21,27,39
23-06-1996,28,32,22,26,40,17
23-06-1996,17,21,28,30,42,46
26-06-1996,47,31,29,48,38,43
26-06-1996,47,19,13,42,6,3
30-06-1996,23,13,3,10,4,8
30-06-1996,38,37,29,49,22,8
03-07-1996,1,36,45,28,29,27
03-07-1996,33,22,1,44,31,46
07-07-1996,25,20,44,14,3,27
07-07-1996,25,31,49,21,34,16
10-07-1996,30,10,7,8,41,48
10-07-1996,23,48,34,12,25,16
14-07-1996,42,20,17,39,43,38
14-07-1996,48,20,36,38,39,12
17-07-1996,42,47,9,34,12,7
17-07-1996,34,33,35,46,41,9
21-07-1996,27,12,16,30,18,5
21-07-1996,40,4,19,46,13,5
24-07-1996,32,34,31,7,8,25
24-07-1996,26,5,33,45,42,34
28-07-1996,39,24,32,10,5,35
28-07-1996,9,33,26,14,45,6
31-07-1996,30,14,31,25,41,33
31-07-1996,39,38,15,31,6,3
04-08-1996,26,6,37,3,11,30
04-08-1996,11,15,45,33,4,24
07-08-1996,34,13,43,37,14,23
07-08-1996,15,27,40,19,30,21
11-08-1996,19,49,48,20,43,11
11-08-1996,37,44,12,26,19,23
14-08-1996,31,35,39,33,43,27
14-08-1996,48,23,35,40,18,34
18-08-1996,35,49,6,7,30,14
18-08-1996,23,13,39,35,11,32
21-08-1996,30,39,38,1,41,9
21-08-1996,38,14,8,1,47,36
25-08-1996,45,3,31,18,48,15
25-08-1996,30,12,11,16,42,25
28-08-1996,5,10,3,9,38,20
28-08-1996,10,28,46,13,41,23
01-09-1996,35,1,13,11,24,18
01-09-1996,49,42,47,31,6,27
04-09-1996,42,1,33,9,46,37
04-09-1996,41,31,27,39,5,49
08-09-1996,40,38,39,26,20,3
08-09-1996,31,20,21,24,38,13
11-09-1996,3,22,24,29,46,8
11-09-1996,40,9,5,7,4,2
15-09-1996,44,14,45,46,22,49
15-09-1996,28,49,22,43,24,1
18-09-1996,42,28,10,33,2,25
18-09-1996,38,12,47,48,18,10
22-09-1996,24,9,11,20,1,28
22-09-1996,30,46,15,22,13,5
25-09-1996,46,26,6,44,3,39
25-09-1996,45,18,17,49,11,10
29-09-1996,15,34,16,14,17,37
29-09-1996,47,49,11,39,29,17
02-10-1996,5,35,6,20,1,29
02-10-1996,28,31,18,19,32,11
06-10-1996,32,33,21,44,3,14
06-10-1996,36,16,38,19,12,22
09-10-1996,34,36,16,39,5,35
09-10-1996,4,14,5,43,27,1
13-10-1996,42,22,16,19,11,36
13-10-1996,45,31,9,16,41,38
16-10-1996,40,32,13,44,26,27
16-10-1996,46,38,19,48,33,43
20-10-1996,7,3,48,19,18,1
20-10-1996,34,2,40,43,31,41
23-10-1996,21,19,9,38,48,4
23-10-1996,5,33,49,8,23,47
27-10-1996,48,3,21,4,9,26
27-10-1996,4,10,30,35,45,17
30-10-1996,39,23,14,17,4,18
30-10-1996,24,20,28,10,42,49
03-11-1996,13,23,2,30,27,32
03-11-1996,44,12,3,27,15,2
06-11-1996,39,19,12,22,7,35
06-11-1996,37,19,9,41,46,31
10-11-1996,20,5,49,41,14,29
10-11-1996,15,28,29,33,31,42
13-11-1996,47,40,10,13,48,16
13-11-1996,44,30,38,13,32,5
17-11-1996,38,14,10,7,33,25
17-11-1996,23,9,11,43,5,26
20-11-1996,1,37,43,35,20,5
20-11-1996,4,29,15,3,44,22
24-11-1996,18,20,37,35,26,38
24-11-1996,16,22,39,1,49,9
27-11-1996,26,39,2,35,18,24
27-11-1996,34,5,23,3,43,49
01-12-1996,28,34,9,37,12,45
01-12-1996,44,36,18,30,22,6
04-12-1996,34,4,48,21,13,24
04-12-1996,3,6,34,23,42,39
08-12-1996,47,38,17,18,19,8
08-12-1996,41,9,30,11,22,15
11-12-1996,16,30,31,42,6,21
11-12-1996,9,41,17,27,2,1
15-12-1996,10,12,25,16,35,43
15-12-1996,2,10,30,4,25,6
18-12-1996,17,32,25,12,16,28
18-12-1996,10,39,44,15,4,45
22-12-1996,28,19,18,49,10,1
22-12-1996,4,41,20,2,21,31
25-12-1996,21,32,3,13,29,39
25-12-1996,21,40,19,26,4,43
29-12-1996,43,36,30,34,19,45
29-12-1996,18,20,16,27,35,47
01-01-1997,35,24,47,17,5,33
01-01-1997,29,16,44,15,7,8
05-01-1997,25,12,41,22,47,3
05-01-1997,21,36,20,48,46,15
08-01-1997,27,47,15,21,28,12
08-01-1997,34,24,28,19,17,30
12-01-1997,48,29,14,18,49,42
12-01-1997,34,48,19,42,36,13
15-01-1997,49,35,48,30,38,27
15-01-1997,37,20,14,32,3,21
19-01-1997,18,46,20,40,7,24
19-01-1997,35,11,33,38,26,28
22-01-1997,17,18,8,36,39,49
22-01-1997,8,45,10,34,24,33
26-01-1997,16,2,7,6,25,27
26-01-1997,17,43,48,9,10,24
29-01-1997,22,42,13,34,8,11
29-01-1997,28,15,4,22,23,13
02-02-1997,24,40,47,42,45,35
02-02-1997,22,37,47,23,1,13
05-02-1997,15,29,19,11,22,7
05-02-1997,24,8,15,2,10,13
09-02-1997,17,44,12,18,5,11
09-02-1997,17,33,21,4,7,27
12-02-1997,30,19,43,31,7,24
12-02-1997,7,14,6,43,49,47
16-02-1997,21,31,15,19,11,24
16-02-1997,33,15,10,12,26,46
19-02-1997,21,25,24,22,48,31
19-02-1997,16,43,18,48,25,49
23-02-1997,28,43,24,45,13,2
23-02-1997,38,4,6,39,3,17
26-02-1997,24,15,13,8,18,30
26-02-1997,41,29,19,38,40,34
02-03-1997,25,4,41,37,47,15
02-03-1997,29,13,27,48,23,33
05-03-1997,47,22,12,24,2,28
05-03-1997,49,7,41,39,44,23
09-03-1997,5,16,33,42,20,34
09-03-1997,5,21,17,29,35,4
12-03-1997,18,30,3,42,29,11
12-03-1997,37,41,10,15,30,23
16-03-1997,25,29,22,45,39,24
16-03-1997,2,24,35,42,21,36
19-03-1997,13,27,41,3,6,16
19-03-1997,7,6,24,30,42,47
23-03-1997,21,23,3,32,5,26
23-03-1997,1,40,11,3,25,2
26-03-1997,6,22,2,24,8,32
26-03-1997,7,47,36,39,26,23
30-03-1997,41,13,43,24,6,34
30-03-1997,34,5,36,23,16,18
02-04-1997,42,19,6,24,38,31
02-04-1997,8,18,36,17,44,10
06-04-1997,6,14,31,41,34,11
06-04-1997,17,48,22,10,4,14
09-04-1997,5,49,38,30,20,24
09-04-1997,20,43,24,41,15,8
13-04-1997,48,2,38,16,17,19
13-04-1997,27,31,45,14,11,1
16-04-1997,34,42,28,21,4,48
16-04-1997,13,35,31,17,3,5
20-04-1997,48,18,2,44,26,34
20-04-1997,39,13,7,28,3,30
23-04-1997,33,32,16,12,45,1
23-04-1997,18,11,21,15,25,41
27-04-1997,23,4,15,24,44,47
27-04-1997,42,40,25,20,22,17
30-04-1997,40,5,49,34,25,46
30-04-1997,1,44,48,12,7,25
04-05-1997,24,43,39,6,4,27
04-05-1997,25,40,9,29,7,49
07-05-1997,49,38,32,4,43,24
07-05-1997,37,34,39,22,6,20
11-05-1997,8,23,1,35,38,9
11-05-1997,28,22,45,15,47,37
14-05-1997,8,47,29,19,17,12
14-05-1997,10,47,23,48,39,24
18-05-1997,49,34,35,45,47,4
18-05-1997,37,49,39,41,48,12
21-05-1997,19,36,28,41,35,22
21-05-1997,8,46,6,27,4,32
25-05-1997,37,46,45,17,21,2
25-05-1997,40,8,28,24,35,4
28-05-1997,39,36,40,44,3,32
28-05-1997,32,4,43,42,11,46
01-06-1997,29,39,25,42,24,47
01-06-1997,43,19,39,34,8,11
04-06-1997,5,19,46,11,22,13
04-06-1997,31,46,20,2,33,35
08-06-1997,2,47,22,33,48,37
08-06-1997,37,1,10,5,12,22
11-06-1997,40,23,22,20,7,36
11-06-1997,19,45,12,7,14,34
15-06-1997,30,33,42,44,39,14
15-06-1997,8,17,28,12,47,4
18-06-1997,9,22,31,47,37,21
18-06-1997,1,31,2,8,16,13
22-06-1997,46,18,26,33,28,12
22-06-1997,14,21,24,13,25,31
25-06-1997,44,49,2,28,26,32
25-06-1997,42,27,49,12,6,46
29-06-1997,48,34,30,1,20,32
29-06-1997,31,47,40,26,49,4
02-07-1997,34,41,43,44,2,10
02-07-1997,18,44,48,45,35,21
06-07-1997,15,39,27,34,1,8
06-07-1997,4,27,9,29,14,17
09-07-1997,9,4,48,43,45,16
09-07-1997,14,33,18,5,45,43
13-07-1997,43,13,40,39,36,11
13-07-1997,14,26,17,28,46,2
16-07-1997,8,33,47,24,37,2
16-07-1997,22,20,30,5,9,24
20-07-1997,17,48,37,35,8,31
20-07-1997,37,33,38,4,10,26
23-07-1997,47,12,15,8,14,26
23-07-1997,42,7,13,14,41,47
27-07-1997,29,24,7,34,22,11
27-07-1997,2,36,48,45,39,27
30-07-1997,17,38,24,20,14,12
30-07-1997,31,22,14,6,49,5
03-08-1997,45,32,2,47,42,6
03-08-1997,37,3,9,35,38,20
06-08-1997,7,1,27,47,31,33
06-08-1997,19,14,40,41,47,11
10-08-1997,10,42,6,21,49,29
10-08-1997,15,14,27,22,19,25
13-08-1997,41,39,22,4,18,19
13-08-1997,41,49,39,36,43,24
17-08-1997,29,8,32,38,46,18
17-08-1997,32,41,19,24,31,16
20-08-1997,33,25,48,12,17,14
20-08-1997,21,15,38,42,33,25
24-08-1997,15,6,35,43,42,26
24-08-1997,2,27,17,3,19,45
27-08-1997,18,24,25,5,28,29
27-08-1997,11,33,46,38,27,25
31-08-1997,46,42,15,28,47,44
31-08-1997,7,5,14,39,15,40
03-09-1997,28,4,23,8,46,19
03-09-1997,20,42,38,5,23,11
07-09-1997,6,45,47,17,4,29
07-09-1997,28,10,41,6,15,17
10-09-1997,36,4,10,13,18,28
10-09-1997,37,25,43,14,16,2
14-09-1997,13,25,17,44,30,14
14-09-1997,11,41,45,31,38,16
17-09-1997,13,22,45,15,31,7
17-09-1997,45,44,39,22,25,1
21-09-1997,11,34,8,31,17,2
21-09-1997,12,11,6,43,46,32
24-09-1997,9,12,41,22,43,14
24-09-1997,24,1,10,34,40,18
28-09-1997,20,35,47,10,9,40
28-09-1997,8,46,35,41,5,2
01-10-1997,26,21,25,23,37,7
01-10-1997,37,9,35,10,44,6
05-10-1997,29,16,5,7,48,17
05-10-1997,19,35,11,8,18,25
08-10-1997,4,38,36,26,24,2
08-10-1997,12,21,22,35,23,27
12-10-1997,15,5,48,49,7,16
12-10-1997,37,36,45,26,34,41
15-10-1997,24,42,34,20,46,25
15-10-1997,30,44,41,11,42,38
19-10-1997,3,2,4,25,41,1
19-10-1997,47,36,25,6,40,35
22-10-1997,33,1,34,2,25,49
22-10-1997,34,25,8,33,37,24
26-10-1997,33,32,7,2,12,46
26-10-1997,41,19,10,8,42,7
29-10-1997,25,35,26,23,37,18
29-10-1997,14,48,18,3,41,45
02-11-1997,7,15,47,1,32,40
02-11-1997,22,44,9,7,46,3
05-11-1997,38,29,31,21,27,20
05-11-1997,19,38,9,26,15,17
09-11-1997,33,49,19,3,22,15
09-11-1997,23,7,1,48,38,42
12-11-1997,10,19,41,2,34,6
12-11-1997,21,26,3,15,12,2
16-11-1997,9,33,49,40,5,16
16-11-1997,14,43,34,44,2,45
19-11-1997,19,18,41,38,40,5
19-11-1997,45,31,24,14,6,46
23-11-1997,31,19,49,26,20,36
23-11-1997,14,5,28,32,22,29
26-11-1997,41,15,26,6,49,34
26-11-1997,33,44,10,21,7,40
30-11-1997,13,15,29,30,8,9
30-11-1997,39,40,49,41,32,38
03-12-1997,14,3,29,16,12,11
03-12-1997,5,32,21,36,43,19
07-12-1997,30,14,38,4,20,23
07-12-1997,44,2,4,6,12,47
10-12-1997,8,34,31,45,10,1
10-12-1997,20,18,8,40,2,7
14-12-1997,21,34,6,43,33,20
14-12-1997,42,26,14,29,25,13
17-12-1997,35,32,6,8,14,40
17-12-1997,24,13,8,29,47,43
21-12-1997,2,49,23,11,22,39
21-12-1997,29,2,41,30,20,11
24-12-1997,43,24,19,37,28,21
24-12-1997,13,10,5,17,1,31
28-12-1997,42,24,11,25,35,21
28-12-1997,40,45,46,42,39,29
31-12-1997,41,33,3,47,27,9
31-12-1997,36,16,26,2,22,25
04-01-1998,24,43,22,26,2,37
04-01-1998,3,45,10,18,41,39
07-01-1998,44,19,21,27,5,34
07-01-1998,33,9,2,37,22,21
11-01-1998,20,10,35,18,30,29
11-01-1998,47,40,44,20,29,43
14-01-1998,26,18,3,39,23,30
14-01-1998,13,6,22,49,26,7
18-01-1998,20,34,15,13,5,10
18-01-1998,33,21,44,1,43,26
21-01-1998,32,37,34,4,20,9
21-01-1998,9,29,1,35,18,45
25-01-1998,15,35,14,17,26,6
25-01-1998,16,48,46,11,20,41
28-01-1998,29,39,4,3,32,10
28-01-1998,17,19,30,15,36,18
01-02-1998,31,20,36,24,4,22
01-02-1998,17,48,5,13,18,12
04-02-1998,37,15,48,9,42,38
04-02-1998,14,49,35,22,46,7
08-02-1998,6,32,48,27,2,42
08-02-1998,20,49,15,23,37,16
11-02-1998,37,13,1,11,26,22
11-02-1998,20,43,25,2,17,28
15-02-1998,24,39,17,18,22,38
15-02-1998,41,37,32,21,40,44
18-02-1998,23,36,35,39,31,10
18-02-1998,25,15,6,29,10,22
22-02-1998,21,7,46,34,26,12
22-02-1998,11,21,9,17,35,30
25-02-1998,21,36,10,12,28,23
25-02-1998,47,21,39,14,49,35
01-03-1998,48,28,41,19,21,32
01-03-1998,11,31,37,42,17,32
04-03-1998,25,14,41,40,29,47
04-03-1998,29,36,49,20,15,39
08-03-1998,31,24,39,2,4,17
08-03-1998,26,8,39,38,6,47
11-03-1998,10,29,8,9,28,36
11-03-1998,15,21,34,46,39,12
15-03-1998,38,35,42,39,7,14
15-03-1998,19,43,41,33,23,49
18-03-1998,38,23,1,2,25,27
18-03-1998,14,39,33,11,29,37
22-03-1998,29,21,7,22,28,2
22-03-1998,43,42,36,10,5,3
25-03-1998,33,38,9,8,3,15
25-03-1998,6,46,9,22,29,10
29-03-1998,2,28,39,6,16,25
29-03-1998,40,19,39,23,44,36
01-04-1998,10,49,7,19,22,32
01-04-1998,33,30,29,7,20,32
05-04-1998,19,10,18,23,37,43
05-04-1998,44,5,38,13,22,48
08-04-1998,42,31,38,15,29,41
08-04-1998,49,33,39,27,44,38
12-04-1998,44,31,3,15,37,4
12-04-1998,28,22,5,9,49,44
15-04-1998,19,40,2,47,16,20
15-04-1998,10,34,39,22,36,20
19-04-1998,4,17,6,16,5,7
19-04-1998,10,39,25,7,21,34
22-04-1998,37,11,23,20,48,45
22-04-1998,34,44,15,49,41,38
26-04-1998,20,19,32,11,3,5
26-04-1998,48,15,29,22,38,47
29-04-1998,10,11,20,18,47,34
29-04-1998,44,20,10,34,32,21
03-05-1998,10,33,16,45,3,48
03-05-1998,44,35,20,47,26,11
06-05-1998,3,23,11,45,21,1
06-05-1998,36,14,42,47,49,44
10-05-1998,12,9,43,4,47,32
10-05-1998,36,35,9,18,3,22
13-05-1998,8,23,38,30,36,1
13-05-1998,44,9,49,12,22,43
17-05-1998,23,16,19,17,30,33
17-05-1998,22,30,49,48,2,46
20-05-1998,24,13,26,17,35,43
20-05-1998,3,43,49,24,35,48
24-05-1998,12,4,36,41,31,39
24-05-1998,25,13,11,48,20,37
27-05-1998,6,10,16,18,12,47
27-05-1998,30,41,32,5,9,31
31-05-1998,45,47,35,26,49,24
31-05-1998,6,19,33,14,12,3
03-06-1998,8,26,19,16,28,38
03-06-1998,7,27,40,43,21,25
07-06-1998,48,27,15,12,26,40
07-06-1998,25,45,4,15,29,13
10-06-1998,24,46,23,25,13,18
10-06-1998,32,47,41,17,35,36
14-06-1998,11,25,27,47,41,32
14-06-1998,37,10,42,25,18,17
17-06-1998,20,45,30,17,27,9
17-06-1998,12,19,39,41,17,13
21-06-1998,47,40,33,7,4,49
21-06-1998,12,7,20,18,9,22
24-06-1998,36,4,25,18,12,43
24-06-1998,43,46,7,3,48,27
28-06-1998,32,28,22,19,27,48
28-06-1998,24,4,31,35,29,1
01-07-1998,15,37,27,39,43,45
01-07-1998,47,1,33,42,4,43
05-07-1998,39,20,7,40,32,28
05-07-1998,1,27,44,35,7,6
08-07-1998,38,11,24,47,22,7
08-07-1998,16,44,31,19,17,38
12-07-1998,10,31,35,36,19,48
12-07-1998,14,28,25,31,21,45
15-07-1998,22,36,27,30,3,15
15-07-1998,15,6,40,34,25,9
19-07-1998,32,45,18,49,20,43
19-07-1998,19,6,17,31,33,2
22-07-1998,8,46,18,39,26,32
22-07-1998,17,4,45,5,26,49
26-07-1998,28,15,46,45,31,33
26-07-1998,36,32,17,16,26,11
29-07-1998,40,33,32,17,46,15
29-07-1998,6,17,21,32,14,48
02-08-1998,48,17,2,9,15,27
02-08-1998,24,40,33,4,19,12
05-08-1998,16,12,19,22,48,47
05-08-1998,36,33,5,7,20,45
09-08-1998,15,3,29,49,32,44
09-08-1998,8,2,20,28,27,44
12-08-1998,33,48,34,21,32,30
12-08-1998,11,19,26,16,41,46
16-08-1998,19,10,43,42,49,32
16-08-1998,20,10,31,2,42,49
19-08-1998,21,22,37,29,31,40
19-08-1998,24,49,14,40,20,8
23-08-1998,23,25,16,5,43,42
23-08-1998,17,12,1,31,26,16
26-08-1998,21,48,9,14,19,39
26-08-1998,11,9,25,8,12,20
30-08-1998,11,8,38,6,12,20
30-08-1998,31,32,44,37,21,8
02-09-1998,2,5,43,19,41,6
02-09-1998,32,48,3,40,34,7
06-09-1998,26,5,7,31,24,6
06-09-1998,25,35,5,48,30,39
09-09-1998,26,6,14,40,31,47
09-09-1998,46,35,43,4,8,37
13-09-1998,17,27,19,23,35,2
13-09-1998,13,9,6,15,3,25
16-09-1998,11,26,43,33,23,8
16-09-1998,20,15,29,6,32,31
20-09-1998,22,45,11,8,31,9
20-09-1998,46,7,43,2,1,26
23-09-1998,18,6,1,28,45,46
23-09-1998,7,34,12,8,19,9
27-09-1998,4,1,15,35,5,24
27-09-1998,37,26,2,30,39,43
30-09-1998,25,20,19,47,13,39
30-09-1998,30,46,42,13,45,48
04-10-1998,25,4,26,47,16,32
04-10-1998,45,24,31,34,35,21
07-10-1998,37,10,41,8,32,48
07-10-1998,6,35,43,22,10,40
11-10-1998,42,27,35,23,22,16
11-10-1998,41,13,29,14,30,4
14-10-1998,11,8,20,38,43,29
14-10-1998,28,2,32,44,5,30
18-10-1998,33,31,47,38,28,12
18-10-1998,34,39,22,10,15,1
21-10-1998,4,13,42,12,24,40
21-10-1998,36,47,37,19,23,44
25-10-1998,49,40,10,2,33,8
25-10-1998,45,26,13,19,39,12
28-10-1998,29,18,19,30,16,47
28-10-1998,16,7,42,11,49,21
01-11-1998,40,21,42,11,8,13
01-11-1998,20,18,5,42,38,44
04-11-1998,29,7,32,1,44,13
04-11-1998,35,6,39,36,13,18
08-11-1998,23,20,42,18,16,19
08-11-1998,43,11,31,27,40,2
11-11-1998,28,44,24,34,2,19
11-11-1998,10,3,25,16,20,29
15-11-1998,14,23,24,29,25,45
15-11-1998,43,20,7,49,27,12
18-11-1998,13,33,27,23,16,36
18-11-1998,13,45,31,4,41,20
22-11-1998,9,18,22,35,38,14
22-11-1998,45,32,18,11,26,40
25-11-1998,13,16,19,14,32,7
25-11-1998,26,22,30,47,4,12
29-11-1998,12,9,20,44,35,10
29-11-1998,19,6,23,41,43,7
02-12-1998,31,45,36,38,18,4
02-12-1998,35,18,25,49,15,38
06-12-1998,20,3,37,10,17,15
06-12-1998,40,19,25,36,39,22
09-12-1998,35,39,25,43,9,1
09-12-1998,39,47,14,19,9,35
13-12-1998,47,3,24,44,38,36
13-12-1998,3,16,49,29,32,11
16-12-1998,34,47,12,30,8,21
16-12-1998,1,36,16,17,12,46
20-12-1998,47,14,34,24,9,1
20-12-1998,35,47,49,39,40,11
23-12-1998,39,42,8,10,11,25
23-12-1998,27,38,5,4,11,20
27-12-1998,5,42,41,36,25,32
27-12-1998,45,5,36,7,8,17
30-12-1998,11,9,2,20,46,42
30-12-1998,20,11,28,16,6,37
03-01-1999,48,28,39,4,29,10
03-01-1999,12,31,48,4,34,24
06-01-1999,19,18,38,30,4,23
06-01-1999,44,28,11,19,40,36
10-01-1999,4,19,16,26,40,9
10-01-1999,49,27,10,4,32,28
13-01-1999,6,30,35,13,49,17
13-01-1999,36,46,47,12,35,19
17-01-1999,6,43,13,2,16,22
17-01-1999,10,35,39,11,28,15
20-01-1999,7,4,31,46,25,8
20-01-1999,17,26,20,18,30,35
24-01-1999,47,34,13,41,24,17
24-01-1999,47,33,21,29,23,32
27-01-1999,36,34,33,44,6,8
27-01-1999,42,1,29,45,15,26
31-01-1999,35,22,40,34,11,25
31-01-1999,29,35,11,34,15,9
03-02-1999,5,44,10,1,17,16
03-02-1999,44,22,38,43,31,20
07-02-1999,37,3,38,1,9,21
07-02-1999,21,31,27,36,11,8
10-02-1999,17,25,40,7,31,26
10-02-1999,40,3,49,27,43,38
14-02-1999,30,48,12,9,6,41
14-02-1999,37,18,9,48,34,27
17-02-1999,47,12,30,42,41,37
17-02-1999,3,14,37,6,11,19
21-02-1999,31,34,13,5,21,27
21-02-1999,42,39,2,25,35,16
24-02-1999,45,24,20,39,29,23
24-02-1999,11,23,22,31,34,33
28-02-1999,37,38,20,31,35,15
28-02-1999,49,26,9,25,8,28
03-03-1999,3,12,4,24,20,21
03-03-1999,40,1,22,43,46,37
07-03-1999,49,44,2,33,8,45
07-03-1999,48,2,6,5,46,21
10-03-1999,13,6,34,17,18,44
10-03-1999,30,21,29,34,8,9
14-03-1999,31,45,42,40,23,9
14-03-1999,44,35,32,18,28,14
17-03-1999,25,2,15,9,37,43
17-03-1999,44,20,31,49,25,18
21-03-1999,17,1,23,4,28,49
21-03-1999,29,44,46,16,21,35
24-03-1999,17,8,2,6,27,3
24-03-1999,28,25,19,30,49,5
28-03-1999,1,47,32,12,21,31
28-03-1999,43,44,48,32,16,37
31-03-1999,48,16,36,27,45,37
31-03-1999,27,39,21,33,23,22
04-04-1999,8,40,48,43,28,32
04-04-1999,28,4,33,24,36,45
07-04-1999,24,14,18,17,46,38
07-04-1999,7,30,20,17,13,6
11-04-1999,20,14,24,15,5,11
11-04-1999,26,13,29,4,15,23
14-04-1999,6,12,17,20,19,30
14-04-1999,44,1,30,14,36,49
18-04-1999,44,46,32,38,39,30
18-04-1999,26,28,46,45,11,40
21-04-1999,31,25,34,33,12,3
21-04-1999,28,20,18,45,22,41
25-04-1999,25,34,30,3,26,19
25-04-1999,13,34,49,43,44,9
28-04-1999,2,47,24,45,31,42
28-04-1999,35,33,9,14,20,27
02-05-1999,40,37,16,28,46,25
02-05-1999,4,12,17,16,24,3
05-05-1999,6,8,28,39,38,20
05-05-1999,40,41,21,22,15,13
09-05-1999,6,17,43,24,19,2
09-05-1999,1,23,45,27,9,28
12-05-1999,9,7,29,47,19,28
12-05-1999,9,19,22,26,18,34
16-05-1999,2,3,10,38,42,25
16-05-1999,44,49,17,41,37,40
19-05-1999,37,28,26,36,40,39
19-05-1999,15,33,1,24,38,17
23-05-1999,44,20,3,32,25,46
23-05-1999,21,42,25,26,8,15
26-05-1999,38,20,22,33,12,41
26-05-1999,36,25,30,8,20,23
30-05-1999,4,1,30,23,49,26
30-05-1999,16,23,39,34,40,4
02-06-1999,20,4,27,19,24,18
02-06-1999,2,29,35,28,23,34
06-06-1999,4,28,47,41,37,23
06-06-1999,20,28,21,31,40,23
09-06-1999,25,31,3,7,17,43
09-06-1999,17,20,25,43,4,28
13-06-1999,15,10,34,19,4,35
13-06-1999,11,14,37,1,43,6
16-06-1999,36,24,44,29,25,27
16-06-1999,11,46,41,1,13,35
20-06-1999,24,46,30,22,13,15
20-06-1999,15,13,16,4,32,35
23-06-1999,41,47,16,34,19,43
23-06-1999,2,40,26,42,49,27
27-06-1999,21,26,44,47,3,33
27-06-1999,22,13,47,20,6,46
30-06-1999,7,37,32,6,15,26
30-06-1999,47,19,13,6,40,29
04-07-1999,38,4,10,46,12,43
04-07-1999,14,47,30,19,11,27
07-07-1999,29,34,17,10,15,20
07-07-1999,37,27,32,35,2,25
11-07-1999,34,12,17,43,47,3
11-07-1999,47,38,7,40,8,16
14-07-1999,4,40,38,47,49,17
14-07-1999,23,6,12,33,37,32
18-07-1999,19,32,5,35,38,17
18-07-1999,3,1,13,36,37,8
21-07-1999,9,8,37,21,45,31
21-07-1999,32,31,42,21,36,2
25-07-1999,29,38,3,20,12,19
25-07-1999,21,1,22,37,8,42
28-07-1999,41,34,49,38,44,11
28-07-1999,24,15,12,47,37,28
01-08-1999,48,46,31,21,41,6
01-08-1999,25,14,4,22,19,12
04-08-1999,44,15,17,12,6,47
04-08-1999,42,28,31,13,1,30
08-08-1999,39,26,15,16,27,43
08-08-1999,45,17,42,16,4,8
11-08-1999,38,19,11,45,23,48
11-08-1999,23,49,47,34,41,37
15-08-1999,28,20,6,7,5,47
15-08-1999,22,8,42,43,34,21
18-08-1999,22,3,20,19,34,1
18-08-1999,17,32,25,10,18,28
22-08-1999,20,17,44,48,45,11
22-08-1999,33,38,29,5,3,26
25-08-1999,44,49,35,47,15,19
25-08-1999,22,21,33,27,10,15
29-08-1999,47,49,30,48,23,26
29-08-1999,45,49,22,39,13,25
01-09-1999,25,16,20,13,7,21
01-09-1999,19,36,37,30,49,6
05-09-1999,15,33,16,26,36,27
05-09-1999,21,38,35,39,1,23
08-09-1999,33,47,29,7,2,21
08-09-1999,27,3,47,19,24,17
12-09-1999,17,20,13,8,32,27
12-09-1999,8,24,45,15,17,27
15-09-1999,2,15,45,18,11,31
15-09-1999,12,6,9,23,37,15
19-09-1999,38,39,45,28,5,44
19-09-1999,45,2,24,35,11,18
22-09-1999,12,36,22,32,1,33
22-09-1999,42,18,3,11,12,14
26-09-1999,7,3,33,41,23,43
26-09-1999,29,22,35,6,33,43
29-09-1999,36,27,41,11,14,35
29-09-1999,21,44,35,23,7,30
03-10-1999,26,40,23,37,11,16
03-10-1999,24,45,31,41,46,17
06-10-1999,14,1,48,6,21,35
06-10-1999,30,12,5,34,14,24
10-10-1999,36,5,45,40,6,35
10-10-1999,30,18,44,21,47,2
13-10-1999,20,35,37,11,43,47
13-10-1999,20,42,12,46,19,25
17-10-1999,40,27,21,33,4,31
17-10-1999,48,45,36,18,8,6
20-10-1999,33,35,45,28,24,3
20-10-1999,36,11,41,22,17,38
24-10-1999,30,11,22,8,45,41
24-10-1999,24,30,38,27,22,21
27-10-1999,35,6,3,44,37,11
27-10-1999,44,20,8,21,42,14
31-10-1999,25,38,1,30,6,17
31-10-1999,36,26,41,42,45,38
03-11-1999,46,49,35,32,29,8
03-11-1999,9,13,14,43,10,29
07-11-1999,43,29,5,15,35,24
07-11-1999,6,29,44,32,22,21
10-11-1999,17,28,48,10,14,44
10-11-1999,31,11,4,24,1,25
14-11-1999,41,42,16,48,8,9
14-11-1999,2,12,15,30,39,31
17-11-1999,8,29,40,11,26,27
17-11-1999,10,33,12,43,29,42
21-11-1999,17,25,45,30,26,13
21-11-1999,16,5,12,40,8,30
24-11-1999,15,31,24,16,34,32
24-11-1999,17,32,25,12,28,42
28-11-1999,37,33,25,15,48,11
28-11-1999,8,47,11,40,15,46
01-12-1999,15,22,45,13,46,3
01-12-1999,18,27,49,22,30,43
05-12-1999,12,13,41,2,5,24
05-12-1999,20,9,5,14,48,44
08-12-1999,49,9,10,18,40,25
08-12-1999,10,27,18,35,25,49
12-12-1999,48,39,17,32,7,34
12-12-1999,47,2,16,20,44,45
15-12-1999,30,25,47,16,37,38
15-12-1999,32,33,47,10,48,40
19-12-1999,47,33,26,27,1,34
19-12-1999,32,35,43,41,39,17
22-12-1999,32,47,45,25,1,14
22-12-1999,29,40,12,25,8,36
26-12-1999,47,18,30,17,39,49
26-12-1999,7,39,5,24,21,27
29-12-1999,4,12,27,48,39,6
29-12-1999,42,20,12,23,33,8
02-01-2000,44,24,18,21,26,30
02-01-2000,22,40,48,8,44,9
05-01-2000,45,11,28,43,21,29
05-01-2000,36,26,20,21,17,24
09-01-2000,39,46,15,40,18,4
09-01-2000,18,5,11,42,21,14
12-01-2000,26,19,14,39,22,38
12-01-2000,46,47,30,36,21,2
16-01-2000,48,28,9,37,17,33
16-01-2000,24,23,3,25,48,9
19-01-2000,13,46,11,41,17,16
19-01-2000,9,27,38,44,33,39
23-01-2000,15,23,32,6,9,27
23-01-2000,29,31,13,6,32,5
26-01-2000,7,45,6,4,30,40
26-01-2000,8,42,32,17,13,16
30-01-2000,4,37,16,31,1,2
30-01-2000,10,12,20,15,14,22
02-02-2000,32,18,17,8,14,28
02-02-2000,7,25,5,14,4,41
06-02-2000,12,7,26,20,41,42
06-02-2000,17,43,23,14,41,28
09-02-2000,9,34,36,4,18,14
09-02-2000,17,16,1,24,34,25
13-02-2000,17,7,38,29,12,33
13-02-2000,17,38,3,43,26,14
16-02-2000,49,43,13,12,47,35
16-02-2000,31,42,37,24,20,49
20-02-2000,42,5,33,23,8,15
20-02-2000,35,17,45,13,8,39
23-02-2000,21,3,28,22,11,14
23-02-2000,2,17,49,38,29,1
27-02-2000,18,12,33,16,24,21
27-02-2000,34,40,6,47,33,14
01-03-2000,18,28,47,38,10,48
01-03-2000,43,7,9,47,21,3
05-03-2000,6,20,3,13,18,30
05-03-2000,2,41,47,30,5,10
08-03-2000,39,43,21,37,30,1
08-03-2000,20,33,21,38,3,28
12-03-2000,24,4,15,12,19,45
12-03-2000,13,48,31,6,21,38
15-03-2000,46,3,43,18,35,47
15-03-2000,13,2,16,42,9,4
19-03-2000,11,23,14,41,18,35
19-03-2000,46,12,4,23,9,5
22-03-2000,13,43,48,30,18,5
22-03-2000,16,10,23,39,26,47
26-03-2000,24,5,44,37,42,29
26-03-2000,32,12,38,48,24,36
29-03-2000,43,24,7,18,38,8
29-03-2000,2,24,46,6,47,39
02-04-2000,48,41,17,23,20,6
02-04-2000,31,25,27,26,33,19
05-04-2000,24,30,46,14,45,8
05-04-2000,21,15,16,9,38,48
09-04-2000,9,39,36,12,37,41
09-04-2000,5,37,39,20,46,22
12-04-2000,2,8,9,7,37,13
12-04-2000,27,26,29,8,49,38
16-04-2000,43,44,42,46,34,22
16-04-2000,19,48,25,20,31,29
19-04-2000,6,12,23,35,8,2
19-04-2000,21,1,46,24,13,2
23-04-2000,31,21,18,16,5,25
23-04-2000,30,28,14,19,3,12
26-04-2000,16,43,2,9,13,34
26-04-2000,5,7,18,38,49,27
30-04-2000,41,33,44,9,26,42
30-04-2000,8,26,37,13,10,15
03-05-2000,11,16,26,17,44,46
03-05-2000,39,20,16,47,35,26
07-05-2000,18,10,33,9,32,14
07-05-2000,37,42,30,41,33,26
10-05-2000,26,36,28,30,6,3
10-05-2000,42,32,16,1,48,10
14-05-2000,41,43,2,32,47,1
14-05-2000,44,11,25,46,24,14
17-05-2000,20,8,6,32,15,17
17-05-2000,40,29,17,36,28,1
21-05-2000,23,1,39,12,49,17
21-05-2000,46,43,27,48,22,9
24-05-2000,41,14,12,49,19,7
24-05-2000,22,40,13,44,20,24
28-05-2000,2,4,36,31,12,7
28-05-2000,36,2,49,30,15,12
31-05-2000,16,3,6,23,17,1
31-05-2000,38,20,33,34,31,14
04-06-2000,14,48,42,32,3,22
04-06-2000,28,14,23,40,26,24
07-06-2000,25,28,34,26,48,22
07-06-2000,7,2,18,46,42,13
11-06-2000,12,40,42,1,14,4
11-06-2000,26,40,2,48,38,30
14-06-2000,7,23,6,28,36,33
14-06-2000,39,40,4,42,25,32
18-06-2000,13,44,19,37,36,31
18-06-2000,41,21,39,2,28,36
21-06-2000,36,48,40,2,19,28
21-06-2000,10,49,45,15,31,38
25-06-2000,28,39,47,23,33,48
25-06-2000,3,17,37,40,11,43
28-06-2000,41,2,35,30,27,9
28-06-2000,42,40,35,8,18,28
02-07-2000,25,3,29,21,35,17
02-07-2000,11,4,13,46,6,37
05-07-2000,36,23,26,19,2,43
05-07-2000,11,46,12,34,28,38
09-07-2000,43,42,46,15,34,31
09-07-2000,31,11,46,1,22,32
12-07-2000,36,32,25,20,22,41
12-07-2000,16,39,41,46,4,26
16-07-2000,12,49,21,25,28,1
16-07-2000,19,30,41,42,43,44
19-07-2000,13,25,49,38,45,36
19-07-2000,29,15,2,6,37,43
23-07-2000,49,6,31,35,23,29
23-07-2000,46,40,42,4,7,17
26-07-2000,36,30,14,42,46,16
26-07-2000,10,7,19,46,13,36
30-07-2000,49,34,28,27,38,19
30-07-2000,35,12,17,28,44,43
02-08-2000,2,3,49,8,18,35
02-08-2000,36,17,40,43,48,16
06-08-2000,3,35,45,40,29,24
06-08-2000,39,8,9,33,32,31
09-08-2000,33,42,40,38,28,9
09-08-2000,19,10,41,6,16,46
13-08-2000,40,48,44,4,43,27
13-08-2000,7,34,46,39,35,42
16-08-2000,9,16,5,29,19,33
16-08-2000,30,39,8,31,41,33
20-08-2000,39,30,46,18,42,11
20-08-2000,26,21,17,35,48,22
23-08-2000,45,5,17,4,3,47
23-08-2000,14,27,11,5,8,12
27-08-2000,13,46,36,20,42,39
27-08-2000,13,24,30,48,47,29
30-08-2000,37,48,29,47,2,38
30-08-2000,7,20,43,25,33,13
03-09-2000,4,5,15,36,32,37
03-09-2000,6,34,4,43,28,39
06-09-2000,10,28,8,21,3,33
06-09-2000,28,12,42,26,47,31
10-09-2000,48,24,28,26,31,13
10-09-2000,17,24,1,7,36,18
13-09-2000,34,27,1,41,48,17
13-09-2000,7,29,20,49,43,12
17-09-2000,28,44,2,26,23,36
17-09-2000,42,48,20,9,2,17
20-09-2000,42,21,40,2,23,32
20-09-2000,13,16,30,36,27,3
24-09-2000,44,25,20,40,39,41
24-09-2000,5,44,4,27,40,11
27-09-2000,14,15,38,46,9,10
27-09-2000,6,18,23,42,24,41
01-10-2000,8,16,32,38,37,4
01-10-2000,33,2,21,38,34,7
04-10-2000,31,25,29,40,10,12
04-10-2000,14,3,10,36,19,25
08-10-2000,40,35,23,38,24,29
08-10-2000,49,38,20,27,21,44
11-10-2000,6,32,30,44,3,36
11-10-2000,38,18,26,49,31,29
15-10-2000,10,12,5,16,39,33
15-10-2000,39,30,16,21,40,4
18-10-2000,12,31,19,32,42,16
18-10-2000,33,31,9,18,38,7
22-10-2000,45,25,14,10,15,13
22-10-2000,13,39,36,44,11,17
25-10-2000,36,39,21,34,25,30
25-10-2000,4,20,12,25,40,17
29-10-2000,12,46,36,43,40,44
29-10-2000,26,4,21,16,2,22
01-11-2000,6,19,24,7,41,4
01-11-2000,39,1,45,12,16,40
05-11-2000,40,33,17,7,27,13
05-11-2000,23,37,32,1,10,26
08-11-2000,16,46,42,40,44,41
08-11-2000,9,18,24,1,25,17
12-11-2000,9,15,49,42,22,47
12-11-2000,41,11,46,31,35,32
15-11-2000,39,34,28,6,44,36
15-11-2000,6,8,18,49,43,46
19-11-2000,8,46,26,37,7,2
19-11-2000,37,12,28,21,10,17
22-11-2000,17,20,9,22,23,4
22-11-2000,4,11,10,31,36,48
26-11-2000,26,8,45,35,12,13
26-11-2000,7,44,19,4,23,47
29-11-2000,37,12,16,10,36,5
29-11-2000,45,47,22,36,14,23
03-12-2000,36,25,12,21,43,38
03-12-2000,9,4,13,29,27,12
06-12-2000,15,45,17,22,28,34
06-12-2000,8,1,23,4,49,13
10-12-2000,47,28,29,49,37,38
10-12-2000,28,4,44,40,36,23
13-12-2000,49,13,47,10,46,41
13-12-2000,36,8,17,42,32,35
17-12-2000,20,46,9,48,5,3
17-12-2000,39,48,14,30,46,31
20-12-2000,40,38,30,14,18,41
20-12-2000,21,20,39,4,15,1
24-12-2000,38,42,23,4,18,1
24-12-2000,29,28,7,41,26,15
27-12-2000,47,41,26,12,34,46
27-12-2000,39,30,48,41,33,29
31-12-2000,16,28,10,42,48,38
31-12-2000,28,32,9,29,36,17
03-01-2001,27,39,18,11,44,29
03-01-2001,47,33,25,16,37,42
07-01-2001,4,30,17,48,41,28
07-01-2001,42,7,33,39,9,6
10-01-2001,40,30,28,7,15,33
10-01-2001,49,47,30,27,17,34
14-01-2001,1,2,27,9,5,36
14-01-2001,49,28,34,10,40,43
17-01-2001,38,14,43,48,31,42
17-01-2001,9,15,40,36,25,38
21-01-2001,47,15,20,6,26,38
21-01-2001,28,20,1,13,30,22
24-01-2001,15,43,19,34,8,33
24-01-2001,3,26,17,29,44,38
28-01-2001,3,12,18,42,26,17
28-01-2001,4,40,30,14,46,20
31-01-2001,22,16,26,28,40,4
31-01-2001,22,34,37,2,3,25
04-02-2001,18,24,19,48,39,44
04-02-2001,45,6,19,14,1,28
07-02-2001,5,29,48,7,26,6
07-02-2001,14,35,28,27,36,22
11-02-2001,49,12,39,15,25,37
11-02-2001,17,32,36,48,49,11
14-02-2001,40,20,33,29,5,44
14-02-2001,23,31,16,29,39,8
18-02-2001,35,6,36,22,15,38
18-02-2001,6,10,46,24,12,9
21-02-2001,46,40,49,37,3,22
21-02-2001,19,48,1,16,7,45
25-02-2001,18,10,44,22,25,40
25-02-2001,10,5,42,16,46,8
28-02-2001,10,30,39,19,36,1
28-02-2001,15,32,13,22,49,21
04-03-2001,20,44,3,26,5,46
04-03-2001,7,44,30,2,37,38
07-03-2001,11,7,39,34,42,35
07-03-2001,30,8,11,38,9,5
11-03-2001,14,30,27,33,48,31
11-03-2001,31,2,32,37,22,48
14-03-2001,34,38,21,1,36,8
14-03-2001,37,49,48,35,14,11
18-03-2001,8,3,10,23,46,32
18-03-2001,40,6,17,43,16,38
21-03-2001,14,6,37,35,42,49
21-03-2001,23,12,47,40,19,44
25-03-2001,3,26,19,39,1,11
25-03-2001,34,39,13,1,40,49
28-03-2001,16,44,9,34,12,29
28-03-2001,5,49,47,9,41,27
01-04-2001,34,9,17,38,5,4
01-04-2001,37,11,33,6,35,3
04-04-2001,17,6,33,49,39,14
04-04-2001,21,42,16,32,1,41
08-04-2001,10,20,22,24,17,49
08-04-2001,1,9,8,39,29,38
11-04-2001,21,1,5,39,33,23
11-04-2001,5,14,9,20,26,19
15-04-2001,29,44,4,31,40,47
15-04-2001,40,18,9,4,44,10
18-04-2001,46,35,30,20,10,41
18-04-2001,47,23,37,38,4,15
22-04-2001,37,4,33,9,38,32
22-04-2001,17,30,45,33,23,39
25-04-2001,37,34,36,33,25,27
25-04-2001,24,20,46,30,43,32
29-04-2001,9,45,42,23,5,12
29-04-2001,32,35,47,3,7,6
02-05-2001,17,25,44,39,27,47
02-05-2001,23,6,36,39,46,7
06-05-2001,41,14,9,39,46,18
06-05-2001,5,27,24,28,16,9
09-05-2001,33,5,8,18,39,25
09-05-2001,25,40,19,17,46,36
13-05-2001,40,42,47,25,19,48
13-05-2001,47,11,10,38,19,31
16-05-2001,26,34,23,39,42,40
16-05-2001,25,10,41,5,38,14
20-05-2001,31,8,27,7,32,15
20-05-2001,13,34,27,30,29,17
23-05-2001,23,31,1,38,17,25
23-05-2001,35,1,44,45,34,8
27-05-2001,32,34,26,36,28,4
27-05-2001,6,31,35,42,14,30
30-05-2001,5,31,27,36,44,9
30-05-2001,9,23,37,4,29,42
03-06-2001,10,7,33,16,1,15
03-06-2001,13,11,12,20,35,3
06-06-2001,33,46,9,23,21,27
06-06-2001,47,44,6,42,28,12
10-06-2001,17,5,40,24,45,47
10-06-2001,21,32,23,37,38,18
13-06-2001,17,15,24,8,41,39
13-06-2001,22,2,35,38,5,45
17-06-2001,34,31,1,8,44,25
17-06-2001,44,4,17,20,40,15
20-06-2001,16,25,31,42,39,7
20-06-2001,40,49,42,41,37,6
24-06-2001,45,26,14,44,47,18
24-06-2001,24,46,9,21,38,20
27-06-2001,20,10,39,25,14,47
27-06-2001,8,23,44,36,12,1
01-07-2001,48,17,27,3,2,23
01-07-2001,30,31,10,23,46,5
04-07-2001,12,14,1,20,22,35
04-07-2001,36,48,46,24,44,19
08-07-2001,26,42,36,6,1,14
08-07-2001,14,49,23,41,25,31
11-07-2001,5,38,34,8,36,15
11-07-2001,32,14,41,38,49,47
15-07-2001,38,6,35,29,40,22
15-07-2001,4,6,35,23,26,5
18-07-2001,8,1,27,39,10,9
18-07-2001,26,43,46,4,42,32
22-07-2001,14,37,25,12,48,31
22-07-2001,22,26,35,10,19,13
25-07-2001,17,3,29,45,22,41
25-07-2001,14,39,1,37,2,33
29-07-2001,9,29,36,28,20,38
29-07-2001,17,27,22,33,34,36
01-08-2001,26,49,7,21,13,36
01-08-2001,29,37,34,28,15,13
05-08-2001,9,41,10,18,45,4
05-08-2001,48,32,49,23,3,9
08-08-2001,9,41,5,49,2,16
08-08-2001,37,22,43,19,10,23
12-08-2001,2,46,20,30,45,29
12-08-2001,40,47,21,8,20,12
15-08-2001,8,24,18,21,48,47
15-08-2001,32,10,22,40,36,19
19-08-2001,26,20,28,29,15,34
19-08-2001,7,46,34,26,10,14
22-08-2001,12,2,36,9,19,20
22-08-2001,34,15,29,45,48,39
26-08-2001,30,46,33,36,16,17
26-08-2001,29,20,33,16,1,32
29-08-2001,37,5,36,10,48,7
29-08-2001,43,31,11,14,32,38
02-09-2001,28,21,1,24,10,36
02-09-2001,41,1,37,44,35,21
05-09-2001,2,26,4,7,43,1
05-09-2001,13,25,48,26,18,3
09-09-2001,45,18,20,36,25,24
09-09-2001,28,8,41,22,42,37
12-09-2001,41,6,7,27,16,48
12-09-2001,42,38,45,33,2,7
16-09-2001,5,30,1,11,19,41
16-09-2001,46,21,48,29,31,14
19-09-2001,18,49,40,34,41,24
19-09-2001,13,17,26,25,48,37
23-09-2001,31,14,35,15,38,24
23-09-2001,2,34,15,12,8,40
26-09-2001,13,32,48,18,30,3
26-09-2001,35,16,42,39,20,2
30-09-2001,3,40,21,5,49,44
30-09-2001,27,8,15,47,49,16
03-10-2001,33,26,46,8,48,11
03-10-2001,39,14,40,1,35,5
07-10-2001,34,45,13,2,9,12
07-10-2001,6,8,25,27,28,36
10-10-2001,35,44,27,29,18,37
10-10-2001,6,45,20,40,19,10
14-10-2001,48,38,29,36,10,9
14-10-2001,16,44,21,49,12,47
17-10-2001,26,17,23,34,9,16
17-10-2001,7,22,19,48,12,25
21-10-2001,22,40,44,13,48,24
21-10-2001,18,32,20,2,22,24
24-10-2001,36,47,18,30,11,48
24-10-2001,9,5,24,26,11,22
28-10-2001,49,44,27,26,9,25
28-10-2001,49,13,31,45,41,38
31-10-2001,29,38,42,4,37,9
31-10-2001,36,23,43,7,11,21
04-11-2001,19,12,15,49,9,14
04-11-2001,28,37,44,46,10,25
07-11-2001,27,46,7,1,40,24
07-11-2001,19,22,15,38,31,27
11-11-2001,33,24,10,14,48,15
11-11-2001,22,23,7,20,31,10
14-11-2001,27,26,22,4,35,19
14-11-2001,29,41,19,14,24,9
18-11-2001,29,9,11,1,33,46
18-11-2001,46,33,34,24,16,32
21-11-2001,31,25,42,3,35,48
21-11-2001,32,47,34,43,35,17
25-11-2001,1,20,37,13,21,26
25-11-2001,27,25,43,42,18,45
28-11-2001,19,39,30,20,16,44
28-11-2001,27,32,23,26,30,18
02-12-2001,44,24,17,11,3,15
02-12-2001,41,30,42,29,32,36
05-12-2001,8,49,46,6,9,10
05-12-2001,47,35,30,12,4,11
09-12-2001,18,30,47,26,39,49
09-12-2001,42,20,35,22,32,3
12-12-2001,31,1,38,37,11,14
12-12-2001,49,22,14,9,25,12
16-12-2001,28,10,12,46,15,49
16-12-2001,27,30,16,28,6,36
19-12-2001,32,11,35,13,28,38
19-12-2001,39,8,31,1,16,25
23-12-2001,11,47,21,25,19,18
23-12-2001,33,37,17,24,28,35
26-12-2001,31,32,12,23,47,15
26-12-2001,17,48,42,44,1,27
30-12-2001,47,30,18,49,20,11
30-12-2001,20,45,17,29,10,44
02-01-2002,41,42,23,18,40,6
02-01-2002,1,12,41,20,10,46
06-01-2002,37,9,34,18,17,36
06-01-2002,29,17,46,15,49,32
09-01-2002,40,39,5,26,29,10
09-01-2002,5,29,19,22,45,27
13-01-2002,7,34,1,4,12,29
13-01-2002,20,25,41,39,38,19
16-01-2002,2,38,43,7,19,45
16-01-2002,7,49,33,22,14,9
20-01-2002,4,35,13,5,29,46
20-01-2002,17,19,46,5,9,7
23-01-2002,9,6,14,4,10,12
23-01-2002,9,49,1,15,22,27
27-01-2002,49,47,10,27,24,25
27-01-2002,39,16,2,31,41,37
30-01-2002,16,30,4,33,39,25
30-01-2002,36,29,26,4,13,48
03-02-2002,4,11,5,7,12,34
03-02-2002,7,47,17,39,2,3
06-02-2002,4,13,24,22,41,20
06-02-2002,46,15,48,39,2,45
10-02-2002,42,18,29,32,3,12
10-02-2002,29,1,26,13,34,6
13-02-2002,39,15,26,2,47,32
13-02-2002,41,7,5,28,30,38
17-02-2002,22,1,31,18,43,32
17-02-2002,1,29,38,49,40,34
20-02-2002,6,26,9,20,42,17
20-02-2002,31,19,38,32,22,29
24-02-2002,6,2,31,24,10,7
24-02-2002,18,6,17,43,44,48
27-02-2002,48,41,24,23,36,18
27-02-2002,41,45,18,21,35,48
03-03-2002,41,40,29,5,24,37
03-03-2002,16,3,14,26,34,30
06-03-2002,46,29,44,3,22,36
06-03-2002,5,32,26,6,42,9
10-03-2002,42,26,33,6,23,25
10-03-2002,1,32,47,14,7,22
13-03-2002,9,42,5,20,10,15
13-03-2002,1,40,44,17,30,12
17-03-2002,14,38,41,2,48,45
17-03-2002,8,26,24,46,49,13
20-03-2002,42,24,31,13,30,17
20-03-2002,38,27,42,25,2,16
24-03-2002,28,24,10,41,23,1
24-03-2002,25,2,4,33,36,44
27-03-2002,39,31,24,16,6,28
27-03-2002,21,25,29,48,6,26
31-03-2002,24,28,4,19,26,29
31-03-2002,42,10,18,13,33,12
03-04-2002,2,29,33,38,21,37
03-04-2002,2,35,20,5,13,48
07-04-2002,33,40,21,49,24,5
07-04-2002,12,20,3,17,8,9
10-04-2002,23,35,31,15,7,37
10-04-2002,47,10,11,19,6,38
14-04-2002,43,18,44,32,19,1
14-04-2002,49,35,37,7,47,43
17-04-2002,49,39,45,10,44,2
17-04-2002,44,11,9,13,14,32
21-04-2002,6,11,40,5,9,24
21-04-2002,16,13,32,40,15,30
24-04-2002,49,13,10,15,27,40
24-04-2002,31,28,33,19,41,45
28-04-2002,7,47,11,39,40,2
28-04-2002,19,3,43,23,33,37
01-05-2002,14,29,28,40,9,49
01-05-2002,4,5,2,36,17,14
05-05-2002,1,28,6,46,7,26
05-05-2002,48,42,4,27,8,16
08-05-2002,28,12,16,1,15,32
08-05-2002,38,14,39,3,41,22
12-05-2002,18,1,17,39,6,24
12-05-2002,7,13,27,25,26,17
15-05-2002,22,11,15,26,12,4
15-05-2002,11,13,42,22,47,9
19-05-2002,26,25,8,42,9,16
19-05-2002,9,47,29,11,49,18
22-05-2002,8,18,42,20,36,32
22-05-2002,37,46,18,15,33,3
26-05-2002,48,41,5,42,49,12
26-05-2002,26,15,27,6,33,46
29-05-2002,18,2,20,49,14,38
29-05-2002,34,47,38,1,24,46
02-06-2002,31,22,4,27,18,35
02-06-2002,42,20,37,14,49,3
05-06-2002,40,24,11,16,37,45
05-06-2002,19,37,7,10,40,36
09-06-2002,34,9,45,7,23,33
09-06-2002,36,39,37,5,38,29
12-06-2002,34,26,4,36,3,44
12-06-2002,29,8,13,36,31,41
16-06-2002,27,23,38,19,47,18
16-06-2002,3,17,22,23,10,27
19-06-2002,13,36,37,24,34,38
19-06-2002,18,41,5,43,42,22
23-06-2002,14,48,49,25,12,33
23-06-2002,39,35,4,2,23,12
26-06-2002,48,33,28,30,46,9
26-06-2002,6,24,13,38,33,37
30-06-2002,41,19,3,21,23,40
30-06-2002,3,44,45,27,28,2
03-07-2002,14,17,39,32,13,20
03-07-2002,19,3,14,35,27,25
07-07-2002,30,9,11,3,38,20
07-07-2002,22,41,45,29,13,32
10-07-2002,14,12,8,34,21,49
10-07-2002,38,2,44,6,1,15
14-07-2002,5,20,4,36,34,12
14-07-2002,43,41,22,21,15,29
17-07-2002,43,1,33,27,22,25
17-07-2002,37,17,46,43,36,9
21-07-2002,19,34,47,43,3,46
21-07-2002,20,19,26,8,12,17
24-07-2002,46,12,14,22,17,20
24-07-2002,40,16,1,10,2,47
28-07-2002,18,32,21,13,9,20
28-07-2002,27,44,17,15,24,11
31-07-2002,33,40,22,44,41,20
31-07-2002,3,11,43,48,33,32
04-08-2002,25,7,30,37,8,24
04-08-2002,29,44,9,26,37,41
07-08-2002,36,39,48,27,17,30
07-08-2002,25,11,17,10,2,32
11-08-2002,24,19,34,32,38,7
11-08-2002,22,15,27,35,17,1
14-08-2002,8,16,33,18,21,43
14-08-2002,26,17,32,49,31,45
18-08-2002,18,27,28,47,14,3
18-08-2002,33,48,7,15,42,29
21-08-2002,27,34,15,14,23,48
21-08-2002,8,23,7,48,12,44
25-08-2002,3,30,37,44,13,48
25-08-2002,17,4,31,45,16,23
28-08-2002,20,14,8,48,24,41
28-08-2002,16,28,38,27,37,36
01-09-2002,38,18,13,5,27,3
01-09-2002,32,18,4,39,33,23
04-09-2002,43,10,15,47,37,20
04-09-2002,40,5,22,38,12,1
08-09-2002,38,19,22,33,36,17
08-09-2002,22,6,21,23,47,8
11-09-2002,14,26,38,36,19,47
11-09-2002,7,28,16,49,21,19
15-09-2002,17,9,38,21,4,6
15-09-2002,25,1,8,36,43,11
18-09-2002,6,28,35,12,17,30
18-09-2002,24,10,47,22,6,39
22-09-2002,17,14,7,4,21,24
22-09-2002,13,30,1,2,32,12
25-09-2002,18,4,8,41,20,7
25-09-2002,10,46,43,11,34,8
29-09-2002,19,38,17,24,2,27
29-09-2002,26,28,7,13,33,38
02-10-2002,6,16,27,11,34,37
02-10-2002,41,39,48,16,9,5
06-10-2002,37,46,36,45,3,41
06-10-2002,6,48,21,1,13,14
09-10-2002,35,47,16,8,6,24
09-10-2002,3,27,45,49,12,32
13-10-2002,32,45,19,22,36,3
13-10-2002,48,45,4,2,14,3
16-10-2002,42,32,1,44,20,16
16-10-2002,37,11,42,33,12,5
20-10-2002,37,1,24,21,22,47
20-10-2002,6,33,34,9,24,2
23-10-2002,23,26,36,6,20,44
23-10-2002,4,39,45,29,46,2
27-10-2002,47,28,14,1,20,40
27-10-2002,43,1,14,5,36,38
30-10-2002,28,21,22,38,18,20
30-10-2002,36,15,12,39,24,27
03-11-2002,39,37,19,8,20,49
03-11-2002,28,14,41,4,12,45
06-11-2002,18,46,29,39,31,1
06-11-2002,8,17,18,38,22,15
10-11-2002,4,11,23,26,27,15
10-11-2002,38,7,42,5,47,17
13-11-2002,2,12,6,46,7,19
13-11-2002,42,40,49,38,44,7
17-11-2002,48,19,44,32,15,26
17-11-2002,24,49,20,17,40,39
20-11-2002,29,17,34,27,22,33
20-11-2002,30,12,15,45,49,2
24-11-2002,21,36,8,10,46,13
24-11-2002,37,40,18,17,48,15
27-11-2002,22,15,37,20,34,31
27-11-2002,6,29,3,40,32,39
01-12-2002,8,5,27,23,29,10
01-12-2002,3,8,6,5,13,2
04-12-2002,39,8,47,45,40,26
04-12-2002,13,16,44,11,6,27
08-12-2002,4,44,35,17,33,25
08-12-2002,19,31,47,30,21,41
11-12-2002,15,24,16,17,3,8
11-12-2002,12,44,31,40,17,43
15-12-2002,8,45,18,17,33,29
15-12-2002,46,35,11,4,30,9
18-12-2002,11,1,38,18,7,36
18-12-2002,44,16,20,33,8,21
22-12-2002,18,38,36,22,45,19
22-12-2002,7,21,48,11,28,34
25-12-2002,20,13,47,30,38,33
25-12-2002,9,13,40,36,38,21
29-12-2002,7,36,43,4,5,14
29-12-2002,25,2,37,36,44,41
01-01-2003,28,8,22,2,32,1
01-01-2003,14,38,22,31,39,6
05-01-2003,17,45,7,22,11,28
05-01-2003,35,49,40,14,47,37
08-01-2003,42,39,7,16,3,43
08-01-2003,37,18,5,33,12,23
12-01-2003,24,13,14,6,41,36
12-01-2003,19,36,31,33,28,12
15-01-2003,27,46,8,24,10,7
15-01-2003,29,3,22,17,46,2
19-01-2003,40,2,49,39,42,18
19-01-2003,43,28,9,14,47,36
22-01-2003,35,7,27,41,21,17
22-01-2003,25,32,28,27,7,14
26-01-2003,48,35,5,16,47,44
26-01-2003,9,41,13,35,49,48
29-01-2003,46,35,21,47,12,40
29-01-2003,1,28,44,20,36,24
02-02-2003,45,22,3,13,6,4
02-02-2003,45,3,41,13,22,44
05-02-2003,29,42,10,49,8,16
05-02-2003,5,23,8,48,12,18
09-02-2003,14,6,43,38,32,13
09-02-2003,48,42,29,21,2,26
12-02-2003,43,14,27,18,49,36
12-02-2003,22,36,37,33,11,2
16-02-2003,20,27,25,1,13,31
16-02-2003,29,11,18,25,19,16
19-02-2003,43,2,24,38,37,44
19-02-2003,27,49,36,31,21,5
23-02-2003,26,44,17,4,6,45
23-02-2003,49,36,27,18,46,45
26-02-2003,18,22,23,26,3,5
26-02-2003,48,26,22,8,45,29
02-03-2003,30,33,13,32,15,22
02-03-2003,32,1,7,2,44,39
05-03-2003,9,38,24,45,26,12
05-03-2003,7,44,12,25,33,31
09-03-2003,35,45,25,23,11,47
09-03-2003,34,27,42,38,45,28
12-03-2003,43,29,37,19,8,7
12-03-2003,36,12,18,16,49,37
16-03-2003,5,16,19,31,29,1
16-03-2003,21,40,17,44,22,2
19-03-2003,29,18,10,17,21,15
19-03-2003,37,48,30,9,36,5
23-03-2003,49,46,2,32,23,30
23-03-2003,4,19,22,27,24,28
26-03-2003,37,7,12,46,34,24
26-03-2003,43,9,42,21,48,19
30-03-2003,10,39,13,1,48,35
30-03-2003,45,29,42,17,41,26
02-04-2003,5,22,38,12,43,10
02-04-2003,49,45,21,28,40,26
06-04-2003,46,4,40,39,28,2
06-04-2003,8,33,40,38,23,26
09-04-2003,16,41,34,47,7,24
09-04-2003,25,49,48,18,2,12
13-04-2003,2,45,46,36,34,40
13-04-2003,9,48,21,5,24,37
16-04-2003,44,29,30,37,28,36
16-04-2003,20,8,28,4,2,48
20-04-2003,38,44,43,49,41,17
20-04-2003,36,35,39,25,30,11
23-04-2003,37,45,11,36,29,3
23-04-2003,3,33,7,47,1,6
27-04-2003,36,20,6,31,32,3
27-04-2003,49,38,2,24,42,11
30-04-2003,22,21,2,18,13,9
30-04-2003,31,18,33,17,1,37
04-05-2003,42,11,46,37,4,30
04-05-2003,31,29,9,6,48,34
07-05-2003,12,3,19,16,28,31
07-05-2003,18,7,46,35,34,6
11-05-2003,47,16,32,29,20,14
11-05-2003,40,39,26,11,48,10
14-05-2003,8,29,17,41,45,34
14-05-2003,6,7,48,2,35,32
18-05-2003,41,3,34,30,32,49
18-05-2003,44,15,41,28,32,36
21-05-2003,5,15,35,6,13,30
21-05-2003,20,49,44,28,18,14
25-05-2003,38,22,1,10,16,49
25-05-2003,39,43,2,18,35,46
28-05-2003,11,41,1,34,25,29
28-05-2003,8,27,18,16,33,19
01-06-2003,8,27,2,35,47,28
01-06-2003,40,28,7,6,39,3
04-06-2003,9,44,34,43,1,6
04-06-2003,37,35,17,14,12,2
08-06-2003,24,20,34,47,13,9
08-06-2003,4,38,3,25,9,46
11-06-2003,47,3,30,39,36,10
11-06-2003,13,23,1,18,28,12
15-06-2003,2,46,25,21,5,48
15-06-2003,12,7,48,10,19,30
18-06-2003,11,26,4,12,15,47
18-06-2003,2,5,28,17,13,11
22-06-2003,7,35,6,44,9,19
22-06-2003,29,30,44,15,36,1
25-06-2003,12,10,25,5,14,15
25-06-2003,44,2,3,21,33,38
29-06-2003,37,45,46,48,15,32
29-06-2003,20,18,24,49,42,44
02-07-2003,36,28,27,31,6,34
02-07-2003,3,30,46,25,28,7
06-07-2003,37,29,47,18,13,16
06-07-2003,37,46,49,20,29,47
09-07-2003,43,7,33,22,16,35
09-07-2003,46,32,18,26,25,48
13-07-2003,20,4,42,10,29,6
13-07-2003,19,4,23,16,6,31
16-07-2003,13,5,4,16,18,11
16-07-2003,45,15,17,46,25,44
20-07-2003,27,35,14,23,10,19
20-07-2003,8,1,26,24,40,44
23-07-2003,28,15,9,48,13,42
23-07-2003,49,30,12,19,6,29
27-07-2003,3,43,32,20,2,23
27-07-2003,15,11,44,13,6,24
30-07-2003,20,8,22,6,2,1
30-07-2003,30,39,12,32,10,34
03-08-2003,43,23,15,45,30,31
03-08-2003,26,17,4,20,19,43
06-08-2003,7,22,48,45,15,20
06-08-2003,23,12,29,13,20,28
10-08-2003,5,28,30,38,13,2
10-08-2003,28,37,29,2,24,48
13-08-2003,42,13,47,34,1,39
13-08-2003,29,15,22,11,16,2
17-08-2003,25,31,28,35,47,21
17-08-2003,19,49,14,23,35,12
20-08-2003,18,46,29,45,32,20
20-08-2003,14,15,34,45,26,22
24-08-2003,18,48,6,29,40,38
24-08-2003,9,21,28,38,11,6
27-08-2003,25,20,33,21,6,8
27-08-2003,10,20,43,16,32,36
31-08-2003,42,33,16,21,49,11
31-08-2003,45,6,25,20,10,7
03-09-2003,10,2,11,49,37,46
03-09-2003,5,46,41,31,20,23
07-09-2003,25,21,6,11,38,17
07-09-2003,41,12,2,4,13,31
10-09-2003,6,44,16,39,23,21
10-09-2003,27,10,20,32,40,24
14-09-2003,21,4,12,6,19,46
14-09-2003,27,35,29,25,38,22
17-09-2003,32,4,18,8,33,47
17-09-2003,5,2,44,38,49,33
21-09-2003,9,30,40,38,7,23
21-09-2003,34,46,14,31,2,35
24-09-2003,27,29,44,11,49,25
24-09-2003,27,18,40,26,42,34
28-09-2003,3,21,48,39,44,41
28-09-2003,13,27,3,21,24,42
01-10-2003,13,45,9,31,43,1
01-10-2003,49,12,23,15,13,38
05-10-2003,18,29,46,4,9,49
05-10-2003,38,41,8,34,36,21
08-10-2003,19,38,17,11,46,21
08-10-2003,1,26,47,39,9,7
12-10-2003,36,40,47,21,20,6
12-10-2003,2,15,48,46,16,17
15-10-2003,38,34,29,10,30,20
15-10-2003,3,13,5,46,1,12
19-10-2003,39,32,20,26,1,44
19-10-2003,36,3,43,1,34,45
22-10-2003,25,32,41,19,43,44
22-10-2003,19,47,5,7,35,11
26-10-2003,7,22,16,47,1,9
26-10-2003,25,49,22,19,21,35
29-10-2003,18,20,30,11,44,33
29-10-2003,9,29,23,46,12,45
02-11-2003,17,31,15,30,45,11
02-11-2003,21,40,36,7,31,18
05-11-2003,36,41,39,25,6,14
05-11-2003,17,8,14,37,13,26
09-11-2003,39,31,29,28,7,13
09-11-2003,41,17,42,49,20,18
12-11-2003,36,9,8,2,18,25
12-11-2003,24,12,6,37,39,45
16-11-2003,40,4,5,43,41,15
16-11-2003,5,12,41,38,30,24
19-11-2003,10,43,41,12,25,22
19-11-2003,39,45,29,31,30,20
23-11-2003,47,28,36,7,13,23
23-11-2003,12,47,37,23,49,4
26-11-2003,11,49,10,25,45,24
26-11-2003,5,33,24,29,27,38
30-11-2003,27,38,8,48,43,3
30-11-2003,9,44,13,10,47,5
03-12-2003,18,33,14,48,11,6
03-12-2003,28,47,40,39,37,32
07-12-2003,22,8,48,4,40,18
07-12-2003,29,13,12,28,21,4
10-12-2003,23,42,24,8,29,2
10-12-2003,37,40,38,12,17,33
14-12-2003,8,22,4,7,32,5
14-12-2003,47,33,41,27,8,29
17-12-2003,43,35,33,42,24,7
17-12-2003,42,11,6,27,39,25
21-12-2003,20,37,29,25,41,14
21-12-2003,45,21,6,32,5,22
24-12-2003,38,7,2,22,30,12
24-12-2003,8,40,46,19,26,47
28-12-2003,34,12,38,45,46,2
28-12-2003,33,35,48,42,34,32
31-12-2003,35,8,46,49,14,3
31-12-2003,3,20,27,33,5,36
04-01-2004,47,21,15,34,40,28
04-01-2004,47,19,27,32,17,38
07-01-2004,34,5,43,14,12,21
07-01-2004,8,40,49,25,17,46
11-01-2004,13,8,18,34,28,16
11-01-2004,37,19,42,29,9,17
14-01-2004,7,33,35,4,28,19
14-01-2004,29,41,44,17,8,5
18-01-2004,17,3,28,1,19,9
18-01-2004,6,38,20,33,32,28
21-01-2004,41,5,45,14,49,19
21-01-2004,37,32,41,22,48,45
25-01-2004,29,26,31,15,43,44
25-01-2004,4,8,41,30,36,37
28-01-2004,25,30,49,31,42,47
28-01-2004,40,4,12,13,48,23
01-02-2004,22,36,24,19,43,23
01-02-2004,39,3,18,33,32,48
04-02-2004,46,20,9,45,3,30
04-02-2004,14,25,41,34,2,32
08-02-2004,6,31,7,48,2,25
08-02-2004,46,21,16,25,39,20
11-02-2004,35,32,39,25,38,23
11-02-2004,34,44,21,20,7,28
15-02-2004,31,41,3,35,27,19
15-02-2004,41,14,11,37,34,24
18-02-2004,24,9,36,6,14,19
18-02-2004,46,34,41,26,18,19
22-02-2004,34,26,31,14,49,21
22-02-2004,47,46,10,36,44,18
25-02-2004,27,25,21,38,15,10
25-02-2004,34,1,48,31,11,45
29-02-2004,45,18,47,43,42,21
29-02-2004,24,25,17,1,9,19
03-03-2004,24,21,47,23,39,17
03-03-2004,4,47,1,16,38,44
07-03-2004,37,9,12,23,40,42
07-03-2004,39,5,37,48,21,15
10-03-2004,46,24,5,29,38,21
10-03-2004,21,10,16,25,40,15
14-03-2004,3,10,12,40,45,16
14-03-2004,45,37,14,29,44,34
17-03-2004,41,40,23,9,32,16
17-03-2004,25,2,21,38,19,15
21-03-2004,46,41,29,4,21,30
21-03-2004,18,28,12,35,29,46
24-03-2004,37,21,32,5,23,4
24-03-2004,40,4,35,41,43,9
28-03-2004,9,11,40,17,13,46
28-03-2004,1,44,15,14,32,4
31-03-2004,1,45,16,13,49,33
31-03-2004,3,12,11,17,13,26
04-04-2004,20,8,46,25,5,47
04-04-2004,46,11,4,38,40,23
07-04-2004,24,19,38,25,16,14
07-04-2004,5,29,25,41,43,49
11-04-2004,32,42,27,16,5,20
11-04-2004,5,15,7,14,42,29
14-04-2004,3,9,13,46,4,22
14-04-2004,38,46,26,32,10,14
18-04-2004,45,17,8,33,2,41
18-04-2004,16,38,26,42,19,36
21-04-2004,18,11,47,21,6,17
21-04-2004,5,11,41,17,43,19
25-04-2004,29,4,28,23,20,15
25-04-2004,2,17,34,46,30,13
28-04-2004,32,16,34,17,35,41
28-04-2004,34,42,36,33,8,21
02-05-2004,40,18,49,15,31,44
02-05-2004,10,15,9,38,29,11
05-05-2004,3,46,31,38,35,47
05-05-2004,34,22,45,21,28,1
09-05-2004,1,5,29,20,42,17
09-05-2004,28,22,37,38,13,27
12-05-2004,33,34,5,14,43,4
12-05-2004,11,26,44,31,14,1
16-05-2004,21,12,25,20,34,49
16-05-2004,25,26,14,39,23,30
19-05-2004,29,41,12,17,31,3
19-05-2004,42,8,5,30,18,40
23-05-2004,30,4,33,18,28,11
23-05-2004,1,25,41,44,48,46
26-05-2004,8,31,24,37,44,43
26-05-2004,32,38,19,29,20,22
30-05-2004,24,1,17,13,46,5
30-05-2004,44,17,30,35,29,22
02-06-2004,48,18,4,39,34,40
02-06-2004,10,24,20,9,35,27
06-06-2004,36,37,17,6,32,14
06-06-2004,18,16,37,26,13,42
09-06-2004,46,21,26,41,30,7
09-06-2004,37,31,36,32,24,18
13-06-2004,30,49,9,29,3,23
13-06-2004,1,11,13,45,29,46
16-06-2004,11,21,19,18,33,47
16-06-2004,48,47,16,30,20,42
20-06-2004,19,18,14,13,44,41
20-06-2004,26,31,29,19,17,35
23-06-2004,43,34,26,27,40,23
23-06-2004,46,27,12,41,30,21
27-06-2004,25,48,40,7,13,38
27-06-2004,46,8,17,11,7,10
30-06-2004,25,18,8,41,49,43
30-06-2004,4,26,1,40,49,42
04-07-2004,10,37,9,5,14,31
04-07-2004,25,36,40,10,15,48
07-07-2004,10,45,3,41,28,4
07-07-2004,1,15,26,6,2,5
11-07-2004,40,48,6,11,36,37
11-07-2004,23,27,32,26,10,20
14-07-2004,44,38,6,45,25,34
14-07-2004,36,4,2,25,8,24
18-07-2004,9,22,27,23,8,11
18-07-2004,19,44,15,23,36,42
21-07-2004,19,3,23,22,14,21
21-07-2004,43,48,7,13,6,27
25-07-2004,41,31,32,45,29,9
25-07-2004,1,10,9,46,30,17
28-07-2004,19,14,31,26,43,20
28-07-2004,48,15,18,42,5,21
01-08-2004,41,40,5,29,8,30
01-08-2004,44,14,7,13,8,34
04-08-2004,15,12,43,29,27,34
04-08-2004,30,28,15,45,29,43
08-08-2004,48,15,32,33,42,38
08-08-2004,39,1,13,46,14,20
11-08-2004,34,35,14,30,7,27
11-08-2004,10,28,7,47,27,41
15-08-2004,11,6,41,21,49,12
15-08-2004,11,13,42,47,5,31
18-08-2004,40,34,26,21,20,22
18-08-2004,12,42,31,47,3,43
22-08-2004,42,30,33,39,47,23
22-08-2004,23,36,26,46,2,20
25-08-2004,22,38,6,13,11,8
25-08-2004,16,11,8,34,33,43
29-08-2004,13,9,20,46,41,47
29-08-2004,37,28,12,15,40,34
01-09-2004,48,23,32,6,19,39
01-09-2004,41,30,20,44,25,28
05-09-2004,30,21,18,5,24,19
05-09-2004,32,46,29,33,47,1
08-09-2004,42,28,18,33,44,37
08-09-2004,23,9,31,29,28,46
12-09-2004,37,8,46,11,4,22
12-09-2004,20,4,6,10,14,45
15-09-2004,48,5,27,13,19,8
15-09-2004,49,34,4,11,40,21
19-09-2004,4,8,42,25,37,20
19-09-2004,7,46,30,42,31,2
22-09-2004,5,7,26,42,48,16
22-09-2004,46,1,11,33,29,45
26-09-2004,16,45,44,19,29,27
26-09-2004,36,27,4,18,40,15
29-09-2004,45,42,11,25,22,44
29-09-2004,16,6,13,34,36,8
03-10-2004,35,41,47,26,46,11
03-10-2004,2,47,33,21,5,1
06-10-2004,39,25,47,37,34,9
06-10-2004,35,21,12,20,4,44
10-10-2004,18,7,39,36,11,4
10-10-2004,30,28,8,14,6,41
13-10-2004,7,46,26,40,12,48
13-10-2004,48,11,41,14,18,24
17-10-2004,10,46,34,29,19,20
17-10-2004,5,40,13,47,4,7
20-10-2004,23,2,15,35,37,32
20-10-2004,44,8,26,27,41,36
24-10-2004,34,1,49,35,26,13
24-10-2004,15,12,23,41,9,20
27-10-2004,23,46,6,24,31,10
27-10-2004,25,17,34,5,24,19
31-10-2004,42,44,45,7,13,14
31-10-2004,40,9,2,20,32,44
03-11-2004,11,7,29,48,23,40
03-11-2004,5,4,44,3,12,38
07-11-2004,7,8,42,36,31,5
07-11-2004,12,2,21,10,46,29
10-11-2004,15,36,26,25,2,37
10-11-2004,3,31,18,33,17,47
14-11-2004,7,3,26,22,45,40
14-11-2004,33,25,13,17,4,20
17-11-2004,12,9,37,8,43,32
17-11-2004,9,44,15,34,21,38
21-11-2004,19,15,35,25,44,46
21-11-2004,6,8,4,2,12,24
24-11-2004,32,48,45,7,21,23
24-11-2004,25,37,5,2,26,13
28-11-2004,36,17,1,15,9,23
28-11-2004,17,30,22,44,36,10
01-12-2004,14,15,36,30,24,17
01-12-2004,2,5,6,46,44,48
05-12-2004,34,41,26,39,29,48
05-12-2004,29,9,40,45,1,28
08-12-2004,38,29,42,24,19,46
08-12-2004,2,37,38,33,15,43
12-12-2004,11,29,32,45,19,20
12-12-2004,5,12,23,49,16,42
15-12-2004,13,46,4,40,32,19
15-12-2004,42,19,6,35,22,26
19-12-2004,26,21,6,4,12,23
19-12-2004,6,34,15,25,47,4
22-12-2004,21,19,32,42,3,45
22-12-2004,21,37,5,24,32,18
26-12-2004,16,45,18,8,27,21
26-12-2004,7,47,11,31,48,43
29-12-2004,29,42,11,20,4,33
29-12-2004,18,28,7,20,37,38
02-01-2005,17,4,30,25,18,37
02-01-2005,39,5,42,46,21,38
05-01-2005,17,34,22,1,3,29
05-01-2005,38,13,33,17,8,44
09-01-2005,39,28,21,9,27,19
09-01-2005,36,10,6,17,3,49
12-01-2005,48,30,24,10,33,19
12-01-2005,31,21,49,4,38,15
16-01-2005,41,33,40,12,15,45
16-01-2005,23,42,36,13,41,29
19-01-2005,45,29,10,3,36,20
19-01-2005,45,35,12,48,26,3
23-01-2005,15,6,26,4,18,29
23-01-2005,9,35,6,4,21,28
26-01-2005,10,13,6,24,26,9
26-01-2005,4,43,39,25,11,32
30-01-2005,46,32,28,27,30,41
30-01-2005,42,1,4,49,9,48
02-02-2005,49,42,18,30,37,10
02-02-2005,46,40,34,19,3,25
06-02-2005,2,40,4,8,18,12
06-02-2005,14,13,40,33,28,22
09-02-2005,22,29,26,30,48,2
09-02-2005,3,8,29,27,33,25
13-02-2005,10,9,21,32,20,12
13-02-2005,4,23,17,6,14,49
16-02-2005,17,29,22,27,39,3
16-02-2005,16,33,27,30,18,24
20-02-2005,46,24,22,1,5,30
20-02-2005,43,47,21,23,4,36
23-02-2005,17,31,10,35,37,24
23-02-2005,38,28,18,43,17,20
27-02-2005,23,40,15,5,42,49
27-02-2005,11,32,29,22,4,25
02-03-2005,32,10,35,26,34,39
02-03-2005,4,34,16,5,23,38
06-03-2005,18,13,35,34,28,33
06-03-2005,27,6,18,4,16,46
09-03-2005,26,9,8,7,41,2
09-03-2005,1,41,7,40,28,34
13-03-2005,10,23,18,40,27,28
13-03-2005,43,8,28,9,10,36
16-03-2005,1,13,26,45,21,14
16-03-2005,44,5,40,30,48,19
20-03-2005,28,19,25,3,47,45
20-03-2005,29,37,41,21,2,5
23-03-2005,26,4,19,25,30,2
23-03-2005,43,14,17,29,6,25
27-03-2005,44,8,25,33,27,1
27-03-2005,1,45,3,36,11,16
30-03-2005,37,48,30,31,35,3
30-03-2005,44,47,49,12,10,40
03-04-2005,30,23,12,44,39,26
03-04-2005,40,16,3,1,39,12
06-04-2005,49,5,45,9,34,18
06-04-2005,7,41,31,42,40,35
10-04-2005,16,29,43,3,31,47
10-04-2005,35,11,17,3,47,12
13-04-2005,34,22,17,8,49,36
13-04-2005,46,41,49,30,10,9
17-04-2005,46,27,35,17,24,8
17-04-2005,17,25,20,47,27,1
20-04-2005,14,21,20,44,43,17
20-04-2005,48,27,37,14,5,39
24-04-2005,10,22,2,36,19,14
24-04-2005,49,5,4,18,46,7
27-04-2005,39,40,28,26,47,12
27-04-2005,32,3,29,24,20,19
01-05-2005,5,25,2,12,15,28
01-05-2005,43,32,5,48,36,29
04-05-2005,34,4,46,28,11,19
04-05-2005,41,42,5,37,43,10
08-05-2005,33,29,32,49,48,22
08-05-2005,13,30,40,16,10,28
11-05-2005,32,15,2,40,5,43
11-05-2005,19,10,48,20,30,46
15-05-2005,25,49,29,27,35,16
15-05-2005,29,7,11,23,10,12
18-05-2005,9,40,49,13,18,48
18-05-2005,19,10,18,34,20,32
22-05-2005,21,27,6,11,22,37
22-05-2005,33,43,36,35,32,19
25-05-2005,24,37,48,44,22,20
25-05-2005,23,15,22,43,34,13
29-05-2005,2,28,45,49,47,32
29-05-2005,23,20,31,8,7,19
01-06-2005,19,44,8,41,38,39
01-06-2005,26,6,40,32,11,38
05-06-2005,23,10,38,21,43,44
05-06-2005,19,20,28,44,30,6
08-06-2005,13,15,7,45,42,19
08-06-2005,25,15,20,4,44,33
12-06-2005,45,2,22,12,9,46
12-06-2005,37,31,40,3,2,33
15-06-2005,3,43,35,19,36,31
15-06-2005,28,27,24,30,20,14
19-06-2005,8,3,29,37,39,30
19-06-2005,3,28,44,10,24,34
22-06-2005,19,9,12,46,6,44
22-06-2005,14,41,32,29,43,12
26-06-2005,5,2,32,45,27,25
26-06-2005,22,30,31,39,46,49
29-06-2005,21,44,6,40,31,22
29-06-2005,31,46,1,14,29,28
03-07-2005,14,34,47,9,6,49
03-07-2005,44,12,7,39,4,16
06-07-2005,28,39,2,29,37,10
06-07-2005,5,24,40,13,31,15
10-07-2005,36,45,11,12,49,13
10-07-2005,36,24,26,41,44,18
13-07-2005,22,24,48,8,15,28
13-07-2005,44,35,48,49,5,40
17-07-2005,45,30,25,39,31,38
17-07-2005,31,23,7,26,11,18
20-07-2005,40,46,13,16,43,34
20-07-2005,10,31,49,42,21,26
24-07-2005,14,25,20,4,6,37
24-07-2005,31,26,8,41,48,1
27-07-2005,43,47,5,2,20,19
27-07-2005,25,17,34,12,19,23
31-07-2005,35,3,41,12,16,36
31-07-2005,25,29,10,7,13,4
03-08-2005,4,36,47,31,7,20
03-08-2005,3,11,6,4,29,28
07-08-2005,38,32,8,41,43,13
07-08-2005,40,38,39,44,21,48
10-08-2005,40,18,26,2,19,12
10-08-2005,23,7,36,14,11,46
14-08-2005,47,6,13,9,30,10
14-08-2005,31,33,24,39,38,20
17-08-2005,37,27,13,26,6,3
17-08-2005,37,15,22,40,45,27
21-08-2005,13,24,2,9,19,37
21-08-2005,33,31,3,49,37,25
24-08-2005,48,5,21,8,26,1
24-08-2005,11,33,13,6,40,42
28-08-2005,19,28,4,11,17,48
28-08-2005,10,35,9,13,6,24
31-08-2005,16,13,27,11,35,32
31-08-2005,46,11,38,6,28,25
04-09-2005,30,17,18,31,44,4
04-09-2005,11,5,47,32,20,45
07-09-2005,23,46,45,36,35,2
07-09-2005,6,18,36,41,30,22
11-09-2005,19,14,35,40,1,15
11-09-2005,21,4,47,19,14,23
14-09-2005,33,15,48,40,36,9
14-09-2005,43,31,16,44,12,45
18-09-2005,6,40,4,29,44,11
18-09-2005,24,20,12,8,26,48
21-09-2005,25,26,14,46,11,13
21-09-2005,30,10,49,4,34,22
25-09-2005,7,36,3,15,14,18
25-09-2005,22,49,16,19,24,9
28-09-2005,40,20,30,31,25,18
28-09-2005,7,10,17,33,46,34
02-10-2005,9,18,27,31,34,36
02-10-2005,5,1,6,37,11,16
05-10-2005,18,6,30,49,24,15
05-10-2005,16,29,7,40,20,48
09-10-2005,9,48,3,10,16,7
09-10-2005,31,43,21,37,23,18
12-10-2005,44,37,4,33,15,22
12-10-2005,22,36,9,6,3,46
16-10-2005,30,26,31,23,42,44
16-10-2005,3,25,38,19,37,43
19-10-2005,27,14,12,8,9,30
19-10-2005,34,5,41,18,39,30
23-10-2005,42,5,37,23,33,40
23-10-2005,1,21,14,35,43,41
26-10-2005,14,41,2,47,15,26
26-10-2005,3,11,43,18,12,36
30-10-2005,42,33,30,38,13,15
30-10-2005,32,29,12,16,1,43
02-11-2005,31,14,6,23,10,47
02-11-2005,23,31,48,26,2,24
06-11-2005,8,40,49,6,26,19
06-11-2005,38,35,17,20,13,26
09-11-2005,10,33,2,4,48,47
09-11-2005,34,12,22,37,5,17
13-11-2005,24,49,26,22,34,37
13-11-2005,17,33,36,23,45,40
16-11-2005,41,31,16,48,6,36
16-11-2005,14,18,32,8,9,40
20-11-2005,20,31,6,27,29,39
20-11-2005,35,45,24,9,48,42
23-11-2005,34,27,8,4,17,24
23-11-2005,24,27,29,5,35,16
27-11-2005,31,49,8,1,30,26
27-11-2005,45,43,14,20,22,49
30-11-2005,46,9,47,32,26,45
30-11-2005,22,6,35,10,45,15
04-12-2005,14,8,17,12,31,36
04-12-2005,29,46,33,26,43,49
07-12-2005,14,22,34,46,13,17
07-12-2005,40,42,34,18,30,16
11-12-2005,32,1,19,15,31,14
11-12-2005,26,22,32,23,35,27
14-12-2005,37,21,42,44,23,13
14-12-2005,38,44,31,26,2,9
18-12-2005,26,43,33,11,47,5
18-12-2005,36,21,18,38,13,23
21-12-2005,46,41,23,17,9,22
21-12-2005,1,11,20,3,26,13
25-12-2005,19,5,1,25,37,44
25-12-2005,16,15,32,43,19,38
28-12-2005,7,17,47,41,42,1
28-12-2005,24,18,16,28,49,21
01-01-2006,11,14,21,17,24,20
01-01-2006,40,26,33,1,38,41
04-01-2006,6,25,37,26,7,44
04-01-2006,30,14,2,1,33,25
08-01-2006,12,9,8,13,25,32
08-01-2006,32,43,15,12,20,2
11-01-2006,37,9,44,22,13,4
11-01-2006,9,49,40,15,34,25
15-01-2006,22,7,39,32,24,35
15-01-2006,31,11,19,16,37,5
18-01-2006,48,46,18,15,29,32
18-01-2006,31,44,28,35,15,47
22-01-2006,6,1,3,47,29,20
22-01-2006,37,36,43,12,1,34
25-01-2006,11,41,29,15,5,48
25-01-2006,23,40,18,30,48,37
29-01-2006,34,43,10,24,39,11
29-01-2006,47,15,41,19,14,40
01-02-2006,21,3,38,47,45,20
01-02-2006,11,32,12,45,22,25
05-02-2006,24,5,43,22,16,44
05-02-2006,7,2,19,16,23,27
08-02-2006,14,7,15,43,28,37
08-02-2006,19,12,45,11,32,41
12-02-2006,4,36,27,43,48,35
12-02-2006,2,19,20,30,45,16
15-02-2006,33,41,40,31,30,6
15-02-2006,23,31,21,36,10,40
19-02-2006,45,40,6,21,19,49
19-02-2006,35,44,3,2,41,7
22-02-2006,47,37,1,10,27,17
22-02-2006,7,39,22,19,43,49
26-02-2006,35,17,42,24,33,49
26-02-2006,34,10,21,8,23,9
01-03-2006,19,43,1,44,30,4
01-03-2006,36,31,13,47,18,48
05-03-2006,26,48,24,30,49,21
05-03-2006,32,30,46,39,3,14
08-03-2006,30,28,26,14,10,33
08-03-2006,36,32,6,45,15,38
12-03-2006,33,31,41,45,17,12
12-03-2006,1,45,18,43,46,21
15-03-2006,28,25,34,48,15,42
15-03-2006,16,3,12,9,44,26
19-03-2006,1,49,10,27,25,28
19-03-2006,27,23,30,6,12,38
22-03-2006,10,44,40,48,16,17
22-03-2006,18,44,21,6,10,5
26-03-2006,16,30,1,36,33,26
26-03-2006,15,21,7,9,45,44
29-03-2006,29,28,9,32,2,33
29-03-2006,27,45,4,48,39,7
02-04-2006,29,2,18,9,37,41
02-04-2006,11,36,9,12,2,33
05-04-2006,38,4,45,19,7,23
05-04-2006,20,18,45,10,47,31
09-04-2006,38,25,4,40,28,13
09-04-2006,20,8,25,6,39,5
12-04-2006,5,2,19,28,33,30
12-04-2006,39,10,25,22,12,27
16-04-2006,35,10,8,19,18,38
16-04-2006,34,3,16,15,6,8
19-04-2006,5,15,29,33,3,31
19-04-2006,15,23,32,2,7,14
23-04-2006,33,39,29,38,40,43
23-04-2006,41,31,36,37,16,20
26-04-2006,26,29,5,9,42,48
26-04-2006,6,27,42,14,28,8
30-04-2006,3,8,25,36,35,21
30-04-2006,8,6,47,16,40,9
03-05-2006,31,11,48,18,24,38
03-05-2006,1,45,6,39,11,47
07-05-2006,3,18,43,39,25,31
07-05-2006,15,33,34,12,19,37
10-05-2006,2,19,40,46,30,39
10-05-2006,14,27,17,43,46,34
14-05-2006,32,22,2,27,11,28
14-05-2006,15,34,39,21,41,37
17-05-2006,6,31,17,24,33,18
17-05-2006,28,14,23,43,27,16
21-05-2006,7,44,35,21,31,36
21-05-2006,16,12,34,6,8,24
24-05-2006,42,22,26,10,38,14
24-05-2006,11,8,16,37,40,20
28-05-2006,24,48,32,12,9,23
28-05-2006,37,6,12,34,18,30
31-05-2006,38,28,11,6,21,10
31-05-2006,31,23,49,13,29,19
04-06-2006,35,37,23,43,14,31
04-06-2006,24,44,42,11,10,30
07-06-2006,6,41,30,37,38,19
07-06-2006,13,19,48,39,43,28
11-06-2006,40,44,45,17,35,7
11-06-2006,20,2,29,24,11,12
14-06-2006,5,42,40,34,36,1
14-06-2006,39,20,4,18,33,6
18-06-2006,31,17,1,23,22,21
18-06-2006,4,10,27,36,7,46
21-06-2006,39,20,44,28,29,19
21-06-2006,31,19,44,41,7,10
25-06-2006,44,5,19,15,49,32
25-06-2006,18,28,7,9,21,29
28-06-2006,48,35,33,40,3,22
28-06-2006,7,42,8,9,2,31
02-07-2006,39,21,14,12,5,2
02-07-2006,14,16,35,2,4,49
05-07-2006,40,33,5,35,41,45
05-07-2006,40,11,23,20,32,31
09-07-2006,31,47,2,13,14,21
09-07-2006,43,2,13,4,47,33
12-07-2006,42,40,16,49,15,30
12-07-2006,18,20,27,11,29,19
16-07-2006,3,4,16,47,43,40
16-07-2006,44,38,40,24,16,48
19-07-2006,28,31,34,1,22,48
19-07-2006,31,49,23,27,8,7
23-07-2006,3,23,31,20,47,11
23-07-2006,44,5,29,38,7,42
26-07-2006,41,25,33,42,2,4
26-07-2006,10,12,9,36,37,28
30-07-2006,20,40,16,28,23,47
30-07-2006,46,35,29,37,41,25
02-08-2006,6,18,32,31,5,27
02-08-2006,16,36,7,4,6,24
06-08-2006,30,40,33,29,17,15
06-08-2006,5,20,23,37,45,29
09-08-2006,3,26,12,42,6,48
09-08-2006,8,41,26,39,19,12
13-08-2006,31,49,26,47,43,41
13-08-2006,38,3,40,10,1,36
16-08-2006,5,12,39,17,7,13
16-08-2006,44,29,47,38,11,49
20-08-2006,31,22,5,44,49,25
20-08-2006,7,20,29,37,32,9
23-08-2006,1,41,10,9,45,29
23-08-2006,1,24,38,44,10,9
27-08-2006,1,43,17,37,34,30
27-08-2006,2,24,48,19,43,35
30-08-2006,1,46,29,47,48,4
30-08-2006,40,32,1,14,11,24
03-09-2006,31,40,37,42,2,35
03-09-2006,8,20,30,16,45,21
06-09-2006,40,13,42,24,14,12
06-09-2006,22,43,46,41,36,10
10-09-2006,40,31,19,35,39,34
10-09-2006,45,21,36,33,16,40
13-09-2006,46,28,24,37,1,2
13-09-2006,30,1,27,20,23,21
15-09-2006,29,36,39,46,8,30
15-09-2006,40,7,28,19,43,10
17-09-2006,16,1,22,18,13,43
17-09-2006,8,17,32,48,30,44
20-09-2006,21,1,14,24,37,36
20-09-2006,36,16,42,19,47,8
24-09-2006,46,40,22,31,10,25
24-09-2006,14,36,25,42,11,37
27-09-2006,49,43,16,41,48,6
27-09-2006,1,25,15,30,41,28
01-10-2006,22,37,39,32,29,11
01-10-2006,35,32,42,31,24,3
04-10-2006,48,20,33,28,23,30
04-10-2006,26,33,22,40,45,20
08-10-2006,43,9,40,10,3,41
08-10-2006,49,18,43,5,2,14
11-10-2006,7,46,18,48,9,26
11-10-2006,13,16,31,21,47,24
15-10-2006,39,45,43,49,30,41
15-10-2006,33,15,30,34,22,49
18-10-2006,44,31,30,35,14,32
18-10-2006,31,14,2,18,15,26
22-10-2006,8,34,31,28,25,9
22-10-2006,13,23,40,30,43,34
25-10-2006,46,8,7,17,37,34
25-10-2006,2,9,3,30,5,45
29-10-2006,12,6,21,14,2,7
29-10-2006,37,23,25,16,8,2
01-11-2006,43,5,37,27,12,13
01-11-2006,2,34,3,29,41,13
05-11-2006,37,8,26,25,48,18
05-11-2006,16,11,42,21,13,22
08-11-2006,38,39,23,18,24,5
08-11-2006,30,45,11,8,46,41
12-11-2006,13,27,17,32,35,42
12-11-2006,13,36,27,30,22,20
15-11-2006,14,44,12,13,23,39
15-11-2006,47,36,44,21,29,2
19-11-2006,2,4,47,20,31,24
19-11-2006,14,13,40,6,22,49
22-11-2006,6,1,10,8,49,48
22-11-2006,15,7,41,42,17,49
26-11-2006,44,14,25,31,17,48
26-11-2006,36,8,34,5,27,15
29-11-2006,1,38,17,11,26,5
29-11-2006,26,2,17,38,16,7
03-12-2006,15,27,30,13,36,23
03-12-2006,2,24,40,30,32,18
06-12-2006,33,18,20,29,41,35
06-12-2006,8,30,18,17,32,10
10-12-2006,2,44,24,4,20,16
10-12-2006,8,3,45,4,17,37
13-12-2006,16,14,37,17,44,34
13-12-2006,43,35,20,37,6,2
17-12-2006,41,8,3,47,46,7
17-12-2006,7,9,31,37,14,8
20-12-2006,13,43,49,41,42,38
20-12-2006,12,33,22,3,31,7
24-12-2006,30,21,48,36,38,49
24-12-2006,34,5,29,33,48,49
27-12-2006,41,45,39,31,28,43
27-12-2006,25,24,17,44,39,41
31-12-2006,40,17,5,22,11,1
31-12-2006,31,24,13,32,19,25
03-01-2007,34,38,18,48,14,49
03-01-2007,26,48,43,17,9,5
07-01-2007,16,19,20,3,22,43
07-01-2007,17,36,19,13,9,30
10-01-2007,12,22,1,11,37,7
10-01-2007,18,40,1,30,45,6
14-01-2007,32,33,17,14,40,37
14-01-2007,3,38,43,14,15,47
17-01-2007,4,5,30,47,12,20
17-01-2007,9,13,27,14,19,32
21-01-2007,37,44,31,22,40,3
21-01-2007,4,28,33,35,10,12
24-01-2007,18,29,1,28,20,19
24-01-2007,42,1,5,11,33,9
28-01-2007,16,19,26,28,27,2
28-01-2007,44,28,10,7,38,20
31-01-2007,12,28,4,33,34,7
31-01-2007,34,49,26,44,42,2
02-02-2007,21,13,46,25,32,28
02-02-2007,29,12,49,40,47,13
04-02-2007,32,25,13,39,44,3
04-02-2007,7,11,32,9,1,18
07-02-2007,27,3,7,34,19,20
07-02-2007,37,35,49,40,44,43
11-02-2007,11,45,34,4,1,36
11-02-2007,12,36,38,14,35,10
14-02-2007,8,15,17,3,45,9
14-02-2007,25,45,14,15,27,28
18-02-2007,30,34,35,13,18,22
18-02-2007,49,47,17,41,14,40
21-02-2007,34,9,48,6,23,30
21-02-2007,22,39,10,16,14,24
25-02-2007,33,28,22,9,48,16
25-02-2007,42,2,25,15,14,32
28-02-2007,41,19,49,33,20,35
28-02-2007,35,6,37,4,7,38
04-03-2007,8,7,9,29,42,17
04-03-2007,14,20,43,32,12,33
07-03-2007,25,36,4,17,48,23
07-03-2007,11,43,13,49,20,30
11-03-2007,47,32,29,44,40,39
11-03-2007,3,38,4,31,5,33
14-03-2007,6,33,45,3,28,36
14-03-2007,18,23,49,38,24,2
18-03-2007,48,34,21,31,37,40
18-03-2007,40,6,36,12,33,20
21-03-2007,39,34,24,31,47,44
21-03-2007,29,44,6,3,18,39
25-03-2007,28,25,38,19,39,22
25-03-2007,37,39,38,40,18,33
28-03-2007,9,13,19,6,3,20
28-03-2007,8,48,45,18,41,39
01-04-2007,13,49,37,16,23,36
01-04-2007,28,45,47,16,12,31
04-04-2007,12,47,17,6,38,5
04-04-2007,29,34,19,27,47,39
08-04-2007,26,24,25,3,27,35
08-04-2007,33,10,20,43,36,8
11-04-2007,13,20,33,3,7,2
11-04-2007,15,16,30,18,29,4
15-04-2007,38,32,39,23,9,13
15-04-2007,40,26,46,19,28,43
18-04-2007,44,45,22,29,38,43
18-04-2007,3,16,19,8,29,22
22-04-2007,40,7,32,6,25,9
22-04-2007,35,26,23,16,22,47
25-04-2007,17,45,9,10,22,18
25-04-2007,6,34,28,32,44,23
29-04-2007,39,36,23,6,19,35
29-04-2007,49,7,23,17,3,2
02-05-2007,45,16,38,12,44,28
02-05-2007,29,41,30,46,16,49
06-05-2007,45,46,47,10,36,41
06-05-2007,23,2,1,28,10,14
09-05-2007,44,43,47,29,14,19
09-05-2007,38,2,6,39,31,33
13-05-2007,10,48,1,4,38,44
13-05-2007,10,37,14,16,31,35
16-05-2007,26,34,19,44,43,12
16-05-2007,7,44,1,42,18,12
20-05-2007,5,24,29,37,22,36
20-05-2007,39,28,37,14,33,31
23-05-2007,32,24,7,20,27,6
23-05-2007,46,23,11,29,22,33
27-05-2007,17,43,1,6,35,5
27-05-2007,32,34,22,12,35,5
30-05-2007,35,21,26,29,37,11
30-05-2007,18,31,37,43,33,25
03-06-2007,27,43,36,19,31,6
03-06-2007,33,24,14,18,13,23
06-06-2007,1,20,13,38,35,23
06-06-2007,20,36,32,46,16,1
10-06-2007,44,21,41,8,32,3
10-06-2007,15,5,22,7,48,13
13-06-2007,17,49,18,26,27,20
13-06-2007,47,26,40,44,1,19
17-06-2007,18,13,46,5,40,47
17-06-2007,10,31,4,15,47,18
20-06-2007,49,20,32,39,27,22
20-06-2007,20,40,22,5,12,6
24-06-2007,33,10,46,7,4,11
24-06-2007,6,43,17,45,32,11
27-06-2007,18,12,43,3,8,27
27-06-2007,37,47,14,6,12,44
01-07-2007,38,1,2,37,34,22
01-07-2007,11,27,48,47,5,4
04-07-2007,5,7,9,8,46,18
04-07-2007,22,34,28,5,42,6
08-07-2007,32,18,31,25,10,21
08-07-2007,1,16,18,47,42,37
11-07-2007,48,14,34,22,8,41
11-07-2007,32,10,38,42,28,31
15-07-2007,49,4,37,23,1,30
15-07-2007,22,28,20,47,42,30
18-07-2007,37,30,22,8,41,3
18-07-2007,36,48,46,14,43,30
22-07-2007,5,26,3,47,15,20
22-07-2007,21,1,43,26,48,19
25-07-2007,48,18,12,42,43,47
25-07-2007,9,42,11,40,49,21
29-07-2007,10,27,26,4,14,24
29-07-2007,13,31,22,36,49,44
01-08-2007,45,1,15,41,42,30
01-08-2007,13,29,5,18,11,6
05-08-2007,14,6,26,8,15,42
05-08-2007,4,5,7,20,27,13
08-08-2007,15,17,11,47,22,31
08-08-2007,15,7,41,22,5,6
12-08-2007,41,43,35,28,25,19
12-08-2007,14,10,42,31,25,26
15-08-2007,22,16,26,7,39,23
15-08-2007,16,21,19,46,41,15
19-08-2007,40,30,35,3,32,48
19-08-2007,8,13,41,39,30,1
22-08-2007,4,8,46,26,2,31
22-08-2007,23,36,28,47,19,5
26-08-2007,6,19,40,10,35,30
26-08-2007,30,32,42,24,33,35
29-08-2007,1,35,47,23,42,29
29-08-2007,22,5,11,46,1,47
02-09-2007,43,1,2,3,8,24
02-09-2007,46,19,32,8,49,17
05-09-2007,24,11,21,7,32,42
05-09-2007,19,11,48,37,22,35
09-09-2007,26,30,24,22,10,37
09-09-2007,27,13,30,45,7,47
12-09-2007,25,28,32,41,24,21
12-09-2007,28,15,26,21,30,41
14-09-2007,37,42,36,31,46,43
14-09-2007,1,25,35,2,7,10
16-09-2007,31,42,30,26,2,37
16-09-2007,32,12,24,36,16,39
19-09-2007,23,8,7,48,27,12
19-09-2007,49,32,45,15,40,14
23-09-2007,30,7,29,39,10,24
23-09-2007,16,7,8,25,40,12
26-09-2007,23,43,30,7,26,44
26-09-2007,34,27,19,20,12,42
30-09-2007,21,28,46,38,45,31
30-09-2007,9,36,47,8,14,25
03-10-2007,16,22,15,38,49,48
03-10-2007,9,4,29,33,44,13
07-10-2007,39,21,36,47,23,49
07-10-2007,9,19,37,35,40,6
10-10-2007,24,44,5,31,12,30
10-10-2007,5,3,18,11,40,9
14-10-2007,29,30,34,37,7,6
14-10-2007,28,37,48,14,2,18
17-10-2007,36,38,9,15,31,10
17-10-2007,33,41,7,35,32,31
21-10-2007,6,4,26,42,24,48
21-10-2007,48,18,26,10,32,25
24-10-2007,25,20,36,44,1,32
24-10-2007,17,31,42,7,1,20
28-10-2007,23,13,45,11,1,40
28-10-2007,23,22,13,48,36,14
31-10-2007,34,33,10,38,30,29
31-10-2007,36,2,20,31,18,38
04-11-2007,32,23,40,49,7,25
04-11-2007,19,45,41,35,20,7
07-11-2007,25,39,38,29,20,12
07-11-2007,36,17,18,3,11,22
11-11-2007,32,33,13,49,37,24
11-11-2007,10,7,14,41,40,43
14-11-2007,35,45,38,32,48,24
14-11-2007,44,10,9,26,23,33
18-11-2007,30,8,14,9,10,40
18-11-2007,41,6,11,9,26,25
21-11-2007,9,14,45,28,16,33
21-11-2007,26,33,12,31,40,13
25-11-2007,37,46,31,36,35,27
25-11-2007,37,30,18,8,24,28
28-11-2007,41,49,30,20,34,18
28-11-2007,17,43,28,39,40,42
02-12-2007,39,34,25,5,20,16
02-12-2007,49,40,21,19,9,44
05-12-2007,13,21,7,3,8,49
05-12-2007,5,39,36,20,42,33
09-12-2007,33,42,9,37,41,8
09-12-2007,20,36,16,5,4,37
12-12-2007,17,44,31,28,1,20
12-12-2007,37,23,30,9,18,17
16-12-2007,31,48,17,25,12,14
16-12-2007,12,24,37,7,15,22
19-12-2007,11,49,16,30,19,4
19-12-2007,35,6,39,47,10,22
23-12-2007,31,25,22,16,29,46
23-12-2007,19,17,47,32,12,39
26-12-2007,36,14,16,28,22,15
26-12-2007,49,15,35,25,5,14
30-12-2007,47,2,33,42,9,36
30-12-2007,30,5,19,15,47,44
02-01-2008,47,43,12,45,33,11
02-01-2008,5,34,16,8,18,12
06-01-2008,46,20,47,18,5,7
06-01-2008,24,32,14,16,8,18
09-01-2008,49,8,44,3,12,1
09-01-2008,43,29,30,41,47,48
13-01-2008,14,28,6,37,8,11
13-01-2008,33,47,24,48,29,39
16-01-2008,39,26,47,40,10,24
16-01-2008,46,14,16,29,35,10
20-01-2008,40,21,46,44,33,28
20-01-2008,44,24,23,38,36,27
23-01-2008,31,12,34,35,39,30
23-01-2008,47,1,41,20,21,30
27-01-2008,30,34,6,2,18,35
27-01-2008,39,13,11,49,38,4
30-01-2008,18,46,10,19,31,39
30-01-2008,18,29,6,42,32,27
03-02-2008,30,26,46,41,29,25
03-02-2008,27,23,7,11,3,20
06-02-2008,9,38,39,31,10,18
06-02-2008,2,6,4,41,35,37
10-02-2008,48,33,19,2,28,20
10-02-2008,41,35,4,36,21,32
13-02-2008,31,40,45,24,49,47
13-02-2008,48,45,2,10,37,32
17-02-2008,41,30,10,33,9,26
17-02-2008,43,29,31,11,27,45
20-02-2008,2,19,46,6,17,45
20-02-2008,43,29,46,42,34,10
24-02-2008,24,43,18,3,39,38
24-02-2008,32,4,8,31,45,15
27-02-2008,8,3,22,43,36,29
27-02-2008,29,39,47,3,28,46
02-03-2008,33,27,48,40,4,11
02-03-2008,21,14,8,30,15,44
05-03-2008,15,14,42,43,23,44
05-03-2008,20,19,49,17,25,47
09-03-2008,30,43,33,35,2,11
09-03-2008,1,38,11,32,36,23
12-03-2008,14,13,30,21,4,11
12-03-2008,30,12,34,33,45,49
16-03-2008,39,5,16,37,27,13
16-03-2008,16,25,10,8,1,36
19-03-2008,31,15,47,23,49,11
19-03-2008,7,36,13,4,14,23
23-03-2008,1,20,40,9,38,15
23-03-2008,48,41,33,34,6,38
26-03-2008,26,15,5,7,40,16
26-03-2008,3,30,20,14,44,22
30-03-2008,26,19,23,43,15,40
30-03-2008,3,23,46,4,21,43
02-04-2008,6,31,27,4,45,28
02-04-2008,40,7,5,29,10,20
06-04-2008,21,35,9,29,37,32
06-04-2008,1,18,46,42,3,37
09-04-2008,23,31,20,38,2,41
09-04-2008,15,33,4,7,24,18
13-04-2008,21,28,5,44,38,47
13-04-2008,28,38,23,45,29,42
16-04-2008,46,7,32,1,9,26
16-04-2008,21,2,30,48,43,19
20-04-2008,41,31,29,43,42,44
20-04-2008,9,25,5,22,41,31
23-04-2008,16,14,39,31,48,9
23-04-2008,20,44,13,39,24,18
27-04-2008,18,48,20,5,25,49
27-04-2008,41,48,8,32,35,39
30-04-2008,33,2,27,25,6,13
30-04-2008,1,45,9,15,31,19
04-05-2008,2,47,25,21,26,48
04-05-2008,24,18,28,42,30,48
07-05-2008,44,24,1,26,48,38
07-05-2008,36,42,13,44,34,16
11-05-2008,37,22,18,35,20,30
11-05-2008,4,22,43,40,27,10
14-05-2008,17,15,9,5,20,41
14-05-2008,19,6,39,40,8,7
18-05-2008,34,13,47,49,2,4
18-05-2008,24,6,1,28,3,32
21-05-2008,6,15,46,30,9,35
21-05-2008,21,39,25,43,29,12
25-05-2008,38,26,24,39,40,36
25-05-2008,29,34,10,2,38,46
28-05-2008,20,25,13,49,22,1
28-05-2008,31,16,26,44,14,2
01-06-2008,43,45,2,39,35,28
01-06-2008,29,40,33,37,48,12
04-06-2008,22,36,43,31,5,23
04-06-2008,22,28,21,30,44,35
08-06-2008,19,7,10,3,27,31
08-06-2008,9,26,16,37,49,14
11-06-2008,3,32,28,39,38,8
11-06-2008,1,11,2,16,6,40
15-06-2008,15,46,24,2,22,1
15-06-2008,24,25,39,30,36,5
18-06-2008,20,27,39,36,43,21
18-06-2008,37,5,14,18,35,20
22-06-2008,29,19,40,24,6,18
22-06-2008,11,22,49,44,39,2
25-06-2008,17,32,4,49,36,27
25-06-2008,36,42,24,7,6,20
29-06-2008,7,37,8,22,10,20
29-06-2008,41,33,5,12,45,14
02-07-2008,20,14,47,38,4,49
02-07-2008,43,15,42,46,3,12
06-07-2008,36,39,23,25,2,1
06-07-2008,2,40,9,6,14,17
09-07-2008,20,35,19,22,14,4
09-07-2008,46,14,44,37,23,15
13-07-2008,13,35,16,40,22,5
13-07-2008,22,30,1,45,28,27
16-07-2008,10,2,32,31,38,12
16-07-2008,4,28,40,37,17,41
20-07-2008,46,21,11,16,30,36
20-07-2008,11,47,43,1,17,40
23-07-2008,22,37,29,28,42,46
23-07-2008,34,48,25,31,39,7
27-07-2008,43,15,4,27,20,42
27-07-2008,30,38,4,47,45,46
30-07-2008,21,7,42,2,4,43
30-07-2008,1,25,26,11,18,28
03-08-2008,19,43,45,1,31,18
03-08-2008,47,45,8,21,46,14
06-08-2008,43,30,34,45,15,5
06-08-2008,17,9,20,29,49,5
10-08-2008,38,27,45,8,42,7
10-08-2008,12,2,21,4,16,9
13-08-2008,23,42,8,34,19,37
13-08-2008,13,33,3,49,28,24
17-08-2008,33,2,28,25,36,16
17-08-2008,42,6,23,16,39,24
20-08-2008,14,32,44,28,10,38
20-08-2008,9,3,20,8,28,18
24-08-2008,37,16,2,6,40,31
24-08-2008,30,37,4,9,17,10
27-08-2008,39,2,6,20,46,7
27-08-2008,10,40,15,28,9,35
31-08-2008,49,38,41,35,13,39
31-08-2008,43,28,9,13,18,16
03-09-2008,20,29,39,9,13,7
03-09-2008,26,43,24,1,2,33
07-09-2008,2,4,15,26,47,48
07-09-2008,28,31,9,22,15,3
10-09-2008,18,33,2,5,21,34
10-09-2008,33,21,16,46,30,6
12-09-2008,35,12,15,42,44,46
12-09-2008,21,20,48,41,6,3
14-09-2008,37,31,12,48,21,33
14-09-2008,5,35,39,30,36,45
17-09-2008,48,43,33,42,38,35
17-09-2008,28,49,40,17,44,14
21-09-2008,48,27,41,45,13,10
21-09-2008,26,12,42,24,33,21
24-09-2008,9,20,14,27,2,33
24-09-2008,42,19,45,17,4,10
28-09-2008,23,9,13,26,18,34
28-09-2008,13,24,10,15,45,41
01-10-2008,44,24,11,15,47,22
01-10-2008,27,34,18,42,20,5
05-10-2008,37,39,45,9,43,1
05-10-2008,42,1,43,23,12,41
08-10-2008,6,44,4,8,43,46
08-10-2008,44,18,24,27,40,9
12-10-2008,49,3,20,41,2,38
12-10-2008,48,36,31,49,11,18
15-10-2008,34,7,9,22,44,21
15-10-2008,33,28,2,24,4,14
19-10-2008,47,12,31,22,17,13
19-10-2008,6,22,19,47,28,9
22-10-2008,19,9,38,33,28,24
22-10-2008,28,33,12,27,11,19
26-10-2008,44,13,2,10,23,41
26-10-2008,35,8,23,13,33,7
29-10-2008,25,20,38,40,19,17
29-10-2008,32,23,10,35,12,17
02-11-2008,15,22,1,41,47,39
02-11-2008,19,21,42,11,40,2
05-11-2008,30,37,49,15,7,14
05-11-2008,16,30,19,45,18,13
09-11-2008,10,4,41,25,35,37
09-11-2008,43,35,45,9,25,36
12-11-2008,4,13,36,11,8,32
12-11-2008,10,13,32,30,42,12
16-11-2008,16,1,28,46,44,15
16-11-2008,28,14,11,10,13,42
19-11-2008,41,16,31,36,33,38
19-11-2008,5,36,17,29,25,20
23-11-2008,18,6,17,1,23,5
23-11-2008,23,1,31,44,20,41
26-11-2008,19,12,8,3,31,38
26-11-2008,37,34,22,36,5,20
30-11-2008,15,42,22,21,47,2
30-11-2008,19,7,18,35,41,26
03-12-2008,41,3,17,4,14,36
03-12-2008,25,30,11,34,41,6
07-12-2008,12,40,47,27,44,15
07-12-2008,44,29,24,30,42,7
10-12-2008,44,35,22,31,36,42
10-12-2008,1,31,17,7,9,2
14-12-2008,23,38,41,32,37,8
14-12-2008,49,30,10,43,28,22
17-12-2008,20,28,30,40,15,46
17-12-2008,45,20,12,39,16,18
21-12-2008,45,6,42,26,38,17
21-12-2008,16,33,13,8,5,44
24-12-2008,44,45,12,8,2,27
24-12-2008,43,22,30,14,20,6
28-12-2008,42,21,43,39,7,33
28-12-2008,31,36,44,4,12,11
31-12-2008,26,36,19,46,28,6
31-12-2008,35,38,26,36,21,12
04-01-2009,47,9,41,8,45,21
04-01-2009,32,6,44,24,19,34
07-01-2009,7,48,16,13,35,27
07-01-2009,12,30,43,18,3,48
11-01-2009,41,10,42,18,29,31
11-01-2009,28,26,39,45,42,23
14-01-2009,39,20,27,43,49,8
14-01-2009,35,26,39,27,10,44
18-01-2009,10,23,16,48,33,30
18-01-2009,7,15,21,17,36,29
21-01-2009,34,43,15,41,46,1
21-01-2009,27,44,47,39,24,10
25-01-2009,28,45,16,44,36,27
25-01-2009,36,4,28,26,46,27
28-01-2009,26,27,18,17,22,33
28-01-2009,6,15,35,17,41,2
01-02-2009,22,26,31,44,43,11
01-02-2009,25,43,12,9,36,3
04-02-2009,17,26,5,34,32,14
04-02-2009,27,45,12,14,33,48
08-02-2009,20,31,32,23,8,17
08-02-2009,19,43,40,8,42,24
11-02-2009,32,26,48,21,47,31
11-02-2009,40,41,22,30,3,16
15-02-2009,20,15,28,3,1,7
15-02-2009,7,29,5,9,40,31
18-02-2009,28,21,6,42,37,44
18-02-2009,17,40,41,10,1,36
22-02-2009,27,1,9,4,11,41
22-02-2009,29,25,11,37,36,18
25-02-2009,12,34,48,13,14,15
25-02-2009,5,43,24,37,6,41
01-03-2009,31,18,28,34,12,27
01-03-2009,44,26,23,46,3,43
04-03-2009,3,26,34,45,38,28
04-03-2009,31,30,3,7,38,19
08-03-2009,31,27,14,5,47,46
08-03-2009,13,16,8,30,24,12
11-03-2009,20,28,45,38,36,3
11-03-2009,49,24,2,9,19,22
15-03-2009,27,18,49,6,35,10
15-03-2009,10,2,14,42,29,17
18-03-2009,44,7,4,6,48,38
18-03-2009,10,41,8,35,22,17
22-03-2009,9,32,19,46,31,36
22-03-2009,15,6,12,2,46,39
25-03-2009,33,46,16,17,8,35
25-03-2009,24,14,19,25,33,37
29-03-2009,19,5,29,16,2,28
29-03-2009,23,4,5,1,22,44
01-04-2009,27,38,49,29,32,36
01-04-2009,24,5,23,33,14,12
05-04-2009,10,48,20,2,3,46
05-04-2009,5,12,10,33,15,14
08-04-2009,16,32,23,15,11,5
08-04-2009,9,35,38,16,12,43
12-04-2009,16,29,14,22,10,9
12-04-2009,11,19,3,48,8,39
15-04-2009,22,24,34,10,37,23
15-04-2009,49,40,11,31,23,4
19-04-2009,20,43,36,6,15,13
19-04-2009,44,10,15,12,36,43
22-04-2009,24,37,45,22,14,43
22-04-2009,40,31,46,41,35,38
26-04-2009,32,44,1,43,29,24
26-04-2009,37,9,31,41,46,17
29-04-2009,14,7,15,31,5,24
29-04-2009,38,4,12,6,20,8
03-05-2009,8,3,5,47,24,34
03-05-2009,26,40,24,43,19,42
06-05-2009,4,38,28,9,10,22
06-05-2009,40,49,25,36,12,22
10-05-2009,6,41,21,49,8,14
10-05-2009,21,42,2,7,47,44
13-05-2009,44,11,17,14,26,37
13-05-2009,4,26,42,8,11,45
17-05-2009,17,10,37,20,2,15
17-05-2009,17,38,11,32,24,47
20-05-2009,10,9,46,41,23,16
20-05-2009,49,36,32,8,29,6
24-05-2009,47,2,25,45,20,8
24-05-2009,24,25,15,23,28,32
27-05-2009,31,11,32,38,37,36
27-05-2009,39,18,42,8,10,21
31-05-2009,12,36,25,27,15,31
31-05-2009,49,20,32,2,23,39
03-06-2009,17,9,15,49,39,38
03-06-2009,20,38,29,7,5,1
07-06-2009,22,41,13,27,36,32
07-06-2009,36,44,6,14,9,38
10-06-2009,39,16,25,30,21,12
10-06-2009,9,33,45,42,23,3
14-06-2009,48,38,43,27,5,41
14-06-2009,10,25,2,16,44,43
17-06-2009,45,12,30,44,47,49
17-06-2009,40,9,15,3,18,29
21-06-2009,23,36,31,34,13,30
21-06-2009,47,49,48,8,42,33
24-06-2009,31,11,14,25,23,36
24-06-2009,31,18,21,44,33,5
28-06-2009,5,36,8,10,29,21
28-06-2009,8,45,11,37,16,36
01-07-2009,46,40,23,5,25,29
01-07-2009,13,37,44,46,42,39
05-07-2009,33,4,29,31,26,36
05-07-2009,44,26,29,13,33,18
08-07-2009,15,14,31,18,22,6
08-07-2009,48,34,18,40,29,44
12-07-2009,21,16,8,46,26,20
12-07-2009,38,15,41,49,2,35
15-07-2009,5,7,2,19,4,38
15-07-2009,1,35,33,16,29,47
19-07-2009,26,4,38,6,12,8
19-07-2009,40,28,43,36,23,20
22-07-2009,17,47,37,14,42,9
22-07-2009,32,21,42,7,1,25
26-07-2009,5,23,25,20,3,1
26-07-2009,37,12,38,40,24,44
29-07-2009,5,35,15,2,7,42
29-07-2009,40,7,44,23,17,2
02-08-2009,8,9,19,2,36,38
02-08-2009,1,47,31,11,42,10
05-08-2009,29,2,15,10,48,38
05-08-2009,22,4,26,5,18,32
09-08-2009,17,3,39,18,37,6
09-08-2009,33,8,28,34,23,25
12-08-2009,46,45,41,17,44,7
12-08-2009,25,36,34,13,10,12
16-08-2009,8,2,35,20,21,19
16-08-2009,2,43,28,16,9,24
19-08-2009,25,27,32,39,47,40
19-08-2009,16,48,29,23,41,9
23-08-2009,33,5,14,49,43,48
23-08-2009,35,14,43,10,19,15
26-08-2009,7,5,21,40,17,10
26-08-2009,6,10,33,26,49,31
30-08-2009,17,5,13,32,11,37
30-08-2009,39,25,29,28,20,22
02-09-2009,13,44,38,7,40,16
02-09-2009,48,27,1,18,36,13
06-09-2009,22,20,12,40,35,14
06-09-2009,24,41,37,25,31,35
09-09-2009,13,4,38,26,7,28
09-09-2009,24,4,28,42,49,33
11-09-2009,43,29,37,42,2,48
11-09-2009,5,26,32,23,40,20
13-09-2009,43,34,17,7,15,9
13-09-2009,36,47,3,9,22,5
16-09-2009,11,43,44,21,25,36
16-09-2009,16,17,49,27,9,7
20-09-2009,7,22,4,42,10,26
20-09-2009,17,24,36,41,14,26
23-09-2009,1,26,6,15,3,2
23-09-2009,3,13,45,49,35,46
27-09-2009,24,17,13,40,20,25
27-09-2009,13,49,32,33,9,5
30-09-2009,45,8,7,16,19,15
30-09-2009,35,27,49,41,24,44
04-10-2009,38,35,49,11,44,43
04-10-2009,22,14,38,5,45,27
07-10-2009,25,28,27,30,26,22
07-10-2009,42,15,20,5,2,44
11-10-2009,29,9,18,23,48,47
11-10-2009,23,26,9,4,39,13
14-10-2009,16,35,7,2,41,29
14-10-2009,34,11,5,47,18,38
18-10-2009,2,31,10,15,18,40
18-10-2009,7,30,47,15,31,29
21-10-2009,7,8,42,12,43,14
21-10-2009,31,45,23,27,35,41
25-10-2009,17,3,42,27,24,40
25-10-2009,15,17,21,31,2,11
28-10-2009,39,13,27,28,40,22
28-10-2009,35,30,36,41,28,26
01-11-2009,39,14,31,9,44,23
01-11-2009,39,5,20,14,8,6
04-11-2009,2,36,43,10,3,45
04-11-2009,16,44,29,19,43,27
08-11-2009,34,30,47,21,10,15
08-11-2009,39,23,14,11,18,3
11-11-2009,45,27,1,39,16,35
11-11-2009,34,42,18,46,35,37
15-11-2009,32,25,29,13,33,48
15-11-2009,11,29,18,31,22,42
18-11-2009,34,20,47,33,27,12
18-11-2009,26,29,38,8,35,15
22-11-2009,38,44,26,34,37,30
22-11-2009,16,47,48,25,28,36
25-11-2009,17,41,45,5,43,30
25-11-2009,37,46,1,35,9,18
29-11-2009,2,34,40,29,4,8
29-11-2009,11,45,29,37,15,13
02-12-2009,10,30,17,9,37,22
02-12-2009,38,32,49,46,6,18
06-12-2009,21,31,46,16,25,43
06-12-2009,33,35,46,21,23,20
09-12-2009,6,20,42,12,14,16
09-12-2009,10,35,40,47,24,15
13-12-2009,47,6,36,20,48,43
13-12-2009,18,34,5,13,1,3
16-12-2009,2,8,43,46,21,17
16-12-2009,21,2,49,25,32,30
20-12-2009,38,44,4,2,12,26
20-12-2009,19,43,17,42,38,8
23-12-2009,48,27,39,7,45,19
23-12-2009,26,45,30,4,36,27
27-12-2009,17,6,37,2,22,27
27-12-2009,18,48,15,29,9,30
30-12-2009,18,22,24,27,5,4
30-12-2009,46,10,13,17,11,31
03-01-2010,30,14,46,21,6,25
03-01-2010,38,7,8,12,18,1
06-01-2010,30,25,44,12,22,33
06-01-2010,5,2,35,1,31,40
10-01-2010,45,37,33,48,28,23
10-01-2010,35,36,3,4,19,29
13-01-2010,6,8,49,26,2,11
13-01-2010,13,1,30,9,47,34
17-01-2010,21,32,29,15,18,1
17-01-2010,24,3,49,2,29,5
20-01-2010,37,30,14,49,34,41
20-01-2010,33,29,20,40,30,32
24-01-2010,47,17,8,34,46,26
24-01-2010,31,1,30,26,22,7
27-01-2010,28,43,41,30,35,31
27-01-2010,35,29,7,1,10,25
31-01-2010,17,15,47,19,43,23
31-01-2010,36,17,21,44,38,39
03-02-2010,33,43,8,15,20,4
03-02-2010,39,21,6,18,25,34
07-02-2010,17,24,22,21,11,35
07-02-2010,21,48,17,41,3,40
10-02-2010,16,22,45,4,13,49
10-02-2010,37,13,4,49,3,38
14-02-2010,4,29,22,18,25,13
14-02-2010,44,40,16,8,28,20
17-02-2010,11,22,37,30,6,16
17-02-2010,13,41,6,10,46,24
21-02-2010,3,31,28,17,16,29
21-02-2010,47,7,3,15,23,24
24-02-2010,35,14,32,27,1,20
24-02-2010,46,27,26,6,12,29
28-02-2010,3,23,8,11,45,36
28-02-2010,43,25,8,35,28,16
03-03-2010,26,10,35,2,31,24
03-03-2010,35,39,16,36,13,24
07-03-2010,12,20,4,6,34,1
07-03-2010,31,40,9,45,13,49
10-03-2010,25,18,27,43,14,26
10-03-2010,7,15,29,5,31,17
14-03-2010,49,26,18,6,29,31
14-03-2010,9,35,2,15,46,13
17-03-2010,5,19,32,17,1,38
17-03-2010,46,48,19,34,23,3
21-03-2010,45,34,19,26,30,31
21-03-2010,20,12,13,6,2,41
24-03-2010,34,5,37,40,49,31
24-03-2010,35,40,32,46,4,20
28-03-2010,26,40,38,48,3,9
28-03-2010,41,27,28,25,42,20
31-03-2010,1,20,6,12,31,10
31-03-2010,24,7,3,19,32,29
04-04-2010,23,2,37,4,20,11
04-04-2010,21,16,26,29,47,15
07-04-2010,36,23,27,33,45,9
07-04-2010,32,20,15,34,28,18
11-04-2010,1,44,40,48,38,19
11-04-2010,28,30,32,20,13,42
14-04-2010,49,30,1,43,11,42
14-04-2010,31,32,35,6,34,9
18-04-2010,19,24,12,13,16,26
18-04-2010,39,5,20,3,8,9
21-04-2010,6,16,17,8,42,18
21-04-2010,45,35,36,28,41,37
25-04-2010,21,3,34,45,39,36
25-04-2010,11,25,16,4,8,2
28-04-2010,19,9,18,16,14,48
28-04-2010,6,37,39,33,11,5
02-05-2010,24,45,15,9,32,33
02-05-2010,7,10,16,17,32,30
05-05-2010,40,38,14,20,22,12
05-05-2010,5,26,3,35,37,20
09-05-2010,8,3,46,5,12,31
09-05-2010,7,8,46,26,23,41
12-05-2010,40,27,12,10,14,18
12-05-2010,28,35,10,38,44,14
16-05-2010,28,29,35,37,41,32
16-05-2010,31,9,46,23,17,30
19-05-2010,45,27,11,39,32,8
19-05-2010,45,2,33,36,17,34
23-05-2010,45,32,24,3,40,31
23-05-2010,45,31,10,19,22,21
26-05-2010,9,7,26,40,16,47
26-05-2010,40,14,37,31,42,17
30-05-2010,41,17,28,30,4,38
30-05-2010,34,43,9,26,42,6
02-06-2010,36,3,12,26,16,18
02-06-2010,22,12,7,24,6,30
06-06-2010,18,19,27,38,45,44
06-06-2010,34,30,37,17,18,49
09-06-2010,42,15,2,27,6,33
09-06-2010,12,22,17,31,45,39
13-06-2010,9,11,16,20,23,19
13-06-2010,16,21,6,19,38,8
16-06-2010,2,24,30,18,32,20
16-06-2010,47,37,44,38,23,41
20-06-2010,30,10,24,11,45,47
20-06-2010,16,8,15,25,13,45
23-06-2010,10,4,11,32,13,15
23-06-2010,41,36,31,17,35,5
27-06-2010,36,47,37,25,27,45
27-06-2010,39,32,42,47,30,21
30-06-2010,7,34,1,27,49,42
30-06-2010,8,12,22,25,14,2
04-07-2010,5,23,48,12,7,29
04-07-2010,3,38,44,22,16,6
07-07-2010,11,39,36,45,16,18
07-07-2010,5,25,39,13,17,46
11-07-2010,11,36,43,25,30,10
11-07-2010,36,12,41,25,33,20
14-07-2010,31,23,12,42,20,6
14-07-2010,49,37,40,34,42,45
18-07-2010,16,33,49,14,31,13
18-07-2010,2,29,12,6,28,5
21-07-2010,11,24,33,14,13,12
21-07-2010,12,39,14,7,29,44
25-07-2010,14,44,21,42,49,12
25-07-2010,17,5,45,22,24,35
28-07-2010,5,12,41,46,15,4
28-07-2010,34,33,44,29,38,37
01-08-2010,42,10,41,14,11,27
01-08-2010,24,14,46,17,43,40
04-08-2010,14,21,46,33,32,17
04-08-2010,27,10,44,8,23,26
08-08-2010,49,40,8,6,15,45
08-08-2010,14,8,46,15,23,22
11-08-2010,23,11,20,30,26,47
11-08-2010,17,29,45,31,37,18
15-08-2010,12,47,24,3,10,4
15-08-2010,44,30,39,27,3,23
18-08-2010,25,27,24,3,16,48
18-08-2010,20,33,40,18,38,6
22-08-2010,8,6,35,20,1,11
22-08-2010,21,35,33,30,25,15
25-08-2010,47,43,8,6,4,7
25-08-2010,21,37,13,11,6,22
29-08-2010,46,2,8,47,23,41
29-08-2010,2,45,27,42,29,1
01-09-2010,27,28,13,45,11,26
01-09-2010,26,13,49,21,10,25
05-09-2010,40,41,1,11,21,14
05-09-2010,33,1,13,3,8,7
08-09-2010,2,5,11,48,43,34
08-09-2010,45,19,20,5,23,47
12-09-2010,49,39,43,10,30,44
12-09-2010,41,16,30,28,15,14
15-09-2010,43,22,17,40,44,45
15-09-2010,42,34,5,9,18,28
17-09-2010,18,31,35,19,4,37
17-09-2010,2,36,17,26,24,47
19-09-2010,10,19,12,33,18,20
19-09-2010,14,23,37,26,38,7
22-09-2010,20,39,13,48,30,14
22-09-2010,32,7,26,19,13,39
26-09-2010,32,37,8,24,3,1
26-09-2010,47,42,28,33,20,22
29-09-2010,42,11,27,17,4,8
29-09-2010,48,28,37,4,12,2
03-10-2010,34,6,20,40,10,9
03-10-2010,27,18,35,6,22,23
06-10-2010,43,37,17,47,3,23
06-10-2010,26,32,35,4,9,23
10-10-2010,48,40,6,7,3,20
10-10-2010,39,15,11,24,47,29
13-10-2010,41,23,8,9,29,46
13-10-2010,12,15,32,14,36,10
17-10-2010,42,9,16,31,49,11
17-10-2010,25,28,31,11,32,44
20-10-2010,18,2,16,7,43,32
20-10-2010,28,20,49,10,32,9
24-10-2010,7,39,40,32,18,33
24-10-2010,26,20,42,30,1,2
27-10-2010,13,45,47,27,30,8
27-10-2010,37,47,39,15,49,21
31-10-2010,19,27,43,32,4,34
31-10-2010,27,11,2,5,31,16
03-11-2010,42,19,32,13,30,29
03-11-2010,14,23,36,42,8,34
07-11-2010,2,22,43,48,29,33
07-11-2010,9,41,40,36,6,18
10-11-2010,15,44,34,2,13,14
10-11-2010,11,35,22,49,15,28
14-11-2010,47,37,14,13,1,42
14-11-2010,18,22,28,24,16,41
17-11-2010,5,15,36,39,6,31
17-11-2010,24,44,46,22,37,39
21-11-2010,28,1,27,49,5,23
21-11-2010,35,10,2,43,47,7
24-11-2010,13,19,38,41,2,5
24-11-2010,15,31,6,36,19,43
28-11-2010,42,16,43,36,47,38
28-11-2010,28,44,22,6,23,1
01-12-2010,33,11,45,26,15,27
01-12-2010,9,13,44,48,11,7
05-12-2010,31,25,8,33,15,42
05-12-2010,38,22,7,28,34,40
08-12-2010,46,47,39,9,49,15
08-12-2010,29,2,5,23,26,43
12-12-2010,23,5,8,44,29,41
12-12-2010,22,26,13,5,42,48
15-12-2010,37,28,1,27,39,18
15-12-2010,41,34,26,4,16,40
19-12-2010,37,15,18,21,39,48
19-12-2010,25,37,14,24,43,22
22-12-2010,39,2,31,16,20,35
22-12-2010,20,10,11,32,14,15
26-12-2010,37,29,43,47,9,34
26-12-2010,25,19,8,10,13,4
29-12-2010,44,11,41,14,30,3
29-12-2010,24,42,18,8,33,49
02-01-2011,10,13,12,19,45,2
02-01-2011,6,13,31,16,23,32
05-01-2011,2,35,34,3,22,44
05-01-2011,23,25,42,37,6,13
09-01-2011,43,5,4,22,13,7
09-01-2011,21,26,5,18,31,28
12-01-2011,38,16,3,18,25,27
12-01-2011,16,44,8,21,13,35
16-01-2011,45,6,49,27,17,24
16-01-2011,5,23,15,36,46,12
19-01-2011,43,25,35,20,27,21
19-01-2011,39,5,46,16,19,37
23-01-2011,31,4,30,26,47,36
23-01-2011,7,21,40,48,5,1
26-01-2011,37,16,23,27,39,22
26-01-2011,2,6,45,8,30,17
30-01-2011,29,30,12,4,5,27
30-01-2011,14,4,20,10,46,39
02-02-2011,20,41,31,7,10,15
02-02-2011,46,7,2,37,47,44
06-02-2011,43,6,40,20,34,46
06-02-2011,29,2,45,40,20,48
09-02-2011,26,29,43,17,45,1
09-02-2011,5,20,30,29,11,27
13-02-2011,25,33,45,16,49,13
13-02-2011,21,35,19,14,37,42
16-02-2011,35,8,42,16,10,13
16-02-2011,36,17,13,42,14,11
20-02-2011,19,45,43,40,44,48
20-02-2011,3,33,46,26,30,43
23-02-2011,40,1,37,35,47,41
23-02-2011,23,49,10,12,29,37
27-02-2011,15,19,25,4,22,39
27-02-2011,49,7,34,28,11,27
02-03-2011,19,39,10,3,29,32
02-03-2011,35,10,2,42,45,22
06-03-2011,35,15,20,36,43,30
06-03-2011,20,2,48,23,33,39
09-03-2011,36,17,11,2,9,34
09-03-2011,15,28,10,4,33,2
13-03-2011,5,33,32,6,43,24
13-03-2011,15,48,5,6,1,29
16-03-2011,44,5,40,47,16,7
16-03-2011,13,12,29,9,21,30
20-03-2011,34,22,14,23,3,21
20-03-2011,9,13,22,46,3,6
23-03-2011,47,36,8,42,39,38
23-03-2011,1,5,49,21,44,16
27-03-2011,20,36,43,39,18,31
27-03-2011,38,26,14,45,22,30
30-03-2011,32,25,38,5,19,30
30-03-2011,47,3,49,41,43,48
03-04-2011,26,39,15,28,16,18
03-04-2011,38,8,11,44,26,48
06-04-2011,34,30,25,44,35,41
06-04-2011,1,14,21,15,19,20
10-04-2011,27,21,48,6,49,5
10-04-2011,19,40,38,13,34,4
13-04-2011,48,36,12,29,16,22
13-04-2011,6,43,24,10,34,26
17-04-2011,11,47,2,33,1,30
17-04-2011,47,10,14,11,29,2
20-04-2011,36,40,25,39,13,41
20-04-2011,23,2,18,24,22,47
24-04-2011,38,24,36,48,44,23
24-04-2011,42,31,14,35,1,26
27-04-2011,25,36,26,9,29,22
27-04-2011,3,44,45,9,46,30
01-05-2011,18,21,25,5,38,31
01-05-2011,48,46,33,37,26,12
04-05-2011,30,7,39,3,26,25
04-05-2011,10,19,49,9,40,22
08-05-2011,1,45,2,34,22,49
08-05-2011,41,25,15,29,17,1
11-05-2011,43,37,10,4,32,35
11-05-2011,23,27,31,43,19,48
13-05-2011,22,49,13,17,48,2
13-05-2011,10,40,39,2,46,26
15-05-2011,43,14,27,6,8,18
15-05-2011,23,25,11,41,38,16
18-05-2011,38,39,27,16,31,29
18-05-2011,20,31,44,35,6,8
22-05-2011,48,18,27,8,21,26
22-05-2011,37,14,12,11,28,42
25-05-2011,31,36,1,25,12,41
25-05-2011,26,5,48,37,25,22
29-05-2011,47,16,44,19,38,32
29-05-2011,42,20,2,6,12,31
01-06-2011,38,28,6,21,2,39
01-06-2011,47,13,10,23,39,31
05-06-2011,7,43,37,16,12,15
05-06-2011,15,8,43,30,24,12
08-06-2011,35,19,9,43,48,49
08-06-2011,29,3,44,37,27,45
12-06-2011,41,25,6,11,4,39
12-06-2011,46,39,25,37,23,27
15-06-2011,29,14,28,24,9,39
15-06-2011,45,34,5,32,14,24
19-06-2011,25,3,40,10,17,23
19-06-2011,42,14,43,7,41,38
22-06-2011,19,7,6,21,32,30
22-06-2011,7,23,29,46,35,31
26-06-2011,20,6,3,32,48,33
26-06-2011,16,18,1,7,43,21
29-06-2011,19,18,10,22,49,8
29-06-2011,13,42,17,35,32,11
03-07-2011,21,15,20,19,22,41
03-07-2011,7,27,17,22,36,4
06-07-2011,47,33,2,44,35,25
06-07-2011,2,32,20,18,47,40
10-07-2011,28,43,4,32,30,34
10-07-2011,8,38,46,40,26,36
13-07-2011,2,8,42,24,19,27
13-07-2011,6,39,31,8,23,13
17-07-2011,42,29,32,48,37,14
17-07-2011,26,21,29,47,23,17
20-07-2011,9,32,28,1,43,16
20-07-2011,28,19,4,8,38,48
24-07-2011,35,11,14,34,48,49
24-07-2011,45,42,44,16,37,27
27-07-2011,23,12,38,9,16,3
27-07-2011,2,4,11,19,24,10
31-07-2011,32,25,7,10,11,5
31-07-2011,1,27,6,46,12,5
03-08-2011,31,10,4,3,28,49
03-08-2011,39,3,41,34,27,16
07-08-2011,11,18,15,3,5,21
07-08-2011,32,15,45,31,8,2
10-08-2011,9,48,39,6,22,18
10-08-2011,41,14,40,37,36,47
14-08-2011,39,7,42,49,45,16
14-08-2011,10,11,28,7,38,33
17-08-2011,25,35,39,18,27,44
17-08-2011,8,41,25,37,35,9
21-08-2011,47,24,2,4,37,44
21-08-2011,6,18,36,3,22,28
24-08-2011,43,19,11,41,38,12
24-08-2011,49,19,15,23,27,16
28-08-2011,13,33,18,12,21,7
28-08-2011,13,47,1,31,18,36
31-08-2011,40,33,37,17,25,26
31-08-2011,27,4,5,34,11,25
04-09-2011,16,19,18,48,10,30
04-09-2011,31,45,38,39,36,33
07-09-2011,2,47,1,13,28,33
07-09-2011,40,5,6,38,26,46
11-09-2011,15,31,17,24,10,6
11-09-2011,1,15,18,30,47,3
14-09-2011,11,2,17,6,46,43
14-09-2011,13,39,17,22,42,43
16-09-2011,29,42,3,41,44,11
16-09-2011,2,14,21,32,25,48
18-09-2011,15,37,41,13,25,33
18-09-2011,23,15,19,34,29,40
21-09-2011,35,10,23,49,40,29
21-09-2011,35,1,24,2,21,34
25-09-2011,40,24,10,23,28,44
25-09-2011,42,36,23,16,31,27
28-09-2011,46,18,29,4,2,22
28-09-2011,44,40,30,4,13,31
02-10-2011,22,45,2,19,7,34
02-10-2011,32,28,11,33,14,36
05-10-2011,45,33,29,38,24,43
05-10-2011,10,47,17,48,13,5
09-10-2011,24,46,42,5,15,10
09-10-2011,46,20,11,39,44,47
12-10-2011,34,30,1,20,40,39
12-10-2011,4,2,19,9,33,14
16-10-2011,13,19,36,37,44,23
16-10-2011,3,49,12,22,20,25
19-10-2011,11,3,27,46,42,35
19-10-2011,38,7,15,44,23,5
23-10-2011,14,17,43,18,5,24
23-10-2011,35,30,27,10,32,24
26-10-2011,30,47,9,43,17,24
26-10-2011,46,18,31,12,36,16
30-10-2011,45,20,18,11,24,28
30-10-2011,48,4,3,39,30,5
02-11-2011,29,7,19,16,32,3
02-11-2011,6,29,22,44,35,15
06-11-2011,17,42,13,10,31,26
06-11-2011,16,14,17,32,31,13
09-11-2011,45,29,24,34,27,22
09-11-2011,29,24,3,35,21,34
13-11-2011,45,11,22,17,32,43
13-11-2011,7,44,46,21,15,48
16-11-2011,29,1,36,17,5,22
16-11-2011,13,44,37,39,32,43
20-11-2011,20,6,43,21,30,25
20-11-2011,39,23,28,10,46,31
23-11-2011,17,10,4,33,15,37
23-11-2011,10,22,9,18,45,19
27-11-2011,24,32,28,37,16,5
27-11-2011,30,42,13,26,15,31
30-11-2011,40,21,49,36,7,28
30-11-2011,28,25,33,12,7,32
04-12-2011,28,12,27,4,29,33
04-12-2011,12,19,33,45,18,22
07-12-2011,23,14,42,11,40,10
07-12-2011,33,22,18,13,34,8
11-12-2011,24,39,30,31,15,2
11-12-2011,12,21,9,44,13,10
14-12-2011,48,26,33,21,13,14
14-12-2011,1,3,9,28,27,7
18-12-2011,11,33,17,23,20,13
18-12-2011,2,35,33,29,8,9
21-12-2011,11,7,40,18,30,12
21-12-2011,11,5,38,34,19,18
25-12-2011,44,30,33,43,32,45
25-12-2011,8,46,31,16,44,40
28-12-2011,25,29,9,48,23,1
28-12-2011,34,1,43,32,24,35
01-01-2012,20,21,25,23,31,32
01-01-2012,47,20,26,38,21,44
04-01-2012,8,14,6,41,44,18
04-01-2012,19,15,4,31,46,44
08-01-2012,30,13,37,21,11,34
08-01-2012,45,31,17,28,7,9
11-01-2012,12,48,43,9,28,29
11-01-2012,24,48,23,32,35,38
15-01-2012,2,38,5,9,39,1
15-01-2012,32,31,3,29,35,28
18-01-2012,4,7,48,44,3,1
18-01-2012,35,44,3,16,9,12
22-01-2012,21,37,46,20,2,10
22-01-2012,10,19,46,28,25,34
25-01-2012,42,6,13,15,5,10
25-01-2012,27,3,36,13,43,44
29-01-2012,22,46,3,21,33,5
29-01-2012,5,47,13,1,18,24
01-02-2012,17,36,45,21,19,5
01-02-2012,40,13,45,36,3,24
05-02-2012,20,23,37,39,18,49
05-02-2012,41,3,5,47,40,42
08-02-2012,44,2,17,6,20,49
08-02-2012,35,45,13,49,47,25
12-02-2012,2,26,40,36,4,14
12-02-2012,6,11,2,26,35,3
15-02-2012,32,24,44,19,27,23
15-02-2012,41,34,36,3,31,13
19-02-2012,2,39,43,6,18,25
19-02-2012,33,18,47,13,40,19
22-02-2012,13,31,8,47,35,12
22-02-2012,8,37,48,22,34,10
26-02-2012,20,14,44,42,37,27
26-02-2012,43,35,24,38,4,26
29-02-2012,44,3,45,30,10,11
29-02-2012,30,13,10,26,23,2
04-03-2012,47,37,2,11,24,27
04-03-2012,47,31,10,14,21,41
07-03-2012,28,44,29,16,3,30
07-03-2012,31,37,7,11,47,5
11-03-2012,2,13,37,18,8,26
11-03-2012,49,41,43,21,22,40
14-03-2012,16,23,33,31,32,37
14-03-2012,32,47,23,8,17,42
16-03-2012,12,10,46,39,8,9
16-03-2012,25,34,1,35,10,45
18-03-2012,18,22,28,6,9,11
18-03-2012,39,38,27,49,36,41
21-03-2012,39,41,31,5,3,19
21-03-2012,16,3,41,28,44,31
25-03-2012,47,13,42,23,25,14
25-03-2012,28,35,4,24,33,41
28-03-2012,28,47,45,35,24,30
28-03-2012,34,24,27,16,2,9
01-04-2012,12,34,30,49,39,21
01-04-2012,40,18,35,16,22,44
04-04-2012,1,47,25,28,35,16
04-04-2012,10,13,20,49,35,41
08-04-2012,38,5,43,35,11,48
08-04-2012,14,4,35,48,27,46
11-04-2012,48,26,46,49,36,34
11-04-2012,19,26,24,1,25,28
15-04-2012,38,24,22,9,5,30
15-04-2012,13,48,6,10,5,27
18-04-2012,25,10,22,34,49,16
18-04-2012,29,43,1,42,18,17
22-04-2012,14,41,13,33,5,30
22-04-2012,37,40,19,22,25,15
25-04-2012,5,32,49,46,34,39
25-04-2012,9,30,6,46,34,22
29-04-2012,23,9,13,34,19,24
29-04-2012,6,27,25,45,43,18
02-05-2012,40,32,9,49,16,21
02-05-2012,31,38,46,27,49,20
06-05-2012,28,43,5,32,42,24
06-05-2012,40,32,26,46,43,20
09-05-2012,39,36,8,35,17,3
09-05-2012,31,5,20,27,16,19
13-05-2012,47,28,27,16,46,31
13-05-2012,12,26,37,13,5,17
16-05-2012,7,32,33,46,10,28
16-05-2012,12,30,33,46,5,29
20-05-2012,38,24,37,17,25,8
20-05-2012,38,41,7,33,15,49
23-05-2012,28,27,20,2,36,23
23-05-2012,30,43,10,46,15,45
27-05-2012,7,40,2,28,44,15
27-05-2012,46,36,17,28,22,19
30-05-2012,40,21,10,31,22,42
30-05-2012,47,8,9,23,27,38
03-06-2012,37,29,3,15,23,11
03-06-2012,35,30,25,10,11,39
06-06-2012,49,24,5,13,19,43
06-06-2012,44,16,30,45,8,27
10-06-2012,32,13,5,10,3,23
10-06-2012,13,19,34,42,22,41
13-06-2012,49,32,10,35,48,23
13-06-2012,7,45,33,17,12,49
15-06-2012,2,30,13,26,48,18
15-06-2012,44,28,40,12,26,8
17-06-2012,13,36,32,24,14,21
17-06-2012,23,8,17,19,34,44
20-06-2012,46,34,21,30,39,15
20-06-2012,22,17,9,23,46,16
24-06-2012,6,2,47,33,42,38
24-06-2012,14,23,12,49,41,38
27-06-2012,40,13,41,19,35,25
27-06-2012,17,19,7,29,48,8
01-07-2012,39,2,10,15,17,13
01-07-2012,31,10,24,44,23,39
04-07-2012,46,28,49,30,10,31
04-07-2012,44,26,30,37,13,39
08-07-2012,26,32,3,34,35,37
08-07-2012,3,48,34,45,36,39
11-07-2012,13,37,9,41,27,7
11-07-2012,33,43,10,23,30,38
15-07-2012,38,49,12,8,23,34
15-07-2012,36,31,18,25,43,45
18-07-2012,5,49,37,45,9,42
18-07-2012,43,47,22,6,48,40
22-07-2012,4,27,8,34,6,32
22-07-2012,2,31,37,34,27,15
25-07-2012,33,23,15,20,32,14
25-07-2012,30,24,46,40,29,23
27-07-2012,12,39,21,29,30,27
27-07-2012,35,33,49,22,5,28
29-07-2012,2,25,24,10,49,46
29-07-2012,33,27,40,11,30,47
01-08-2012,22,3,2,10,36,26
01-08-2012,9,17,23,26,20,31
05-08-2012,19,26,8,6,15,4
05-08-2012,12,24,7,3,37,49
08-08-2012,15,23,47,21,11,49
08-08-2012,18,44,27,22,30,24
12-08-2012,41,30,43,8,31,37
12-08-2012,37,8,4,49,10,27
15-08-2012,3,28,46,25,35,22
15-08-2012,18,46,47,42,1,3
19-08-2012,24,5,25,11,49,18
19-08-2012,7,14,1,47,44,10
22-08-2012,16,39,9,42,33,24
22-08-2012,8,12,32,14,6,40
26-08-2012,28,43,18,11,17,41
26-08-2012,26,5,12,47,6,31
29-08-2012,25,14,4,45,1,22
29-08-2012,23,27,40,25,36,45
02-09-2012,49,11,29,47,7,14
02-09-2012,26,40,21,17,23,9
05-09-2012,40,29,8,26,10,36
05-09-2012,39,34,21,5,45,31
09-09-2012,2,1,3,21,49,5
09-09-2012,5,9,37,16,30,36
12-09-2012,36,47,18,42,24,48
12-09-2012,18,46,3,8,26,40
14-09-2012,9,20,6,22,30,35
14-09-2012,37,42,36,34,26,22
16-09-2012,25,37,29,23,49,44
16-09-2012,42,43,25,12,11,39
19-09-2012,1,4,18,49,35,24
19-09-2012,17,8,21,10,42,33
23-09-2012,30,22,23,41,10,18
23-09-2012,22,17,13,36,24,27
26-09-2012,17,12,42,48,26,28
26-09-2012,25,22,48,36,39,46
30-09-2012,35,28,36,18,39,7
30-09-2012,34,36,31,40,47,26
03-10-2012,41,36,42,48,17,45
03-10-2012,49,9,45,21,11,2
07-10-2012,47,11,8,34,46,43
07-10-2012,23,32,17,8,40,19
10-10-2012,36,48,49,43,12,23
10-10-2012,16,13,3,22,38,26
14-10-2012,20,22,41,5,17,43
14-10-2012,24,18,12,46,43,1
17-10-2012,43,48,13,17,29,36
17-10-2012,9,14,38,49,37,26
21-10-2012,41,48,5,7,39,37
21-10-2012,5,49,38,28,46,7
24-10-2012,35,26,43,2,16,14
24-10-2012,37,11,17,18,22,7
28-10-2012,10,37,45,36,24,44
28-10-2012,48,33,19,23,8,29
31-10-2012,40,45,5,46,26,1
31-10-2012,41,30,4,1,28,23
04-11-2012,5,49,47,35,39,37
04-11-2012,49,27,7,2,46,8
07-11-2012,10,37,30,36,49,4
07-11-2012,19,4,22,39,35,40
11-11-2012,22,47,41,9,40,23
11-11-2012,33,16,48,46,41,29
14-11-2012,43,34,18,17,24,8
14-11-2012,38,30,45,26,27,47
18-11-2012,28,31,45,29,35,24
18-11-2012,11,37,47,18,29,30
21-11-2012,3,30,34,29,42,18
21-11-2012,35,14,37,3,15,36
25-11-2012,32,1,44,16,33,46
25-11-2012,37,4,35,12,10,21
28-11-2012,20,44,23,42,19,10
28-11-2012,4,2,5,37,32,23
02-12-2012,44,6,5,21,28,9
02-12-2012,8,16,44,36,37,32
05-12-2012,20,35,39,2,33,5
05-12-2012,49,20,44,18,27,38
09-12-2012,34,16,2,12,11,40
09-12-2012,1,35,3,30,13,26
12-12-2012,26,33,46,25,18,16
12-12-2012,14,33,15,43,17,19
14-12-2012,32,11,40,38,15,46
14-12-2012,12,47,3,40,44,38
16-12-2012,48,11,43,42,35,21
16-12-2012,25,8,40,46,6,43
19-12-2012,44,21,39,40,31,45
19-12-2012,24,35,43,27,39,12
23-12-2012,28,6,46,19,49,3
23-12-2012,14,13,12,24,33,25
26-12-2012,34,23,14,16,45,26
26-12-2012,49,7,21,38,34,28
30-12-2012,3,41,40,19,1,4
30-12-2012,37,1,29,33,7,41
02-01-2013,27,17,18,40,48,30
02-01-2013,47,3,15,30,48,42
06-01-2013,46,8,5,45,22,48
06-01-2013,15,16,5,8,23,37
09-01-2013,42,41,21,35,36,45
09-01-2013,2,10,24,32,17,5
11-01-2013,43,3,35,1,29,13
11-01-2013,11,2,23,46,13,44
13-01-2013,14,29,46,34,37,24
13-01-2013,34,47,32,27,12,10
16-01-2013,44,25,30,23,32,33
16-01-2013,33,36,23,16,4,14
20-01-2013,39,28,41,32,37,48
20-01-2013,35,37,36,46,34,44
23-01-2013,23,8,42,35,15,36
23-01-2013,47,10,27,17,40,25
27-01-2013,36,48,38,37,7,41
27-01-2013,47,5,20,11,12,22
30-01-2013,30,45,22,15,18,39
30-01-2013,27,40,31,26,24,14
03-02-2013,26,29,32,23,11,1
03-02-2013,37,8,5,41,48,30
06-02-2013,46,48,23,10,16,7
06-02-2013,12,44,34,35,28,17
10-02-2013,41,49,11,21,3,7
10-02-2013,1,44,48,15,31,29
13-02-2013,28,38,4,45,31,24
13-02-2013,39,5,21,12,45,10
15-02-2013,3,28,34,6,32,11
15-02-2013,46,33,40,44,35,41
17-02-2013,6,39,10,8,5,48
17-02-2013,10,48,35,40,42,49
20-02-2013,38,23,8,5,10,36
20-02-2013,8,40,44,13,27,42
24-02-2013,11,33,7,44,47,25
24-02-2013,48,10,25,20,5,21
27-02-2013,17,35,12,31,46,10
27-02-2013,48,33,46,9,30,3
03-03-2013,23,2,11,12,15,32
03-03-2013,21,44,42,4,18,15
06-03-2013,4,44,45,39,5,6
06-03-2013,13,43,6,14,1,9
10-03-2013,40,30,11,41,17,45
10-03-2013,14,22,44,16,4,34
13-03-2013,34,25,11,48,4,7
13-03-2013,44,30,24,42,45,41
15-03-2013,45,29,44,25,8,24
15-03-2013,47,14,21,22,44,10
17-03-2013,6,43,22,24,19,17
17-03-2013,6,12,24,41,14,43
20-03-2013,13,42,1,9,30,26
20-03-2013,4,7,17,24,27,21
24-03-2013,11,47,31,41,42,21
24-03-2013,13,41,35,8,22,46
27-03-2013,46,28,17,29,47,24
27-03-2013,10,43,21,32,48,30
31-03-2013,6,3,27,21,28,49
31-03-2013,8,42,32,27,40,26
03-04-2013,24,29,17,48,27,10
03-04-2013,37,2,25,46,30,21
07-04-2013,17,23,12,27,22,6
07-04-2013,38,15,28,31,37,26
10-04-2013,24,9,42,2,4,17
10-04-2013,44,36,23,28,41,16
12-04-2013,16,42,38,30,28,34
12-04-2013,30,10,3,42,9,20
14-04-2013,18,45,44,40,34,49
14-04-2013,5,33,49,30,8,28
17-04-2013,26,40,15,19,14,32
17-04-2013,23,47,32,15,3,49
21-04-2013,38,30,26,23,3,48
21-04-2013,9,2,24,12,43,37
24-04-2013,25,35,23,47,17,5
24-04-2013,10,39,7,23,46,48
28-04-2013,2,9,8,43,14,22
28-04-2013,39,20,30,47,45,33
01-05-2013,10,47,12,31,41,39
01-05-2013,47,5,7,11,33,14
05-05-2013,25,2,8,3,47,49
05-05-2013,41,5,12,3,4,10
08-05-2013,32,17,25,14,3,4
08-05-2013,11,12,38,9,16,2
12-05-2013,34,33,30,3,17,40
12-05-2013,11,34,38,33,9,26
15-05-2013,43,33,24,46,49,22
15-05-2013,41,37,23,39,13,25
17-05-2013,11,31,38,33,10,29
17-05-2013,18,2,21,45,13,42
19-05-2013,19,36,41,22,43,17
19-05-2013,21,43,13,20,46,36
22-05-2013,33,31,15,37,44,12
22-05-2013,23,25,31,42,2,9
26-05-2013,13,17,21,8,28,10
26-05-2013,9,8,37,45,12,2
29-05-2013,43,29,27,16,39,25
29-05-2013,36,22,49,1,40,5
02-06-2013,34,39,37,44,8,42
02-06-2013,40,49,2,10,25,13
05-06-2013,16,27,44,8,25,21
05-06-2013,3,5,23,39,18,6
09-06-2013,40,38,10,37,42,39
09-06-2013,47,1,32,39,21,25
12-06-2013,41,1,4,13,40,9
12-06-2013,7,35,5,11,33,17
14-06-2013,4,18,36,9,21,6
14-06-2013,39,12,22,40,25,37
16-06-2013,43,29,7,10,17,5
16-06-2013,16,15,41,37,13,10
19-06-2013,20,48,21,44,41,46
19-06-2013,14,43,41,20,30,23
23-06-2013,34,46,13,49,33,36
23-06-2013,43,16,46,37,34,13
26-06-2013,22,19,6,26,10,25
26-06-2013,10,48,9,45,24,14
30-06-2013,8,21,46,38,41,11
30-06-2013,27,21,8,43,18,24
03-07-2013,26,46,39,15,9,16
03-07-2013,40,35,14,16,13,12
07-07-2013,23,38,7,35,16,31
07-07-2013,5,9,28,49,47,43
10-07-2013,44,13,1,40,39,21
10-07-2013,26,29,9,39,48,7
12-07-2013,39,34,38,3,8,18
12-07-2013,40,28,27,49,32,39
14-07-2013,1,19,15,43,49,31
14-07-2013,34,32,17,40,2,20
17-07-2013,37,45,12,21,14,3
17-07-2013,49,32,15,12,39,23
21-07-2013,4,40,26,13,48,22
21-07-2013,33,2,42,21,15,23
24-07-2013,24,15,12,31,37,7
24-07-2013,41,48,22,2,49,36
28-07-2013,39,40,19,34,13,6
28-07-2013,44,2,43,6,16,32
31-07-2013,26,8,20,9,35,36
31-07-2013,17,9,31,5,24,26
04-08-2013,38,8,44,35,25,5
04-08-2013,43,6,1,49,33,10
07-08-2013,30,24,14,13,15,35
07-08-2013,39,47,29,46,28,22
11-08-2013,14,41,44,28,5,13
11-08-2013,49,2,48,13,37,41
14-08-2013,49,21,36,26,4,47
14-08-2013,44,22,13,11,20,41
16-08-2013,33,14,20,19,21,18
16-08-2013,22,15,29,47,1,35
18-08-2013,44,10,16,33,42,45
18-08-2013,35,17,15,45,42,8
21-08-2013,12,34,4,28,3,20
21-08-2013,30,1,41,28,49,32
25-08-2013,25,43,44,49,5,28
25-08-2013,27,34,28,11,20,43
28-08-2013,31,38,40,24,33,30
28-08-2013,26,15,36,37,43,31
01-09-2013,29,20,23,13,5,9
01-09-2013,44,46,38,39,25,13
04-09-2013,19,37,4,8,9,27
04-09-2013,38,22,13,23,33,3
08-09-2013,48,16,40,22,9,19
08-09-2013,6,2,46,34,15,23
11-09-2013,14,15,38,11,28,7
11-09-2013,46,14,40,34,42,28
13-09-2013,45,18,2,48,7,37
13-09-2013,37,21,25,10,15,49
15-09-2013,49,27,41,23,26,16
15-09-2013,31,4,28,14,34,20
18-09-2013,37,6,29,36,19,20
18-09-2013,15,10,34,13,11,6
22-09-2013,38,3,16,26,10,47
22-09-2013,36,23,24,27,5,31
25-09-2013,45,30,40,39,44,31
25-09-2013,29,32,5,2,36,34
29-09-2013,25,6,44,15,34,36
29-09-2013,3,21,4,19,31,20
02-10-2013,23,1,4,26,2,9
02-10-2013,47,17,20,6,42,4
06-10-2013,38,29,48,5,32,27
06-10-2013,38,23,31,34,47,12
09-10-2013,10,36,5,16,20,22
09-10-2013,12,28,45,34,48,1
11-10-2013,23,20,14,24,42,32
11-10-2013,33,9,40,11,16,10
13-10-2013,44,8,4,28,9,17
13-10-2013,23,19,17,3,5,33
16-10-2013,41,35,48,3,5,36
16-10-2013,18,27,30,9,8,3
20-10-2013,18,41,37,23,15,44
20-10-2013,13,5,22,33,12,24
23-10-2013,17,34,6,37,41,49
23-10-2013,30,38,24,49,6,48
27-10-2013,29,26,16,32,23,36
27-10-2013,30,46,18,9,31,28
30-10-2013,19,28,27,41,2,25
30-10-2013,34,14,32,22,26,1
03-11-2013,15,8,37,23,39,5
03-11-2013,23,47,17,42,37,9
06-11-2013,15,13,10,45,17,39
06-11-2013,49,27,43,28,46,19
10-11-2013,12,24,45,6,26,16
10-11-2013,39,14,7,11,22,3
13-11-2013,13,37,42,14,15,46
13-11-2013,48,2,12,22,7,33
15-11-2013,27,16,30,7,35,20
15-11-2013,14,11,35,20,39,31
17-11-2013,19,33,10,40,7,49
17-11-2013,48,4,27,10,23,15
20-11-2013,7,25,45,18,14,32
20-11-2013,27,4,31,33,14,46
24-11-2013,41,48,22,40,11,13
24-11-2013,29,38,16,18,46,37
27-11-2013,19,7,17,16,6,23
27-11-2013,24,10,32,19,13,17
01-12-2013,11,39,26,47,12,22
01-12-2013,1,9,28,19,26,6
04-12-2013,9,35,27,7,43,29
04-12-2013,4,12,30,41,34,9
08-12-2013,41,36,48,44,21,26
08-12-2013,18,35,47,10,32,8
11-12-2013,37,23,29,11,46,8
11-12-2013,27,3,16,31,20,6
13-12-2013,11,47,42,34,41,45
13-12-2013,15,28,40,13,25,49
15-12-2013,4,3,24,7,23,30
15-12-2013,23,9,29,6,49,47
18-12-2013,6,36,18,43,19,2
18-12-2013,9,17,49,39,48,1
22-12-2013,23,36,31,46,10,40
22-12-2013,18,21,8,6,9,48
25-12-2013,11,3,37,18,4,35
25-12-2013,19,10,23,30,31,21
29-12-2013,25,42,2,11,40,8
29-12-2013,9,3,32,30,23,37
01-01-2014,33,11,7,22,41,26
01-01-2014,13,48,23,33,19,46
05-01-2014,1,47,32,11,33,28
05-01-2014,8,14,12,4,38,17
08-01-2014,14,18,2,34,24,7
08-01-2014,31,11,45,35,1,40
12-01-2014,46,18,47,12,17,44
12-01-2014,8,42,40,21,3,6
15-01-2014,37,13,20,3,15,47
15-01-2014,14,21,41,42,44,6
17-01-2014,42,2,35,30,22,26
17-01-2014,43,7,2,45,49,5
19-01-2014,49,37,47,14,1,26
19-01-2014,23,5,22,30,11,43
22-01-2014,22,16,49,7,25,43
22-01-2014,43,29,2,18,34,42
26-01-2014,49,21,26,41,13,18
26-01-2014,21,28,33,34,11,4
29-01-2014,36,40,24,5,14,43
29-01-2014,20,24,42,7,15,6
02-02-2014,39,26,17,25,7,4
02-02-2014,30,46,6,1,21,40
05-02-2014,45,8,43,29,3,40
05-02-2014,29,1,17,45,18,34
09-02-2014,16,3,17,44,2,28
09-02-2014,30,1,44,45,27,28
12-02-2014,17,8,20,3,35,38
12-02-2014,14,47,6,8,10,30
14-02-2014,33,17,24,2,48,10
14-02-2014,5,21,42,7,13,49
16-02-2014,5,3,11,2,32,40
16-02-2014,29,9,48,18,36,27
19-02-2014,30,4,23,36,26,22
19-02-2014,49,42,37,19,30,23
23-02-2014,6,11,22,16,19,3
23-02-2014,25,19,29,47,11,22
26-02-2014,26,48,20,45,30,24
26-02-2014,46,9,24,27,47,41
02-03-2014,6,26,39,24,10,5
02-03-2014,40,45,33,19,29,17
05-03-2014,29,37,12,33,46,41
05-03-2014,27,30,31,35,37,10
09-03-2014,29,15,39,10,33,19
09-03-2014,20,5,22,32,26,31
12-03-2014,1,11,41,36,8,18
12-03-2014,26,37,10,13,17,11
14-03-2014,33,3,6,15,39,48
14-03-2014,36,27,46,28,3,44
16-03-2014,26,42,49,38,33,39
16-03-2014,36,32,14,9,41,17
19-03-2014,27,1,14,3,26,41
19-03-2014,2,24,47,10,38,28
23-03-2014,36,20,28,48,7,33
23-03-2014,23,4,12,2,31,10
26-03-2014,31,2,12,46,6,20
26-03-2014,12,4,49,21,28,16
30-03-2014,6,2,16,20,38,23
30-03-2014,46,25,19,2,21,27
02-04-2014,26,15,14,28,7,3
02-04-2014,36,33,13,8,29,39
06-04-2014,45,36,26,24,6,32
06-04-2014,12,10,37,8,14,32
09-04-2014,2,4,16,39,11,27
09-04-2014,21,37,18,1,34,39
13-04-2014,25,34,2,45,15,13
13-04-2014,20,15,40,27,42,43
16-04-2014,22,21,17,27,23,31
16-04-2014,13,10,23,9,44,21
18-04-2014,8,9,18,48,17,5
18-04-2014,36,24,21,42,12,39
20-04-2014,33,3,21,41,48,6
20-04-2014,11,10,45,19,16,33
23-04-2014,45,14,29,33,20,40
23-04-2014,22,37,40,24,26,6
27-04-2014,41,10,17,43,15,16
27-04-2014,40,25,37,5,43,47
30-04-2014,40,38,16,22,27,36
30-04-2014,18,48,6,8,22,21
04-05-2014,42,24,26,11,49,32
04-05-2014,38,4,35,7,34,6
07-05-2014,19,33,22,29,14,37
07-05-2014,13,37,18,11,19,23
11-05-2014,35,4,8,17,19,38
11-05-2014,2,5,32,7,22,43
14-05-2014,24,28,10,47,22,44
14-05-2014,8,13,1,30,4,31
16-05-2014,18,35,39,33,24,42
16-05-2014,4,22,30,43,3,20
18-05-2014,23,7,24,31,37,30
18-05-2014,9,22,37,45,8,16
21-05-2014,41,33,17,32,6,45
21-05-2014,26,37,6,31,44,3
25-05-2014,31,26,38,20,37,47
25-05-2014,45,13,47,19,7,36
28-05-2014,30,8,44,29,17,48
28-05-2014,46,22,34,26,20,13
01-06-2014,44,37,5,11,17,46
01-06-2014,6,20,31,46,47,33
04-06-2014,14,24,19,36,12,37
04-06-2014,20,25,33,46,16,12
08-06-2014,28,3,35,23,42,22
08-06-2014,34,11,18,5,41,22
11-06-2014,18,40,1,19,22,39
11-06-2014,10,41,26,38,49,36
13-06-2014,23,3,35,41,31,40
13-06-2014,5,20,21,46,30,45
15-06-2014,6,11,26,2,43,38
15-06-2014,48,3,18,49,5,36
18-06-2014,11,14,43,45,31,27
18-06-2014,28,5,18,37,38,34
22-06-2014,13,34,47,23,2,31
22-06-2014,1,7,48,17,25,35
25-06-2014,3,1,34,44,43,14
25-06-2014,42,49,22,18,1,14
29-06-2014,41,32,6,25,38,27
29-06-2014,13,14,18,31,45,10
02-07-2014,15,24,4,38,40,9
02-07-2014,42,39,30,36,47,17
06-07-2014,46,3,36,7,31,25
06-07-2014,24,27,46,22,3,5
09-07-2014,12,10,1,44,41,14
09-07-2014,38,16,25,24,22,42
13-07-2014,4,35,30,27,3,1
13-07-2014,27,15,48,29,16,23
16-07-2014,40,22,14,1,13,38
16-07-2014,46,29,43,15,40,33
18-07-2014,4,26,33,12,34,11
18-07-2014,49,11,8,31,2,6
20-07-2014,29,10,28,45,40,47
20-07-2014,34,41,23,42,1,6
23-07-2014,21,1,41,46,8,13
23-07-2014,11,15,18,30,8,40
27-07-2014,19,15,4,5,2,21
27-07-2014,40,12,29,6,37,28
30-07-2014,49,29,2,32,21,9
30-07-2014,27,41,13,20,4,2
03-08-2014,12,27,39,30,24,1
03-08-2014,40,8,49,1,20,35
06-08-2014,26,13,9,34,30,42
06-08-2014,31,36,9,11,26,3
10-08-2014,23,35,15,7,38,16
10-08-2014,28,13,49,41,31,23
13-08-2014,2,15,18,30,10,25
13-08-2014,44,32,47,30,24,6
15-08-2014,46,38,39,12,21,34
15-08-2014,16,41,31,28,7,4
17-08-2014,16,14,20,35,39,49
17-08-2014,5,28,42,30,31,35
20-08-2014,32,49,25,21,12,2
20-08-2014,30,7,6,8,26,34
24-08-2014,34,32,6,8,5,45
24-08-2014,3,8,49,33,23,36
27-08-2014,45,7,22,29,15,43
27-08-2014,19,8,24,11,17,9
31-08-2014,39,38,18,46,13,11
31-08-2014,10,13,3,11,23,21
03-09-2014,39,36,6,23,16,17
03-09-2014,16,3,39,32,34,25
07-09-2014,19,23,46,7,22,47
07-09-2014,30,19,28,32,44,21
10-09-2014,18,6,48,36,44,26
10-09-2014,3,12,11,30,23,5
12-09-2014,46,6,16,21,49,13
12-09-2014,14,49,45,13,46,28
14-09-2014,11,13,39,37,32,5
14-09-2014,47,11,26,41,48,5
17-09-2014,42,27,37,12,45,1
17-09-2014,7,22,33,28,26,11
21-09-2014,40,30,9,21,36,16
21-09-2014,9,39,6,3,2,42
24-09-2014,26,7,19,28,48,17
24-09-2014,48,36,1,26,38,30
28-09-2014,20,25,4,44,21,42
28-09-2014,32,10,31,29,24,5
01-10-2014,31,39,23,3,8,10
01-10-2014,45,22,30,38,47,7
05-10-2014,39,2,38,30,11,9
05-10-2014,35,5,37,23,7,13
08-10-2014,26,32,10,24,7,36
08-10-2014,47,30,4,12,14,21
12-10-2014,19,39,32,22,30,5
12-10-2014,15,19,29,1,22,32
15-10-2014,24,7,32,34,45,33
15-10-2014,36,32,42,27,11,10
17-10-2014,44,38,14,24,29,43
17-10-2014,34,40,26,24,30,33
19-10-2014,29,43,39,32,17,48
19-10-2014,42,21,12,10,31,15
22-10-2014,9,35,41,6,19,17
22-10-2014,41,14,29,3,45,35
26-10-2014,7,40,32,4,29,38
26-10-2014,2,39,12,28,40,8
29-10-2014,17,5,32,22,46,8
29-10-2014,13,44,22,43,7,2
02-11-2014,1,36,20,30,39,23
02-11-2014,33,9,31,38,15,4
05-11-2014,14,1,29,35,30,27
05-11-2014,11,49,7,47,40,15
09-11-2014,31,8,14,17,33,19
09-11-2014,3,8,45,28,2,23
12-11-2014,29,32,44,31,19,8
12-11-2014,43,36,45,24,19,44
14-11-2014,18,37,44,45,1,12
14-11-2014,34,14,23,18,37,36
16-11-2014,33,41,42,22,39,26
16-11-2014,14,30,47,6,19,36
19-11-2014,36,35,44,4,28,34
19-11-2014,24,12,25,5,27,45
23-11-2014,39,15,26,13,14,36
23-11-2014,30,27,18,40,7,3
26-11-2014,6,16,30,20,9,8
26-11-2014,24,35,40,34,49,42
30-11-2014,9,33,31,14,7,32
30-11-2014,4,15,31,33,32,28
03-12-2014,1,17,6,43,4,10
03-12-2014,22,13,33,47,10,44
07-12-2014,21,9,43,14,8,32
07-12-2014,45,46,11,39,13,22
10-12-2014,48,21,23,35,38,39
10-12-2014,35,9,22,17,6,43
12-12-2014,2,16,26,35,12,8
12-12-2014,14,49,27,32,36,13
14-12-2014,2,49,34,7,41,39
14-12-2014,12,30,14,33,35,45
17-12-2014,11,15,28,48,27,25
17-12-2014,14,6,7,42,26,41
21-12-2014,37,28,9,17,19,46
21-12-2014,4,24,47,45,35,23
24-12-2014,24,3,10,43,2,34
24-12-2014,6,34,32,7,12,30
28-12-2014,44,35,24,34,37,33
28-12-2014,19,40,37,8,4,25
31-12-2014,22,34,40,30,36,9
31-12-2014,41,28,49,39,18,23
04-01-2015,36,25,15,23,49,11
04-01-2015,23,11,49,27,39,47
07-01-2015,26,12,41,25,38,22
07-01-2015,43,27,7,28,18,6
11-01-2015,8,6,25,18,26,39
11-01-2015,26,35,48,41,30,2
14-01-2015,34,32,47,17,8,24
14-01-2015,46,27,13,7,21,6
16-01-2015,10,16,48,35,45,33
16-01-2015,1,40,26,38,21,15
18-01-2015,26,7,40,18,38,16
18-01-2015,19,37,13,11,27,5
21-01-2015,27,16,49,34,46,20
21-01-2015,37,38,45,11,36,12
25-01-2015,9,34,10,40,14,17
25-01-2015,48,8,20,7,23,34
28-01-2015,47,11,16,7,36,28
28-01-2015,4,15,48,16,32,14
01-02-2015,39,44,28,17,46,26
01-02-2015,1,26,5,45,34,17
04-02-2015,45,8,15,21,49,4
04-02-2015,20,7,15,49,6,9
08-02-2015,18,26,39,44,41,37
08-02-2015,8,33,4,3,34,9
11-02-2015,40,24,15,44,47,10
11-02-2015,2,13,36,39,27,43
13-02-2015,7,42,2,29,10,41
13-02-2015,1,24,7,14,16,6
15-02-2015,40,42,10,22,23,6
15-02-2015,3,43,9,21,36,10
18-02-2015,36,6,32,9,34,48
18-02-2015,4,43,32,22,34,11
22-02-2015,12,11,28,29,30,13
22-02-2015,1,48,49,42,41,36
25-02-2015,29,32,5,3,42,36
25-02-2015,8,10,3,15,21,34
01-03-2015,29,20,19,35,7,32
01-03-2015,34,8,32,30,36,22
04-03-2015,5,43,1,26,29,36
04-03-2015,35,37,26,29,12,5
08-03-2015,12,20,3,47,29,7
08-03-2015,37,45,7,21,8,23
11-03-2015,28,2,21,9,37,29
11-03-2015,4,26,46,41,9,27
13-03-2015,29,10,9,23,24,6
13-03-2015,25,42,16,40,6,48
15-03-2015,18,37,9,38,27,36
15-03-2015,11,34,16,46,47,28
18-03-2015,16,5,4,41,35,46
18-03-2015,5,47,7,26,14,17
20-03-2015,28,41,44,15,40,14
20-03-2015,26,25,23,47,8,2
22-03-2015,47,31,28,39,46,19
22-03-2015,8,17,23,27,13,15
25-03-2015,20,44,10,7,49,16
25-03-2015,24,17,34,36,13,47
29-03-2015,16,43,20,9,18,39
29-03-2015,16,33,12,30,9,26
01-04-2015,8,33,45,13,17,38
01-04-2015,14,37,24,47,35,36
03-04-2015,13,6,29,35,47,25
03-04-2015,11,33,28,29,47,26
05-04-2015,49,17,27,29,6,3
05-04-2015,2,13,31,39,43,5
08-04-2015,28,3,12,46,30,14
08-04-2015,11,1,2,16,5,15
12-04-2015,21,43,41,47,14,16
12-04-2015,34,5,28,22,3,29
15-04-2015,45,19,41,20,22,42
15-04-2015,7,3,45,15,12,39
17-04-2015,45,32,5,6,23,2
17-04-2015,5,8,33,42,6,10
19-04-2015,22,3,46,8,23,30
19-04-2015,22,32,8,1,38,4
22-04-2015,49,21,31,23,42,41
22-04-2015,44,15,13,23,46,5
26-04-2015,33,15,30,5,9,24
26-04-2015,38,7,31,49,15,23
29-04-2015,40,46,20,5,34,14
29-04-2015,15,5,42,30,34,35
03-05-2015,28,37,30,32,44,38
03-05-2015,37,24,9,4,28,30
06-05-2015,47,49,36,18,13,12
06-05-2015,22,16,26,6,14,29
10-05-2015,3,38,28,35,5,20
10-05-2015,29,5,21,38,49,14
13-05-2015,20,36,43,29,46,5
13-05-2015,9,38,37,45,49,20
15-05-2015,48,15,16,49,25,47
15-05-2015,12,35,22,38,25,13
17-05-2015,33,11,47,36,39,23
17-05-2015,2,5,21,15,18,27
20-05-2015,18,25,17,34,37,5
20-05-2015,1,2,21,25,29,7
24-05-2015,12,33,37,20,46,26
24-05-2015,16,44,41,37,49,34
27-05-2015,34,44,38,25,39,46
27-05-2015,23,1,35,46,2,6
31-05-2015,30,2,14,13,21,47
31-05-2015,47,43,28,24,39,23
03-06-2015,41,33,42,21,3,5
03-06-2015,39,13,42,24,45,19
07-06-2015,6,41,3,35,17,13
07-06-2015,2,4,35,39,26,5
10-06-2015,8,33,24,49,43,47
10-06-2015,4,34,26,30,41,19
12-06-2015,47,4,40,10,8,20
12-06-2015,41,33,6,8,44,16
14-06-2015,38,12,35,19,11,23
14-06-2015,45,32,44,25,33,3
17-06-2015,27,16,13,6,40,44
17-06-2015,45,28,44,21,36,13
21-06-2015,17,36,38,24,33,1
21-06-2015,22,1,28,34,44,48
24-06-2015,37,16,11,8,41,26
24-06-2015,48,26,42,5,2,46
26-06-2015,42,16,8,18,10,12
26-06-2015,35,6,12,11,28,37
28-06-2015,5,16,26,33,35,43
28-06-2015,21,31,2,23,45,8
01-07-2015,47,23,20,40,28,35
01-07-2015,29,23,49,4,6,41
05-07-2015,1,13,48,49,40,18
05-07-2015,15,38,45,40,19,5
08-07-2015,3,38,4,2,48,36
08-07-2015,25,26,11,46,8,16
12-07-2015,9,19,20,5,41,22
12-07-2015,35,25,44,48,7,17
15-07-2015,49,43,21,8,46,26
15-07-2015,43,34,49,25,46,19
17-07-2015,6,43,24,7,44,38
17-07-2015,35,3,49,23,19,47
19-07-2015,17,12,3,35,37,47
19-07-2015,47,35,14,40,37,26
22-07-2015,15,24,27,21,19,43
22-07-2015,38,43,2,20,16,4
26-07-2015,32,3,41,1,42,39
26-07-2015,40,9,35,14,44,49
29-07-2015,16,28,40,11,12,44
29-07-2015,6,12,13,48,2,38
02-08-2015,21,22,32,34,4,20
02-08-2015,25,4,40,28,3,36
05-08-2015,12,2,35,33,1,31
05-08-2015,17,22,21,36,41,5
09-08-2015,36,14,46,32,43,15
09-08-2015,25,2,35,5,23,39
12-08-2015,42,33,44,10,38,28
12-08-2015,29,21,41,35,11,45
14-08-2015,2,45,25,33,4,21
14-08-2015,9,26,22,12,45,24
16-08-2015,19,46,48,36,28,47
16-08-2015,17,47,43,49,45,9
19-08-2015,30,48,16,8,14,28
19-08-2015,4,10,30,5,38,46
23-08-2015,14,25,10,3,18,21
23-08-2015,30,24,31,47,2,41
26-08-2015,18,21,3,25,36,2
26-08-2015,13,35,18,12,10,29
30-08-2015,28,45,41,38,14,49
30-08-2015,26,27,5,24,39,48
02-09-2015,15,36,13,41,44,2
02-09-2015,24,32,37,17,5,36
06-09-2015,44,29,25,40,37,46
06-09-2015,26,3,11,19,23,30
09-09-2015,14,49,37,3,8,21
09-09-2015,23,12,3,22,41,43
13-09-2015,9,2,32,20,35,29
13-09-2015,26,22,35,42,19,36
16-09-2015,28,44,45,21,19,27
16-09-2015,12,6,4,22,38,1
18-09-2015,14,48,44,27,45,3
18-09-2015,9,23,49,40,45,14
20-09-2015,30,47,1,33,25,14
20-09-2015,9,29,8,30,3,26
23-09-2015,4,34,22,5,16,28
23-09-2015,11,20,2,47,1,21
27-09-2015,19,3,9,39,16,44
27-09-2015,35,43,3,41,37,14
30-09-2015,32,42,40,7,1,5
30-09-2015,8,42,11,17,37,14
04-10-2015,8,43,18,6,4,12
04-10-2015,42,14,44,7,3,49
07-10-2015,34,6,11,20,14,15
07-10-2015,24,8,49,44,10,21
11-10-2015,39,19,31,32,29,24
11-10-2015,24,9,48,40,2,29
14-10-2015,3,34,2,17,39,1
14-10-2015,45,35,16,39,25,46
16-10-2015,24,37,5,9,43,31
16-10-2015,16,24,37,44,22,18
18-10-2015,19,43,35,15,11,20
18-10-2015,34,32,16,17,42,39
21-10-2015,30,2,27,4,48,15
21-10-2015,43,7,4,9,2,46
25-10-2015,27,19,33,32,41,47
25-10-2015,17,20,1,14,44,40
28-10-2015,37,4,48,3,46,24
28-10-2015,14,41,37,27,47,43
01-11-2015,6,49,36,5,42,28
01-11-2015,24,47,5,23,44,1
04-11-2015,6,32,26,25,36,35
04-11-2015,14,15,7,27,41,33
08-11-2015,2,46,28,26,40,11
08-11-2015,43,5,41,19,40,37
11-11-2015,17,24,41,9,48,37
11-11-2015,17,24,27,48,31,41
13-11-2015,36,49,41,20,43,7
13-11-2015,3,31,20,28,32,10
15-11-2015,43,5,39,36,3,10
15-11-2015,8,44,17,38,23,34
18-11-2015,23,43,32,10,9,49
18-11-2015,28,12,3,8,42,47
22-11-2015,10,27,5,26,3,14
22-11-2015,5,44,19,25,27,32
25-11-2015,3,33,10,19,23,5
25-11-2015,48,33,16,38,20,36
29-11-2015,22,40,10,36,11,5
29-11-2015,9,20,39,4,36,28
02-12-2015,27,2,37,24,17,21
02-12-2015,16,42,22,32,34,18
06-12-2015,14,16,30,38,42,7
06-12-2015,4,8,28,6,46,45
09-12-2015,28,5,10,9,7,24
09-12-2015,22,27,2,3,31,4
13-12-2015,32,12,6,49,41,28
13-12-2015,44,21,26,8,2,22
16-12-2015,13,37,44,48,12,31
16-12-2015,44,5,38,14,45,12
18-12-2015,18,6,37,39,27,2
18-12-2015,24,13,23,28,8,33
20-12-2015,43,49,1,22,15,29
20-12-2015,38,4,27,2,31,15
23-12-2015,18,22,38,35,33,44
23-12-2015,11,34,26,22,10,47
24-12-2015,27,33,17,13,43,39
24-12-2015,14,6,2,39,38,49
27-12-2015,8,29,36,28,34,9
27-12-2015,19,7,36,9,48,22
30-12-2015,49,15,12,25,35,7
30-12-2015,23,2,30,34,31,10
03-01-2016,39,49,21,19,41,46
03-01-2016,48,17,2,9,6,3
06-01-2016,41,44,42,29,27,17
06-01-2016,40,22,23,45,41,10
10-01-2016,42,4,16,29,5,44
10-01-2016,19,20,15,42,3,12
13-01-2016,38,29,15,19,13,40
13-01-2016,21,3,29,43,19,46
15-01-2016,38,26,39,43,30,17
15-01-2016,17,45,20,37,36,27
17-01-2016,8,12,49,47,2,45
17-01-2016,36,9,5,27,39,46
20-01-2016,1,26,18,9,6,37
20-01-2016,48,28,16,11,46,32
24-01-2016,32,10,23,38,30,41
24-01-2016,21,6,38,4,19,33
27-01-2016,2,16,31,35,41,29
27-01-2016,48,33,15,34,42,5
31-01-2016,48,33,26,28,15,17
31-01-2016,26,37,18,47,36,8
03-02-2016,1,20,2,18,35,28
03-02-2016,27,44,10,23,31,20
07-02-2016,34,6,26,49,13,5
07-02-2016,23,13,4,27,9,7
10-02-2016,17,6,47,2,36,19
10-02-2016,13,22,32,16,6,38
12-02-2016,48,6,29,9,19,15
12-02-2016,43,16,10,38,19,17
14-02-2016,30,9,27,3,37,35
14-02-2016,37,31,17,38,10,6
17-02-2016,35,44,41,23,25,15
17-02-2016,36,5,41,15,11,31
21-02-2016,32,20,21,18,11,47
21-02-2016,34,41,18,8,30,23
24-02-2016,27,21,13,29,17,20
24-02-2016,11,28,35,33,6,47
28-02-2016,5,7,2,20,23,45
28-02-2016,30,31,21,44,2,29
02-03-2016,27,47,22,39,24,34
02-03-2016,49,7,25,15,20,29
06-03-2016,45,12,43,22,49,29
06-03-2016,13,12,27,4,29,44
09-03-2016,4,47,40,9,13,49
09-03-2016,45,41,3,23,36,6
11-03-2016,24,16,2,23,7,34
11-03-2016,41,34,5,49,40,42
13-03-2016,9,49,7,11,43,44
13-03-2016,10,16,17,22,3,30
16-03-2016,23,31,26,14,15,5
16-03-2016,17,43,49,16,24,40
20-03-2016,11,23,32,3,20,30
20-03-2016,29,42,37,11,12,35
23-03-2016,8,39,41,31,18,35
23-03-2016,23,48,13,41,32,45
25-03-2016,21,28,22,26,31,24
25-03-2016,49,36,32,29,47,24
27-03-2016,23,14,1,39,29,41
27-03-2016,47,42,3,17,39,11
30-03-2016,22,47,45,46,32,35
30-03-2016,10,43,33,19,4,6
03-04-2016,38,39,42,14,30,7
03-04-2016,7,4,25,32,1,21
06-04-2016,20,48,13,25,47,3
06-04-2016,11,38,16,15,17,23
10-04-2016,17,15,18,29,14,34
10-04-2016,18,47,10,41,32,43
13-04-2016,43,41,49,32,14,22
13-04-2016,2,21,39,38,25,7
15-04-2016,2,7,18,28,24,26
15-04-2016,31,25,7,21,39,43
17-04-2016,33,36,48,17,12,44
17-04-2016,35,15,2,40,45,29
20-04-2016,23,7,49,14,10,42
20-04-2016,48,49,26,23,2,43
22-04-2016,9,18,22,41,49,2
22-04-2016,4,7,48,30,1,34
24-04-2016,45,37,26,9,29,13
24-04-2016,20,28,30,4,36,22
27-04-2016,48,33,43,27,35,11
27-04-2016,48,24,28,25,18,27
01-05-2016,44,14,43,10,34,46
01-05-2016,42,39,47,9,33,41
04-05-2016,49,31,2,6,32,5
04-05-2016,7,14,20,46,16,8
08-05-2016,23,26,36,9,42,37
08-05-2016,37,30,19,3,17,44
11-05-2016,34,3,1,32,47,7
11-05-2016,28,42,41,35,29,6
13-05-2016,14,15,6,28,33,9
13-05-2016,39,15,36,31,29,9
15-05-2016,25,7,15,33,21,24
15-05-2016,38,18,13,30,48,9
18-05-2016,35,2,16,43,40,13
18-05-2016,31,2,20,44,10,25
22-05-2016,27,19,7,26,29,9
22-05-2016,34,46,41,1,2,48
25-05-2016,4,47,8,48,9,6
25-05-2016,38,23,30,29,12,9
29-05-2016,7,27,30,21,24,5
29-05-2016,43,11,41,31,33,23
01-06-2016,10,6,29,15,13,49
01-06-2016,43,49,19,9,35,18
05-06-2016,43,32,7,35,27,18
05-06-2016,39,28,30,4,17,10
08-06-2016,40,37,36,26,12,38
08-06-2016,5,14,48,40,33,12
10-06-2016,28,31,16,20,30,15
10-06-2016,42,2,49,4,35,6
12-06-2016,27,19,41,12,44,28
12-06-2016,32,48,10,35,4,1
15-06-2016,27,47,11,43,3,8
15-06-2016,17,33,3,39,9,7
19-06-2016,10,48,3,39,9,34
19-06-2016,38,27,26,19,3,20
22-06-2016,19,4,18,34,36,12
22-06-2016,36,45,47,40,34,6
24-06-2016,18,23,27,37,12,41
24-06-2016,5,15,38,43,23,31
26-06-2016,27,45,22,35,20,13
26-06-2016,2,45,38,47,15,6
29-06-2016,25,8,29,14,43,36
29-06-2016,12,2,22,46,9,41
03-07-2016,41,37,21,30,3,43
03-07-2016,45,43,22,23,38,10
06-07-2016,2,20,42,6,14,21
06-07-2016,7,45,36,42,17,44
10-07-2016,28,38,21,12,42,8
10-07-2016,14,19,41,25,28,10
13-07-2016,33,10,5,7,15,19
13-07-2016,36,21,9,32,16,48
15-07-2016,38,28,18,12,5,30
15-07-2016,47,2,44,17,26,32
17-07-2016,23,16,22,36,49,39
17-07-2016,44,2,24,43,20,33
20-07-2016,34,28,21,13,18,30
20-07-2016,13,6,42,12,19,28
24-07-2016,39,18,22,6,47,4
24-07-2016,10,3,34,30,35,40
27-07-2016,46,12,26,43,44,9
27-07-2016,35,22,17,28,24,23
31-07-2016,1,29,25,4,19,15
31-07-2016,2,47,41,26,39,8
03-08-2016,42,4,26,28,29,41
03-08-2016,46,16,34,32,26,7
05-08-2016,9,17,36,30,26,43
05-08-2016,47,10,23,1,40,24
07-08-2016,17,12,14,49,8,38
07-08-2016,44,27,43,6,32,39
10-08-2016,4,49,18,39,1,35
10-08-2016,49,24,25,27,39,7
12-08-2016,23,27,46,13,5,39
12-08-2016,47,31,17,25,48,14
14-08-2016,41,47,31,2,17,44
14-08-2016,15,18,6,42,27,12
17-08-2016,14,32,15,38,2,48
17-08-2016,49,34,31,44,47,27
21-08-2016,17,11,3,46,24,16
21-08-2016,33,27,47,5,43,6
24-08-2016,29,47,24,45,5,14
24-08-2016,27,19,18,41,32,3
28-08-2016,41,15,17,44,13,37
28-08-2016,22,28,25,26,46,13
31-08-2016,3,13,46,32,36,42
31-08-2016,30,7,41,2,13,27
04-09-2016,1,36,30,18,2,38
04-09-2016,20,15,43,5,39,44
07-09-2016,47,40,34,48,21,27
07-09-2016,1,10,42,8,46,14
11-09-2016,18,35,4,44,16,38
11-09-2016,14,28,5,9,35,33
14-09-2016,47,20,37,35,12,24
14-09-2016,29,4,47,13,12,31
16-09-2016,22,13,6,4,30,20
16-09-2016,41,42,20,34,46,23
18-09-2016,9,1,30,27,32,24
18-09-2016,3,46,10,26,22,11
21-09-2016,48,8,9,23,37,2
21-09-2016,8,47,13,1,4,32
25-09-2016,22,7,5,26,41,12
25-09-2016,41,30,12,34,46,20
28-09-2016,7,26,41,48,16,40
28-09-2016,22,41,42,10,45,46
02-10-2016,28,30,13,6,46,25
02-10-2016,9,12,19,6,39,30
05-10-2016,28,18,21,16,47,22
05-10-2016,6,32,27,24,2,3
09-10-2016,17,19,5,43,16,2
09-10-2016,16,3,37,6,19,21
12-10-2016,14,6,27,45,42,13
12-10-2016,36,25,28,21,5,23
14-10-2016,42,44,29,46,45,20
14-10-2016,26,10,11,23,40,31
16-10-2016,19,39,5,4,46,10
16-10-2016,4,36,34,42,11,49
19-10-2016,21,11,41,15,35,39
19-10-2016,42,49,30,36,7,20
21-10-2016,1,44,2,35,26,42
21-10-2016,11,10,4,30,8,29
23-10-2016,2,9,6,18,36,19
23-10-2016,2,14,29,10,1,20
26-10-2016,11,49,17,4,24,30
26-10-2016,29,20,10,28,11,2
30-10-2016,47,6,28,42,4,13
30-10-2016,1,35,20,4,21,37
02-11-2016,44,10,9,39,18,34
02-11-2016,27,4,14,35,9,22
06-11-2016,40,41,37,45,19,16
06-11-2016,29,42,5,36,30,32
09-11-2016,39,42,26,2,21,19
09-11-2016,43,44,40,46,27,20
11-11-2016,21,24,45,15,9,39
11-11-2016,45,6,36,44,41,15
13-11-2016,29,18,12,43,2,35
13-11-2016,47,12,25,37,48,7
16-11-2016,9,30,24,1,47,41
16-11-2016,27,35,25,10,14,34
20-11-2016,30,22,2,5,44,12
20-11-2016,21,37,32,19,8,9
23-11-2016,27,4,48,5,12,32
23-11-2016,23,21,38,12,19,8
25-11-2016,11,23,3,47,41,29
25-11-2016,13,26,6,47,35,27
27-11-2016,27,48,6,43,41,39
27-11-2016,46,2,35,13,37,7
30-11-2016,39,19,25,1,46,35
30-11-2016,16,42,12,29,38,39
04-12-2016,33,7,25,23,47,19
04-12-2016,47,14,29,27,48,21
07-12-2016,46,22,12,4,44,36
07-12-2016,12,27,48,4,41,42
11-12-2016,16,1,21,22,25,31
11-12-2016,38,29,12,7,16,30
14-12-2016,49,15,44,7,19,30
14-12-2016,10,25,36,3,11,46
16-12-2016,20,27,14,19,44,29
16-12-2016,37,16,20,39,47,32
18-12-2016,26,43,15,36,38,32
18-12-2016,9,6,26,48,29,14
21-12-2016,17,9,1,7,45,4
21-12-2016,29,48,41,31,7,32
24-12-2016,2,35,10,13,3,7
24-12-2016,41,13,10,4,44,40
25-12-2016,2,48,38,45,41,25
25-12-2016,26,2,17,24,22,12
28-12-2016,29,27,20,13,44,39
28-12-2016,8,45,7,42,40,15
31-12-2016,5,22,48,17,30,16
31-12-2016,26,31,12,33,25,44
01-01-2017,29,21,47,39,10,25
01-01-2017,3,45,30,31,28,10
04-01-2017,21,43,36,6,1,39
04-01-2017,21,35,18,27,19,36
08-01-2017,42,17,16,48,10,27
08-01-2017,8,42,37,17,35,33
11-01-2017,42,4,29,18,8,46
11-01-2017,36,43,22,28,7,13
13-01-2017,30,14,22,27,47,4
13-01-2017,28,9,12,33,36,39
15-01-2017,19,1,31,38,5,26
15-01-2017,35,2,39,6,9,44
18-01-2017,3,20,35,42,25,36
18-01-2017,43,40,15,12,24,28
22-01-2017,48,28,6,14,38,10
22-01-2017,39,35,37,34,12,25
25-01-2017,24,11,15,39,9,30
25-01-2017,48,47,14,41,15,4
29-01-2017,43,26,32,15,45,6
29-01-2017,42,31,43,23,30,10
01-02-2017,46,39,13,10,15,34
01-02-2017,29,19,48,30,7,47
05-02-2017,9,14,41,15,8,39
05-02-2017,39,48,29,4,19,15
08-02-2017,18,43,25,15,28,32
08-02-2017,8,22,20,38,46,36
12-02-2017,36,6,40,15,12,33
12-02-2017,39,24,7,26,12,29
15-02-2017,40,16,18,6,47,42
15-02-2017,10,1,12,41,42,15
17-02-2017,35,39,43,31,30,27
17-02-2017,5,33,24,47,19,15
19-02-2017,45,11,10,3,32,21
19-02-2017,9,6,33,39,10,22
22-02-2017,36,14,37,35,4,49
22-02-2017,18,25,44,27,34,45
26-02-2017,3,24,30,19,40,46
26-02-2017,36,27,48,34,37,28
01-03-2017,47,27,32,1,7,3
01-03-2017,47,49,12,42,13,37
05-03-2017,3,14,36,5,17,15
05-03-2017,46,26,37,43,9,14
08-03-2017,22,20,26,45,1,16
08-03-2017,20,22,35,34,4,2
12-03-2017,30,8,47,35,13,41
12-03-2017,11,22,39,34,25,16
15-03-2017,22,41,17,26,21,12
15-03-2017,29,4,25,46,1,23
17-03-2017,6,10,44,1,7,4
17-03-2017,34,22,17,42,36,6
19-03-2017,1,14,20,25,34,3
19-03-2017,41,14,18,48,7,30
22-03-2017,37,21,43,6,8,31
22-03-2017,20,39,25,10,5,16
26-03-2017,32,22,27,34,11,49
26-03-2017,7,42,1,33,16,39
29-03-2017,40,18,2,8,11,34
29-03-2017,5,21,34,7,15,19
02-04-2017,2,28,31,32,6,24
02-04-2017,30,2,20,1,17,15
05-04-2017,10,19,13,8,20,47
05-04-2017,35,23,18,1,12,38
09-04-2017,26,37,16,36,43,20
09-04-2017,9,28,14,12,36,22
12-04-2017,36,30,4,16,3,9
12-04-2017,35,38,19,3,26,34
14-04-2017,45,16,8,20,48,10
14-04-2017,39,1,40,47,7,23
16-04-2017,32,33,34,47,21,40
16-04-2017,25,10,40,7,45,9
19-04-2017,25,33,42,4,22,30
19-04-2017,2,13,16,23,35,26
23-04-2017,27,24,23,4,2,8
23-04-2017,28,36,29,40,34,9
26-04-2017,31,34,49,17,5,20
26-04-2017,48,36,31,13,34,40
28-04-2017,36,1,14,43,29,49
28-04-2017,29,45,31,48,36,25
30-04-2017,1,25,39,29,31,4
30-04-2017,22,1,23,26,48,18
03-05-2017,38,4,15,40,48,46
03-05-2017,26,49,33,1,46,7
07-05-2017,13,6,30,47,4,5
07-05-2017,46,4,12,8,41,42
10-05-2017,38,7,8,37,5,24
10-05-2017,40,3,5,1,32,41
12-05-2017,27,29,41,6,38,16
12-05-2017,17,2,33,3,24,32
14-05-2017,18,48,27,37,24,3
14-05-2017,34,38,25,32,30,15
17-05-2017,42,36,48,30,45,19
17-05-2017,25,47,13,32,20,4
21-05-2017,17,8,41,24,49,34
21-05-2017,37,25,31,34,14,26
24-05-2017,34,2,20,6,22,42
24-05-2017,4,15,39,38,46,27
26-05-2017,40,41,6,12,43,31
26-05-2017,31,9,23,2,22,34
28-05-2017,37,22,48,40,18,23
28-05-2017,8,40,24,28,22,9
31-05-2017,31,22,6,48,24,26
31-05-2017,47,28,20,45,22,31
04-06-2017,40,44,6,17,45,14
04-06-2017,21,47,2,33,14,4
07-06-2017,36,44,31,40,47,38
07-06-2017,41,9,27,44,39,4
11-06-2017,19,2,36,44,6,46
11-06-2017,3,19,47,18,46,11
14-06-2017,21,19,48,4,26,9
14-06-2017,5,49,37,44,1,47
16-06-2017,26,12,17,42,25,35
16-06-2017,1,48,16,30,49,5
18-06-2017,12,15,44,36,19,43
18-06-2017,20,5,44,31,28,32
21-06-2017,7,24,37,12,22,18
21-06-2017,33,2,34,40,23,39
23-06-2017,24,11,16,3,31,22
23-06-2017,22,49,32,13,9,11
25-06-2017,11,26,8,41,39,40
25-06-2017,37,24,12,3,39,44
28-06-2017,14,4,39,35,20,28
28-06-2017,11,47,48,24,17,21
02-07-2017,2,17,15,14,26,25
02-07-2017,1,39,26,11,46,49
05-07-2017,26,20,45,24,43,30
05-07-2017,45,33,37,5,42,26
07-07-2017,36,45,6,34,24,15
07-07-2017,32,1,49,46,43,10
09-07-2017,11,32,5,29,45,30
09-07-2017,25,1,4,12,10,36
12-07-2017,36,49,23,34,29,9
12-07-2017,42,49,6,32,25,27
14-07-2017,38,33,14,36,4,43
14-07-2017,11,14,48,32,26,22
16-07-2017,43,6,10,46,44,1
16-07-2017,44,2,3,33,20,36
19-07-2017,34,40,5,43,44,26
19-07-2017,41,30,38,44,7,19
23-07-2017,33,21,17,6,3,32
23-07-2017,21,12,25,18,32,40
26-07-2017,24,44,22,25,47,26
26-07-2017,43,2,31,16,28,3
30-07-2017,34,47,31,1,36,16
30-07-2017,39,24,45,1,16,17
02-08-2017,20,29,24,6,26,44
02-08-2017,10,48,12,23,11,38
06-08-2017,2,29,17,46,19,37
06-08-2017,36,35,25,11,31,49
09-08-2017,20,40,43,9,42,13
09-08-2017,38,25,7,45,46,4
11-08-2017,33,49,44,20,32,14
11-08-2017,20,14,4,36,48,46
13-08-2017,31,15,45,34,12,1
13-08-2017,1,21,23,18,6,7
16-08-2017,45,8,2,38,13,34
16-08-2017,42,34,2,26,20,27
20-08-2017,49,24,48,19,29,46
20-08-2017,44,7,9,24,37,47
23-08-2017,38,29,20,31,1,32
23-08-2017,14,38,17,18,39,28
25-08-2017,21,47,30,32,45,31
25-08-2017,46,39,1,36,40,6
27-08-2017,47,29,27,38,16,8
27-08-2017,5,15,3,44,17,38
30-08-2017,36,13,47,27,7,9
30-08-2017,35,3,27,6,1,15
03-09-2017,41,21,8,27,6,49
03-09-2017,9,26,27,32,36,25
06-09-2017,27,2,13,33,8,47
06-09-2017,47,11,48,5,22,44
10-09-2017,4,25,12,19,9,28
10-09-2017,20,29,16,47,17,41
13-09-2017,2,19,42,38,9,14
13-09-2017,37,25,48,27,42,23
15-09-2017,5,48,21,45,15,17
15-09-2017,28,7,29,45,5,11
17-09-2017,35,47,23,45,20,21
17-09-2017,17,1,15,40,22,41
20-09-2017,46,41,23,36,16,24
20-09-2017,43,31,48,42,23,7
24-09-2017,13,16,29,3,36,4
24-09-2017,23,13,5,12,37,41
27-09-2017,25,40,21,31,48,47
27-09-2017,2,33,23,26,10,35
01-10-2017,6,39,31,23,22,27
01-10-2017,38,33,15,12,29,45
04-10-2017,46,22,28,4,34,7
04-10-2017,10,16,17,29,40,27
08-10-2017,23,12,37,44,24,9
08-10-2017,6,26,23,12,31,7
11-10-2017,1,9,2,17,4,40
11-10-2017,3,24,33,27,11,36
13-10-2017,3,47,18,33,23,20
13-10-2017,33,6,18,5,22,31
15-10-2017,32,48,5,13,4,12
15-10-2017,17,24,44,3,23,40
18-10-2017,37,31,8,28,46,26
18-10-2017,17,7,47,21,45,43
22-10-2017,8,31,49,3,42,23
22-10-2017,38,16,39,8,6,33
25-10-2017,27,16,22,46,14,17
25-10-2017,39,4,25,9,13,21
29-10-2017,20,8,46,37,42,41
29-10-2017,14,22,40,6,11,21
01-11-2017,16,19,43,9,39,27
01-11-2017,37,45,22,43,40,47
05-11-2017,13,14,46,40,22,24
05-11-2017,43,25,49,31,37,44
08-11-2017,18,37,26,32,33,47
08-11-2017,33,1,4,12,14,44
10-11-2017,10,14,4,39,3,20
10-11-2017,1,20,9,43,46,35
12-11-2017,21,22,23,31,27,6
12-11-2017,22,25,15,24,33,21
15-11-2017,9,18,12,43,1,27
15-11-2017,27,29,46,8,39,12
19-11-2017,31,46,40,47,34,15
19-11-2017,34,47,9,32,41,18
22-11-2017,44,19,29,31,28,41
22-11-2017,31,15,47,7,41,10
24-11-2017,29,4,15,45,17,48
24-11-2017,7,17,13,44,2,15
26-11-2017,4,2,26,33,43,31
26-11-2017,21,8,3,2,24,13
29-11-2017,25,4,18,17,43,35
29-11-2017,20,26,25,28,10,43
03-12-2017,3,36,22,29,24,8
03-12-2017,32,6,14,25,33,46
06-12-2017,7,25,20,16,24,28
06-12-2017,18,38,24,10,37,32
10-12-2017,30,20,24,8,35,4
10-12-2017,29,37,14,2,5,41
13-12-2017,40,38,17,39,25,16
13-12-2017,32,42,13,9,28,4
15-12-2017,21,31,47,14,34,5
15-12-2017,42,23,47,11,37,13
17-12-2017,32,48,31,16,22,40
17-12-2017,34,45,20,4,17,2
20-12-2017,48,43,16,8,25,41
20-12-2017,11,12,48,7,33,19
22-12-2017,34,41,44,17,25,31
22-12-2017,1,41,9,4,7,5
24-12-2017,42,24,20,38,9,13
24-12-2017,13,33,44,1,32,46
27-12-2017,34,6,44,17,31,33
27-12-2017,19,20,26,30,17,7
29-12-2017,29,34,40,25,2,48
29-12-2017,24,10,20,3,38,21
31-12-2017,42,30,22,4,29,23
31-12-2017,38,1,47,31,39,12
03-01-2018,42,41,13,35,46,12
03-01-2018,5,19,22,8,45,2
07-01-2018,11,14,3,26,45,10
07-01-2018,33,14,36,35,12,19
10-01-2018,35,36,29,18,19,28
10-01-2018,22,26,19,35,24,11
12-01-2018,47,28,31,6,49,30
12-01-2018,49,19,39,37,25,36
14-01-2018,37,4,18,13,32,47
14-01-2018,22,19,7,41,3,12
17-01-2018,2,35,25,48,40,13
17-01-2018,49,14,45,27,26,15
21-01-2018,30,12,10,11,42,21
21-01-2018,7,37,14,31,47,29
24-01-2018,34,2,40,5,24,3
24-01-2018,23,10,49,35,39,29
28-01-2018,34,6,13,11,27,23
28-01-2018,15,16,4,7,2,48
31-01-2018,9,38,16,8,42,28
31-01-2018,9,29,15,37,42,4
02-02-2018,25,39,20,28,9,3
02-02-2018,30,42,6,2,13,48
04-02-2018,8,34,41,9,30,7
04-02-2018,39,6,42,34,45,8
07-02-2018,20,42,4,21,10,3
07-02-2018,38,10,13,11,3,26
11-02-2018,48,13,14,1,39,47
11-02-2018,3,28,34,46,35,32
14-02-2018,39,29,20,13,45,7
14-02-2018,28,44,21,9,7,26
16-02-2018,42,3,24,44,33,6
16-02-2018,7,31,27,47,22,32
18-02-2018,29,44,20,13,24,25
18-02-2018,29,7,33,25,13,24
21-02-2018,17,29,36,23,4,10
21-02-2018,47,38,15,44,24,40
25-02-2018,38,14,49,35,24,33
25-02-2018,18,20,39,16,13,29
28-02-2018,43,34,38,46,19,9
28-02-2018,25,2,24,30,36,48
04-03-2018,23,37,21,33,27,49
04-03-2018,29,32,41,8,45,23
07-03-2018,23,4,19,42,40,11
07-03-2018,32,47,34,12,40,6
11-03-2018,11,14,21,4,18,49
11-03-2018,3,31,16,44,27,46
14-03-2018,45,27,7,24,38,26
14-03-2018,21,35,41,4,25,2
16-03-2018,16,2,6,36,30,19
16-03-2018,18,39,32,3,45,15
18-03-2018,2,43,48,47,46,6
18-03-2018,35,41,10,34,5,32
21-03-2018,1,11,44,18,26,25
21-03-2018,10,13,40,28,9,47
25-03-2018,26,16,32,13,41,36
25-03-2018,26,20,5,2,11,34
28-03-2018,37,27,39,23,2,3
28-03-2018,11,25,46,21,27,48
30-03-2018,29,24,33,6,48,28
30-03-2018,34,4,36,27,29,26
01-04-2018,44,41,42,11,21,6
01-04-2018,7,33,34,18,5,8
04-04-2018,8,16,27,26,36,38
04-04-2018,2,34,24,5,8,17
08-04-2018,31,36,37,46,30,6
08-04-2018,26,5,10,16,30,23
11-04-2018,39,22,23,5,48,4
11-04-2018,5,44,24,27,49,45
13-04-2018,12,25,40,42,37,14
13-04-2018,19,23,3,11,22,25
15-04-2018,9,7,47,28,10,48
15-04-2018,14,25,40,46,49,7
18-04-2018,42,24,4,36,6,39
18-04-2018,12,9,34,46,15,2
22-04-2018,4,13,48,35,46,22
22-04-2018,33,30,5,11,19,46
25-04-2018,13,23,29,18,44,40
25-04-2018,13,17,43,31,21,48
27-04-2018,6,11,10,46,38,19
27-04-2018,23,33,48,6,25,1
29-04-2018,49,10,11,12,26,45
29-04-2018,39,10,3,25,36,40
02-05-2018,15,29,22,42,41,19
02-05-2018,2,47,24,3,27,17
06-05-2018,14,35,28,22,18,42
06-05-2018,1,14,26,48,42,33
09-05-2018,11,48,34,47,40,44
09-05-2018,45,21,43,1,41,5
11-05-2018,41,47,44,40,25,10
11-05-2018,14,31,43,30,36,27
13-05-2018,12,48,26,39,35,6
13-05-2018,29,40,45,12,13,1
16-05-2018,45,16,7,13,39,32
16-05-2018,1,42,34,19,27,11
20-05-2018,28,32,2,48,39,29
20-05-2018,48,45,41,22,32,21
23-05-2018,43,21,5,2,29,6
23-05-2018,26,45,16,43,25,13
25-05-2018,30,5,32,2,25,40
25-05-2018,47,31,21,19,36,34
27-05-2018,36,10,14,24,4,49
27-05-2018,23,12,7,43,27,9
30-05-2018,49,30,25,20,47,27
30-05-2018,41,23,8,33,22,30
03-06-2018,14,3,45,44,1,9
03-06-2018,10,27,32,34,17,36
06-06-2018,17,1,37,49,44,29
06-06-2018,35,22,47,45,34,28
10-06-2018,29,40,47,30,13,25
10-06-2018,9,24,1,30,23,34
13-06-2018,34,25,39,40,23,26
13-06-2018,6,49,10,31,25,37
15-06-2018,41,4,9,24,16,30
15-06-2018,30,2,11,21,22,43
17-06-2018,21,26,15,9,49,44
17-06-2018,30,20,15,35,42,33
20-06-2018,22,49,21,8,44,46
20-06-2018,16,23,28,26,5,43
24-06-2018,8,7,40,29,42,18
24-06-2018,9,40,22,32,23,39
27-06-2018,7,19,36,1,31,24
27-06-2018,31,30,19,2,35,34
29-06-2018,42,9,3,45,33,22
29-06-2018,11,32,44,43,35,17
01-07-2018,42,46,18,33,14,39
01-07-2018,41,47,42,49,46,1
04-07-2018,19,13,4,44,20,18
04-07-2018,20,4,10,27,42,34
08-07-2018,43,14,22,45,33,19
08-07-2018,32,45,4,44,12,41
11-07-2018,28,39,19,30,33,24
11-07-2018,11,21,14,12,3,17
13-07-2018,19,16,10,44,49,3
13-07-2018,26,20,40,29,33,5
15-07-2018,22,21,16,30,41,47
15-07-2018,12,32,20,31,33,46
18-07-2018,25,42,46,44,40,47
18-07-2018,32,4,47,25,15,38
22-07-2018,35,42,31,39,32,40
22-07-2018,40,23,10,38,11,35
25-07-2018,49,3,32,30,20,7
25-07-2018,46,35,20,5,4,29
27-07-2018,26,3,18,5,17,10
27-07-2018,12,34,18,33,14,35
29-07-2018,32,34,29,49,39,16
29-07-2018,36,10,39,20,14,25
01-08-2018,45,19,21,46,1,30
01-08-2018,15,28,45,18,19,8
05-08-2018,8,44,31,35,37,32
05-08-2018,34,47,19,27,32,26
08-08-2018,21,8,23,34,19,4
08-08-2018,12,48,40,14,36,1
12-08-2018,45,48,5,37,4,42
12-08-2018,35,33,32,39,31,9
15-08-2018,2,23,13,16,37,28
15-08-2018,36,15,12,40,18,48
17-08-2018,27,20,41,37,14,43
17-08-2018,23,2,4,35,25,24
19-08-2018,43,27,16,6,24,12
19-08-2018,35,43,18,15,1,20
22-08-2018,4,11,3,17,39,14
22-08-2018,21,22,1,38,11,32
26-08-2018,6,9,11,40,23,16
26-08-2018,23,33,27,14,15,4
29-08-2018,31,6,11,49,33,34
29-08-2018,37,3,13,44,19,38
02-09-2018,2,30,40,47,7,41
02-09-2018,1,40,42,36,37,32
05-09-2018,38,22,26,34,35,20
05-09-2018,20,12,17,38,42,36
09-09-2018,48,12,23,37,28,34
09-09-2018,41,26,4,29,11,36
12-09-2018,21,32,38,17,9,11
12-09-2018,9,2,15,23,48,28
14-09-2018,11,21,49,10,40,20
14-09-2018,44,15,19,20,18,5
16-09-2018,33,35,26,47,18,42
16-09-2018,33,9,46,43,25,6
19-09-2018,31,15,32,29,11,28
19-09-2018,22,45,19,46,48,33
23-09-2018,18,14,46,28,27,34
23-09-2018,46,30,14,19,34,44
26-09-2018,13,25,10,9,40,31
26-09-2018,34,49,24,3,31,33
30-09-2018,44,31,29,2,5,21
30-09-2018,16,46,35,9,19,31
03-10-2018,1,13,49,26,11,32
03-10-2018,22,26,5,3,48,10
07-10-2018,20,10,25,44,24,9
07-10-2018,8,18,40,11,34,31
10-10-2018,18,48,11,12,28,3
10-10-2018,1,25,29,41,42,21
12-10-2018,20,4,24,48,29,16
12-10-2018,19,9,49,32,47,16
14-10-2018,3,46,28,42,12,44
14-10-2018,44,27,30,8,40,2
17-10-2018,6,41,31,45,47,38
17-10-2018,42,19,36,37,26,6
21-10-2018,46,33,43,34,41,47
21-10-2018,32,8,4,22,21,11
24-10-2018,22,32,42,11,25,23
24-10-2018,33,5,7,31,1,42
28-10-2018,5,43,20,7,12,26
28-10-2018,33,10,26,8,49,40
31-10-2018,34,25,35,32,29,38
31-10-2018,38,16,25,19,15,8
04-11-2018,18,11,5,30,27,15
04-11-2018,35,7,21,12,30,9
07-11-2018,10,45,3,39,14,25
07-11-2018,40,26,14,49,15,30
09-11-2018,33,32,3,9,8,28
09-11-2018,32,27,44,33,25,9
11-11-2018,17,6,43,28,11,9
11-11-2018,25,20,8,11,26,47
14-11-2018,7,6,44,17,33,16
14-11-2018,23,33,48,41,17,7
18-11-2018,49,45,39,31,8,15
18-11-2018,17,23,22,47,38,28
21-11-2018,37,18,16,23,10,30
21-11-2018,38,35,26,47,37,43
23-11-2018,40,6,2,46,38,48
23-11-2018,30,29,44,20,23,1
25-11-2018,16,10,33,39,11,20
25-11-2018,28,30,20,7,13,17
28-11-2018,10,47,30,45,16,26
28-11-2018,22,25,46,28,17,1
02-12-2018,11,47,29,46,25,3
02-12-2018,41,38,32,23,1,14
05-12-2018,19,45,39,30,13,47
05-12-2018,10,33,39,3,35,45
07-12-2018,5,8,41,27,18,30
07-12-2018,42,41,24,11,44,13
09-12-2018,4,44,32,39,27,26
09-12-2018,11,45,13,17,28,37
12-12-2018,16,33,43,49,38,46
12-12-2018,38,23,30,5,37,32
16-12-2018,1,21,48,12,30,17
16-12-2018,39,1,23,12,48,25
19-12-2018,3,48,39,45,18,6
19-12-2018,14,18,29,12,5,3
21-12-2018,6,42,41,33,17,10
21-12-2018,1,7,21,33,30,44
23-12-2018,48,18,30,26,33,22
23-12-2018,45,14,2,19,25,47
26-12-2018,24,37,39,12,6,15
26-12-2018,30,36,29,31,15,43
30-12-2018,27,7,44,17,24,16
30-12-2018,31,13,33,34,43,9
02-01-2019,13,18,46,34,28,40
02-01-2019,44,19,31,17,42,35
06-01-2019,11,20,18,2,22,35
06-01-2019,10,14,13,34,46,37
09-01-2019,35,37,15,19,38,42
09-01-2019,49,47,3,17,39,4
11-01-2019,20,41,22,4,45,9
11-01-2019,12,20,47,35,42,21
13-01-2019,38,10,25,8,23,2
13-01-2019,39,7,38,40,19,5
16-01-2019,33,44,35,8,3,7
16-01-2019,38,12,6,17,4,30
20-01-2019,15,16,10,29,24,12
20-01-2019,17,34,24,37,8,49
23-01-2019,43,44,8,48,49,22
23-01-2019,43,1,7,48,37,2
25-01-2019,14,44,26,48,16,19
25-01-2019,35,41,11,30,42,40
27-01-2019,24,45,38,5,43,18
27-01-2019,45,12,16,1,27,26
30-01-2019,13,28,37,24,45,38
30-01-2019,10,18,8,41,7,29
03-02-2019,4,24,47,22,38,3
03-02-2019,21,26,36,13,14,31
06-02-2019,2,7,42,35,22,17
06-02-2019,32,5,4,26,44,3
08-02-2019,14,35,23,20,2,17
08-02-2019,9,26,44,45,10,17
10-02-2019,4,25,47,16,31,11
10-02-2019,21,1,34,25,3,32
13-02-2019,20,11,6,1,2,34
13-02-2019,3,44,23,37,36,2
17-02-2019,41,35,47,27,15,44
17-02-2019,5,33,41,34,38,19
20-02-2019,49,5,44,29,37,18
20-02-2019,44,30,4,39,14,46
24-02-2019,36,9,2,46,8,28
24-02-2019,20,8,30,23,26,15
27-02-2019,16,24,46,43,41,1
27-02-2019,43,11,44,30,16,23
03-03-2019,6,12,19,13,3,39
03-03-2019,12,26,24,6,17,5
06-03-2019,14,24,9,42,37,4
06-03-2019,44,40,30,11,36,34
08-03-2019,27,28,29,44,32,7
08-03-2019,17,48,8,29,12,24
10-03-2019,16,46,47,35,48,26
10-03-2019,28,25,49,23,34,9
13-03-2019,34,46,14,20,1,36
13-03-2019,9,16,22,7,6,13
17-03-2019,5,6,14,43,8,45
17-03-2019,12,32,37,30,42,48
20-03-2019,6,13,22,33,26,1
20-03-2019,18,37,48,20,12,6
24-03-2019,39,24,25,14,28,12
24-03-2019,47,21,4,41,24,46
27-03-2019,35,43,33,47,14,38
27-03-2019,20,42,22,39,31,34
31-03-2019,5,12,2,8,26,30
31-03-2019,15,17,28,46,42,36
03-04-2019,45,22,15,20,1,3
03-04-2019,33,31,10,42,12,17
07-04-2019,16,43,29,19,38,27
07-04-2019,24,17,26,8,3,37
10-04-2019,5,26,13,35,41,9
10-04-2019,4,36,35,44,34,24
12-04-2019,6,46,33,44,38,42
12-04-2019,21,31,18,34,44,41
14-04-2019,9,41,39,37,27,30
14-04-2019,22,45,35,27,33,15
17-04-2019,47,15,27,29,21,36
17-04-2019,33,37,28,4,45,26
19-04-2019,12,8,11,44,19,23
19-04-2019,46,44,31,21,11,49
21-04-2019,49,21,17,4,32,44
21-04-2019,38,31,17,6,49,26
24-04-2019,23,39,5,47,6,30
24-04-2019,31,9,33,48,13,41
28-04-2019,21,43,29,24,19,20
28-04-2019,27,42,7,21,40,23
01-05-2019,12,15,20,22,27,37
01-05-2019,38,11,15,17,16,35
05-05-2019,36,39,42,11,43,21
05-05-2019,42,13,28,23,21,26
08-05-2019,29,41,32,34,9,6
08-05-2019,29,40,5,4,1,32
10-05-2019,18,17,28,20,24,14
10-05-2019,1,37,34,25,35,29
12-05-2019,26,9,10,29,43,5
12-05-2019,22,3,7,39,40,38
15-05-2019,21,40,45,43,16,6
15-05-2019,11,17,10,48,20,4
19-05-2019,31,41,20,40,44,46
19-05-2019,5,42,31,9,23,13
22-05-2019,24,3,42,32,2,34
22-05-2019,20,40,13,15,47,48
24-05-2019,19,28,8,34,13,43
24-05-2019,5,24,1,10,9,39
26-05-2019,37,29,25,19,27,21
26-05-2019,19,3,9,2,15,38
29-05-2019,35,18,16,26,3,12
29-05-2019,27,3,5,47,10,16
02-06-2019,3,31,30,37,49,5
02-06-2019,3,10,45,14,33,6
05-06-2019,31,37,10,28,5,2
05-06-2019,48,19,3,21,32,36
09-06-2019,26,7,14,39,11,23
09-06-2019,22,36,7,21,19,41
12-06-2019,7,42,49,40,15,28
12-06-2019,32,26,4,5,36,13
14-06-2019,30,17,12,8,42,43
14-06-2019,10,24,48,47,18,39
16-06-2019,22,14,40,41,9,30
16-06-2019,36,37,48,47,32,18
19-06-2019,1,2,33,8,9,29
19-06-2019,9,34,43,6,46,42
23-06-2019,44,8,35,11,19,24
23-06-2019,6,3,12,7,29,43
26-06-2019,16,1,20,43,47,42
26-06-2019,13,12,35,47,15,1
28-06-2019,26,24,34,8,12,21
28-06-2019,21,25,13,30,5,43
30-06-2019,18,26,28,19,8,46
30-06-2019,10,16,47,1,28,30
03-07-2019,32,35,47,4,10,44
03-07-2019,34,49,11,27,30,23
07-07-2019,4,5,42,32,47,14
07-07-2019,12,48,21,41,1,38
10-07-2019,14,18,17,24,29,47
10-07-2019,48,12,45,4,30,28
12-07-2019,48,38,29,42,24,43
12-07-2019,49,23,12,48,6,31
14-07-2019,36,31,7,2,43,3
14-07-2019,24,16,44,28,18,45
17-07-2019,45,47,18,40,3,9
17-07-2019,28,2,21,26,29,40
21-07-2019,3,29,35,45,21,32
21-07-2019,20,37,12,42,19,36
24-07-2019,16,37,8,31,48,15
24-07-2019,43,24,49,18,26,36
28-07-2019,26,9,24,33,38,7
28-07-2019,31,21,32,25,22,47
31-07-2019,19,39,3,36,26,29
31-07-2019,43,30,20,17,44,2
04-08-2019,13,44,46,7,24,20
04-08-2019,48,10,31,8,47,38
07-08-2019,36,38,48,32,46,6
07-08-2019,40,22,9,10,5,14
09-08-2019,26,18,10,41,29,8
09-08-2019,42,47,49,4,30,43
11-08-2019,41,43,18,49,47,14
11-08-2019,29,10,18,26,37,25
14-08-2019,37,21,28,17,12,14
14-08-2019,17,16,13,49,29,34
18-08-2019,10,24,41,23,43,49
18-08-2019,4,32,14,41,27,28
21-08-2019,47,19,24,32,49,45
21-08-2019,2,13,19,9,34,20
25-08-2019,6,20,13,17,29,26
25-08-2019,41,32,18,39,33,37
28-08-2019,34,37,16,35,29,32
28-08-2019,41,14,32,47,27,36
01-09-2019,39,3,7,14,45,36
01-09-2019,47,9,32,15,18,48
04-09-2019,37,4,32,13,7,6
04-09-2019,15,25,23,45,13,28
08-09-2019,14,30,8,4,26,1
08-09-2019,28,46,40,18,22,5
11-09-2019,17,13,46,2,29,20
11-09-2019,32,35,2,17,24,10
13-09-2019,13,4,31,42,24,18
13-09-2019,28,6,45,2,33,9
15-09-2019,7,38,14,28,33,20
15-09-2019,28,48,35,2,33,5
18-09-2019,22,43,45,41,14,25
18-09-2019,26,21,19,8,34,41
22-09-2019,31,35,48,34,14,22
22-09-2019,23,46,25,16,7,9
25-09-2019,34,7,49,27,19,38
25-09-2019,48,31,8,45,21,18
27-09-2019,37,48,27,2,16,15
27-09-2019,44,21,47,40,37,35
29-09-2019,26,19,20,43,36,6
29-09-2019,4,46,40,38,41,10
02-10-2019,48,16,6,22,32,27
02-10-2019,37,1,3,14,16,23
06-10-2019,20,41,14,47,45,34
06-10-2019,44,29,7,30,2,20
09-10-2019,30,26,13,44,12,34
09-10-2019,29,20,35,4,45,6
11-10-2019,42,28,27,47,31,39
11-10-2019,3,11,34,7,45,38
13-10-2019,7,45,44,25,14,49
13-10-2019,22,36,4,11,32,49
16-10-2019,7,30,14,21,31,4
16-10-2019,4,47,29,10,39,2
20-10-2019,2,13,38,48,19,9
20-10-2019,42,38,33,32,44,8
23-10-2019,48,49,39,12,33,31
23-10-2019,48,1,35,49,27,15
27-10-2019,23,40,29,28,20,42
27-10-2019,43,21,38,3,17,1
30-10-2019,46,25,9,29,35,5
30-10-2019,48,17,18,35,20,37
01-11-2019,33,8,12,3,26,32
01-11-2019,48,32,20,42,5,8
03-11-2019,29,3,24,10,31,27
03-11-2019,27,47,26,18,13,34
06-11-2019,20,48,10,26,27,12
06-11-2019,6,39,28,17,11,19
10-11-2019,2,34,6,42,43,28
10-11-2019,36,1,7,38,48,14
13-11-2019,7,29,5,3,8,25
13-11-2019,12,14,30,46,38,35
15-11-2019,33,30,12,23,41,13
15-11-2019,8,47,2,28,26,34
17-11-2019,13,49,2,44,9,21
17-11-2019,3,43,30,38,47,4
20-11-2019,12,41,44,3,33,36
20-11-2019,11,33,36,15,38,29
24-11-2019,25,18,10,28,43,44
24-11-2019,40,29,15,38,31,17
27-11-2019,7,43,30,14,16,45
27-11-2019,47,35,43,13,30,2
01-12-2019,9,20,11,28,8,14
01-12-2019,2,34,10,8,35,6
04-12-2019,10,15,4,46,49,8
04-12-2019,32,7,46,23,22,44
08-12-2019,26,31,32,18,38,4
08-12-2019,15,5,37,31,45,26
11-12-2019,29,14,23,27,30,34
11-12-2019,24,38,32,21,23,5
13-12-2019,5,37,27,49,13,40
13-12-2019,40,47,27,17,39,28
15-12-2019,12,37,32,18,23,48
15-12-2019,15,36,3,13,11,48
18-12-2019,36,3,39,13,12,43
18-12-2019,42,47,17,11,19,39
20-12-2019,19,46,40,20,25,16
20-12-2019,20,37,24,35,26,31
22-12-2019,28,23,10,33,21,18
22-12-2019,40,22,30,1,42,19
24-12-2019,44,21,15,31,27,40
24-12-2019,34,35,43,39,25,46
25-12-2019,31,8,2,45,21,5
25-12-2019,12,21,3,6,4,47
29-12-2019,2,30,1,18,4,17
29-12-2019,45,10,16,6,17,14
01-01-2020,12,27,6,5,42,4
01-01-2020,42,46,5,29,17,8
05-01-2020,3,17,13,16,49,38
05-01-2020,43,37,6,34,21,3
08-01-2020,46,16,42,8,36,2
08-01-2020,18,24,23,36,6,46
10-01-2020,9,2,35,44,47,14
10-01-2020,47,18,17,2,29,4
12-01-2020,40,12,39,35,24,31
12-01-2020,49,31,11,12,4,14
15-01-2020,33,45,13,49,44,17
15-01-2020,41,33,28,30,24,12
19-01-2020,10,40,28,8,26,41
19-01-2020,3,34,10,18,15,23
22-01-2020,8,42,10,18,22,39
22-01-2020,42,35,43,32,44,30
26-01-2020,16,46,2,22,23,32
26-01-2020,47,32,14,4,41,26
29-01-2020,2,9,33,32,48,42
29-01-2020,49,22,11,26,15,2
31-01-2020,5,26,34,48,36,38
31-01-2020,40,18,31,6,47,37
02-02-2020,20,19,43,37,41,39
02-02-2020,24,14,21,33,25,16
05-02-2020,7,36,41,17,49,9
05-02-2020,36,34,26,8,19,37
09-02-2020,4,23,19,13,47,17
09-02-2020,47,1,9,7,3,5
12-02-2020,17,23,29,25,4,46
12-02-2020,31,43,19,25,38,20
14-02-2020,32,9,7,36,45,13
14-02-2020,20,40,8,19,14,18
16-02-2020,43,23,15,30,16,12
16-02-2020,38,12,43,26,21,1
19-02-2020,2,27,25,46,36,33
19-02-2020,48,39,46,49,13,3
23-02-2020,33,49,39,9,28,41
23-02-2020,6,2,15,17,9,32
26-02-2020,33,41,23,32,29,8
26-02-2020,45,34,11,14,33,25
01-03-2020,20,29,19,22,33,1
01-03-2020,5,21,22,37,14,6
04-03-2020,13,19,32,27,21,16
04-03-2020,25,22,48,1,29,33
08-03-2020,2,6,19,25,5,7
08-03-2020,45,14,28,40,18,29
11-03-2020,35,37,38,23,20,18
11-03-2020,34,40,3,12,4,2
13-03-2020,45,27,39,40,41,31
13-03-2020,17,18,25,35,21,11
15-03-2020,18,8,19,44,25,14
15-03-2020,33,14,10,20,45,43
18-03-2020,27,28,24,19,10,1
18-03-2020,19,7,27,10,40,47
22-03-2020,9,28,19,21,36,42
22-03-2020,8,4,48,37,28,3
25-03-2020,38,35,49,14,25,6
25-03-2020,25,33,2,17,36,30
27-03-2020,47,34,43,41,11,12
27-03-2020,26,8,24,43,19,25
29-03-2020,28,6,49,15,20,36
29-03-2020,15,20,31,4,6,11
01-04-2020,41,36,46,38,2,45
01-04-2020,26,46,43,34,25,20
05-04-2020,27,21,45,40,4,33
05-04-2020,48,40,18,44,5,28
08-04-2020,38,31,17,22,46,30
08-04-2020,4,15,40,28,25,48
10-04-2020,17,14,7,19,25,42
10-04-2020,40,48,5,35,4,36
12-04-2020,16,6,21,2,38,27
12-04-2020,6,11,17,40,42,31
15-04-2020,49,16,33,28,10,31
15-04-2020,37,44,22,41,12,21
19-04-2020,20,1,45,34,37,43
19-04-2020,18,26,1,7,31,25
22-04-2020,25,6,9,30,21,15
22-04-2020,4,11,35,21,9,24
26-04-2020,32,48,13,44,36,21
26-04-2020,14,42,44,13,26,20
29-04-2020,21,8,1,22,11,41
29-04-2020,40,30,42,29,23,44
03-05-2020,15,33,2,12,16,17
03-05-2020,44,46,10,25,24,15
06-05-2020,7,16,6,46,21,17
06-05-2020,14,23,21,12,43,38
08-05-2020,29,27,28,6,22,24
08-05-2020,25,21,3,37,15,4
10-05-2020,7,33,43,26,28,32
10-05-2020,41,7,29,21,38,18
13-05-2020,2,25,9,43,38,32
13-05-2020,10,23,2,25,7,19
17-05-2020,37,9,43,18,46,47
17-05-2020,39,6,47,34,44,3
20-05-2020,37,5,9,10,38,17
20-05-2020,49,44,8,27,5,15
22-05-2020,12,11,25,45,4,26
22-05-2020,34,35,41,14,26,43
24-05-2020,31,16,23,27,44,42
24-05-2020,30,49,23,13,32,31
27-05-2020,15,45,32,46,4,18
27-05-2020,3,44,45,38,17,27
31-05-2020,11,44,41,14,29,4
31-05-2020,49,19,17,10,25,35
03-06-2020,31,25,28,11,1,13
03-06-2020,2,11,22,14,31,15
07-06-2020,25,32,41,12,15,36
07-06-2020,30,27,28,26,33,47
10-06-2020,35,37,1,25,27,13
10-06-2020,31,48,21,26,14,25
12-06-2020,42,47,25,21,19,17
12-06-2020,23,39,35,18,41,37
14-06-2020,17,22,24,7,49,37
14-06-2020,34,22,13,20,37,47
17-06-2020,44,6,11,40,26,3
17-06-2020,1,35,44,18,31,7
21-06-2020,17,13,33,31,27,41
21-06-2020,28,7,8,39,10,37
24-06-2020,18,47,49,42,14,44
24-06-2020,7,43,16,3,20,10
28-06-2020,20,29,15,16,39,34
28-06-2020,18,33,15,23,34,29
01-07-2020,15,17,12,29,9,26
01-07-2020,46,44,4,13,20,40
05-07-2020,7,45,6,22,16,9
05-07-2020,3,27,38,10,17,24
08-07-2020,9,47,35,11,27,30
08-07-2020,46,25,16,39,26,18
10-07-2020,35,26,28,43,34,45
10-07-2020,19,45,9,31,48,43
12-07-2020,42,49,47,25,8,29
12-07-2020,38,7,40,48,17,19
15-07-2020,24,45,18,12,41,46
15-07-2020,17,48,40,27,4,18
19-07-2020,47,10,38,19,6,44
19-07-2020,4,5,10,27,21,37
22-07-2020,25,2,49,28,23,26
22-07-2020,12,15,9,14,29,40
26-07-2020,49,38,41,34,5,31
26-07-2020,1,31,18,9,22,44
29-07-2020,7,31,10,11,45,16
29-07-2020,20,19,14,41,2,27
31-07-2020,2,10,45,16,15,33
31-07-2020,14,31,40,44,7,20
02-08-2020,14,21,16,8,32,46
02-08-2020,42,46,39,18,26,21
05-08-2020,42,23,33,24,34,26
05-08-2020,21,22,33,20,30,46
09-08-2020,36,4,45,47,42,38
09-08-2020,38,36,12,42,47,44
12-08-2020,5,46,41,13,6,1
12-08-2020,39,3,23,12,48,40
14-08-2020,41,2,32,30,23,47
14-08-2020,28,34,31,14,35,26
16-08-2020,6,19,24,49,36,21
16-08-2020,30,34,17,21,48,3
19-08-2020,8,24,37,17,30,34
19-08-2020,44,29,14,21,38,16
23-08-2020,49,13,29,44,14,48
23-08-2020,12,16,42,43,36,1
26-08-2020,32,2,26,14,25,4
26-08-2020,35,48,47,46,27,15
30-08-2020,26,27,28,32,5,45
30-08-2020,22,36,39,33,5,10
02-09-2020,41,1,36,20,11,16
02-09-2020,42,45,21,43,20,24
06-09-2020,28,9,35,24,7,3
06-09-2020,41,20,26,31,42,29
09-09-2020,40,43,24,35,26,25
09-09-2020,21,22,42,12,17,19
11-09-2020,43,16,17,44,45,46
11-09-2020,29,49,5,37,1,40
13-09-2020,21,31,19,28,8,11
13-09-2020,44,46,8,49,10,3
16-09-2020,34,44,9,11,21,31
16-09-2020,24,38,44,23,13,17
20-09-2020,43,34,4,22,26,49
20-09-2020,7,36,19,26,13,35
23-09-2020,34,23,43,31,25,13
23-09-2020,4,9,29,20,1,30
27-09-2020,35,39,31,22,11,32
27-09-2020,31,7,39,32,12,19
30-09-2020,43,19,49,20,25,48
30-09-2020,42,39,16,35,10,48
04-10-2020,7,42,20,34,25,26
04-10-2020,10,27,48,44,35,9
07-10-2020,6,27,40,5,25,37
07-10-2020,45,28,44,31,49,5
09-10-2020,39,17,27,22,20,16
09-10-2020,8,32,15,12,23,37
11-10-2020,30,41,5,48,12,10
11-10-2020,22,17,11,27,41,32
14-10-2020,21,42,7,22,47,13
14-10-2020,12,44,9,14,10,31
16-10-2020,39,17,4,38,18,31
16-10-2020,17,41,27,48,37,22
18-10-2020,8,39,19,34,22,10
18-10-2020,3,48,1,18,24,35
21-10-2020,43,20,32,8,16,38
21-10-2020,26,49,41,3,43,45
23-10-2020,30,24,11,32,46,16
23-10-2020,42,45,7,48,33,35
25-10-2020,15,30,28,44,18,31
25-10-2020,12,11,4,49,26,38
28-10-2020,23,39,1,20,47,2
28-10-2020,42,15,16,22,40,20
30-10-2020,5,49,20,8,4,10
30-10-2020,33,16,31,3,47,5
01-11-2020,48,6,7,28,31,44
01-11-2020,1,28,23,10,30,13
04-11-2020,49,17,27,36,26,32
04-11-2020,2,37,27,14,25,28
06-11-2020,28,19,12,47,20,49
06-11-2020,13,45,22,29,14,19
08-11-2020,46,21,20,37,36,30
08-11-2020,34,32,25,13,17,28
11-11-2020,3,21,16,15,26,30
11-11-2020,35,11,9,41,49,27
13-11-2020,4,46,20,23,34,44
13-11-2020,27,12,7,41,15,22
15-11-2020,33,21,41,27,18,3
15-11-2020,7,14,4,39,32,47
18-11-2020,42,43,14,38,37,24
18-11-2020,20,15,11,6,22,13
20-11-2020,43,37,16,9,11,35
20-11-2020,47,21,31,48,24,3
22-11-2020,7,2,3,16,13,39
22-11-2020,44,23,13,43,22,24
25-11-2020,49,43,1,15,26,48
25-11-2020,1,21,16,24,3,30
27-11-2020,31,13,10,43,3,9
27-11-2020,27,2,38,29,18,42
29-11-2020,7,42,47,39,12,37
29-11-2020,42,6,1,20,33,19
02-12-2020,12,43,16,22,36,11
02-12-2020,18,48,41,35,47,39
04-12-2020,20,49,22,17,48,42
04-12-2020,41,31,3,4,40,36
06-12-2020,5,11,22,49,19,44
06-12-2020,21,15,30,10,2,35
09-12-2020,26,6,42,4,5,40
09-12-2020,11,40,13,31,14,47
11-12-2020,28,2,33,26,9,37
11-12-2020,40,42,3,37,21,34
13-12-2020,17,3,27,13,14,25
13-12-2020,42,44,11,38,26,17
16-12-2020,28,3,18,33,2,6
16-12-2020,46,42,25,34,38,9
18-12-2020,30,27,42,15,32,45
18-12-2020,32,17,29,26,19,20
20-12-2020,16,42,39,5,29,3
20-12-2020,43,8,37,34,41,23
23-12-2020,35,44,16,25,2,37
23-12-2020,6,31,22,12,46,15
24-12-2020,22,30,12,8,7,35
24-12-2020,18,27,1,22,3,5
25-12-2020,10,2,27,12,16,29
25-12-2020,39,33,46,7,13,32
27-12-2020,18,47,41,30,5,25
27-12-2020,31,16,42,40,35,39
30-12-2020,5,25,19,15,47,34
30-12-2020,14,22,7,4,12,30
01-01-2021,9,8,30,35,27,4
01-01-2021,24,28,46,10,32,42
03-01-2021,34,31,41,23,19,30
03-01-2021,35,17,49,37,31,24
06-01-2021,23,28,22,47,43,34
06-01-2021,8,49,30,17,28,41
08-01-2021,28,4,19,41,16,30
08-01-2021,32,1,16,2,25,24
10-01-2021,21,33,11,37,28,49
10-01-2021,27,24,39,32,49,46
13-01-2021,8,3,11,49,7,33
13-01-2021,37,28,33,22,8,9
15-01-2021,29,33,21,49,11,7
15-01-2021,28,48,32,43,26,2
17-01-2021,12,36,28,24,20,1
17-01-2021,36,17,19,33,47,41
20-01-2021,21,37,33,27,22,35
20-01-2021,4,25,46,26,31,23
22-01-2021,39,29,17,15,31,14
22-01-2021,5,47,6,20,3,7
24-01-2021,45,8,2,22,39,46
24-01-2021,23,20,12,6,44,17
27-01-2021,34,18,37,16,31,6
27-01-2021,47,26,42,1,29,37
29-01-2021,33,30,27,17,34,9
29-01-2021,44,40,49,17,10,6
31-01-2021,25,26,5,29,37,34
31-01-2021,36,37,10,13,28,14
03-02-2021,42,3,13,18,33,49
03-02-2021,19,34,47,33,29,5
05-02-2021,12,25,40,3,22,18
05-02-2021,8,6,2,4,15,18
07-02-2021,12,18,21,20,33,13
07-02-2021,45,22,6,10,40,43
10-02-2021,8,31,11,20,38,5
10-02-2021,30,35,7,33,6,43
12-02-2021,48,14,26,23,25,13
12-02-2021,49,11,26,30,1,29
14-02-2021,44,47,27,4,36,6
14-02-2021,1,49,21,13,8,22
17-02-2021,35,46,29,5,18,1
17-02-2021,26,21,18,28,44,23
19-02-2021,15,3,35,25,12,27
19-02-2021,19,2,38,15,27,8
21-02-2021,46,9,17,12,7,13
21-02-2021,45,29,48,46,22,1
24-02-2021,23,37,34,16,43,48
24-02-2021,4,12,19,49,33,36
26-02-2021,12,30,35,11,36,39
26-02-2021,1,10,30,13,40,36
28-02-2021,38,23,5,7,46,34
28-02-2021,34,23,6,3,22,26
03-03-2021,31,17,30,24,23,14
03-03-2021,39,6,29,16,27,33
05-03-2021,26,14,20,12,46,30
05-03-2021,7,33,16,45,18,27
07-03-2021,17,5,47,42,8,48
07-03-2021,18,9,1,40,34,39
10-03-2021,45,44,21,1,4,14
10-03-2021,42,29,27,16,31,32
12-03-2021,12,43,4,26,6,48
12-03-2021,19,4,1,27,48,12
14-03-2021,32,42,34,10,20,44
14-03-2021,18,49,42,21,27,26
17-03-2021,27,22,49,6,29,18
17-03-2021,9,10,22,28,23,40
19-03-2021,38,23,3,48,25,13
19-03-2021,37,23,46,34,15,20
21-03-2021,44,25,2,7,49,34
21-03-2021,42,14,24,21,30,29
24-03-2021,14,8,4,13,31,11
24-03-2021,18,19,49,15,45,43
26-03-2021,25,47,29,39,37,28
26-03-2021,16,14,48,36,31,5
28-03-2021,26,11,1,49,44,20
28-03-2021,13,1,23,47,24,42
31-03-2021,18,48,6,43,32,4
31-03-2021,31,34,11,18,33,20
02-04-2021,5,49,21,12,2,45
02-04-2021,33,42,19,13,31,25
04-04-2021,3,33,12,16,5,20
04-04-2021,30,39,45,18,22,32
07-04-2021,31,39,44,24,42,40
07-04-2021,12,3,49,42,37,5
09-04-2021,6,36,38,46,30,31
09-04-2021,13,31,28,16,5,37
11-04-2021,17,3,37,16,10,4
11-04-2021,5,28,2,29,36,7
14-04-2021,31,10,35,22,16,36
14-04-2021,33,40,24,35,47,39
16-04-2021,47,43,42,19,33,32
16-04-2021,39,33,30,6,27,3
18-04-2021,39,7,29,44,43,41
18-04-2021,13,35,28,26,3,43
21-04-2021,10,18,6,13,11,31
21-04-2021,29,9,7,36,18,28
23-04-2021,42,47,23,44,31,17
23-04-2021,26,21,7,15,9,43
25-04-2021,41,49,8,26,48,12
25-04-2021,35,2,22,47,27,29
28-04-2021,7,1,46,8,25,32
28-04-2021,37,1,10,31,17,9
30-04-2021,16,21,4,29,28,19
30-04-2021,46,7,34,36,31,10
02-05-2021,35,1,11,25,37,46
02-05-2021,43,31,2,42,1,13
05-05-2021,46,6,44,24,42,35
05-05-2021,9,28,46,19,38,36
07-05-2021,24,11,22,34,5,14
07-05-2021,31,18,49,34,21,36
09-05-2021,31,45,46,23,10,6
09-05-2021,41,48,19,34,18,45
12-05-2021,21,32,7,45,30,4
12-05-2021,33,44,21,5,11,16
14-05-2021,49,15,30,41,29,8
14-05-2021,45,13,32,12,49,1
16-05-2021,10,38,31,18,21,47
16-05-2021,22,25,9,42,23,4
19-05-2021,7,13,26,11,16,49
19-05-2021,39,7,6,12,31,38
21-05-2021,41,4,17,7,19,45
21-05-2021,43,36,37,12,25,1
23-05-2021,27,16,1,38,43,20
23-05-2021,11,2,39,4,19,34
26-05-2021,25,1,28,23,21,3
26-05-2021,1,20,16,36,29,31
28-05-2021,6,18,11,5,45,20
28-05-2021,16,27,30,26,43,7
30-05-2021,38,25,9,21,43,27
30-05-2021,16,22,43,25,34,47
02-06-2021,37,49,11,2,6,12
02-06-2021,33,4,14,2,23,26
04-06-2021,11,8,12,1,38,31
04-06-2021,31,30,13,41,14,49
06-06-2021,15,21,34,36,5,6
06-06-2021,35,20,29,12,43,40
09-06-2021,22,27,18,12,32,17
09-06-2021,35,37,28,9,26,2
11-06-2021,18,12,44,9,7,38
11-06-2021,28,10,36,20,42,19
13-06-2021,29,3,49,2,27,9
13-06-2021,27,31,36,22,42,9
16-06-2021,18,17,15,21,45,1
16-06-2021,2,49,14,6,9,43
18-06-2021,32,6,31,40,8,35
18-06-2021,31,23,18,49,36,48
20-06-2021,14,38,4,19,18,37
20-06-2021,30,33,3,17,9,4
23-06-2021,16,39,20,46,26,35
23-06-2021,1,7,13,21,32,41
25-06-2021,32,3,29,30,26,15
25-06-2021,39,5,27,13,35,40
27-06-2021,26,43,47,29,28,4
27-06-2021,38,35,28,49,43,39
30-06-2021,30,49,37,14,42,45
30-06-2021,31,18,33,48,30,37
02-07-2021,7,30,35,18,36,23
02-07-2021,41,13,34,44,27,20
04-07-2021,47,1,2,38,34,3
04-07-2021,8,34,31,7,49,48
07-07-2021,47,23,41,10,6,26
07-07-2021,16,19,10,3,8,42
09-07-2021,8,25,12,22,4,36
09-07-2021,32,43,35,49,38,14
11-07-2021,34,28,47,26,8,17
11-07-2021,26,8,28,40,34,11
14-07-2021,27,45,17,14,6,34
14-07-2021,13,28,42,41,7,25
16-07-2021,17,2,45,5,40,3
16-07-2021,9,11,8,7,39,12
18-07-2021,45,19,23,6,33,20
18-07-2021,1,8,44,3,6,40
21-07-2021,25,19,40,27,29,41
21-07-2021,33,18,30,4,3,5
23-07-2021,11,30,17,2,28,48
23-07-2021,6,32,47,10,14,9
25-07-2021,23,15,1,20,16,42
25-07-2021,33,24,6,37,9,11
28-07-2021,38,4,40,41,35,46
28-07-2021,36,46,47,43,33,39
30-07-2021,12,24,31,17,22,47
30-07-2021,7,41,32,11,5,20
01-08-2021,36,41,22,38,3,21
01-08-2021,34,20,4,42,16,46
04-08-2021,29,26,30,35,42,11
04-08-2021,9,43,47,11,30,33
06-08-2021,32,22,31,15,10,33
06-08-2021,23,48,13,31,47,27
08-08-2021,13,21,42,48,35,22
08-08-2021,17,40,14,29,38,43
11-08-2021,45,17,10,39,33,38
11-08-2021,32,30,3,47,39,13
13-08-2021,35,8,40,26,4,3
13-08-2021,28,23,29,38,5,14
15-08-2021,38,17,25,34,22,24
15-08-2021,12,2,23,6,17,5
18-08-2021,31,13,28,42,35,23
18-08-2021,15,48,19,47,42,6
20-08-2021,19,10,30,22,40,6
20-08-2021,44,7,21,41,43,6
22-08-2021,16,29,1,2,18,39
22-08-2021,19,35,20,12,45,3
25-08-2021,12,3,49,28,29,36
25-08-2021,37,12,6,17,15,8
27-08-2021,30,15,47,28,11,18
27-08-2021,14,34,19,26,8,12
29-08-2021,29,28,8,7,22,6
29-08-2021,12,1,33,11,42,34
01-09-2021,8,32,15,37,46,2
01-09-2021,39,41,15,48,7,26
03-09-2021,28,27,18,12,9,6
03-09-2021,2,39,30,26,31,27
05-09-2021,12,37,5,6,29,14
05-09-2021,23,38,30,33,24,5
08-09-2021,9,29,30,23,45,34
08-09-2021,29,46,34,13,28,27
10-09-2021,8,29,33,38,3,44
10-09-2021,29,43,33,2,25,44
12-09-2021,47,8,2,6,40,3
12-09-2021,19,47,40,8,32,46
15-09-2021,13,16,36,5,39,23
15-09-2021,1,18,47,10,8,30
17-09-2021,41,22,20,6,2,13
17-09-2021,38,46,35,14,45,17
19-09-2021,44,25,2,42,35,43
19-09-2021,13,20,28,9,27,17
22-09-2021,1,28,15,26,10,13
22-09-2021,17,37,35,40,10,49
24-09-2021,35,48,22,43,16,37
24-09-2021,40,8,6,27,36,37
26-09-2021,21,24,34,11,9,8
26-09-2021,32,7,41,3,13,1
29-09-2021,21,31,26,10,30,25
29-09-2021,48,2,3,25,45,35
01-10-2021,10,30,14,22,36,45
01-10-2021,33,7,10,2,18,27
03-10-2021,27,2,38,15,34,36
03-10-2021,41,23,4,32,13,25
06-10-2021,29,26,16,13,33,35
06-10-2021,42,30,1,8,37,46
08-10-2021,13,9,28,16,27,43
08-10-2021,44,31,29,27,32,21
10-10-2021,24,20,23,15,29,2
10-10-2021,40,24,48,23,1,4
13-10-2021,18,7,21,10,12,23
13-10-2021,3,40,11,48,22,27
15-10-2021,27,22,30,43,29,14
15-10-2021,6,41,11,27,16,19
17-10-2021,14,28,29,44,48,27
17-10-2021,47,43,10,2,17,12
20-10-2021,25,4,49,6,32,7
20-10-2021,29,42,25,46,16,6
22-10-2021,34,41,12,42,32,18
22-10-2021,26,35,45,3,38,34
24-10-2021,29,47,27,41,2,5
24-10-2021,13,16,37,34,35,38
27-10-2021,45,14,36,49,41,26
27-10-2021,22,2,39,41,38,45
29-10-2021,14,10,37,34,24,32
29-10-2021,4,45,17,1,49,8
31-10-2021,15,49,9,45,39,19
31-10-2021,20,29,49,8,46,27
03-11-2021,32,37,1,26,49,42
03-11-2021,45,33,34,12,43,28
05-11-2021,15,41,18,26,30,38
05-11-2021,2,48,5,35,13,47
07-11-2021,17,8,41,23,3,6
07-11-2021,17,47,1,32,27,34
10-11-2021,43,37,26,2,18,5
10-11-2021,12,27,11,19,5,45
12-11-2021,35,33,49,28,13,21
12-11-2021,45,23,25,14,9,2
14-11-2021,2,38,6,47,36,26
14-11-2021,37,5,7,44,19,29
17-11-2021,30,13,36,47,14,48
17-11-2021,1,14,45,42,20,8
19-11-2021,8,41,42,16,40,2
19-11-2021,49,32,27,19,1,9
21-11-2021,16,20,13,28,7,42
21-11-2021,21,48,22,5,3,12
24-11-2021,45,33,32,38,16,37
24-11-2021,14,2,40,39,30,27
26-11-2021,33,46,7,17,14,15
26-11-2021,39,25,20,26,31,3
28-11-2021,19,48,1,31,49,44
28-11-2021,44,43,36,25,45,8
01-12-2021,28,12,33,2,37,5
01-12-2021,9,45,41,28,38,4
03-12-2021,12,7,30,34,25,46
03-12-2021,10,27,30,18,31,25
05-12-2021,27,16,35,19,13,39
05-12-2021,33,12,4,25,7,30
08-12-2021,46,11,24,49,8,41
08-12-2021,45,28,31,47,39,30
10-12-2021,49,30,2,11,14,39
10-12-2021,23,21,46,28,12,6
12-12-2021,8,2,45,3,28,14
12-12-2021,34,48,26,29,42,20
15-12-2021,45,10,22,33,11,16
15-12-2021,34,14,2,21,28,40
17-12-2021,43,48,41,38,4,45
17-12-2021,41,42,34,33,23,26
19-12-2021,6,15,13,48,30,14
19-12-2021,21,20,42,38,28,6
22-12-2021,10,15,20,36,38,13
22-12-2021,40,29,23,33,26,32
24-12-2021,22,19,42,13,47,38
24-12-2021,27,32,12,15,6,33
26-12-2021,13,7,37,45,39,27
26-12-2021,25,22,21,30,47,38
29-12-2021,25,26,45,49,6,1
29-12-2021,28,49,10,36,6,7
31-12-2021,8,17,1,31,16,36
31-12-2021,21,24,25,34,20,3
02-01-2022,40,14,37,15,12,22
02-01-2022,22,17,29,18,23,5
05-01-2022,42,22,10,27,14,26
05-01-2022,38,33,2,47,41,16
07-01-2022,25,47,21,46,40,41
07-01-2022,23,38,31,20,39,33
09-01-2022,29,38,33,42,19,37
09-01-2022,17,11,4,25,8,24
12-01-2022,21,9,29,28,3,41
12-01-2022,20,14,23,40,18,10
14-01-2022,1,13,5,20,2,37
14-01-2022,43,34,45,32,2,12
16-01-2022,3,6,10,34,15,41
16-01-2022,41,6,18,17,5,43
19-01-2022,47,5,44,19,34,42
19-01-2022,18,14,35,17,23,9
21-01-2022,20,26,33,8,28,45
21-01-2022,18,26,40,12,4,29
23-01-2022,1,35,31,45,4,7
23-01-2022,48,33,41,12,10,4
26-01-2022,23,21,15,9,25,46
26-01-2022,17,27,38,42,47,40
28-01-2022,16,34,2,38,29,39
28-01-2022,42,12,39,6,46,4
30-01-2022,35,33,39,46,22,36
30-01-2022,16,24,44,18,6,2
02-02-2022,10,26,21,11,45,32
02-02-2022,11,26,21,13,25,35
04-02-2022,30,12,41,19,21,27
04-02-2022,19,4,3,1,31,45
06-02-2022,18,46,41,42,16,10
06-02-2022,29,5,6,49,37,48
09-02-2022,36,1,38,44,11,20
09-02-2022,23,29,47,10,4,49
11-02-2022,45,14,31,27,13,8
11-02-2022,23,8,21,14,4,27
13-02-2022,8,45,13,43,35,26
13-02-2022,11,46,40,19,20,16
16-02-2022,8,39,15,18,48,3
16-02-2022,15,33,1,30,21,11
18-02-2022,31,17,5,22,4,10
18-02-2022,36,16,5,42,20,35
20-02-2022,22,9,37,25,19,48
20-02-2022,42,34,49,16,19,12
23-02-2022,41,10,46,42,2,1
23-02-2022,7,41,48,34,12,49
25-02-2022,18,34,40,23,6,4
25-02-2022,16,3,22,13,14,47
27-02-2022,34,41,14,11,25,47
27-02-2022,45,19,44,46,14,49
02-03-2022,35,36,9,29,30,17
02-03-2022,41,6,46,23,32,26
04-03-2022,27,43,4,37,32,47
04-03-2022,27,14,16,17,45,33
06-03-2022,10,29,38,23,37,8
06-03-2022,42,30,15,38,48,47
09-03-2022,8,17,40,43,37,13
09-03-2022,8,13,21,45,24,2
11-03-2022,17,13,16,24,19,15
11-03-2022,27,39,12,31,49,36
13-03-2022,48,2,42,7,11,30
13-03-2022,36,28,9,15,38,46
16-03-2022,10,22,7,21,30,46
16-03-2022,11,20,37,15,8,34
18-03-2022,40,6,20,8,21,44
18-03-2022,27,34,13,11,25,4
20-03-2022,44,20,26,12,32,34
20-03-2022,23,6,45,32,38,26
23-03-2022,8,36,43,14,10,24
23-03-2022,43,21,27,34,40,42
25-03-2022,26,35,46,20,37,38
25-03-2022,21,23,49,34,4,10
27-03-2022,44,7,47,40,27,35
27-03-2022,37,24,36,27,14,47
30-03-2022,33,3,32,1,41,27
30-03-2022,12,25,23,44,37,35
01-04-2022,49,39,28,22,43,30
01-04-2022,7,27,41,18,11,22
03-04-2022,44,10,19,34,18,47
03-04-2022,49,39,26,28,37,44
06-04-2022,14,45,13,16,10,29
06-04-2022,23,9,38,27,14,2
08-04-2022,24,1,45,29,13,37
08-04-2022,27,22,6,8,15,40
10-04-2022,28,37,6,30,45,27
10-04-2022,20,10,18,17,15,21
13-04-2022,46,2,18,19,26,14
13-04-2022,13,31,38,33,48,40
15-04-2022,20,4,34,19,11,27
15-04-2022,25,41,27,37,48,31
17-04-2022,18,13,27,2,1,28
17-04-2022,30,14,9,28,40,17
20-04-2022,7,11,23,30,34,5
20-04-2022,18,3,32,42,14,43
22-04-2022,26,44,5,46,39,37
22-04-2022,47,45,27,21,23,2
24-04-2022,46,49,22,40,19,6
24-04-2022,31,2,3,24,40,44
27-04-2022,4,5,14,38,21,22
27-04-2022,22,8,10,35,38,24
29-04-2022,31,30,33,20,10,19
29-04-2022,15,9,24,4,46,25
01-05-2022,43,49,48,7,16,26
01-05-2022,21,12,36,15,29,46
04-05-2022,4,47,45,11,37,27
04-05-2022,31,13,29,4,45,40
06-05-2022,11,7,20,48,5,29
06-05-2022,43,1,18,29,38,4
08-05-2022,26,30,6,16,38,49
08-05-2022,36,45,10,25,39,40
11-05-2022,38,15,27,39,40,26
11-05-2022,38,27,39,8,12,19
13-05-2022,46,29,1,21,16,41
13-05-2022,1,47,14,6,26,35
15-05-2022,32,3,30,28,4,27
15-05-2022,12,29,1,9,49,27
18-05-2022,44,3,19,31,23,26
18-05-2022,45,12,11,37,43,47
20-05-2022,13,29,39,20,14,10
20-05-2022,16,13,20,8,11,3
22-05-2022,42,44,1,7,43,32
22-05-2022,26,48,11,27,36,24
25-05-2022,5,47,32,30,2,14
25-05-2022,3,1,36,13,6,22
27-05-2022,42,11,29,20,37,31
27-05-2022,5,39,8,13,42,47
29-05-2022,34,3,33,39,2,1
29-05-2022,6,44,46,26,36,10
01-06-2022,10,3,16,44,4,18
01-06-2022,22,30,47,35,19,13
03-06-2022,16,18,4,30,12,33
03-06-2022,11,45,7,17,4,39
05-06-2022,26,17,30,47,10,39
05-06-2022,21,46,18,7,12,33
08-06-2022,5,30,37,10,39,3
08-06-2022,4,14,49,11,25,16
10-06-2022,28,40,3,38,19,21
10-06-2022,49,28,20,15,40,19
12-06-2022,42,20,7,18,39,22
12-06-2022,10,2,23,42,28,46
15-06-2022,46,9,39,6,24,35
15-06-2022,48,7,37,31,9,24
17-06-2022,13,39,17,6,21,30
17-06-2022,34,16,23,42,10,36
19-06-2022,48,12,15,34,16,8
19-06-2022,32,37,23,48,29,46
22-06-2022,9,8,14,6,4,11
22-06-2022,37,32,7,43,31,15
24-06-2022,8,16,41,49,14,39
24-06-2022,25,31,30,43,34,4
26-06-2022,24,31,22,43,17,2
26-06-2022,31,20,5,38,46,49
29-06-2022,18,48,5,32,24,38
29-06-2022,30,21,44,10,12,36
01-07-2022,25,39,48,49,36,35
01-07-2022,30,7,17,16,24,4
03-07-2022,25,15,47,17,3,26
03-07-2022,45,27,19,41,18,26
06-07-2022,7,35,3,11,41,1
06-07-2022,1,20,14,25,45,11
08-07-2022,39,24,11,16,46,13
08-07-2022,48,49,27,28,14,43
10-07-2022,42,16,43,23,34,18
10-07-2022,39,41,16,22,33,40
13-07-2022,8,14,9,5,24,13
13-07-2022,13,12,4,11,5,7
15-07-2022,31,38,49,19,3,44
15-07-2022,49,19,30,37,23,33
17-07-2022,15,23,18,22,21,5
17-07-2022,13,40,22,39,35,41
20-07-2022,45,8,18,11,17,39
20-07-2022,9,6,15,14,47,22
22-07-2022,23,1,31,49,35,44
22-07-2022,46,13,27,12,49,45
24-07-2022,8,28,43,20,17,4
24-07-2022,4,40,23,2,32,48
27-07-2022,15,20,49,19,34,37
27-07-2022,38,29,2,23,45,12
29-07-2022,2,14,24,19,13,20
29-07-2022,29,7,49,9,3,42
31-07-2022,28,35,22,18,12,13
31-07-2022,40,32,33,39,41,31
03-08-2022,45,18,22,37,38,41
03-08-2022,36,32,49,5,35,18
05-08-2022,45,33,35,5,27,13
05-08-2022,9,43,16,19,1,40
07-08-2022,35,39,45,3,43,18
07-08-2022,8,15,31,4,5,24
10-08-2022,32,15,49,38,5,42
10-08-2022,47,12,33,42,15,8
12-08-2022,4,30,21,8,40,5
12-08-2022,48,49,32,7,1,16
14-08-2022,34,26,38,40,23,48
14-08-2022,11,19,25,6,42,14
17-08-2022,33,22,30,42,44,15
17-08-2022,10,16,18,40,1,44
19-08-2022,7,46,11,23,2,21
19-08-2022,6,7,30,21,18,36
21-08-2022,8,7,47,28,34,25
21-08-2022,36,20,41,48,28,31
24-08-2022,32,20,36,9,4,1
24-08-2022,36,22,21,32,35,34
26-08-2022,42,13,7,39,30,27
26-08-2022,6,13,28,8,26,24
28-08-2022,18,2,9,15,23,45
28-08-2022,40,22,16,26,47,35
31-08-2022,43,11,4,7,29,31
31-08-2022,11,7,43,4,13,40
02-09-2022,8,36,37,3,21,20
02-09-2022,30,10,35,49,23,47
04-09-2022,27,19,44,2,33,45
04-09-2022,45,11,19,27,38,36
07-09-2022,5,22,12,17,29,40
07-09-2022,16,18,2,35,9,4
09-09-2022,46,47,5,11,6,45
09-09-2022,33,13,29,19,15,41
11-09-2022,39,34,12,15,5,18
11-09-2022,49,6,34,18,40,3
14-09-2022,45,19,30,7,15,29
14-09-2022,37,22,40,31,15,14
16-09-2022,10,44,7,16,47,17
16-09-2022,38,39,30,41,19,23
18-09-2022,28,19,42,20,8,21
18-09-2022,39,43,41,27,3,20
21-09-2022,9,42,26,16,27,39
21-09-2022,36,45,41,17,7,26
23-09-2022,30,25,28,4,26,16
23-09-2022,26,10,16,33,30,47
25-09-2022,17,29,35,24,47,34
25-09-2022,21,9,23,31,33,25
28-09-2022,28,14,45,41,32,3
28-09-2022,39,4,33,13,35,45
30-09-2022,30,14,47,5,7,23
30-09-2022,36,33,7,42,39,14
02-10-2022,11,7,3,19,42,40
02-10-2022,30,10,20,44,26,28
05-10-2022,15,42,23,26,8,29
05-10-2022,27,44,34,40,26,41
07-10-2022,2,35,18,48,23,12
07-10-2022,39,5,16,47,31,3
09-10-2022,23,14,8,3,15,9
09-10-2022,35,1,48,39,26,6
12-10-2022,25,48,23,6,39,32
12-10-2022,10,28,39,13,1,37
14-10-2022,1,37,42,21,18,24
14-10-2022,27,40,22,19,6,38
16-10-2022,3,35,31,36,28,38
16-10-2022,7,32,45,36,38,18
19-10-2022,36,40,11,48,42,12
19-10-2022,3,23,38,13,45,16
21-10-2022,26,28,8,44,33,5
21-10-2022,8,49,45,10,20,14
23-10-2022,1,32,33,17,31,14
23-10-2022,17,5,39,12,26,20
26-10-2022,47,33,43,48,10,32
26-10-2022,39,1,33,29,43,17
28-10-2022,20,40,3,48,47,24
28-10-2022,18,37,31,13,21,32
30-10-2022,12,24,42,18,43,16
30-10-2022,12,41,47,27,43,19
02-11-2022,35,28,18,2,36,13
02-11-2022,35,28,17,34,1,31
04-11-2022,32,6,38,31,23,5
04-11-2022,18,22,40,15,49,30
06-11-2022,27,4,7,2,46,28
06-11-2022,48,13,1,28,39,24
09-11-2022,41,22,4,20,38,6
09-11-2022,31,34,20,45,48,26
11-11-2022,11,13,3,34,9,18
11-11-2022,49,9,17,14,1,21
13-11-2022,19,42,27,25,22,39
13-11-2022,7,1,48,25,4,38
16-11-2022,12,44,16,19,25,4
16-11-2022,38,43,24,4,17,7
18-11-2022,3,12,1,47,18,5
18-11-2022,48,25,32,14,28,9
20-11-2022,32,48,39,36,37,3
20-11-2022,17,19,36,42,43,16
23-11-2022,19,47,5,8,1,36
23-11-2022,29,38,25,26,11,41
25-11-2022,38,26,23,30,21,20
25-11-2022,23,36,44,35,15,47
27-11-2022,15,38,25,34,18,3
27-11-2022,34,49,1,13,26,16
30-11-2022,22,5,11,26,9,27
30-11-2022,40,14,9,6,8,35
02-12-2022,22,43,48,35,41,37
02-12-2022,30,21,19,36,26,38
04-12-2022,9,32,38,3,27,25
04-12-2022,30,47,17,9,16,4
07-12-2022,9,8,40,4,37,48
07-12-2022,42,19,47,35,34,15
09-12-2022,33,30,21,25,6,36
09-12-2022,7,30,3,11,44,26
11-12-2022,27,16,19,26,14,33
11-12-2022,9,38,34,31,22,15
14-12-2022,12,33,5,15,20,37
14-12-2022,30,1,27,44,45,7
16-12-2022,20,18,43,13,1,38
16-12-2022,25,48,47,36,24,40
18-12-2022,9,12,32,15,3,42
18-12-2022,44,24,41,13,11,12
21-12-2022,15,4,27,1,29,30
21-12-2022,10,41,44,24,21,39
23-12-2022,43,14,8,39,2,38
23-12-2022,1,49,36,45,40,13
25-12-2022,13,18,16,28,48,34
25-12-2022,13,41,49,16,40,10
28-12-2022,43,49,21,27,29,3
28-12-2022,36,28,9,7,23,45
30-12-2022,1,44,41,3,12,7
30-12-2022,38,47,7,20,25,13
01-01-2023,43,24,11,7,35,49
01-01-2023,27,26,19,36,30,40
04-01-2023,6,18,29,7,45,11
04-01-2023,34,45,3,31,44,23
06-01-2023,13,42,37,26,4,5
06-01-2023,16,28,18,44,12,2
08-01-2023,40,19,16,49,36,2
08-01-2023,47,14,11,44,46,15
11-01-2023,28,33,40,47,45,2
11-01-2023,30,44,42,39,32,15
13-01-2023,39,22,7,16,19,44
13-01-2023,4,3,7,25,38,22
15-01-2023,27,7,6,38,19,2
15-01-2023,38,36,23,42,47,6
18-01-2023,39,13,38,24,23,34
18-01-2023,23,41,20,30,21,2
20-01-2023,48,39,21,14,41,36
20-01-2023,1,43,31,32,34,12
22-01-2023,42,33,22,26,5,43
22-01-2023,30,17,15,32,28,14
25-01-2023,26,42,37,32,22,34
25-01-2023,13,18,35,37,38,41
27-01-2023,12,39,35,6,3,41
27-01-2023,39,19,4,34,27,8
29-01-2023,12,46,44,20,17,47
29-01-2023,41,27,18,21,4,49
01-02-2023,16,29,31,34,40,3
01-02-2023,1,10,11,37,43,19
03-02-2023,26,18,46,39,13,12
03-02-2023,41,25,15,12,11,44
05-02-2023,31,29,23,14,30,13
05-02-2023,3,49,8,35,11,10
08-02-2023,13,35,47,8,48,14
08-02-2023,44,13,15,35,41,14
10-02-2023,20,13,26,30,12,48
10-02-2023,32,41,43,7,33,2
12-02-2023,46,27,48,7,34,36
12-02-2023,36,5,29,40,43,31
15-02-2023,26,2,23,42,19,20
15-02-2023,31,44,14,40,23,8
17-02-2023,38,1,7,44,12,45
17-02-2023,47,32,31,28,25,15
19-02-2023,32,14,24,48,42,16
19-02-2023,34,39,40,14,33,43
22-02-2023,29,40,46,36,34,4
22-02-2023,30,2,12,24,47,1
24-02-2023,8,25,31,47,16,4
24-02-2023,19,15,43,33,39,10
26-02-2023,1,19,34,45,26,11
26-02-2023,3,6,21,22,20,2
01-03-2023,26,46,9,37,14,35
01-03-2023,18,10,41,20,21,3
03-03-2023,36,28,7,9,21,38
03-03-2023,17,36,15,12,24,49
05-03-2023,34,28,21,42,30,23
05-03-2023,47,31,43,48,44,39
08-03-2023,23,1,48,35,11,18
08-03-2023,14,48,44,3,20,38
10-03-2023,22,42,38,13,4,20
10-03-2023,48,15,9,29,14,10
12-03-2023,25,11,43,10,20,44
12-03-2023,18,46,39,26,10,12
15-03-2023,16,38,4,31,24,2
15-03-2023,39,44,13,11,17,7
17-03-2023,31,19,49,6,34,28
17-03-2023,46,14,47,15,41,29
19-03-2023,45,38,13,25,8,22
19-03-2023,13,40,9,39,44,42
22-03-2023,8,20,29,47,37,16
22-03-2023,17,41,32,19,4,2
24-03-2023,46,3,13,48,37,14
24-03-2023,39,4,35,47,9,44
26-03-2023,44,36,7,28,14,30
26-03-2023,13,6,48,4,1,26
29-03-2023,42,7,8,44,26,9
29-03-2023,18,32,30,14,46,40
31-03-2023,8,35,19,7,5,1
31-03-2023,13,26,30,47,41,42
02-04-2023,43,8,37,44,17,13
02-04-2023,43,17,44,47,24,25
05-04-2023,23,49,18,1,7,19
05-04-2023,43,23,38,40,32,44
07-04-2023,22,15,12,35,41,18
07-04-2023,33,6,28,48,42,29
09-04-2023,21,42,1,30,49,10
09-04-2023,45,6,34,15,20,1
12-04-2023,1,40,49,47,26,10
12-04-2023,26,1,49,4,41,3
14-04-2023,16,12,13,43,10,1
14-04-2023,38,43,2,49,3,45
16-04-2023,14,24,9,32,26,35
16-04-2023,40,44,35,17,47,49
19-04-2023,36,18,5,21,39,27
19-04-2023,25,16,42,40,29,17
21-04-2023,46,48,35,47,5,17
21-04-2023,19,7,23,22,47,9
23-04-2023,21,30,48,5,35,29
23-04-2023,25,10,7,20,14,37
26-04-2023,4,32,7,47,22,31
26-04-2023,25,44,31,41,9,36
28-04-2023,38,20,36,6,48,5
28-04-2023,44,14,22,32,3,1
30-04-2023,9,6,23,12,15,29
30-04-2023,15,8,43,45,42,27
03-05-2023,12,37,21,49,38,36
03-05-2023,27,2,26,7,3,16
05-05-2023,4,43,45,10,49,2
05-05-2023,12,4,17,40,2,15
07-05-2023,20,18,25,35,19,12
07-05-2023,30,3,16,5,12,17
10-05-2023,10,7,40,24,34,44
10-05-2023,39,2,46,34,47,6
12-05-2023,33,7,13,1,31,40
12-05-2023,49,28,18,10,47,26
14-05-2023,23,16,34,21,3,26
14-05-2023,6,28,41,14,18,5
17-05-2023,36,1,7,44,2,41
17-05-2023,21,14,36,37,44,35
19-05-2023,3,39,28,46,1,5
19-05-2023,7,22,5,46,29,25
21-05-2023,44,26,45,36,41,14
21-05-2023,24,49,37,31,44,28
24-05-2023,22,30,31,4,25,8
24-05-2023,34,23,40,3,41,25
26-05-2023,22,45,4,41,33,28
26-05-2023,34,27,39,20,46,1
28-05-2023,44,6,38,7,11,14
28-05-2023,49,46,33,25,15,26
31-05-2023,38,42,35,23,7,1
31-05-2023,29,24,49,12,44,46
02-06-2023,3,45,47,35,1,46
02-06-2023,35,5,34,40,49,31
04-06-2023,11,30,36,31,42,18
04-06-2023,33,21,23,48,27,36
07-06-2023,36,21,18,35,48,28
07-06-2023,10,23,38,1,34,27
09-06-2023,10,12,24,36,39,4
09-06-2023,6,24,13,15,38,32
11-06-2023,32,33,45,38,17,6
11-06-2023,8,33,39,10,15,9
14-06-2023,22,16,19,36,45,12
14-06-2023,32,8,20,30,34,3
16-06-2023,13,26,48,8,19,16
16-06-2023,15,2,13,32,36,26
18-06-2023,12,1,8,44,32,35
18-06-2023,40,42,19,35,10,23
21-06-2023,22,4,46,8,23,45
21-06-2023,39,49,2,9,32,7
23-06-2023,34,33,44,24,12,23
23-06-2023,22,16,30,17,9,14
25-06-2023,2,41,46,23,43,12
25-06-2023,7,43,22,48,10,16
28-06-2023,41,29,30,40,19,5
28-06-2023,18,12,15,20,37,4
30-06-2023,9,5,30,13,11,4
30-06-2023,36,38,22,42,3,8
02-07-2023,20,42,6,5,46,47
02-07-2023,29,19,46,40,32,12
05-07-2023,34,9,43,44,12,49
05-07-2023,35,6,47,44,29,2
07-07-2023,43,21,25,28,38,4
07-07-2023,13,11,14,5,49,9
09-07-2023,28,42,10,12,14,30
09-07-2023,11,1,49,20,32,26
12-07-2023,26,45,23,16,42,43
12-07-2023,6,17,22,37,47,20
14-07-2023,1,33,32,23,28,45
14-07-2023,9,20,17,30,26,43
16-07-2023,45,39,35,20,48,34
16-07-2023,16,8,46,39,45,41
19-07-2023,4,6,43,39,38,18
19-07-2023,48,15,28,39,38,9
21-07-2023,24,47,27,10,11,16
21-07-2023,44,35,42,36,27,41
23-07-2023,17,30,7,42,32,45
23-07-2023,11,19,37,38,26,17
26-07-2023,29,22,34,27,14,37
26-07-2023,8,38,25,39,23,48
28-07-2023,34,28,44,48,4,49
28-07-2023,39,47,5,48,28,44
30-07-2023,41,44,19,11,2,49
30-07-2023,44,6,48,7,43,2
02-08-2023,16,22,27,25,30,43
02-08-2023,22,16,48,11,31,17
04-08-2023,13,14,4,27,16,10
04-08-2023,32,8,43,17,25,38
06-08-2023,11,17,15,6,39,10
06-08-2023,48,41,44,31,15,1
09-08-2023,10,31,7,43,46,13
09-08-2023,16,20,10,46,41,8
11-08-2023,18,6,7,47,34,17
11-08-2023,32,31,44,42,36,29
13-08-2023,23,35,46,24,8,2
13-08-2023,27,8,17,40,4,28
16-08-2023,23,29,12,39,4,41
16-08-2023,3,28,8,32,35,42
18-08-2023,2,14,28,29,24,18
18-08-2023,25,33,13,30,18,19
20-08-2023,15,47,48,46,37,4
20-08-2023,48,39,11,46,49,21
23-08-2023,29,14,31,37,41,18
23-08-2023,7,42,44,11,45,48
25-08-2023,13,11,39,35,20,37
25-08-2023,7,36,20,12,8,26
27-08-2023,15,34,29,48,39,47
27-08-2023,16,18,9,10,44,15
30-08-2023,29,28,12,3,46,31
30-08-2023,28,47,25,31,3,49
01-09-2023,41,24,39,42,46,38
01-09-2023,45,22,47,10,36,30
03-09-2023,37,24,35,25,16,36
03-09-2023,39,11,6,33,12,1
06-09-2023,3,15,16,32,21,24
06-09-2023,33,6,25,14,48,44
08-09-2023,46,30,31,49,18,32
08-09-2023,36,3,17,15,49,27
10-09-2023,37,4,39,48,3,28
10-09-2023,3,17,42,6,29,14
13-09-2023,31,37,6,23,12,32
13-09-2023,5,45,39,37,32,41
15-09-2023,23,42,40,39,30,36
15-09-2023,33,11,28,16,49,26
17-09-2023,34,7,5,11,35,18
17-09-2023,16,1,2,25,9,29
20-09-2023,4,36,24,39,10,48
20-09-2023,42,48,2,44,27,39
22-09-2023,45,43,40,46,7,25
22-09-2023,32,48,11,40,22,27
24-09-2023,37,43,38,1,30,25
24-09-2023,44,47,16,28,22,5
27-09-2023,29,44,24,34,31,27
27-09-2023,43,25,33,46,28,23
29-09-2023,49,29,16,4,30,9
29-09-2023,22,25,39,20,6,24
01-10-2023,23,40,38,3,26,13
01-10-2023,33,41,39,48,43,11
04-10-2023,49,28,18,21,23,33
04-10-2023,28,16,41,4,20,27
06-10-2023,48,40,17,49,41,35
06-10-2023,2,1,4,28,47,23
08-10-2023,35,41,39,14,36,49
08-10-2023,37,36,30,29,23,17
11-10-2023,9,39,24,16,47,44
11-10-2023,21,3,11,25,18,9
13-10-2023,8,3,30,13,45,21
13-10-2023,22,21,43,33,23,2
15-10-2023,22,37,32,6,35,1
15-10-2023,21,47,1,5,29,25
18-10-2023,25,10,28,34,21,46
18-10-2023,35,20,13,12,9,36
20-10-2023,33,19,35,10,7,2
20-10-2023,29,44,39,22,43,17
22-10-2023,15,32,44,10,36,1
22-10-2023,48,30,20,38,40,9
25-10-2023,5,33,26,29,45,34
25-10-2023,39,25,11,10,1,22
27-10-2023,24,31,14,41,8,49
27-10-2023,9,30,8,2,20,15
29-10-2023,44,28,10,16,14,19
29-10-2023,12,16,43,34,45,41
01-11-2023,40,28,22,2,33,38
01-11-2023,31,43,44,33,32,35
03-11-2023,9,17,25,1,49,24
03-11-2023,1,39,19,7,42,3
05-11-2023,14,15,13,4,9,5
05-11-2023,3,39,45,10,7,2
08-11-2023,25,33,36,11,40,14
08-11-2023,7,49,24,33,13,36
10-11-2023,37,8,30,49,31,1
10-11-2023,49,16,36,39,27,26
12-11-2023,21,23,6,22,15,3
12-11-2023,24,18,45,48,9,46
15-11-2023,11,46,23,24,8,16
15-11-2023,12,9,8,3,47,33
17-11-2023,18,38,31,29,20,25
17-11-2023,31,28,6,16,5,4
19-11-2023,29,17,3,49,31,47
19-11-2023,42,27,30,43,7,38
22-11-2023,24,1,36,39,2,46
22-11-2023,28,49,46,4,36,21
24-11-2023,6,2,12,19,9,32
24-11-2023,47,13,9,44,1,4
26-11-2023,3,10,38,21,1,44
26-11-2023,48,23,24,40,5,37
29-11-2023,38,46,43,35,5,1
29-11-2023,25,45,42,38,32,13
01-12-2023,47,49,13,17,28,11
01-12-2023,34,49,9,6,12,10
03-12-2023,27,41,42,17,18,43
03-12-2023,47,10,19,14,17,36
06-12-2023,34,25,19,40,17,28
06-12-2023,20,11,46,30,3,49
08-12-2023,42,2,34,43,21,16
08-12-2023,47,5,44,36,2,38
10-12-2023,13,35,48,3,23,29
10-12-2023,23,29,46,30,33,9
13-12-2023,19,12,18,21,10,48
13-12-2023,41,7,46,6,5,40
15-12-2023,46,28,26,47,7,34
15-12-2023,15,24,21,12,35,39
17-12-2023,17,11,29,37,36,13
17-12-2023,7,15,8,49,48,10
20-12-2023,18,43,38,41,39,8
20-12-2023,44,10,49,16,1,17
22-12-2023,48,35,46,31,33,34
22-12-2023,48,14,28,4,30,7
24-12-2023,4,12,10,43,2,15
24-12-2023,35,26,30,38,8,13
27-12-2023,43,10,48,20,36,14
27-12-2023,20,47,24,17,44,46
29-12-2023,28,9,10,33,27,36
29-12-2023,15,26,41,25,18,21
31-12-2023,42,17,10,7,44,47
31-12-2023,31,15,49,32,45,7
03-01-2024,4,28,12,1,30,43
03-01-2024,30,39,35,21,13,29
05-01-2024,31,17,36,14,48,40
05-01-2024,37,25,34,27,41,9
07-01-2024,37,20,16,30,49,9
07-01-2024,40,13,42,18,6,46
10-01-2024,1,36,13,27,28,6
10-01-2024,23,19,40,5,17,36
12-01-2024,33,20,21,35,1,34
12-01-2024,9,6,26,45,49,8
14-01-2024,7,2,10,15,29,9
14-01-2024,40,30,4,49,29,2
17-01-2024,15,25,29,19,49,44
17-01-2024,6,31,39,29,16,24
19-01-2024,49,22,26,21,29,14
19-01-2024,38,44,10,5,36,1
21-01-2024,13,23,34,33,7,42
21-01-2024,13,5,15,21,25,2
24-01-2024,19,17,8,22,40,21
24-01-2024,28,44,11,37,46,32
26-01-2024,23,5,42,3,6,26
26-01-2024,49,7,48,22,21,32
28-01-2024,40,26,21,42,30,13
28-01-2024,40,45,36,37,30,39
31-01-2024,16,20,32,33,42,22
31-01-2024,47,36,19,49,38,3
02-02-2024,20,30,13,9,47,38
02-02-2024,4,25,27,3,7,35
04-02-2024,3,18,15,8,23,5
04-02-2024,4,33,24,46,17,43
07-02-2024,15,43,41,1,39,34
07-02-2024,6,20,17,33,31,3
09-02-2024,11,28,46,44,41,8
09-02-2024,20,4,42,30,23,39
11-02-2024,19,26,2,1,48,20
11-02-2024,16,37,10,44,47,30
14-02-2024,12,47,33,22,10,30
14-02-2024,1,45,23,39,41,10
16-02-2024,41,24,36,44,29,34
16-02-2024,38,11,8,44,31,13
18-02-2024,46,15,35,41,34,20
18-02-2024,8,14,17,39,24,7
21-02-2024,41,8,36,1,20,10
21-02-2024,27,35,4,11,2,25
23-02-2024,36,45,42,14,33,30
23-02-2024,4,32,48,41,27,18
25-02-2024,46,40,28,23,27,13
25-02-2024,10,32,38,25,13,24
28-02-2024,35,43,3,5,16,40
28-02-2024,7,20,29,4,6,39
01-03-2024,17,42,46,26,5,47
01-03-2024,8,13,12,28,18,24
03-03-2024,26,28,9,23,14,31
03-03-2024,2,33,16,39,3,47
06-03-2024,13,7,9,2,36,18
06-03-2024,38,7,43,29,3,35
08-03-2024,36,13,5,48,24,49
08-03-2024,26,14,34,18,1,25
10-03-2024,21,42,44,15,1,30
10-03-2024,47,37,39,36,35,9
13-03-2024,13,49,9,29,5,19
13-03-2024,16,23,27,14,19,21
15-03-2024,33,17,4,23,31,21
15-03-2024,25,41,27,35,26,21
17-03-2024,37,26,45,42,16,13
17-03-2024,25,4,20,5,3,38
20-03-2024,29,47,35,34,12,6
20-03-2024,6,1,41,21,34,32
22-03-2024,17,16,7,38,36,19
22-03-2024,20,40,18,24,1,45
24-03-2024,37,39,22,42,45,14
24-03-2024,1,12,44,16,46,15
27-03-2024,4,49,24,47,12,33
27-03-2024,32,23,6,46,1,40
29-03-2024,4,42,3,22,21,47
29-03-2024,8,23,10,4,38,13
31-03-2024,29,30,1,4,10,9
31-03-2024,19,1,9,40,22,18
03-04-2024,39,11,38,21,13,29
03-04-2024,20,21,34,1,3,48
05-04-2024,21,41,6,24,28,4
05-04-2024,11,19,25,15,41,44
07-04-2024,38,43,49,25,39,24
07-04-2024,12,41,25,4,46,18
10-04-2024,28,41,29,32,18,37
10-04-2024,37,35,40,2,21,3
12-04-2024,48,9,44,23,17,22
12-04-2024,27,33,22,1,32,12
14-04-2024,47,11,30,36,1,15
14-04-2024,42,35,6,41,27,29
17-04-2024,1,17,7,33,35,41
17-04-2024,43,8,30,49,5,42
19-04-2024,39,12,14,17,44,10
19-04-2024,41,28,16,39,11,25
21-04-2024,29,35,2,49,48,33
21-04-2024,45,7,35,8,48,2
24-04-2024,42,36,38,1,46,27
24-04-2024,2,27,16,31,26,35
26-04-2024,35,34,14,43,4,24
26-04-2024,8,5,49,28,45,13
28-04-2024,46,1,26,48,9,31
28-04-2024,20,47,19,16,22,40
01-05-2024,15,31,39,16,1,3
01-05-2024,13,23,34,9,4,46
03-05-2024,23,7,43,30,36,41
03-05-2024,23,5,35,42,45,22
05-05-2024,25,42,13,38,11,20
05-05-2024,49,8,2,28,1,30
08-05-2024,47,17,3,40,48,34
08-05-2024,41,22,2,32,6,28
10-05-2024,19,38,46,32,11,20
10-05-2024,33,8,5,6,30,38
12-05-2024,9,25,29,46,1,12
12-05-2024,46,20,16,27,34,48
15-05-2024,22,47,20,6,44,7
15-05-2024,45,37,30,20,16,24
17-05-2024,29,34,6,42,20,22
17-05-2024,23,37,33,13,10,29
19-05-2024,11,24,18,34,48,20
19-05-2024,36,18,27,33,45,41
22-05-2024,41,32,48,30,29,38
22-05-2024,31,10,14,29,35,24
24-05-2024,44,6,28,18,22,7
24-05-2024,10,33,14,29,27,34
26-05-2024,33,39,24,4,31,35
26-05-2024,29,7,43,49,14,5
29-05-2024,35,18,38,14,22,4
29-05-2024,6,20,1,19,13,46
31-05-2024,30,14,18,31,6,15
31-05-2024,2,30,10,21,43,22
02-06-2024,18,32,38,7,20,19
02-06-2024,14,45,6,16,7,44
05-06-2024,42,15,46,17,33,41
05-06-2024,15,43,41,19,49,31
07-06-2024,36,31,6,8,3,17
07-06-2024,3,48,36,44,38,31
09-06-2024,19,3,27,45,40,30
09-06-2024,10,21,36,34,4,48
12-06-2024,32,44,9,36,7,29
12-06-2024,47,12,26,32,8,4
14-06-2024,13,40,21,12,19,48
14-06-2024,13,26,43,11,21,32
16-06-2024,13,36,2,30,21,19
16-06-2024,49,44,6,20,41,36
19-06-2024,9,38,19,5,27,40
19-06-2024,38,21,9,10,49,32
21-06-2024,45,46,27,36,29,10
21-06-2024,25,36,7,6,14,21
23-06-2024,35,17,4,48,30,29
23-06-2024,6,30,2,15,9,17
26-06-2024,5,2,24,9,31,47
26-06-2024,13,40,37,44,38,45
28-06-2024,8,9,37,44,14,32
28-06-2024,9,3,31,6,11,23
30-06-2024,10,21,41,20,5,28
30-06-2024,45,31,39,38,6,25
03-07-2024,19,5,3,29,18,31
03-07-2024,39,29,33,48,20,45
05-07-2024,37,29,45,12,18,48
05-07-2024,25,49,12,24,28,31
07-07-2024,2,33,13,7,4,1
07-07-2024,11,45,41,8,28,5
10-07-2024,28,48,13,7,49,17
10-07-2024,9,11,38,7,43,44
12-07-2024,48,25,31,44,14,33
12-07-2024,15,34,22,44,9,30
14-07-2024,49,25,22,20,5,16
14-07-2024,1,15,29,34,37,18
17-07-2024,11,47,5,9,12,45
17-07-2024,7,24,35,43,5,13
19-07-2024,18,29,35,4,8,6
19-07-2024,3,35,44,24,25,18
21-07-2024,9,29,8,23,31,14
21-07-2024,37,36,15,38,33,26
24-07-2024,8,37,32,11,1,23
24-07-2024,15,8,32,33,2,25
26-07-2024,32,3,17,25,18,39
26-07-2024,37,45,11,27,7,1
28-07-2024,23,42,12,26,6,25
28-07-2024,25,12,40,4,36,44
31-07-2024,21,6,46,27,4,11
31-07-2024,46,31,38,25,32,19
02-08-2024,5,33,49,21,3,23
02-08-2024,34,24,6,4,9,20
04-08-2024,35,21,30,27,23,28
04-08-2024,38,27,1,35,37,47
07-08-2024,24,15,16,45,36,13
07-08-2024,43,7,1,44,11,3
09-08-2024,19,38,14,2,49,47
09-08-2024,35,38,17,21,27,46
11-08-2024,5,40,14,44,45,24
11-08-2024,11,31,25,1,10,13
14-08-2024,37,14,4,43,10,42
14-08-2024,40,16,9,13,42,38
16-08-2024,8,42,10,39,45,3
16-08-2024,48,10,32,26,12,11
18-08-2024,34,45,42,21,49,18
18-08-2024,2,38,33,7,48,10
21-08-2024,21,31,22,35,18,24
21-08-2024,44,21,48,38,30,15
23-08-2024,27,9,14,34,19,42
23-08-2024,45,10,13,18,25,17
25-08-2024,24,40,20,5,9,8
25-08-2024,8,34,4,20,28,40
28-08-2024,36,11,45,23,35,27
28-08-2024,28,46,15,33,23,5
30-08-2024,5,43,42,2,24,18
30-08-2024,35,24,1,41,6,40
01-09-2024,22,21,14,12,16,26
01-09-2024,21,6,33,28,13,47
04-09-2024,30,33,40,36,4,47
04-09-2024,48,14,6,5,20,24
06-09-2024,29,47,41,45,19,23
06-09-2024,49,42,37,8,12,11
08-09-2024,25,44,41,8,29,28
08-09-2024,44,4,8,3,34,45
11-09-2024,11,43,19,16,7,15
11-09-2024,37,47,9,48,8,23
13-09-2024,41,13,39,30,3,29
13-09-2024,26,48,11,31,5,10
15-09-2024,8,47,31,45,30,15
15-09-2024,46,49,9,40,39,37
18-09-2024,2,22,18,38,34,6
18-09-2024,31,4,48,34,30,38
20-09-2024,48,15,27,3,22,49
20-09-2024,13,32,44,33,15,36
22-09-2024,11,44,31,48,2,40
22-09-2024,2,14,46,13,23,43
25-09-2024,6,17,23,14,7,28
25-09-2024,25,24,45,12,37,38
27-09-2024,44,8,47,6,35,3
27-09-2024,23,32,34,20,9,44
29-09-2024,8,46,21,45,17,40
29-09-2024,12,40,37,38,4,24
02-10-2024,12,39,19,42,14,16
02-10-2024,32,24,48,33,31,8
04-10-2024,47,27,21,19,26,39
04-10-2024,11,48,46,24,45,22
06-10-2024,21,29,47,41,45,46
06-10-2024,16,41,11,33,22,13
09-10-2024,31,37,23,4,45,3
09-10-2024,6,26,1,47,17,12
11-10-2024,16,35,47,13,28,42
11-10-2024,38,31,2,35,13,6
13-10-2024,1,29,22,30,3,16
13-10-2024,26,20,34,21,12,23
16-10-2024,9,8,14,43,31,21
16-10-2024,47,11,28,36,38,33
18-10-2024,8,2,16,46,37,19
18-10-2024,40,6,33,22,2,35
20-10-2024,36,24,44,4,26,39
20-10-2024,28,49,47,26,4,12
23-10-2024,8,44,12,23,26,35
23-10-2024,3,23,13,49,1,8
25-10-2024,15,29,6,36,48,34
25-10-2024,16,42,40,37,17,6
27-10-2024,22,4,2,28,30,37
27-10-2024,4,31,39,21,14,35
30-10-2024,11,46,37,47,22,28
30-10-2024,37,2,24,8,30,28
01-11-2024,11,35,41,39,31,21
01-11-2024,6,15,14,21,17,33
03-11-2024,8,32,47,22,29,9
03-11-2024,11,45,24,25,33,5
06-11-2024,24,36,41,8,17,15
06-11-2024,14,47,35,23,7,28
08-11-2024,33,43,38,41,14,28
08-11-2024,34,46,36,21,30,23
10-11-2024,40,42,43,12,46,15
10-11-2024,17,49,33,10,22,42
13-11-2024,48,31,1,43,32,40
13-11-2024,12,29,18,41,1,39
15-11-2024,7,18,39,19,6,28
15-11-2024,31,41,47,1,32,18
17-11-2024,22,18,16,29,43,11
17-11-2024,33,5,20,39,15,16
20-11-2024,29,25,13,48,19,15
20-11-2024,7,16,24,32,42,15
22-11-2024,33,22,8,31,13,11
22-11-2024,40,25,48,49,43,32
24-11-2024,48,13,4,32,7,36
24-11-2024,3,34,11,47,9,19
27-11-2024,1,36,15,10,12,18
27-11-2024,21,14,17,4,41,16
29-11-2024,3,14,4,2,40,21
29-11-2024,25,3,5,26,34,49
01-12-2024,7,43,37,8,5,49
01-12-2024,49,4,10,12,18,23
04-12-2024,45,46,12,9,13,34
04-12-2024,16,3,45,24,17,36
06-12-2024,32,40,7,43,30,3
06-12-2024,26,16,45,27,28,23
08-12-2024,39,13,44,5,17,43
08-12-2024,35,13,40,21,38,1
11-12-2024,44,39,41,26,6,4
11-12-2024,38,49,23,30,26,6
13-12-2024,11,14,23,3,30,13
13-12-2024,36,8,48,2,18,44
15-12-2024,4,31,2,40,35,9
15-12-2024,1,48,4,46,5,15
18-12-2024,18,34,33,49,43,38
18-12-2024,39,34,18,35,3,30
20-12-2024,42,36,19,16,31,48
20-12-2024,24,43,13,17,9,3
22-12-2024,19,2,20,41,46,31
22-12-2024,24,13,1,12,46,29
24-12-2024,41,28,45,17,39,29
24-12-2024,16,45,25,12,19,9
25-12-2024,23,45,19,28,27,15
25-12-2024,8,7,1,25,17,27
27-12-2024,30,7,44,28,48,16
27-12-2024,9,49,25,26,20,31
29-12-2024,39,27,45,41,20,8
29-12-2024,22,14,2,30,44,41
01-01-2025,40,2,24,20,38,45
01-01-2025,45,33,23,32,29,36
03-01-2025,19,27,43,29,42,37
03-01-2025,14,9,26,45,35,20
05-01-2025,37,44,22,13,7,5
05-01-2025,2,36,1,7,15,39
08-01-2025,16,13,12,11,19,4
08-01-2025,48,10,43,44,38,9
10-01-2025,16,46,9,15,11,10
10-01-2025,42,17,23,22,38,25
12-01-2025,6,8,49,26,24,19
12-01-2025,9,34,22,17,2,46
15-01-2025,24,38,45,28,13,5
15-01-2025,7,8,44,21,30,9
17-01-2025,17,45,42,24,13,21
17-01-2025,33,31,41,10,29,15
19-01-2025,42,17,36,18,21,12
19-01-2025,49,32,21,16,47,15
22-01-2025,9,23,14,47,45,41
22-01-2025,36,25,16,43,22,18
24-01-2025,13,23,16,19,47,37
24-01-2025,37,17,15,34,39,8
26-01-2025,12,3,43,22,1,48
26-01-2025,25,4,47,34,13,20
29-01-2025,38,28,13,42,27,36
29-01-2025,21,46,48,31,28,42
31-01-2025,11,6,41,1,47,45
31-01-2025,34,9,32,3,17,4
02-02-2025,7,49,16,4,44,40
02-02-2025,43,2,39,45,16,48
05-02-2025,28,38,24,31,4,29
05-02-2025,47,48,22,23,24,37
07-02-2025,13,14,36,18,40,5
07-02-2025,11,38,25,41,18,13
09-02-2025,46,36,16,19,24,35
09-02-2025,38,24,47,28,8,12
12-02-2025,47,17,2,4,32,7
12-02-2025,32,20,27,18,13,4
14-02-2025,3,47,34,35,6,20
14-02-2025,3,42,6,22,45,4
16-02-2025,48,42,38,33,27,34
16-02-2025,4,16,18,45,38,20
19-02-2025,43,40,34,23,29,35
19-02-2025,18,41,20,47,42,30
21-02-2025,42,14,26,32,29,10
21-02-2025,17,27,3,4,25,35
23-02-2025,40,41,1,20,31,23
23-02-2025,29,46,23,21,41,3
26-02-2025,46,15,45,18,31,17
26-02-2025,19,28,37,14,40,21
28-02-2025,33,43,8,46,2,25
28-02-2025,44,41,23,18,22,6
02-03-2025,26,24,25,27,44,17
02-03-2025,34,32,43,41,25,35
05-03-2025,44,32,11,3,17,33
05-03-2025,39,49,41,31,33,23
07-03-2025,46,31,49,30,38,24
07-03-2025,26,34,36,46,3,20
09-03-2025,15,28,9,32,33,11
09-03-2025,36,25,5,20,35,1
12-03-2025,33,21,29,37,16,49
12-03-2025,7,26,38,12,39,48
14-03-2025,48,35,29,46,13,42
14-03-2025,33,31,34,44,29,21
16-03-2025,8,36,30,31,15,3
16-03-2025,23,43,46,4,42,41
19-03-2025,37,43,14,28,30,9
19-03-2025,1,39,43,5,27,35
21-03-2025,28,16,24,48,41,45
21-03-2025,34,33,7,38,35,21
23-03-2025,16,5,30,7,9,3
23-03-2025,37,21,3,34,35,4
26-03-2025,14,49,44,32,16,12
26-03-2025,13,11,14,30,41,17
28-03-2025,27,40,33,29,44,10
28-03-2025,27,18,14,2,15,13
30-03-2025,24,42,26,4,17,45
30-03-2025,3,38,39,45,29,5
02-04-2025,28,34,13,38,48,29
02-04-2025,18,4,26,44,34,42
04-04-2025,20,44,6,37,2,11
04-04-2025,38,49,9,35,37,42
06-04-2025,44,42,6,43,24,33
06-04-2025,43,39,28,15,34,3
09-04-2025,25,2,11,14,22,31
09-04-2025,1,42,13,48,5,23
11-04-2025,10,21,37,28,16,42
11-04-2025,1,34,47,27,9,31
13-04-2025,28,22,17,15,7,5
13-04-2025,27,24,44,20,5,37
16-04-2025,3,26,29,2,17,21
16-04-2025,28,33,37,7,1,49
18-04-2025,43,10,42,27,22,1
18-04-2025,26,18,22,1,19,23
20-04-2025,39,41,49,5,13,12
20-04-2025,5,25,23,47,14,22
23-04-2025,10,9,12,40,32,49
23-04-2025,3,30,16,44,22,49
25-04-2025,48,12,47,25,27,24
25-04-2025,4,3,39,24,8,30
27-04-2025,34,35,10,41,28,39
27-04-2025,44,49,4,33,24,1
30-04-2025,6,12,37,42,16,15
30-04-2025,41,15,22,37,36,8
02-05-2025,21,11,47,27,5,25
02-05-2025,30,4,17,34,19,41
04-05-2025,23,4,39,32,22,43
04-05-2025,44,48,46,15,43,33
07-05-2025,6,9,43,45,27,26
07-05-2025,21,45,33,4,1,42
09-05-2025,43,3,30,8,5,14
09-05-2025,26,6,40,47,39,32
11-05-2025,20,32,25,15,12,41
11-05-2025,41,1,10,4,14,43
14-05-2025,21,15,40,43,7,25
14-05-2025,8,47,4,45,13,35
16-05-2025,7,31,25,15,2,32
16-05-2025,32,26,48,39,27,10
18-05-2025,28,35,4,15,26,3
18-05-2025,29,41,20,3,9,46
21-05-2025,1,44,43,41,37,33
21-05-2025,12,15,38,22,13,39
23-05-2025,31,16,6,40,1,27
23-05-2025,23,41,14,35,13,40
25-05-2025,7,6,8,48,12,21
25-05-2025,9,17,6,12,47,25
28-05-2025,39,1,7,42,13,31
28-05-2025,48,16,23,13,46,15
30-05-2025,33,19,42,27,4,17
30-05-2025,20,29,21,24,48,22
01-06-2025,40,28,9,37,11,42
01-06-2025,41,36,2,33,28,25
04-06-2025,44,6,1,31,3,15
04-06-2025,39,33,18,12,16,28
06-06-2025,3,6,17,7,34,20
06-06-2025,15,21,10,33,29,24
08-06-2025,5,9,35,21,6,17
08-06-2025,41,34,21,8,3,20
11-06-2025,44,25,35,19,6,15
11-06-2025,37,31,3,26,21,34
13-06-2025,32,41,3,47,39,7
13-06-2025,22,39,42,26,4,48
15-06-2025,45,49,16,38,2,24
15-06-2025,12,7,38,14,44,21
18-06-2025,21,25,30,15,36,47
18-06-2025,34,40,42,7,30,14
20-06-2025,3,9,39,22,33,34
20-06-2025,34,9,39,43,21,11
22-06-2025,15,9,38,32,30,31
22-06-2025,14,11,9,31,43,36
25-06-2025,33,20,30,37,9,47
25-06-2025,10,23,22,25,6,39
27-06-2025,44,21,11,28,1,34
27-06-2025,24,23,44,9,12,13
29-06-2025,2,26,47,36,8,40
29-06-2025,43,41,36,17,34,7
02-07-2025,19,16,39,26,48,43
02-07-2025,31,24,13,48,4,20
04-07-2025,43,16,4,18,3,19
04-07-2025,45,7,22,36,5,15
06-07-2025,8,26,7,49,9,36
06-07-2025,16,34,36,40,41,1
09-07-2025,10,28,15,34,45,18
09-07-2025,22,11,28,37,14,15
11-07-2025,13,30,1,32,20,11
11-07-2025,38,31,39,15,46,47
13-07-2025,21,15,20,37,42,47
13-07-2025,45,6,46,38,43,42
16-07-2025,20,29,18,11,3,10
16-07-2025,28,4,42,43,1,49
18-07-2025,23,4,26,24,17,7
18-07-2025,23,25,16,30,18,7
20-07-2025,29,37,38,46,16,1
20-07-2025,30,42,5,35,32,16
23-07-2025,40,45,39,19,21,36
23-07-2025,26,34,24,12,9,33
25-07-2025,12,6,24,1,46,17
25-07-2025,2,11,42,27,46,3
27-07-2025,46,8,5,27,49,12
27-07-2025,18,15,21,39,47,19
30-07-2025,35,21,12,29,18,19
30-07-2025,20,36,16,14,40,15
01-08-2025,24,35,12,4,48,14
01-08-2025,24,32,47,49,19,4
03-08-2025,3,41,36,29,4,18
03-08-2025,46,37,19,38,8,17
06-08-2025,28,8,21,14,24,40
06-08-2025,3,10,40,9,14,35
08-08-2025,17,43,23,3,49,42
08-08-2025,6,32,3,13,12,9
10-08-2025,49,15,45,2,35,23
10-08-2025,13,37,4,29,38,31
13-08-2025,6,3,27,11,20,19
13-08-2025,8,1,24,28,19,4
15-08-2025,44,6,48,16,27,18
15-08-2025,49,14,13,46,4,16
17-08-2025,2,7,34,36,32,13
17-08-2025,15,34,40,5,13,8
20-08-2025,7,12,3,4,6,45
20-08-2025,19,45,36,44,22,29
22-08-2025,27,14,42,17,11,2
22-08-2025,1,35,18,11,32,28
24-08-2025,5,21,28,39,38,27
24-08-2025,42,29,21,43,20,5
27-08-2025,33,35,13,42,1,43
27-08-2025,34,48,15,25,32,39
29-08-2025,31,6,25,18,9,3
29-08-2025,47,11,10,16,27,6
31-08-2025,9,33,34,28,13,20
31-08-2025,43,35,28,37,27,34
03-09-2025,48,23,6,10,36,46
03-09-2025,21,2,38,17,40,23
05-09-2025,2,36,9,12,1,45
05-09-2025,2,30,47,32,28,44
07-09-2025,32,23,6,21,38,36
07-09-2025,27,14,3,48,26,4
10-09-2025,17,46,18,20,14,1
10-09-2025,33,11,8,42,32,29
12-09-2025,29,15,37,6,2,24
12-09-2025,17,37,36,34,12,7
14-09-2025,37,44,1,47,21,23
14-09-2025,7,44,36,43,16,37
17-09-2025,41,44,49,46,26,17
17-09-2025,10,13,14,18,47,38
19-09-2025,49,4,22,18,23,25
19-09-2025,30,39,29,4,44,12
21-09-2025,41,12,29,13,31,46
21-09-2025,20,15,44,47,26,24
24-09-2025,26,25,35,44,1,13
24-09-2025,38,47,34,44,29,19
26-09-2025,18,48,37,46,3,15
26-09-2025,38,10,30,27,36,4
28-09-2025,12,24,7,40,21,44
28-09-2025,31,3,16,44,43,30
01-10-2025,39,23,11,36,16,18
01-10-2025,5,6,23,43,1,21
03-10-2025,6,49,41,16,17,43
03-10-2025,1,11,19,30,23,14
05-10-2025,15,48,5,6,31,11
05-10-2025,43,32,1,10,19,18
08-10-2025,38,35,8,9,46,37
08-10-2025,6,8,34,41,21,24
10-10-2025,20,5,27,35,15,13
10-10-2025,37,41,28,30,9,24
12-10-2025,11,16,5,20,46,39
12-10-2025,39,26,24,41,11,42
15-10-2025,38,34,17,41,49,45
15-10-2025,6,19,42,43,23,31
17-10-2025,5,4,41,33,48,44
17-10-2025,38,22,40,14,1,42
19-10-2025,36,9,39,19,17,32
19-10-2025,48,47,38,36,42,33
22-10-2025,11,40,31,16,13,25
22-10-2025,49,2,14,17,30,40
24-10-2025,28,14,17,18,33,31
24-10-2025,25,16,18,5,3,49
26-10-2025,37,30,11,9,4,8
26-10-2025,34,24,26,36,9,14
29-10-2025,3,25,9,45,8,46
29-10-2025,29,9,23,25,26,42
31-10-2025,24,36,48,18,4,46
31-10-2025,34,43,47,29,3,38
02-11-2025,21,43,33,38,44,8
02-11-2025,9,25,3,1,30,34
05-11-2025,16,17,19,18,20,14
05-11-2025,48,19,14,35,2,32
07-11-2025,11,33,34,41,12,17
07-11-2025,21,27,38,40,41,16
09-11-2025,35,19,47,29,45,43
09-11-2025,49,43,39,17,10,5
12-11-2025,28,31,35,22,47,8
12-11-2025,11,3,37,2,46,42
14-11-2025,35,47,32,12,5,44
14-11-2025,37,32,49,4,31,13
16-11-2025,15,25,45,41,7,22
16-11-2025,21,48,6,27,30,39
19-11-2025,19,43,38,29,46,35
19-11-2025,6,38,8,36,10,2
21-11-2025,46,17,4,19,39,29
21-11-2025,49,32,13,29,11,26
23-11-2025,38,4,43,15,30,33
23-11-2025,46,27,9,30,21,25
26-11-2025,14,23,19,39,38,6
26-11-2025,21,31,49,34,13,37
28-11-2025,18,23,42,5,22,47
28-11-2025,9,37,6,34,23,30
30-11-2025,44,28,14,41,24,6
30-11-2025,12,15,30,23,8,44
03-12-2025,30,41,28,26,14,3
03-12-2025,38,22,15,33,27,20
05-12-2025,7,23,44,41,37,3
05-12-2025,3,49,28,48,1,32
07-12-2025,12,39,20,46,45,30
07-12-2025,14,32,36,28,39,38
10-12-2025,33,6,34,29,20,31
10-12-2025,10,42,17,23,13,44
12-12-2025,3,48,26,4,14,1
12-12-2025,16,18,7,12,10,3
14-12-2025,45,18,33,2,16,34
14-12-2025,15,28,6,19,40,21
17-12-2025,43,12,36,8,15,49
17-12-2025,14,41,40,12,13,8
19-12-2025,18,44,10,21,28,8
19-12-2025,20,1,38,28,24,14
21-12-2025,7,36,45,44,17,26
21-12-2025,31,35,26,16,13,28
24-12-2025,21,40,17,7,28,16
24-12-2025,27,28,26,31,12,40
26-12-2025,4,21,3,17,34,29
26-12-2025,16,39,10,13,36,3
28-12-2025,5,30,2,1,13,48
28-12-2025,43,1,27,20,36,2
31-12-2025,17,26,3,44,7,13
31-12-2025,47,17,8,5,44,28
02-01-2026,41,2,31,25,8,5
02-01-2026,32,21,18,24,38,12
04-01-2026,8,35,31,33,28,11
04-01-2026,25,24,12,6,22,26
07-01-2026,47,10,14,45,31,33
07-01-2026,48,19,11,20,15,10
09-01-2026,48,20,14,41,45,27
09-01-2026,20,16,27,13,30,18
11-01-2026,29,16,39,40,18,4
11-01-2026,18,31,42,34,36,22
14-01-2026,14,27,13,49,3,16
14-01-2026,20,17,44,12,31,23
16-01-2026,42,38,37,35,43,36
16-01-2026,36,22,20,4,12,19
18-01-2026,46,25,4,37,11,18
18-01-2026,39,28,44,27,19,31
21-01-2026,18,5,49,7,12,27
21-01-2026,49,48,46,12,25,13
23-01-2026,31,32,10,44,41,40
23-01-2026,41,14,6,33,34,15
25-01-2026,27,28,1,31,19,8
25-01-2026,5,18,47,41,6,29
28-01-2026,11,26,12,14,36,24
28-01-2026,20,38,32,26,27,41
30-01-2026,13,12,7,42,14,2
30-01-2026,20,4,44,27,24,36
01-02-2026,34,37,29,18,11,20
01-02-2026,20,3,1,6,11,47
04-02-2026,21,42,14,10,13,49
04-02-2026,11,32,46,21,5,33
06-02-2026,10,19,46,4,38,40
06-02-2026,36,47,19,34,18,42
08-02-2026,41,20,49,48,5,1
08-02-2026,27,4,41,7,34,9
11-02-2026,42,48,36,41,40,12
11-02-2026,44,20,18,35,14,31
13-02-2026,29,15,39,2,41,6
13-02-2026,27,42,24,40,28,15
15-02-2026,27,1,15,22,21,11
15-02-2026,25,16,47,19,38,42
18-02-2026,42,19,24,6,27,11
18-02-2026,30,8,46,27,33,7
20-02-2026,38,28,35,45,9,11
20-02-2026,23,27,4,15,49,20
22-02-2026,13,37,12,47,41,19
22-02-2026,4,3,37,30,23,48
25-02-2026,2,8,45,18,11,48
25-02-2026,23,42,18,24,29,45
27-02-2026,1,8,15,28,34,49
27-02-2026,18,45,35,19,37,30
01-03-2026,29,7,2,22,43,44
01-03-2026,22,24,2,41,4,20
04-03-2026,45,14,11,36,15,21
04-03-2026,46,18,8,22,5,12
06-03-2026,17,1,42,23,33,45
06-03-2026,29,5,27,17,20,12
08-03-2026,3,45,6,34,46,25
08-03-2026,13,4,15,19,6,41
11-03-2026,47,17,49,44,5,1
11-03-2026,38,29,30,11,49,33
13-03-2026,1,40,32,49,30,42
13-03-2026,34,49,32,16,26,2
15-03-2026,25,12,33,19,20,18
15-03-2026,15,42,21,3,31,2
18-03-2026,47,34,16,29,24,8
18-03-2026,9,13,27,15,7,8
20-03-2026,6,35,31,45,14,11
20-03-2026,13,34,26,7,33,49
22-03-2026,13,12,25,22,21,46
22-03-2026,19,33,30,2,38,34
25-03-2026,24,28,6,11,25,18
25-03-2026,28,15,36,27,46,16
27-03-2026,27,7,19,14,38,40
27-03-2026,19,3,20,11,18,15
29-03-2026,47,43,37,13,44,28
29-03-2026,1,45,33,41,9,20
01-04-2026,49,22,34,46,5,27
01-04-2026,8,18,22,40,47,25
03-04-2026,18,8,10,12,6,27
03-04-2026,3,6,31,16,43,11
05-04-2026,17,16,36,38,6,33
05-04-2026,23,9,5,25,44,31
08-04-2026,15,10,30,4,39,32
08-04-2026,44,48,20,35,9,49
10-04-2026,24,43,5,19,16,4
10-04-2026,34,25,1,4,14,43
12-04-2026,18,12,15,34,48,39
12-04-2026,15,33,39,42,22,14
15-04-2026,30,27,43,5,29,21
15-04-2026,40,30,23,38,26,32
17-04-2026,34,6,30,38,4,22
17-04-2026,30,13,7,41,47,4
19-04-2026,15,18,11,45,38,7
19-04-2026,37,19,9,28,31,48
22-04-2026,42,9,30,20,21,26
22-04-2026,16,28,9,42,12,20
24-04-2026,9,26,11,14,28,27
24-04-2026,11,27,22,13,34,48
26-04-2026,39,29,5,21,11,45
26-04-2026,21,40,18,5,41,20
29-04-2026,43,42,5,8,21,48
29-04-2026,42,15,48,11,2,47
01-05-2026,3,17,31,14,37,38
01-05-2026,11,19,35,27,10,41
03-05-2026,26,3,40,46,33,11
03-05-2026,33,43,4,29,38,40
06-05-2026,3,35,49,7,26,20
06-05-2026,11,46,21,22,34,29
08-05-2026,42,31,1,32,18,38
08-05-2026,42,23,18,5,20,17
10-05-2026,46,6,40,28,18,29
10-05-2026,38,46,19,11,24,36
13-05-2026,30,42,31,48,41,44
13-05-2026,42,44,24,31,25,14
15-05-2026,41,29,3,19,49,32
15-05-2026,49,7,13,32,8,30
17-05-2026,9,45,41,46,39,2
17-05-2026,17,22,36,38,20,44
20-05-2026,1,16,15,48,7,28
20-05-2026,15,6,49,44,11,35
22-05-2026,19,28,38,9,20,31
22-05-2026,48,19,8,17,33,13
24-05-2026,16,28,41,38,20,27
24-05-2026,46,35,1,29,12,39
27-05-2026,19,34,29,44,35,4
27-05-2026,36,18,12,15,32,44
29-05-2026,47,25,4,7,48,39
29-05-2026,4,22,36,34,23,8
31-05-2026,34,35,47,39,12,31
31-05-2026,43,30,16,8,6,28
03-06-2026,6,48,49,31,14,1
03-06-2026,48,9,26,17,30,36
05-06-2026,19,10,45,31,21,37
05-06-2026,39,47,42,21,8,7
07-06-2026,9,43,5,30,42,29
07-06-2026,45,3,37,9,5,44
10-06-2026,6,34,46,44,27,21
10-06-2026,12,25,13,24,10,16
12-06-2026,25,13,26,11,45,14
12-06-2026,40,3,25,18,4,49
14-06-2026,8,37,47,20,9,28
14-06-2026,47,35,23,14,18,36
17-06-2026,37,9,32,23,1,16
17-06-2026,9,22,11,15,7,21
19-06-2026,23,7,14,46,3,34
19-06-2026,3,4,35,8,38,39
21-06-2026,6,20,44,23,45,24
21-06-2026,48,31,49,6,43,38
24-06-2026,32,16,47,39,21,4
24-06-2026,13,36,24,34,9,47
26-06-2026,40,5,13,22,24,38
26-06-2026,16,29,34,47,17,40
28-06-2026,27,13,3,42,26,14
28-06-2026,43,21,40,36,15,19
01-07-2026,6,1,4,25,49,27
01-07-2026,41,33,28,47,25,44
03-07-2026,37,11,18,32,47,10
03-07-2026,33,1,32,47,42,20
05-07-2026,28,15,1,36,35,26
05-07-2026,22,41,30,13,16,1
08-07-2026,37,27,13,19,23,24
08-07-2026,19,8,28,43,29,38
10-07-2026,32,31,24,34,48,26
10-07-2026,24,25,40,3,22,44
12-07-2026,42,41,24,17,3,48
12-07-2026,11,42,45,17,40,39
15-07-2026,6,34,48,9,17,1
15-07-2026,12,42,16,37,27,14
17-07-2026,36,35,9,8,14,12
17-07-2026,18,3,23,11,38,39
19-07-2026,10,28,40,11,34,37
19-07-2026,47,42,1,12,32,17
22-07-2026,10,9,8,40,41,39
22-07-2026,3,21,20,22,35,9
24-07-2026,18,24,49,12,17,27
24-07-2026,3,18,45,48,49,32
26-07-2026,11,45,49,40,9,8
26-07-2026,22,37,12,1,25,39
29-07-2026,20,31,29,9,47,23
29-07-2026,5,16,36,46,13,43
31-07-2026,18,16,22,49,25,43
31-07-2026,31,41,32,49,19,13
02-08-2026,38,3,7,19,27,32
02-08-2026,36,23,42,41,12,19
05-08-2026,19,48,23,3,8,2
05-08-2026,49,18,9,15,31,6
07-08-2026,41,44,46,4,29,2
07-08-2026,20,33,9,42,1,36
09-08-2026,14,48,43,23,20,13
09-08-2026,29,5,46,45,48,31
12-08-2026,29,40,15,13,12,33
12-08-2026,4,46,41,5,25,1
14-08-2026,11,5,18,32,25,36
14-08-2026,22,18,11,1,5,10
16-08-2026,17,18,33,23,30,9
16-08-2026,15,4,40,48,41,8
19-08-2026,43,42,49,10,19,29
19-08-2026,17,5,34,15,45,29
21-08-2026,23,33,7,24,16,43
21-08-2026,3,13,30,40,43,23
23-08-2026,44,15,6,28,19,25
23-08-2026,2,33,35,23,12,29
26-08-2026,23,48,13,27,6,21
26-08-2026,38,32,36,42,24,28
28-08-2026,11,27,42,8,35,47
28-08-2026,14,30,38,39,16,48
30-08-2026,36,21,31,20,32,5
30-08-2026,20,4,2,29,28,34
02-09-2026,21,5,37,18,34,19
02-09-2026,40,15,34,32,24,22
04-09-2026,48,28,39,18,1,40
04-09-2026,27,29,33,8,16,5
06-09-2026,35,28,15,13,37,11
06-09-2026,3,43,4,19,21,44
09-09-2026,43,10,21,38,27,46
09-09-2026,27,28,31,18,42,39
11-09-2026,41,9,30,49,17,22
11-09-2026,23,33,19,7,5,36
13-09-2026,29,18,44,8,35,12
13-09-2026,33,32,35,1,25,42
16-09-2026,45,4,12,13,24,15
16-09-2026,20,8,2,1,30,43
18-09-2026,22,35,28,39,15,12
18-09-2026,24,39,37,45,1,40
20-09-2026,15,22,10,4,20,42
20-09-2026,48,4,9,13,47,25
23-09-2026,20,33,1,29,30,49
23-09-2026,24,20,28,31,9,48
25-09-2026,16,11,42,26,15,19
25-09-2026,44,13,45,22,18,23
27-09-2026,33,31,1,47,45,6
27-09-2026,2,12,21,17,22,9
30-09-2026,20,36,25,45,10,49
30-09-2026,27,34,30,20,18,12
