date,n1,n2,n3,n4,n5,n6
09-10-1955,13,41,3,23,12,16
16-10-1955,12,32,30,49,3,18
23-10-1955,34,12,14,24,36,23
30-10-1955,30,13,36,44,23,4
06-11-1955,31,44,6,49,5,39
13-11-1955,29,44,6,37,22,18
20-11-1955,27,44,8,16,12,4
27-11-1955,26,37,9,44,46,24
04-12-1955,47,20,31,26,21,5
11-12-1955,10,26,37,8,31,22
18-12-1955,26,8,42,39,36,14
25-12-1955,34,38,42,39,9,5
01-01-1956,38,22,46,4,27,36
08-01-1956,37,6,41,22,21,42
15-01-1956,29,1,19,9,49,16
22-01-1956,23,40,35,12,17,27
29-01-1956,18,5,22,6,38,43
05-02-1956,26,42,43,12,35,36
12-02-1956,14,1,23,27,33,30
19-02-1956,26,35,38,20,42,8
26-02-1956,30,42,1,48,32,45
04-03-1956,41,6,4,47,17,19
11-03-1956,6,28,9,26,20,22
18-03-1956,26,10,3,49,24,38
25-03-1956,42,16,18,3,37,19
02-04-1956,25,10,32,7,43,22
08-04-1956,32,39,19,25,2,30
15-04-1956,46,32,14,31,12,1
22-04-1956,19,33,21,10,24,35
29-04-1956,18,4,40,36,47,34
06-05-1956,45,39,41,49,3,1
13-05-1956,43,31,39,32,4,34
21-05-1956,22,12,37,31,6,42
27-05-1956,36,33,38,43,35,5
03-06-1956,36,34,35,11,33,17
10-06-1956,23,40,14,46,10,16
17-06-1956,25,41,5,46,38,19
24-06-1956,37,18,43,32,14,16
01-07-1956,44,13,35,21,25,5
08-07-1956,47,3,43,20,48,42
15-07-1956,48,12,19,17,34,23
22-07-1956,38,48,5,10,18,8
29-07-1956,27,35,9,17,23,10
05-08-1956,40,9,23,25,31,46
12-08-1956,10,31,4,11,26,47
19-08-1956,5,34,33,14,6,40
26-08-1956,36,3,16,29,25,11
02-09-1956,49,48,40,31,26,14
09-09-1956,42,47,15,28,27,22
16-09-1956,42,23,17,8,4,18
23-09-1956,31,9,5,22,21,6
30-09-1956,9,10,39,36,27,24
07-10-1956,33,44,29,36,9,6
14-10-1956,32,10,11,25,12,42
21-10-1956,41,22,1,2,48,36
28-10-1956,17,5,49,39,29,47
04-11-1956,38,7,16,19,39,33
11-11-1956,29,36,7,34,49,14
18-11-1956,37,40,39,28,16,14
25-11-1956,16,36,44,25,6,9
02-12-1956,15,9,47,10,27,21
09-12-1956,32,11,13,7,43,6
16-12-1956,17,20,23,15,31,35
23-12-1956,49,45,13,47,1,5
06-01-1957,23,31,17,11,26,38
13-01-1957,20,4,16,19,17,15
20-01-1957,6,47,7,33,3,12
27-01-1957,2,39,6,9,28,49
03-02-1957,12,6,39,30,43,34
10-02-1957,31,49,18,9,17,19
17-02-1957,1,31,42,35,9,15
24-02-1957,15,16,28,43,23,2
03-03-1957,36,9,34,4,11,45
10-03-1957,2,36,45,7,35,18
17-03-1957,3,14,35,24,44,32
24-03-1957,18,48,22,45,31,14
31-03-1957,47,20,30,44,27,26
07-04-1957,2,40,31,14,48,18
14-04-1957,39,18,6,28,44,15
22-04-1957,35,44,11,39,27,45
28-04-1957,18,43,23,37,20,33
05-05-1957,31,41,4,2,27,22
12-05-1957,15,21,31,17,24,40
19-05-1957,28,16,44,30,20,29
26-05-1957,24,35,3,45,40,1
02-06-1957,4,32,37,14,3,29
10-06-1957,7,47,1,32,8,35
16-06-1957,21,38,14,44,34,30
23-06-1957,10,12,19,4,25,8
30-06-1957,23,31,15,36,37,46
07-07-1957,26,11,5,22,6,14
14-07-1957,41,44,40,34,28,30
21-07-1957,42,1,2,23,44,3
28-07-1957,9,25,34,20,1,27
04-08-1957,48,17,42,8,43,6
11-08-1957,13,39,29,33,36,26
18-08-1957,3,40,48,8,41,14
25-08-1957,36,31,24,30,42,38
01-09-1957,27,47,7,40,2,4
08-09-1957,27,38,21,12,20,40
15-09-1957,24,37,19,28,34,12
22-09-1957,25,10,33,9,35,7
29-09-1957,21,22,13,26,42,20
06-10-1957,9,26,25,31,11,6
13-10-1957,49,1,14,41,29,30
20-10-1957,35,36,24,2,27,42
27-10-1957,22,4,18,9,23,2
03-11-1957,49,26,46,45,3,11
10-11-1957,24,45,46,16,30,20
17-11-1957,20,24,49,34,8,22
24-11-1957,23,25,3,26,1,14
01-12-1957,46,36,9,27,26,11
08-12-1957,45,26,3,32,47,43
15-12-1957,27,11,22,7,39,18
22-12-1957,33,22,28,23,4,7
29-12-1957,46,14,34,45,47,36
05-01-1958,36,15,21,44,10,6
12-01-1958,19,36,9,37,23,22
19-01-1958,30,32,12,34,14,3
26-01-1958,7,4,23,41,6,27
02-02-1958,34,46,4,48,38,39
09-02-1958,30,45,40,43,25,37
16-02-1958,36,37,8,45,15,21
23-02-1958,19,2,26,3,17,12
02-03-1958,24,9,11,27,48,21
09-03-1958,11,20,49,5,10,36
16-03-1958,18,6,2,8,17,35
23-03-1958,39,20,27,5,22,43
30-03-1958,30,38,46,28,22,34
07-04-1958,44,36,29,49,24,23
13-04-1958,16,10,29,13,28,47
20-04-1958,27,25,5,3,22,49
27-04-1958,1,21,38,30,25,9
04-05-1958,31,10,48,32,38,15
11-05-1958,2,7,32,36,25,38
18-05-1958,49,26,18,34,41,21
25-05-1958,37,29,3,8,38,6
01-06-1958,25,33,24,43,30,31
08-06-1958,34,8,32,46,48,9
15-06-1958,46,13,33,30,32,24
22-06-1958,17,24,26,32,30,37
29-06-1958,9,8,36,27,10,15
06-07-1958,28,33,6,31,46,39
13-07-1958,19,18,17,36,21,49
20-07-1958,4,29,44,3,49,30
27-07-1958,42,48,41,47,17,35
03-08-1958,46,48,24,10,14,18
10-08-1958,14,9,22,36,26,34
17-08-1958,1,39,20,17,29,10
24-08-1958,18,28,35,45,42,37
31-08-1958,45,19,21,14,31,32
07-09-1958,47,13,21,37,45,44
14-09-1958,33,35,40,1,5,9
21-09-1958,20,32,14,13,7,1
28-09-1958,46,39,27,9,35,22
05-10-1958,4,38,8,2,30,44
12-10-1958,33,16,25,19,6,20
19-10-1958,46,4,6,49,48,45
26-10-1958,33,30,6,34,21,36
02-11-1958,47,8,13,7,29,49
09-11-1958,46,11,18,44,8,12
16-11-1958,22,21,45,11,47,25
23-11-1958,22,18,19,49,4,25
30-11-1958,11,44,46,49,19,18
07-12-1958,28,13,1,17,27,4
14-12-1958,11,48,31,9,26,13
21-12-1958,6,45,15,17,40,9
28-12-1958,44,41,12,14,49,19
04-01-1959,41,46,2,13,34,27
11-01-1959,46,45,44,28,7,18
18-01-1959,2,43,4,6,41,40
25-01-1959,28,41,47,44,27,5
01-02-1959,25,26,33,1,41,6
08-02-1959,13,25,33,6,11,15
15-02-1959,11,25,6,33,29,8
22-02-1959,18,49,29,44,47,5
01-03-1959,33,18,46,21,37,2
08-03-1959,11,16,10,1,36,39
15-03-1959,14,29,37,40,48,21
22-03-1959,49,26,19,34,5,43
29-03-1959,49,16,35,10,7,23
05-04-1959,23,19,35,18,2,39
12-04-1959,2,42,39,48,33,28
19-04-1959,16,28,20,4,46,22
26-04-1959,21,40,1,14,8,15
03-05-1959,30,31,35,46,7,5
10-05-1959,44,43,42,14,22,19
17-05-1959,49,7,27,41,46,1
24-05-1959,28,19,41,4,1,5
31-05-1959,8,25,22,49,44,17
07-06-1959,10,42,44,23,21,11
14-06-1959,30,19,41,28,32,17
21-06-1959,42,10,24,28,23,35
28-06-1959,34,42,3,4,43,21
05-07-1959,2,36,49,44,18,9
12-07-1959,35,25,31,23,46,29
19-07-1959,9,46,2,26,40,13
26-07-1959,31,30,14,48,34,38
02-08-1959,24,6,48,45,37,14
09-08-1959,26,9,35,36,33,11
16-08-1959,31,16,13,28,15,9
23-08-1959,2,13,19,42,41,31
30-08-1959,36,33,14,16,35,11
06-09-1959,8,3,29,9,18,26
13-09-1959,15,16,44,1,9,23
20-09-1959,48,45,26,46,11,31
27-09-1959,1,9,30,24,22,32
04-10-1959,15,21,19,16,29,17
11-10-1959,39,34,6,5,17,31
18-10-1959,19,11,45,40,2,38
25-10-1959,39,26,19,18,6,29
01-11-1959,12,18,33,29,25,37
08-11-1959,20,31,38,19,36,45
15-11-1959,29,23,35,3,7,37
22-11-1959,15,23,43,38,47,4
29-11-1959,4,34,3,5,14,49
06-12-1959,2,20,1,37,21,29
13-12-1959,5,43,14,32,45,20
20-12-1959,40,20,42,25,27,22
27-12-1959,31,47,48,25,8,17
03-01-1960,9,42,48,40,43,39
10-01-1960,33,41,28,22,27,36
17-01-1960,14,24,49,33,15,7
24-01-1960,45,42,22,43,37,48
31-01-1960,30,41,49,29,4,40
07-02-1960,48,13,20,41,33,8
14-02-1960,10,12,28,45,26,22
21-02-1960,12,45,1,26,25,14
28-02-1960,12,13,4,3,24,20
06-03-1960,34,44,25,48,6,2
13-03-1960,28,19,46,41,32,43
20-03-1960,26,48,47,33,43,45
27-03-1960,4,32,42,22,19,5
03-04-1960,47,10,25,9,30,22
10-04-1960,7,47,43,39,15,3
18-04-1960,17,36,48,39,44,3
24-04-1960,17,42,40,4,25,33
01-05-1960,45,35,12,14,22,39
08-05-1960,28,9,3,33,41,32
15-05-1960,41,36,14,22,46,7
22-05-1960,28,6,36,8,14,32
29-05-1960,26,32,28,39,29,2
06-06-1960,32,44,31,24,40,48
12-06-1960,10,24,34,27,15,31
19-06-1960,24,41,14,19,31,40
26-06-1960,8,39,27,10,49,13
03-07-1960,23,4,49,34,21,17
10-07-1960,16,43,23,35,21,15
17-07-1960,22,29,30,49,12,20
24-07-1960,22,29,13,44,4,23
31-07-1960,32,18,38,5,25,33
07-08-1960,43,34,27,13,48,35
14-08-1960,14,4,38,25,30,7
21-08-1960,11,43,6,19,10,12
28-08-1960,31,39,37,28,12,24
04-09-1960,45,48,46,11,22,27
11-09-1960,46,41,23,25,32,42
18-09-1960,19,22,3,29,25,45
25-09-1960,17,48,33,18,7,8
02-10-1960,4,16,12,31,19,3
09-10-1960,38,24,20,12,30,45
16-10-1960,25,22,29,5,14,38
23-10-1960,5,48,29,31,6,18
30-10-1960,8,47,35,24,41,49
06-11-1960,19,9,10,3,18,24
13-11-1960,30,15,47,41,20,4
20-11-1960,36,13,33,19,14,42
27-11-1960,27,14,1,47,20,46
04-12-1960,22,18,5,13,4,3
11-12-1960,34,12,23,24,32,26
18-12-1960,46,5,47,45,1,8
26-12-1960,42,40,8,36,47,20
01-01-1961,15,8,27,49,11,42
08-01-1961,20,10,30,13,39,38
15-01-1961,10,35,14,16,37,23
22-01-1961,15,47,6,4,49,38
29-01-1961,18,45,10,6,47,37
05-02-1961,15,16,18,25,37,43
12-02-1961,41,38,5,32,16,42
19-02-1961,5,15,13,49,44,36
26-02-1961,26,13,6,36,35,18
05-03-1961,1,25,9,28,2,8
12-03-1961,24,28,21,13,26,8
19-03-1961,48,41,34,32,2,40
26-03-1961,6,7,40,9,15,12
03-04-1961,32,38,9,40,6,33
09-04-1961,20,3,31,17,26,21
16-04-1961,4,23,28,27,38,29
23-04-1961,30,38,17,16,15,40
30-04-1961,1,19,23,40,46,8
07-05-1961,27,39,18,22,3,34
14-05-1961,7,5,22,43,18,21
22-05-1961,7,21,9,45,35,31
28-05-1961,45,24,14,48,43,41
04-06-1961,15,1,41,36,2,11
11-06-1961,47,39,5,25,29,2
18-06-1961,47,5,34,9,22,21
25-06-1961,23,29,36,40,28,14
02-07-1961,37,42,1,25,29,17
09-07-1961,1,11,26,33,25,18
16-07-1961,2,48,42,1,32,19
23-07-1961,5,28,3,43,42,15
30-07-1961,12,49,35,2,41,47
06-08-1961,28,15,12,32,25,43
13-08-1961,9,31,12,23,28,38
20-08-1961,25,48,33,34,31,9
27-08-1961,18,17,44,15,11,33
03-09-1961,20,32,15,35,10,2
10-09-1961,13,15,29,16,5,11
17-09-1961,20,1,10,49,27,37
24-09-1961,7,13,10,16,5,18
01-10-1961,33,4,29,14,23,36
08-10-1961,1,33,48,4,35,31
15-10-1961,44,17,7,14,19,12
22-10-1961,31,25,48,45,40,47
29-10-1961,22,35,4,40,16,33
05-11-1961,9,33,5,6,44,41
12-11-1961,33,11,18,49,12,27
19-11-1961,44,8,13,14,30,32
26-11-1961,40,20,39,2,37,1
03-12-1961,27,17,7,16,25,8
10-12-1961,23,5,29,10,47,39
17-12-1961,5,32,21,49,13,25
26-12-1961,36,4,31,22,42,32
31-12-1961,9,2,1,27,24,26
07-01-1962,1,33,35,20,11,37
14-01-1962,12,22,9,19,26,27
21-01-1962,33,45,37,5,47,3
28-01-1962,37,20,41,5,49,48
04-02-1962,17,44,33,7,25,26
11-02-1962,29,23,40,18,27,9
18-02-1962,39,31,33,28,42,14
25-02-1962,32,11,36,38,9,29
04-03-1962,2,45,48,17,25,19
11-03-1962,21,33,43,4,19,45
18-03-1962,16,22,1,21,12,14
25-03-1962,27,44,24,38,25,45
01-04-1962,35,28,32,10,26,12
08-04-1962,10,32,27,25,9,4
15-04-1962,44,39,37,46,24,4
23-04-1962,42,39,36,7,29,35
29-04-1962,48,45,21,27,34,49
06-05-1962,17,28,13,44,47,12
13-05-1962,40,34,3,4,10,47
20-05-1962,27,32,1,19,26,48
27-05-1962,27,2,3,35,25,11
03-06-1962,33,15,31,19,25,22
11-06-1962,36,23,38,13,29,19
17-06-1962,23,13,34,25,2,27
24-06-1962,18,10,30,6,48,15
01-07-1962,17,10,32,33,14,36
08-07-1962,15,16,10,46,24,13
15-07-1962,9,13,28,47,35,46
22-07-1962,40,2,11,38,12,6
29-07-1962,4,44,26,1,48,14
05-08-1962,47,35,6,39,45,33
12-08-1962,19,48,43,3,17,8
19-08-1962,44,11,10,41,23,30
26-08-1962,48,26,32,6,35,18
02-09-1962,7,23,44,8,12,39
09-09-1962,47,14,28,8,9,37
16-09-1962,15,5,21,39,36,22
23-09-1962,40,14,34,22,38,48
30-09-1962,7,13,16,6,36,48
07-10-1962,32,2,30,38,25,49
14-10-1962,15,7,9,25,6,20
21-10-1962,1,11,41,27,2,46
28-10-1962,24,16,47,49,10,25
04-11-1962,18,31,19,26,41,14
11-11-1962,6,9,46,22,41,10
18-11-1962,4,1,35,19,11,43
25-11-1962,28,48,44,18,49,22
02-12-1962,29,15,17,42,32,16
09-12-1962,47,46,3,21,37,42
16-12-1962,6,7,15,42,33,47
23-12-1962,27,32,48,20,37,43
30-12-1962,24,37,1,21,23,15
06-01-1963,4,16,6,20,23,30
13-01-1963,14,25,26,38,1,41
20-01-1963,13,4,46,19,43,33
27-01-1963,48,11,46,14,37,30
03-02-1963,16,31,27,36,18,15
10-02-1963,11,26,13,25,30,10
17-02-1963,43,35,42,44,46,9
24-02-1963,13,41,17,45,15,11
03-03-1963,39,11,9,22,26,35
10-03-1963,41,27,19,26,47,8
17-03-1963,11,39,21,12,41,44
24-03-1963,10,25,48,49,45,18
31-03-1963,27,29,25,10,18,1
07-04-1963,23,38,6,1,44,2
15-04-1963,45,32,25,40,18,5
21-04-1963,2,20,31,37,27,49
28-04-1963,28,46,36,34,43,48
05-05-1963,11,7,17,36,26,19
12-05-1963,20,27,35,30,6,3
19-05-1963,5,21,4,10,34,11
26-05-1963,31,28,46,34,42,37
03-06-1963,44,12,38,6,20,49
09-06-1963,27,11,15,31,39,30
16-06-1963,35,23,38,5,19,22
23-06-1963,43,7,47,24,35,36
30-06-1963,40,46,19,3,17,29
07-07-1963,6,48,22,12,31,49
14-07-1963,30,23,38,1,37,24
21-07-1963,24,7,19,32,31,12
28-07-1963,8,4,44,30,28,40
04-08-1963,38,48,30,23,31,17
11-08-1963,19,2,20,37,8,23
18-08-1963,45,37,6,36,11,9
25-08-1963,4,24,26,8,22,38
01-09-1963,26,7,30,40,38,34
08-09-1963,26,23,30,34,44,48
15-09-1963,28,19,14,44,21,46
22-09-1963,14,17,29,45,23,11
29-09-1963,2,3,29,46,11,37
06-10-1963,39,28,40,7,1,11
13-10-1963,32,19,34,18,43,35
20-10-1963,3,32,12,30,4,26
27-10-1963,3,21,10,26,43,11
03-11-1963,34,23,17,5,33,38
10-11-1963,4,14,38,18,25,31
17-11-1963,28,13,40,24,31,32
24-11-1963,10,30,17,36,40,7
01-12-1963,15,27,32,14,45,37
08-12-1963,20,33,22,7,37,24
15-12-1963,9,31,1,36,7,19
22-12-1963,2,29,16,37,12,21
29-12-1963,5,6,36,16,9,29
05-01-1964,34,42,38,16,40,43
12-01-1964,8,42,38,21,1,28
19-01-1964,28,32,48,6,47,34
26-01-1964,30,7,36,14,17,43
02-02-1964,26,11,46,2,3,21
09-02-1964,29,10,25,18,7,32
16-02-1964,28,22,47,21,7,39
23-02-1964,21,16,47,32,26,2
01-03-1964,23,37,44,3,35,15
08-03-1964,26,32,1,16,41,35
15-03-1964,10,31,43,16,25,17
22-03-1964,2,13,10,39,24,9
30-03-1964,36,25,41,22,18,47
05-04-1964,1,30,42,23,24,28
12-04-1964,25,32,48,15,13,42
19-04-1964,37,21,10,39,41,23
26-04-1964,38,46,28,19,40,39
03-05-1964,49,4,43,5,9,47
10-05-1964,32,48,34,19,11,12
18-05-1964,5,35,42,33,48,9
24-05-1964,6,34,31,43,11,13
31-05-1964,49,38,21,22,45,1
07-06-1964,45,32,5,9,37,4
14-06-1964,22,39,1,29,23,49
21-06-1964,27,14,33,37,39,48
28-06-1964,37,22,10,5,11,27
05-07-1964,12,23,13,49,10,22
12-07-1964,47,1,49,36,35,18
19-07-1964,3,38,24,37,46,12
26-07-1964,31,34,41,44,37,48
02-08-1964,16,36,45,40,34,47
09-08-1964,41,16,38,36,34,9
16-08-1964,46,23,36,6,14,45
23-08-1964,45,20,32,12,16,37
30-08-1964,36,4,35,40,17,31
06-09-1964,36,41,38,43,45,34
13-09-1964,27,20,4,6,24,1
20-09-1964,18,32,39,42,43,21
27-09-1964,42,26,41,9,29,22
04-10-1964,35,25,46,47,20,8
11-10-1964,2,46,42,34,23,38
18-10-1964,1,34,17,44,33,6
25-10-1964,14,19,29,18,39,16
01-11-1964,22,30,40,1,36,14
08-11-1964,41,18,32,21,2,26
15-11-1964,24,23,38,9,33,3
22-11-1964,22,33,39,46,9,5
29-11-1964,17,32,31,5,40,11
06-12-1964,33,2,45,8,23,4
13-12-1964,36,17,10,30,28,49
20-12-1964,30,39,29,46,15,20
27-12-1964,16,15,47,37,21,35
03-01-1965,23,33,43,7,13,25
10-01-1965,35,8,15,4,10,12
17-01-1965,27,9,18,47,17,7
24-01-1965,46,38,18,13,31,24
31-01-1965,29,34,32,42,26,10
07-02-1965,29,23,49,13,8,5
14-02-1965,33,42,3,13,47,37
21-02-1965,46,36,28,49,6,9
28-02-1965,35,8,18,30,27,15
07-03-1965,18,38,42,33,14,27
14-03-1965,3,49,4,19,43,34
21-03-1965,39,45,9,33,43,29
28-03-1965,13,37,36,9,34,16
04-04-1965,46,34,15,28,6,27
11-04-1965,26,4,16,23,2,30
19-04-1965,2,1,48,3,5,47
25-04-1965,22,42,14,30,1,27
02-05-1965,34,45,49,23,10,31
09-05-1965,37,36,31,29,49,4
16-05-1965,47,41,12,37,21,11
23-05-1965,45,23,2,39,31,27
30-05-1965,31,11,4,24,9,29
07-06-1965,38,33,1,15,29,5
13-06-1965,47,23,12,6,27,15
20-06-1965,21,20,32,3,29,16
27-06-1965,3,47,49,24,38,37
04-07-1965,8,12,19,17,21,25
11-07-1965,47,33,17,9,10,46
18-07-1965,46,38,7,9,25,15
25-07-1965,19,32,20,40,27,4
01-08-1965,13,31,44,8,41,17
08-08-1965,32,22,44,19,31,48
15-08-1965,32,48,3,5,12,25
22-08-1965,21,6,43,3,12,4
29-08-1965,38,44,39,2,16,17
04-09-1965,35,36,21,13,45,46
11-09-1965,37,25,19,31,13,21
18-09-1965,42,8,43,31,37,38
25-09-1965,4,15,8,44,48,17
02-10-1965,11,34,33,38,17,2
09-10-1965,24,12,22,32,15,34
16-10-1965,36,22,35,31,6,9
23-10-1965,32,44,2,15,24,39
30-10-1965,26,9,6,18,48,46
06-11-1965,2,5,23,47,40,18
13-11-1965,43,44,14,46,35,6
20-11-1965,17,36,6,48,20,45
27-11-1965,42,21,44,24,8,27
04-12-1965,1,14,12,13,48,33
11-12-1965,32,42,41,10,15,48
18-12-1965,11,48,23,20,33,29
25-12-1965,5,48,25,35,21,36
01-01-1966,47,30,6,24,20,39
08-01-1966,5,46,37,20,9,10
15-01-1966,28,8,40,19,39,36
22-01-1966,49,38,25,30,5,36
29-01-1966,47,8,5,39,29,32
05-02-1966,39,8,2,19,1,26
12-02-1966,42,46,34,33,19,41
19-02-1966,44,7,47,39,18,3
26-02-1966,34,29,9,24,30,45
05-03-1966,10,24,7,44,29,16
12-03-1966,46,28,30,44,34,29
19-03-1966,38,8,19,14,41,43
26-03-1966,40,5,30,22,27,44
02-04-1966,21,29,2,39,37,6
09-04-1966,41,15,28,26,39,25
16-04-1966,15,30,28,26,6,20
23-04-1966,26,40,36,19,42,41
30-04-1966,34,39,8,43,35,21
07-05-1966,8,19,31,39,1,4
14-05-1966,9,22,20,49,36,5
21-05-1966,45,35,49,17,30,5
28-05-1966,37,40,45,9,31,36
04-06-1966,31,8,23,45,4,48
11-06-1966,6,19,3,22,12,2
18-06-1966,4,20,45,5,33,27
25-06-1966,17,18,21,24,33,34
02-07-1966,19,38,46,28,33,36
09-07-1966,36,42,37,15,28,21
16-07-1966,39,11,22,41,49,43
23-07-1966,5,10,26,33,47,12
30-07-1966,37,32,41,12,10,4
06-08-1966,38,40,7,1,23,49
13-08-1966,34,27,3,40,24,23
20-08-1966,38,45,30,10,47,5
27-08-1966,40,18,25,12,48,5
03-09-1966,33,12,43,42,6,21
10-09-1966,34,16,28,27,49,21
17-09-1966,14,38,48,28,21,24
24-09-1966,1,44,14,26,16,35
01-10-1966,16,23,10,45,21,14
08-10-1966,34,13,28,33,31,35
15-10-1966,4,44,35,40,28,20
22-10-1966,42,13,6,17,44,1
29-10-1966,35,29,42,37,39,44
05-11-1966,46,25,42,11,18,43
12-11-1966,27,13,16,1,49,33
19-11-1966,45,8,27,29,22,18
26-11-1966,43,33,42,17,9,30
03-12-1966,12,5,41,17,10,11
10-12-1966,29,5,45,34,8,49
17-12-1966,21,40,38,18,39,41
24-12-1966,32,15,21,10,16,19
31-12-1966,2,43,20,33,40,41
07-01-1967,4,32,31,18,21,12
14-01-1967,47,6,5,2,22,7
21-01-1967,4,10,44,17,36,31
28-01-1967,39,6,35,7,21,18
04-02-1967,11,7,34,42,26,8
11-02-1967,22,47,45,29,25,3
18-02-1967,12,7,44,3,33,49
25-02-1967,42,27,3,22,32,16
04-03-1967,47,27,23,45,19,49
11-03-1967,9,19,36,39,5,42
18-03-1967,21,22,4,44,23,7
25-03-1967,48,7,20,42,29,27
01-04-1967,48,21,31,24,14,34
08-04-1967,2,18,26,45,43,1
15-04-1967,48,34,44,12,22,11
22-04-1967,6,12,49,29,18,16
29-04-1967,19,23,7,33,42,38
06-05-1967,18,44,30,41,8,2
13-05-1967,49,30,26,29,21,39
20-05-1967,43,5,34,20,29,18
27-05-1967,39,35,32,46,2,49
03-06-1967,42,2,20,37,18,3
10-06-1967,30,45,49,17,21,44
17-06-1967,23,40,48,43,37,7
24-06-1967,16,18,31,8,43,3
01-07-1967,45,1,20,13,30,34
08-07-1967,49,12,19,30,9,33
15-07-1967,7,49,22,24,1,32
22-07-1967,4,9,10,30,43,19
29-07-1967,40,32,41,3,2,30
05-08-1967,14,26,21,2,45,41
12-08-1967,8,9,3,38,34,13
19-08-1967,23,2,13,5,19,22
26-08-1967,40,38,13,21,22,48
02-09-1967,22,25,12,43,44,38
09-09-1967,36,7,35,16,15,32
16-09-1967,21,3,36,20,15,9
23-09-1967,36,26,43,3,19,45
30-09-1967,35,2,49,20,37,36
07-10-1967,14,1,42,19,32,29
14-10-1967,45,22,36,24,28,44
21-10-1967,22,26,1,20,23,15
28-10-1967,9,2,48,25,13,47
04-11-1967,39,40,6,11,21,9
11-11-1967,41,38,29,11,42,22
18-11-1967,19,2,46,9,38,28
25-11-1967,3,10,24,31,48,9
02-12-1967,46,13,33,6,41,17
09-12-1967,20,2,43,33,12,32
16-12-1967,27,8,6,21,36,30
23-12-1967,29,11,18,12,38,39
30-12-1967,11,26,44,30,41,14
06-01-1968,14,15,34,11,49,19
13-01-1968,43,29,14,30,18,39
20-01-1968,16,2,24,47,14,30
27-01-1968,19,27,28,8,5,40
03-02-1968,25,39,36,10,4,8
10-02-1968,23,11,44,34,6,48
17-02-1968,6,37,25,38,39,42
24-02-1968,17,30,38,7,12,24
02-03-1968,23,1,21,7,30,10
09-03-1968,44,21,2,40,22,31
16-03-1968,43,29,13,11,26,22
23-03-1968,18,15,11,28,5,41
30-03-1968,7,17,46,40,49,23
06-04-1968,35,39,47,16,48,32
13-04-1968,42,16,15,2,46,29
20-04-1968,47,31,13,38,32,2
27-04-1968,11,45,26,43,46,12
04-05-1968,15,32,9,7,33,10
11-05-1968,21,14,39,8,15,27
18-05-1968,1,18,39,41,26,32
25-05-1968,9,43,31,29,21,37
01-06-1968,21,47,40,48,43,34
08-06-1968,24,16,19,12,39,25
15-06-1968,20,36,12,33,41,46
22-06-1968,11,31,39,43,20,18
29-06-1968,41,46,47,28,43,25
06-07-1968,24,8,21,49,46,48
13-07-1968,19,17,41,31,8,11
20-07-1968,46,26,45,24,27,43
27-07-1968,32,29,2,9,11,35
03-08-1968,6,47,22,26,28,16
10-08-1968,32,3,28,40,49,14
17-08-1968,42,46,14,31,1,40
24-08-1968,9,12,45,25,28,26
31-08-1968,39,10,3,42,32,17
07-09-1968,35,33,40,36,8,6
14-09-1968,34,47,21,17,38,45
21-09-1968,26,29,28,11,14,5
28-09-1968,22,42,37,21,16,49
05-10-1968,13,24,35,19,20,3
12-10-1968,27,44,28,30,39,47
19-10-1968,12,39,40,29,10,17
26-10-1968,40,10,8,30,43,21
02-11-1968,25,9,4,8,16,22
09-11-1968,45,35,18,10,14,40
16-11-1968,41,19,28,2,23,17
23-11-1968,27,12,30,41,8,1
30-11-1968,39,44,28,36,48,31
07-12-1968,36,41,4,10,33,32
14-12-1968,48,39,30,40,4,5
21-12-1968,8,35,2,38,3,34
28-12-1968,2,37,26,17,18,16
04-01-1969,3,16,36,38,12,39
11-01-1969,20,2,39,40,15,33
18-01-1969,37,15,35,14,40,36
25-01-1969,38,40,9,49,10,5
01-02-1969,35,9,11,10,2,24
08-02-1969,24,22,42,33,5,38
15-02-1969,15,21,38,19,14,33
22-02-1969,20,45,26,27,40,37
01-03-1969,21,43,29,33,6,45
08-03-1969,42,36,48,41,9,21
15-03-1969,1,28,4,30,41,15
22-03-1969,9,49,45,11,41,32
29-03-1969,41,29,27,17,15,30
05-04-1969,35,46,32,16,27,25
12-04-1969,15,43,40,47,31,16
19-04-1969,43,9,19,8,24,34
26-04-1969,2,49,34,40,45,23
03-05-1969,25,48,18,26,1,46
10-05-1969,34,21,48,49,25,14
17-05-1969,3,10,48,46,27,13
24-05-1969,12,13,32,48,4,11
31-05-1969,29,17,26,47,43,40
07-06-1969,45,22,49,12,30,3
14-06-1969,24,2,48,18,36,15
21-06-1969,20,8,47,31,40,25
28-06-1969,3,17,46,11,20,41
05-07-1969,22,21,40,43,45,9
12-07-1969,26,20,10,22,1,40
19-07-1969,32,34,46,44,14,11
26-07-1969,26,13,21,48,49,44
02-08-1969,7,49,33,14,24,43
09-08-1969,22,8,5,49,25,31
16-08-1969,14,17,33,38,1,47
23-08-1969,33,40,36,23,10,6
30-08-1969,4,15,3,28,49,25
06-09-1969,40,12,11,36,33,39
13-09-1969,22,40,12,26,41,27
20-09-1969,5,38,9,18,24,25
27-09-1969,39,46,43,48,33,10
04-10-1969,29,11,15,3,21,37
11-10-1969,2,7,20,6,39,4
18-10-1969,8,27,17,14,36,45
25-10-1969,4,12,19,36,14,7
01-11-1969,32,10,19,28,7,38
08-11-1969,10,18,21,46,3,15
15-11-1969,4,12,18,42,38,21
22-11-1969,49,37,36,29,38,39
29-11-1969,32,1,6,23,29,38
06-12-1969,34,41,9,22,45,38
13-12-1969,10,31,45,44,39,7
20-12-1969,15,49,48,13,8,6
27-12-1969,29,35,12,49,9,3
03-01-1970,24,2,42,17,43,40
10-01-1970,13,21,40,43,22,25
17-01-1970,45,44,35,21,17,15
24-01-1970,48,5,45,2,24,16
31-01-1970,38,36,35,44,11,6
07-02-1970,41,44,38,3,24,19
14-02-1970,46,12,33,6,19,23
21-02-1970,31,3,29,14,49,6
28-02-1970,16,46,7,38,32,48
07-03-1970,14,38,36,25,24,23
14-03-1970,6,7,28,3,10,25
21-03-1970,38,22,44,28,21,5
28-03-1970,34,18,2,11,46,14
04-04-1970,38,5,17,29,39,28
11-04-1970,32,49,6,24,8,29
18-04-1970,36,12,4,17,35,7
25-04-1970,12,5,11,25,15,48
02-05-1970,12,48,44,14,24,18
09-05-1970,5,39,43,3,36,14
16-05-1970,39,32,3,5,6,38
23-05-1970,42,14,10,48,46,26
30-05-1970,33,19,44,46,39,24
06-06-1970,47,31,46,18,2,30
13-06-1970,1,19,27,2,49,9
20-06-1970,21,15,23,49,44,38
27-06-1970,19,13,10,29,30,4
04-07-1970,49,14,1,21,45,11
11-07-1970,30,35,44,48,41,9
18-07-1970,25,22,20,49,32,44
25-07-1970,22,37,40,16,24,2
01-08-1970,41,5,36,18,14,21
08-08-1970,27,18,3,17,49,16
15-08-1970,9,48,17,7,12,16
22-08-1970,1,32,17,49,43,44
29-08-1970,17,26,20,11,49,13
05-09-1970,7,48,30,24,45,10
12-09-1970,15,24,5,46,29,40
19-09-1970,46,4,34,41,27,29
26-09-1970,46,20,17,15,4,47
03-10-1970,47,49,20,3,22,35
10-10-1970,20,37,17,40,8,36
17-10-1970,39,34,7,44,2,43
24-10-1970,40,8,1,37,26,47
31-10-1970,19,11,38,21,18,2
07-11-1970,24,32,36,35,40,15
14-11-1970,2,42,40,1,37,21
21-11-1970,43,3,6,27,40,1
28-11-1970,12,42,49,16,28,14
05-12-1970,41,23,33,34,16,14
12-12-1970,10,14,34,27,7,42
19-12-1970,21,1,6,30,45,31
26-12-1970,17,7,8,20,26,2
02-01-1971,42,48,40,44,6,19
09-01-1971,8,48,16,45,41,26
16-01-1971,30,31,40,23,17,19
23-01-1971,2,13,6,38,27,24
30-01-1971,12,25,3,4,8,1
06-02-1971,49,8,2,37,30,40
13-02-1971,21,32,34,49,42,45
20-02-1971,24,43,26,39,17,49
27-02-1971,40,26,42,46,17,25
06-03-1971,40,48,15,45,3,36
13-03-1971,20,33,3,42,25,4
20-03-1971,31,19,17,18,8,41
27-03-1971,3,20,36,41,13,27
03-04-1971,46,32,30,2,14,44
10-04-1971,14,37,36,35,21,26
17-04-1971,38,37,22,46,48,4
24-04-1971,12,4,20,16,43,19
01-05-1971,39,25,18,2,28,12
08-05-1971,13,40,35,16,22,21
15-05-1971,44,9,36,25,7,46
22-05-1971,6,21,46,11,43,16
29-05-1971,6,48,34,22,35,49
05-06-1971,39,43,5,4,20,1
12-06-1971,44,41,17,2,5,38
19-06-1971,16,15,17,1,31,27
26-06-1971,19,16,30,13,45,46
03-07-1971,41,21,9,49,7,29
10-07-1971,21,4,36,41,34,37
17-07-1971,30,5,42,3,9,38
24-07-1971,48,33,47,49,28,46
31-07-1971,31,3,28,40,37,12
07-08-1971,36,17,16,39,14,2
14-08-1971,17,35,19,28,12,18
21-08-1971,12,33,25,4,28,49
28-08-1971,36,47,44,13,26,10
04-09-1971,31,10,25,1,19,34
11-09-1971,18,1,25,8,2,24
18-09-1971,16,48,37,32,7,49
25-09-1971,25,11,37,34,10,22
02-10-1971,7,1,22,32,20,37
09-10-1971,45,6,17,34,1,3
16-10-1971,41,30,21,13,31,10
23-10-1971,11,8,5,46,45,32
30-10-1971,42,48,26,3,22,16
06-11-1971,43,20,5,28,45,39
13-11-1971,49,6,31,34,42,44
20-11-1971,26,24,29,43,8,28
27-11-1971,30,36,31,20,35,26
04-12-1971,16,46,1,4,43,48
11-12-1971,27,32,41,42,47,45
18-12-1971,39,1,43,2,47,49
25-12-1971,30,49,7,10,6,40
01-01-1972,19,12,26,21,9,47
08-01-1972,29,14,42,3,34,6
15-01-1972,21,6,38,48,35,22
22-01-1972,35,34,2,21,41,31
29-01-1972,1,48,39,49,11,46
05-02-1972,44,33,25,22,2,9
12-02-1972,28,14,31,38,30,21
19-02-1972,48,11,41,38,19,4
26-02-1972,41,9,40,2,21,23
04-03-1972,20,36,27,33,23,41
11-03-1972,19,14,1,21,23,36
18-03-1972,1,41,9,24,15,23
25-03-1972,26,34,43,17,32,22
01-04-1972,23,26,14,19,33,29
08-04-1972,14,39,24,8,37,4
15-04-1972,25,42,14,17,47,18
22-04-1972,6,41,26,49,27,32
29-04-1972,34,25,8,28,39,13
06-05-1972,43,17,2,15,21,45
13-05-1972,19,49,15,18,20,42
20-05-1972,23,17,33,32,31,40
27-05-1972,37,11,7,10,48,17
03-06-1972,16,29,27,5,9,18
10-06-1972,29,47,19,20,7,3
17-06-1972,2,27,34,36,14,30
24-06-1972,29,16,28,33,37,42
01-07-1972,24,27,3,1,19,4
08-07-1972,18,1,6,3,28,7
15-07-1972,35,40,27,13,46,15
22-07-1972,12,41,42,28,21,33
29-07-1972,3,2,38,40,19,12
05-08-1972,26,15,29,49,47,39
12-08-1972,20,5,30,23,48,41
19-08-1972,29,10,7,25,16,23
26-08-1972,6,46,42,23,41,47
02-09-1972,30,40,8,27,46,49
09-09-1972,37,20,46,38,23,45
16-09-1972,43,25,17,42,39,34
23-09-1972,40,1,4,11,24,5
30-09-1972,9,31,13,25,44,24
07-10-1972,49,39,28,43,14,19
14-10-1972,17,38,30,3,16,4
21-10-1972,19,5,28,46,45,18
28-10-1972,18,23,47,16,38,29
04-11-1972,22,32,9,17,21,33
11-11-1972,27,3,11,36,42,6
18-11-1972,45,35,46,27,10,43
25-11-1972,39,2,21,47,42,29
02-12-1972,12,25,40,11,2,14
09-12-1972,28,42,31,7,18,15
16-12-1972,36,31,49,38,23,40
23-12-1972,25,23,10,29,26,49
30-12-1972,19,49,12,30,26,8
06-01-1973,13,17,15,44,7,46
13-01-1973,41,19,4,7,29,8
20-01-1973,3,17,35,33,23,6
27-01-1973,1,17,42,9,6,20
03-02-1973,26,48,5,24,16,35
10-02-1973,13,46,1,37,26,5
17-02-1973,43,33,48,4,13,3
24-02-1973,8,32,20,33,49,43
03-03-1973,19,27,3,31,24,14
10-03-1973,49,34,39,21,20,42
17-03-1973,21,8,13,29,26,9
24-03-1973,39,6,22,34,20,10
31-03-1973,25,30,1,43,39,26
07-04-1973,11,40,43,22,28,37
14-04-1973,48,37,28,19,25,17
21-04-1973,47,1,42,48,34,3
28-04-1973,26,31,1,45,12,28
05-05-1973,31,3,21,46,22,23
12-05-1973,1,18,23,38,30,8
19-05-1973,46,25,28,14,11,30
26-05-1973,25,33,22,43,48,8
02-06-1973,15,25,18,48,36,10
09-06-1973,9,7,18,40,32,26
16-06-1973,9,46,17,6,23,28
23-06-1973,13,11,35,16,30,48
30-06-1973,26,37,6,27,38,12
07-07-1973,43,6,4,24,23,1
14-07-1973,18,7,26,31,39,13
21-07-1973,24,21,31,30,46,20
28-07-1973,41,22,11,28,49,16
04-08-1973,31,20,18,43,3,49
11-08-1973,17,10,16,42,30,39
18-08-1973,39,44,12,35,36,38
25-08-1973,5,4,31,35,45,1
01-09-1973,45,25,34,9,8,26
08-09-1973,46,11,24,39,3,21
15-09-1973,49,22,47,19,37,39
22-09-1973,40,20,18,2,9,24
29-09-1973,35,41,45,29,34,7
06-10-1973,36,1,48,23,31,24
13-10-1973,46,19,39,37,6,34
20-10-1973,8,25,33,31,15,32
27-10-1973,15,33,9,40,21,20
03-11-1973,17,27,11,45,34,20
10-11-1973,19,33,31,17,49,3
17-11-1973,41,7,39,48,11,2
24-11-1973,24,40,42,39,1,25
01-12-1973,20,30,43,33,5,37
08-12-1973,21,32,3,16,39,34
15-12-1973,33,32,4,31,39,36
22-12-1973,31,11,24,25,1,45
29-12-1973,20,32,21,24,25,2
05-01-1974,17,38,8,37,31,22
12-01-1974,22,37,13,15,28,48
19-01-1974,44,4,41,29,21,15
26-01-1974,12,26,44,35,7,14
02-02-1974,1,20,38,12,39,30
09-02-1974,14,10,17,32,19,31
16-02-1974,26,46,2,3,33,25
23-02-1974,8,41,7,3,20,15
02-03-1974,49,22,17,8,3,2
09-03-1974,30,40,38,32,20,39
16-03-1974,31,8,26,7,5,40
23-03-1974,45,12,18,17,13,32
30-03-1974,37,4,7,24,20,47
06-04-1974,21,24,48,29,4,22
13-04-1974,39,7,49,32,1,47
20-04-1974,41,42,47,45,30,23
27-04-1974,27,31,24,26,45,38
04-05-1974,12,26,3,45,33,6
11-05-1974,19,6,26,44,45,15
18-05-1974,41,48,43,37,36,20
25-05-1974,48,29,11,35,28,10
01-06-1974,41,16,38,48,6,44
08-06-1974,36,25,27,21,22,16
15-06-1974,24,39,20,4,16,3
22-06-1974,20,8,33,5,30,49
29-06-1974,13,37,49,30,43,28
06-07-1974,1,40,36,2,5,21
13-07-1974,35,2,25,26,22,7
20-07-1974,2,26,33,41,1,27
27-07-1974,20,39,29,31,19,27
03-08-1974,12,45,2,16,29,21
10-08-1974,10,7,42,19,4,12
17-08-1974,47,31,30,27,36,38
24-08-1974,36,45,6,12,21,47
31-08-1974,31,17,11,44,14,30
07-09-1974,3,8,22,27,15,23
14-09-1974,13,32,3,26,37,24
21-09-1974,17,37,31,39,12,36
28-09-1974,46,4,6,3,23,16
05-10-1974,16,24,44,49,35,3
12-10-1974,22,5,1,28,27,24
19-10-1974,31,33,21,15,22,13
26-10-1974,46,31,20,12,48,42
02-11-1974,45,38,9,35,6,39
09-11-1974,32,27,47,2,45,29
16-11-1974,22,46,48,43,28,29
23-11-1974,41,42,12,32,27,28
30-11-1974,40,29,32,8,22,19
07-12-1974,14,27,32,22,10,49
14-12-1974,48,6,14,9,42,45
21-12-1974,47,20,10,22,17,9
28-12-1974,42,23,6,22,7,46
04-01-1975,41,24,28,3,40,45
11-01-1975,13,38,43,1,42,37
18-01-1975,33,14,4,1,27,30
25-01-1975,23,42,1,32,48,6
01-02-1975,26,18,33,36,20,47
08-02-1975,7,47,27,30,37,25
15-02-1975,49,40,18,34,28,4
22-02-1975,1,38,33,4,20,14
01-03-1975,38,49,32,12,19,3
08-03-1975,23,20,8,2,49,41
15-03-1975,42,21,32,18,7,23
22-03-1975,24,12,15,47,49,11
29-03-1975,29,9,4,7,16,26
05-04-1975,10,5,13,16,31,22
12-04-1975,45,10,12,40,35,19
19-04-1975,33,39,19,1,4,38
26-04-1975,27,35,7,37,33,18
03-05-1975,23,31,6,34,40,25
10-05-1975,27,7,33,14,23,36
17-05-1975,10,11,35,46,9,27
24-05-1975,17,28,30,43,12,25
31-05-1975,38,43,12,31,10,49
07-06-1975,31,18,35,22,45,33
14-06-1975,39,31,12,7,24,30
21-06-1975,31,26,35,25,38,19
28-06-1975,1,3,13,11,44,9
05-07-1975,3,38,25,29,30,9
12-07-1975,26,15,17,29,42,9
19-07-1975,47,4,2,13,49,26
26-07-1975,48,28,36,40,39,3
02-08-1975,36,49,28,19,48,17
09-08-1975,33,25,38,15,9,49
16-08-1975,17,2,32,45,3,46
23-08-1975,31,43,27,32,7,3
30-08-1975,8,38,32,39,27,12
06-09-1975,7,16,32,46,13,40
13-09-1975,35,42,2,19,18,5
20-09-1975,44,32,4,12,30,14
27-09-1975,16,17,33,40,26,31
04-10-1975,35,18,15,7,41,44
11-10-1975,8,1,43,10,45,6
18-10-1975,30,17,47,40,32,37
25-10-1975,32,8,38,40,27,21
01-11-1975,3,32,27,34,33,16
08-11-1975,12,44,35,39,11,4
15-11-1975,13,44,16,7,26,46
22-11-1975,16,4,5,44,18,24
29-11-1975,19,14,20,43,2,32
06-12-1975,22,8,14,36,2,5
13-12-1975,39,35,31,37,46,29
20-12-1975,37,3,23,7,44,25
27-12-1975,13,45,25,2,35,46
03-01-1976,21,25,9,37,44,11
10-01-1976,28,39,16,11,3,49
17-01-1976,9,47,46,10,41,29
24-01-1976,22,6,45,38,41,13
31-01-1976,24,4,29,43,34,32
07-02-1976,3,1,7,41,32,46
14-02-1976,13,30,11,18,15,10
21-02-1976,17,23,20,9,24,31
28-02-1976,30,8,44,32,48,40
06-03-1976,10,1,26,38,46,13
13-03-1976,12,45,41,1,9,30
20-03-1976,32,26,29,43,8,4
27-03-1976,29,44,17,25,23,42
03-04-1976,40,2,41,13,11,10
10-04-1976,21,48,8,12,15,5
17-04-1976,41,42,23,36,20,1
24-04-1976,21,41,5,46,23,19
01-05-1976,29,26,48,45,42,20
08-05-1976,28,9,10,1,49,46
15-05-1976,45,5,43,2,22,44
22-05-1976,37,17,48,43,9,18
29-05-1976,12,15,32,17,41,25
05-06-1976,20,6,1,45,46,33
12-06-1976,5,11,47,29,13,35
19-06-1976,23,41,34,7,2,47
26-06-1976,24,25,20,35,7,19
03-07-1976,15,3,47,17,32,14
10-07-1976,6,32,15,33,12,5
17-07-1976,38,46,26,9,5,12
24-07-1976,25,5,20,26,41,27
31-07-1976,43,31,26,44,42,28
07-08-1976,40,35,16,33,21,5
14-08-1976,2,39,6,30,16,26
21-08-1976,11,7,37,26,19,20
28-08-1976,8,43,4,6,9,29
04-09-1976,17,19,6,30,28,16
11-09-1976,49,12,9,20,37,11
18-09-1976,32,40,6,24,3,11
25-09-1976,46,32,44,28,23,9
02-10-1976,39,3,48,16,37,47
09-10-1976,19,35,24,39,6,9
16-10-1976,47,2,33,1,23,34
23-10-1976,15,40,30,38,8,22
30-10-1976,38,2,43,7,47,16
06-11-1976,3,30,15,8,17,10
13-11-1976,45,25,17,8,2,11
20-11-1976,7,36,14,49,29,25
27-11-1976,18,13,40,43,35,3
04-12-1976,38,29,6,35,47,3
11-12-1976,32,2,44,15,1,28
18-12-1976,23,46,38,2,45,25
25-12-1976,16,44,12,43,38,25
01-01-1977,23,31,24,25,39,36
08-01-1977,31,13,33,7,2,30
15-01-1977,16,44,39,38,46,24
22-01-1977,16,12,38,3,19,2
29-01-1977,2,40,20,9,7,16
05-02-1977,23,8,42,37,4,9
12-02-1977,23,43,19,25,24,37
19-02-1977,31,9,5,16,15,10
26-02-1977,34,49,37,2,44,20
05-03-1977,40,34,49,9,39,10
12-03-1977,9,10,33,46,16,8
19-03-1977,31,49,15,19,21,22
26-03-1977,36,13,20,14,9,44
02-04-1977,18,47,5,3,17,34
09-04-1977,49,41,29,3,27,45
16-04-1977,48,5,25,20,49,39
23-04-1977,43,16,17,26,30,41
30-04-1977,8,15,1,27,12,34
07-05-1977,5,16,24,20,35,17
14-05-1977,31,36,37,25,15,41
21-05-1977,7,27,21,5,36,9
28-05-1977,12,13,22,39,48,45
04-06-1977,11,32,48,36,30,29
11-06-1977,32,12,46,40,14,3
18-06-1977,29,17,20,40,9,18
25-06-1977,20,41,38,6,32,40
02-07-1977,34,11,47,18,20,27
09-07-1977,3,30,36,7,19,24
16-07-1977,44,39,47,49,37,2
23-07-1977,24,37,6,13,22,42
30-07-1977,40,24,36,15,11,42
06-08-1977,36,37,42,28,15,2
13-08-1977,21,20,30,9,10,34
20-08-1977,13,37,16,19,27,32
27-08-1977,22,7,9,3,14,35
03-09-1977,29,24,28,21,3,36
10-09-1977,40,23,3,44,25,48
17-09-1977,1,32,22,40,33,37
24-09-1977,13,12,18,10,32,11
01-10-1977,45,18,2,47,42,27
08-10-1977,24,45,26,44,12,7
15-10-1977,43,47,8,36,32,38
22-10-1977,48,3,6,26,2,1
29-10-1977,28,34,49,31,35,8
05-11-1977,19,17,42,26,43,10
12-11-1977,18,29,33,16,48,34
19-11-1977,35,21,43,36,19,47
26-11-1977,42,5,47,30,27,46
03-12-1977,13,26,47,25,23,16
10-12-1977,7,27,24,34,31,44
17-12-1977,12,1,35,41,26,7
24-12-1977,23,18,8,25,38,42
31-12-1977,29,44,18,4,14,15
07-01-1978,38,29,47,5,21,43
14-01-1978,34,10,25,36,18,26
21-01-1978,17,1,4,33,31,49
28-01-1978,18,9,38,8,29,46
04-02-1978,37,25,17,43,2,26
11-02-1978,2,23,14,41,8,40
18-02-1978,23,29,25,3,35,36
25-02-1978,1,3,4,39,41,43
04-03-1978,35,49,34,7,47,11
11-03-1978,16,4,41,1,44,9
18-03-1978,10,29,23,6,20,45
25-03-1978,16,6,31,45,9,13
01-04-1978,28,47,23,48,15,25
08-04-1978,16,3,5,9,41,34
15-04-1978,42,34,43,26,32,21
22-04-1978,35,46,42,3,26,16
29-04-1978,7,35,46,37,1,18
06-05-1978,8,2,19,22,30,7
13-05-1978,44,45,30,31,17,15
20-05-1978,35,43,33,39,32,26
27-05-1978,3,26,32,48,24,5
03-06-1978,7,36,34,33,22,45
10-06-1978,23,31,30,18,48,8
17-06-1978,43,32,16,10,26,29
24-06-1978,24,36,21,33,43,28
01-07-1978,38,32,14,40,44,16
08-07-1978,41,8,31,14,17,2
15-07-1978,4,5,28,11,6,10
22-07-1978,47,39,44,17,49,48
29-07-1978,49,29,11,23,20,27
05-08-1978,33,31,4,45,11,23
12-08-1978,33,34,2,20,16,15
19-08-1978,17,4,42,36,35,7
26-08-1978,3,26,31,21,40,46
02-09-1978,26,40,43,19,42,36
09-09-1978,2,20,38,14,8,23
16-09-1978,38,14,33,35,15,4
23-09-1978,4,3,8,32,5,49
30-09-1978,37,15,4,32,42,5
07-10-1978,38,20,6,49,46,26
14-10-1978,35,34,8,13,32,22
21-10-1978,30,2,7,29,11,15
28-10-1978,13,43,32,16,7,40
04-11-1978,18,31,13,45,49,46
11-11-1978,38,21,8,5,35,40
18-11-1978,3,18,24,43,40,23
25-11-1978,35,49,22,25,21,10
02-12-1978,3,22,31,1,37,39
09-12-1978,47,24,18,39,38,35
16-12-1978,46,32,19,18,28,13
23-12-1978,32,15,21,30,48,12
30-12-1978,35,38,27,46,6,11
06-01-1979,37,39,41,43,8,10
13-01-1979,8,9,12,16,45,5
20-01-1979,32,6,43,11,20,1
27-01-1979,26,38,33,2,31,20
03-02-1979,29,23,48,33,5,18
10-02-1979,39,14,27,19,1,2
17-02-1979,32,19,21,47,5,17
24-02-1979,14,41,42,23,24,9
03-03-1979,32,24,17,42,1,44
10-03-1979,21,39,43,25,41,42
17-03-1979,45,16,27,49,21,38
24-03-1979,42,39,11,4,8,7
31-03-1979,9,16,26,7,5,43
07-04-1979,27,16,12,45,15,20
14-04-1979,25,11,26,21,41,7
21-04-1979,23,18,24,45,35,6
28-04-1979,38,33,41,6,20,37
05-05-1979,35,30,16,45,44,6
12-05-1979,32,4,46,2,10,35
19-05-1979,32,15,18,48,49,39
26-05-1979,33,7,41,23,21,45
02-06-1979,48,20,47,14,30,43
09-06-1979,17,34,30,35,25,41
16-06-1979,25,33,13,15,34,17
23-06-1979,30,40,41,17,43,1
30-06-1979,37,40,33,46,47,9
07-07-1979,8,43,37,18,35,16
14-07-1979,6,16,2,7,39,44
21-07-1979,32,48,46,27,43,45
28-07-1979,40,37,27,29,48,4
04-08-1979,42,24,20,2,31,48
11-08-1979,30,2,22,9,26,5
18-08-1979,43,31,28,49,44,45
25-08-1979,20,42,40,48,14,17
01-09-1979,27,5,38,19,24,28
08-09-1979,10,2,40,16,21,12
15-09-1979,37,20,5,7,4,32
22-09-1979,39,7,42,10,21,36
29-09-1979,23,29,44,11,12,15
06-10-1979,18,4,19,17,42,16
13-10-1979,11,43,45,22,26,18
20-10-1979,22,38,34,25,23,24
27-10-1979,12,17,1,20,38,19
03-11-1979,10,37,14,29,9,48
10-11-1979,49,1,2,41,36,22
17-11-1979,40,5,14,22,36,1
24-11-1979,26,14,6,5,16,11
01-12-1979,28,32,15,34,40,8
08-12-1979,15,28,22,14,23,20
15-12-1979,14,26,3,43,45,31
22-12-1979,23,5,46,16,35,8
29-12-1979,7,35,26,48,8,9
05-01-1980,35,16,19,11,18,5
12-01-1980,49,28,31,30,23,19
19-01-1980,30,31,39,3,1,18
26-01-1980,18,49,2,27,45,25
02-02-1980,27,13,44,21,26,47
09-02-1980,37,29,36,8,16,17
16-02-1980,5,33,35,1,37,30
23-02-1980,26,1,49,43,21,13
01-03-1980,40,48,39,28,21,16
08-03-1980,14,43,40,35,15,46
15-03-1980,41,1,33,43,5,9
22-03-1980,19,30,33,14,11,27
29-03-1980,40,19,27,16,42,43
05-04-1980,36,34,32,14,41,17
12-04-1980,13,21,20,19,3,15
19-04-1980,10,3,41,11,25,24
26-04-1980,13,11,49,42,5,39
03-05-1980,9,19,47,18,10,27
10-05-1980,14,21,46,17,43,26
17-05-1980,21,33,16,2,36,26
24-05-1980,38,1,11,14,33,5
31-05-1980,33,17,48,2,3,25
07-06-1980,45,7,28,43,42,10
14-06-1980,47,41,42,28,45,9
21-06-1980,11,29,41,20,25,47
28-06-1980,24,13,10,3,44,5
05-07-1980,32,16,13,26,15,25
12-07-1980,1,31,25,11,4,15
19-07-1980,32,40,43,21,28,15
26-07-1980,49,20,29,44,11,38
02-08-1980,39,8,34,41,47,3
09-08-1980,34,19,46,29,32,27
16-08-1980,8,23,21,22,42,43
23-08-1980,17,38,16,4,42,28
30-08-1980,6,28,35,11,14,25
06-09-1980,36,47,23,25,42,12
13-09-1980,34,37,12,41,19,11
20-09-1980,32,2,12,6,43,23
27-09-1980,21,22,45,33,13,48
04-10-1980,10,37,12,46,30,29
11-10-1980,35,18,31,28,22,49
18-10-1980,31,48,17,8,4,37
25-10-1980,40,8,23,21,5,7
01-11-1980,26,27,32,22,19,21
08-11-1980,15,36,12,16,30,13
15-11-1980,21,16,9,25,44,1
22-11-1980,30,5,45,21,26,31
29-11-1980,25,2,38,10,30,41
06-12-1980,14,12,42,38,49,36
13-12-1980,18,49,8,33,4,47
20-12-1980,6,40,33,32,3,8
27-12-1980,43,16,27,4,21,14
03-01-1981,19,40,12,6,22,31
10-01-1981,27,41,45,32,20,29
17-01-1981,34,28,46,23,38,29
24-01-1981,10,1,39,37,21,45
31-01-1981,11,24,42,12,31,48
07-02-1981,31,4,48,47,34,12
14-02-1981,34,33,20,45,17,22
21-02-1981,44,33,4,46,48,18
28-02-1981,22,20,7,26,9,29
07-03-1981,7,35,30,2,42,34
14-03-1981,8,48,27,21,11,10
21-03-1981,3,27,31,9,2,21
28-03-1981,23,18,36,15,6,47
04-04-1981,11,17,28,8,33,19
11-04-1981,37,27,39,19,2,28
18-04-1981,37,49,28,42,6,46
25-04-1981,14,2,27,43,26,47
02-05-1981,40,49,23,7,44,21
09-05-1981,27,6,29,32,18,5
16-05-1981,35,16,9,27,25,39
23-05-1981,30,48,41,35,25,44
30-05-1981,5,49,22,38,41,7
06-06-1981,33,45,13,29,12,18
13-06-1981,10,6,18,29,15,20
20-06-1981,34,43,36,10,7,23
27-06-1981,21,5,47,35,26,30
04-07-1981,35,7,11,48,30,29
11-07-1981,4,44,7,9,34,40
18-07-1981,15,46,25,7,32,23
25-07-1981,49,38,1,3,37,42
01-08-1981,48,1,18,5,14,16
08-08-1981,4,48,11,42,9,7
15-08-1981,17,35,21,24,32,23
22-08-1981,15,41,34,42,25,30
29-08-1981,2,36,12,34,48,14
05-09-1981,25,27,45,49,28,34
12-09-1981,30,33,15,1,34,2
19-09-1981,36,37,16,20,33,1
26-09-1981,33,8,4,30,45,48
03-10-1981,42,32,19,21,36,4
10-10-1981,38,48,18,33,15,11
17-10-1981,37,11,18,40,17,5
24-10-1981,3,49,38,37,43,10
31-10-1981,10,27,12,17,32,24
07-11-1981,37,10,1,26,20,2
14-11-1981,31,7,35,46,5,20
21-11-1981,14,46,17,45,35,25
28-11-1981,4,31,21,15,18,10
05-12-1981,47,42,17,23,28,48
12-12-1981,40,25,44,14,35,30
19-12-1981,23,47,30,22,21,1
26-12-1981,6,49,11,19,4,20
02-01-1982,2,34,15,24,37,21
09-01-1982,46,26,33,44,22,28
16-01-1982,19,48,34,21,25,8
23-01-1982,8,27,26,39,45,12
30-01-1982,31,19,24,14,23,25
06-02-1982,14,47,7,41,40,1
13-02-1982,39,21,30,28,4,36
20-02-1982,17,2,33,12,49,16
27-02-1982,47,46,24,8,32,11
06-03-1982,24,27,36,31,28,35
13-03-1982,25,48,9,41,28,11
20-03-1982,14,36,48,7,10,40
27-03-1982,47,41,38,25,27,39
03-04-1982,26,32,48,42,6,37
10-04-1982,5,42,41,21,26,18
17-04-1982,13,35,39,6,23,37
24-04-1982,38,5,42,35,22,12
01-05-1982,3,13,19,40,17,22
08-05-1982,24,33,12,39,18,5
15-05-1982,14,32,31,38,7,18
22-05-1982,10,37,22,17,38,14
29-05-1982,33,10,23,4,3,12
05-06-1982,3,21,13,27,11,5
12-06-1982,12,37,3,20,33,1
19-06-1982,1,22,6,2,11,48
26-06-1982,7,11,14,21,13,35
03-07-1982,16,7,1,37,39,13
10-07-1982,46,14,29,1,12,21
17-07-1982,39,21,28,27,37,44
24-07-1982,5,31,13,26,33,38
31-07-1982,18,28,19,34,38,21
07-08-1982,49,41,38,2,14,46
14-08-1982,17,24,2,37,28,8
21-08-1982,6,34,39,35,17,21
28-08-1982,41,16,11,28,4,27
04-09-1982,28,10,30,35,34,1
11-09-1982,1,42,16,31,20,4
18-09-1982,21,7,48,6,25,33
25-09-1982,26,42,48,10,16,44
02-10-1982,3,33,47,5,37,20
09-10-1982,18,2,38,36,34,44
16-10-1982,47,40,28,2,19,25
23-10-1982,45,15,3,27,10,42
30-10-1982,38,23,44,9,22,14
06-11-1982,35,11,10,25,20,47
13-11-1982,20,39,19,27,9,30
20-11-1982,48,13,28,29,32,6
27-11-1982,22,36,2,45,17,13
04-12-1982,27,3,46,30,44,38
11-12-1982,27,18,15,33,35,31
18-12-1982,46,17,24,36,11,25
25-12-1982,20,22,16,21,10,44
01-01-1983,48,7,29,12,6,9
08-01-1983,5,16,41,20,6,28
15-01-1983,4,34,37,24,2,42
22-01-1983,38,4,10,1,48,9
29-01-1983,10,43,19,6,47,30
05-02-1983,38,47,2,19,44,43
12-02-1983,17,44,13,33,6,19
19-02-1983,12,39,22,26,29,3
26-02-1983,36,5,17,13,44,48
05-03-1983,18,39,37,26,20,27
12-03-1983,1,32,44,31,15,29
19-03-1983,37,48,22,34,9,45
26-03-1983,42,1,27,26,11,7
02-04-1983,46,15,39,4,5,32
09-04-1983,40,8,35,42,18,46
16-04-1983,6,44,10,32,12,15
23-04-1983,30,12,34,39,32,4
30-04-1983,38,47,33,2,39,18
07-05-1983,6,9,21,49,44,38
14-05-1983,44,5,43,13,20,42
21-05-1983,32,1,35,2,23,20
28-05-1983,9,43,24,11,17,35
04-06-1983,9,44,1,35,15,38
11-06-1983,46,40,8,38,26,36
18-06-1983,48,2,27,16,37,21
25-06-1983,5,33,4,48,32,31
02-07-1983,24,34,8,27,2,14
09-07-1983,32,11,44,26,21,33
16-07-1983,37,39,46,8,48,41
23-07-1983,3,16,48,44,27,46
30-07-1983,49,38,25,41,42,8
06-08-1983,47,15,45,32,31,14
13-08-1983,41,47,18,49,3,9
20-08-1983,49,36,29,8,47,10
27-08-1983,18,3,41,47,27,19
03-09-1983,24,4,37,17,35,13
10-09-1983,31,41,46,27,45,6
17-09-1983,25,34,8,49,41,2
24-09-1983,23,30,13,7,11,19
01-10-1983,1,16,20,33,11,15
08-10-1983,27,33,20,47,3,19
15-10-1983,7,9,12,46,20,33
22-10-1983,30,21,13,6,1,37
29-10-1983,46,44,19,29,21,9
05-11-1983,47,24,30,13,15,43
12-11-1983,27,2,23,30,46,48
19-11-1983,16,2,3,40,11,38
26-11-1983,2,30,26,17,33,16
03-12-1983,49,33,9,42,37,15
10-12-1983,28,43,38,20,19,3
17-12-1983,7,36,11,8,15,1
24-12-1983,31,32,47,40,15,17
31-12-1983,45,17,27,21,9,2
07-01-1984,22,40,19,46,6,41
14-01-1984,33,32,10,23,27,15
21-01-1984,24,28,46,3,7,16
28-01-1984,31,12,22,7,25,3
04-02-1984,37,32,39,44,10,36
11-02-1984,49,33,38,15,2,14
18-02-1984,41,46,19,3,39,7
25-02-1984,1,31,30,22,6,36
03-03-1984,32,21,44,25,45,28
10-03-1984,28,13,42,9,32,47
17-03-1984,45,47,6,24,32,22
24-03-1984,15,17,44,6,35,23
31-03-1984,31,21,43,8,13,14
07-04-1984,43,5,32,48,29,11
14-04-1984,20,16,21,1,47,32
21-04-1984,37,36,24,30,26,9
28-04-1984,18,12,5,37,47,33
05-05-1984,7,35,6,40,1,2
12-05-1984,47,24,23,26,4,31
19-05-1984,13,38,32,17,29,11
26-05-1984,35,1,27,21,41,34
02-06-1984,23,32,36,8,43,10
09-06-1984,41,14,7,1,5,45
16-06-1984,39,36,27,47,22,37
23-06-1984,25,36,22,35,6,2
30-06-1984,43,30,22,6,10,4
07-07-1984,46,18,10,48,35,26
14-07-1984,40,20,33,47,3,10
21-07-1984,16,10,4,35,14,46
28-07-1984,18,8,16,5,47,21
04-08-1984,37,31,39,12,29,45
11-08-1984,11,15,38,49,22,19
18-08-1984,1,17,41,25,4,6
25-08-1984,3,11,33,5,42,13
01-09-1984,40,48,47,5,22,11
08-09-1984,4,38,40,28,43,2
15-09-1984,31,48,21,7,42,5
22-09-1984,38,5,48,12,14,44
29-09-1984,5,23,46,32,9,12
06-10-1984,47,36,15,34,29,12
13-10-1984,20,40,45,14,1,22
20-10-1984,9,16,44,7,38,49
27-10-1984,33,34,32,19,40,49
03-11-1984,4,42,30,33,10,13
10-11-1984,11,36,19,12,21,49
17-11-1984,7,19,9,10,43,45
24-11-1984,13,21,48,17,10,46
01-12-1984,33,17,23,42,40,37
08-12-1984,36,37,6,3,49,38
15-12-1984,26,29,39,49,36,2
22-12-1984,18,15,17,24,44,31
29-12-1984,43,23,7,20,13,17
05-01-1985,21,34,27,10,40,37
12-01-1985,39,11,1,38,14,37
19-01-1985,49,48,21,44,41,40
26-01-1985,38,39,29,34,1,20
02-02-1985,10,42,17,43,16,31
09-02-1985,6,15,27,7,34,20
16-02-1985,8,17,2,11,19,39
23-02-1985,32,33,29,14,5,23
02-03-1985,14,47,40,6,1,24
09-03-1985,13,46,30,5,1,41
16-03-1985,42,7,34,5,46,1
23-03-1985,37,12,22,5,23,33
30-03-1985,36,48,17,30,16,14
06-04-1985,42,46,17,47,14,45
13-04-1985,26,6,22,19,35,36
20-04-1985,40,28,19,13,34,22
27-04-1985,43,26,20,10,18,46
04-05-1985,39,6,13,18,38,3
11-05-1985,32,3,4,16,22,11
18-05-1985,45,44,38,27,29,1
25-05-1985,33,37,49,28,17,32
01-06-1985,30,22,41,24,14,45
08-06-1985,45,23,47,30,12,28
15-06-1985,16,46,6,7,48,24
22-06-1985,9,7,49,29,46,42
29-06-1985,8,4,15,39,36,5
06-07-1985,10,4,11,20,15,25
13-07-1985,3,32,42,10,31,2
20-07-1985,2,15,30,22,16,35
27-07-1985,20,33,39,26,40,4
03-08-1985,38,1,21,30,23,2
10-08-1985,13,29,39,22,46,20
17-08-1985,5,9,18,19,11,48
24-08-1985,30,2,42,26,38,24
31-08-1985,1,21,3,24,13,49
07-09-1985,18,3,7,43,38,26
14-09-1985,35,14,34,7,33,45
21-09-1985,24,19,38,12,9,37
28-09-1985,34,5,48,3,7,16
05-10-1985,38,45,37,30,31,48
12-10-1985,35,15,12,49,10,34
19-10-1985,13,19,43,25,15,38
26-10-1985,28,38,39,15,46,44
02-11-1985,42,24,9,34,2,5
09-11-1985,3,14,20,36,19,46
16-11-1985,1,48,10,15,11,38
23-11-1985,39,8,31,48,38,15
30-11-1985,22,48,3,30,36,15
07-12-1985,23,28,48,33,6,12
14-12-1985,17,19,20,8,29,23
21-12-1985,36,44,37,7,9,17
28-12-1985,37,35,14,1,49,30
04-01-1986,46,31,32,8,43,33
11-01-1986,31,7,10,38,8,32
18-01-1986,3,36,41,28,19,29
25-01-1986,24,20,31,27,45,48
01-02-1986,6,3,37,43,42,33
08-02-1986,30,31,29,49,48,11
15-02-1986,17,33,29,48,44,14
22-02-1986,41,27,48,10,18,6
01-03-1986,42,24,41,11,26,13
08-03-1986,43,33,5,37,17,14
15-03-1986,42,23,28,35,20,36
22-03-1986,5,44,26,19,18,6
29-03-1986,3,29,41,45,31,6
05-04-1986,45,49,27,24,21,1
12-04-1986,47,11,46,24,19,42
19-04-1986,21,24,1,23,44,36
26-04-1986,33,44,24,35,49,3
03-05-1986,8,33,49,15,38,37
10-05-1986,37,14,41,42,3,8
17-05-1986,5,22,49,36,12,23
24-05-1986,5,26,42,12,18,39
31-05-1986,12,49,31,30,15,6
04-06-1986,30,27,35,38,11,26
04-06-1986,28,31,4,15,43,35
07-06-1986,13,27,38,14,3,39
11-06-1986,32,23,8,34,42,16
11-06-1986,32,16,41,37,47,19
14-06-1986,18,22,17,28,5,47
18-06-1986,31,21,32,27,47,16
18-06-1986,49,31,36,25,17,19
21-06-1986,49,32,29,10,21,27
25-06-1986,3,32,44,10,20,41
25-06-1986,3,42,27,2,18,9
28-06-1986,3,40,31,45,1,37
02-07-1986,18,49,42,23,34,35
02-07-1986,27,7,17,38,29,32
05-07-1986,2,6,18,15,27,5
09-07-1986,2,18,20,45,33,35
09-07-1986,32,18,4,31,6,24
12-07-1986,10,23,40,34,30,22
16-07-1986,25,42,33,32,15,46
16-07-1986,12,47,39,9,24,18
19-07-1986,6,28,18,45,4,29
23-07-1986,21,12,15,29,42,1
23-07-1986,37,7,30,16,8,41
26-07-1986,27,29,28,22,16,8
30-07-1986,5,37,38,41,18,15
30-07-1986,29,3,38,11,41,1
02-08-1986,6,44,33,47,35,32
06-08-1986,17,18,41,8,19,39
06-08-1986,18,19,3,48,10,49
09-08-1986,8,38,17,43,14,34
13-08-1986,13,29,5,25,22,34
13-08-1986,23,19,5,38,22,41
16-08-1986,28,49,31,2,3,42
20-08-1986,4,2,45,30,37,11
20-08-1986,9,43,13,42,10,35
23-08-1986,32,34,18,23,26,45
27-08-1986,13,14,29,31,1,12
27-08-1986,14,5,16,35,18,3
30-08-1986,1,19,48,32,39,37
03-09-1986,25,13,47,48,32,21
03-09-1986,47,27,16,13,14,15
06-09-1986,31,49,16,37,15,32
10-09-1986,29,8,48,20,13,23
10-09-1986,26,3,1,22,27,13
13-09-1986,6,28,14,16,23,10
17-09-1986,31,32,13,23,16,33
17-09-1986,46,6,3,27,40,42
20-09-1986,8,38,23,35,3,13
24-09-1986,17,47,41,19,44,43
24-09-1986,14,4,35,28,8,33
27-09-1986,17,47,27,39,49,20
01-10-1986,7,23,20,28,11,31
01-10-1986,10,47,36,30,13,3
04-10-1986,9,4,35,20,21,25
08-10-1986,28,26,3,43,16,15
08-10-1986,46,19,3,17,9,8
11-10-1986,22,27,26,7,17,35
15-10-1986,40,49,13,19,12,34
15-10-1986,14,30,34,3,29,38
18-10-1986,5,25,31,30,38,41
22-10-1986,29,45,36,26,25,12
22-10-1986,40,44,36,15,42,1
25-10-1986,14,42,19,44,10,46
29-10-1986,19,15,22,41,12,20
29-10-1986,26,37,18,12,33,9
01-11-1986,15,20,34,41,17,11
05-11-1986,45,21,47,6,3,44
05-11-1986,37,23,41,1,7,34
08-11-1986,8,3,5,23,48,43
12-11-1986,25,35,21,47,26,2
12-11-1986,33,37,45,31,20,44
15-11-1986,23,28,16,45,26,46
19-11-1986,13,36,4,11,48,30
19-11-1986,32,45,9,48,28,10
22-11-1986,12,17,6,16,11,27
26-11-1986,5,36,44,18,34,19
26-11-1986,31,10,23,11,24,35
29-11-1986,18,2,5,25,6,29
03-12-1986,44,48,6,18,39,17
03-12-1986,9,20,8,47,6,26
06-12-1986,9,33,31,5,14,28
10-12-1986,39,8,33,21,29,17
10-12-1986,3,22,28,26,11,15
13-12-1986,15,13,35,10,1,45
17-12-1986,11,28,24,26,1,35
17-12-1986,21,23,11,37,16,33
20-12-1986,15,25,48,27,42,30
24-12-1986,18,45,42,33,32,48
24-12-1986,15,44,3,18,19,24
27-12-1986,28,25,21,15,7,34
31-12-1986,22,11,28,43,17,9
31-12-1986,44,18,25,24,12,37
03-01-1987,7,30,40,10,4,21
07-01-1987,31,10,25,23,36,49
07-01-1987,16,11,7,46,38,30
10-01-1987,24,10,31,49,47,6
14-01-1987,25,27,46,26,8,13
14-01-1987,26,38,2,22,28,39
17-01-1987,31,45,39,29,40,19
21-01-1987,24,46,7,19,13,43
21-01-1987,19,28,15,35,8,26
24-01-1987,16,2,32,39,27,46
28-01-1987,44,18,27,47,24,22
28-01-1987,24,41,27,17,39,23
31-01-1987,40,42,38,49,7,19
04-02-1987,8,32,34,40,15,29
04-02-1987,6,17,33,41,19,24
07-02-1987,26,37,9,1,10,23
11-02-1987,48,36,19,2,44,34
11-02-1987,22,21,14,34,2,27
14-02-1987,31,30,13,44,42,15
18-02-1987,28,24,6,12,18,23
18-02-1987,31,35,42,41,4,17
21-02-1987,24,33,3,47,10,46
25-02-1987,5,36,24,48,26,27
25-02-1987,31,35,40,28,22,32
28-02-1987,31,23,20,43,4,5
04-03-1987,3,2,46,20,16,25
04-03-1987,17,35,9,3,14,38
07-03-1987,29,48,6,18,40,49
11-03-1987,49,39,23,13,6,22
11-03-1987,30,40,15,49,36,23
14-03-1987,15,28,33,32,34,14
18-03-1987,35,18,42,43,2,20
18-03-1987,18,40,19,4,15,33
21-03-1987,49,41,39,14,22,10
25-03-1987,14,25,4,33,1,45
25-03-1987,46,38,2,6,43,45
28-03-1987,18,10,42,41,13,43
01-04-1987,38,25,14,46,23,33
01-04-1987,40,48,41,33,21,4
04-04-1987,47,27,16,49,18,13
08-04-1987,3,6,23,5,34,14
08-04-1987,18,6,28,12,2,46
11-04-1987,15,49,1,14,9,22
15-04-1987,29,34,43,39,2,4
15-04-1987,35,22,29,32,14,15
18-04-1987,37,27,30,4,44,12
22-04-1987,43,4,19,24,23,31
22-04-1987,29,8,40,32,1,47
25-04-1987,36,16,45,38,8,18
29-04-1987,45,35,11,44,3,20
29-04-1987,48,36,43,32,2,5
02-05-1987,37,22,33,7,21,39
06-05-1987,43,16,25,15,31,10
06-05-1987,39,41,12,47,1,24
09-05-1987,23,14,12,30,19,2
13-05-1987,4,36,22,11,1,3
13-05-1987,11,1,41,48,35,5
16-05-1987,47,19,16,42,39,15
20-05-1987,35,49,42,25,18,9
20-05-1987,17,40,32,25,36,5
23-05-1987,26,45,21,3,8,11
27-05-1987,4,29,28,41,7,19
27-05-1987,35,21,18,24,34,48
30-05-1987,44,27,41,7,12,5
03-06-1987,37,46,45,29,36,20
03-06-1987,33,4,17,37,44,31
06-06-1987,36,15,10,26,22,23
10-06-1987,35,48,47,34,22,33
10-06-1987,42,26,22,13,31,48
13-06-1987,15,16,20,27,19,13
17-06-1987,35,19,31,28,15,48
17-06-1987,14,29,41,3,36,31
20-06-1987,24,15,40,27,20,4
24-06-1987,28,19,18,41,35,45
24-06-1987,36,30,47,7,2,29
27-06-1987,25,33,26,20,40,31
01-07-1987,7,21,31,2,18,17
01-07-1987,45,16,6,15,18,32
04-07-1987,27,42,29,1,6,17
08-07-1987,49,21,1,43,13,27
08-07-1987,24,18,13,35,39,42
11-07-1987,4,23,14,2,16,22
15-07-1987,41,23,44,19,27,4
15-07-1987,6,48,4,15,49,2
18-07-1987,25,3,43,38,42,33
22-07-1987,44,49,2,48,9,7
22-07-1987,1,14,2,8,30,49
25-07-1987,46,1,20,45,6,7
29-07-1987,10,9,38,43,14,3
29-07-1987,1,19,33,49,25,7
01-08-1987,48,33,1,43,49,46
05-08-1987,16,13,48,18,11,41
05-08-1987,41,24,30,39,13,11
08-08-1987,19,9,45,23,49,38
12-08-1987,1,29,19,45,7,26
12-08-1987,35,28,40,4,17,38
15-08-1987,31,17,21,11,28,23
19-08-1987,48,27,47,16,26,20
19-08-1987,46,40,16,29,20,17
22-08-1987,32,34,22,40,1,8
26-08-1987,23,20,14,30,35,16
26-08-1987,2,48,13,35,14,24
29-08-1987,25,36,9,35,1,46
02-09-1987,8,13,29,28,38,46
02-09-1987,3,47,29,23,11,42
05-09-1987,28,11,47,27,41,7
09-09-1987,4,13,6,9,5,24
09-09-1987,29,5,12,38,26,23
12-09-1987,45,1,40,21,41,5
16-09-1987,45,33,30,18,22,2
16-09-1987,45,39,49,43,27,44
19-09-1987,20,41,18,32,43,24
23-09-1987,40,47,48,22,5,28
23-09-1987,28,34,30,10,27,24
26-09-1987,45,33,8,19,43,12
30-09-1987,48,22,27,1,33,13
30-09-1987,26,12,29,3,43,8
03-10-1987,35,42,48,46,16,47
07-10-1987,19,4,26,47,34,33
07-10-1987,33,14,8,46,23,7
10-10-1987,17,15,41,46,49,11
14-10-1987,37,25,27,44,17,36
14-10-1987,18,28,34,38,46,2
17-10-1987,7,3,33,12,27,4
21-10-1987,33,2,30,5,31,49
21-10-1987,5,32,16,12,19,34
24-10-1987,48,33,20,11,18,19
28-10-1987,4,44,39,13,2,38
28-10-1987,31,2,19,46,25,38
31-10-1987,9,46,39,37,48,20
04-11-1987,26,46,43,18,40,21
04-11-1987,18,5,49,3,43,23
07-11-1987,21,22,23,14,25,42
11-11-1987,42,14,39,6,7,26
11-11-1987,35,20,14,23,7,39
14-11-1987,30,6,23,19,36,45
18-11-1987,48,9,30,18,5,44
18-11-1987,14,34,44,38,32,13
21-11-1987,20,31,38,23,25,18
25-11-1987,16,44,39,34,20,24
25-11-1987,6,45,25,20,13,40
28-11-1987,44,16,10,11,9,35
02-12-1987,24,38,43,28,20,27
02-12-1987,34,27,10,39,4,42
05-12-1987,34,42,17,22,6,4
09-12-1987,38,49,14,43,29,23
09-12-1987,38,27,35,9,24,18
12-12-1987,14,41,16,19,25,2
16-12-1987,21,17,15,10,43,33
16-12-1987,32,7,26,9,19,22
19-12-1987,38,21,31,32,29,46
23-12-1987,9,39,35,3,2,19
23-12-1987,3,5,9,8,42,34
26-12-1987,12,41,31,18,9,38
30-12-1987,46,17,12,25,22,27
30-12-1987,9,12,11,46,27,35
02-01-1988,25,45,19,32,22,12
06-01-1988,32,22,23,2,41,27
06-01-1988,38,43,46,9,30,32
09-01-1988,30,26,37,1,10,31
13-01-1988,24,21,42,46,27,17
13-01-1988,34,14,36,23,10,25
16-01-1988,44,37,6,17,36,42
20-01-1988,3,17,44,5,31,11
20-01-1988,36,41,11,2,4,35
23-01-1988,30,26,31,25,32,24
27-01-1988,27,42,9,37,10,39
27-01-1988,10,44,35,29,30,34
30-01-1988,37,7,27,49,40,44
03-02-1988,32,42,23,4,7,43
03-02-1988,39,19,44,49,15,11
06-02-1988,11,35,7,45,41,14
10-02-1988,35,8,36,22,46,9
10-02-1988,45,11,29,23,2,26
13-02-1988,19,36,21,45,2,6
17-02-1988,6,35,13,17,38,11
17-02-1988,48,15,31,5,49,22
20-02-1988,44,11,39,2,22,4
24-02-1988,34,3,23,19,24,6
24-02-1988,2,21,32,27,29,40
27-02-1988,22,10,44,45,27,31
02-03-1988,40,21,47,45,37,12
02-03-1988,15,23,42,25,7,22
05-03-1988,43,33,12,27,47,34
09-03-1988,30,36,18,11,33,9
09-03-1988,47,19,22,16,5,30
12-03-1988,11,46,18,9,36,30
16-03-1988,26,16,23,36,40,13
16-03-1988,44,5,23,41,27,47
19-03-1988,32,11,30,12,39,14
23-03-1988,48,3,18,40,8,22
23-03-1988,34,42,15,16,9,44
26-03-1988,10,11,47,38,28,43
30-03-1988,46,33,42,29,7,15
30-03-1988,43,17,38,42,49,44
02-04-1988,43,33,6,38,19,3
06-04-1988,1,8,32,25,46,14
06-04-1988,12,49,44,29,47,19
09-04-1988,12,49,15,22,42,35
13-04-1988,23,7,16,21,9,38
13-04-1988,5,46,3,35,28,41
16-04-1988,9,30,42,26,16,35
20-04-1988,17,39,30,20,25,44
20-04-1988,20,31,18,2,21,42
23-04-1988,33,44,43,12,10,40
27-04-1988,32,25,27,47,9,48
27-04-1988,43,30,26,4,42,31
30-04-1988,31,8,12,29,15,40
04-05-1988,43,20,2,8,24,19
04-05-1988,26,30,15,19,40,43
07-05-1988,5,19,20,40,47,2
11-05-1988,3,35,28,6,40,22
11-05-1988,44,3,24,42,9,19
14-05-1988,22,41,7,46,4,26
18-05-1988,23,37,44,34,21,19
18-05-1988,38,39,8,31,11,19
21-05-1988,41,3,19,20,15,40
25-05-1988,25,20,7,35,16,29
25-05-1988,2,24,27,11,38,42
28-05-1988,2,10,42,34,44,23
01-06-1988,25,7,45,1,34,48
01-06-1988,11,17,13,44,14,12
04-06-1988,20,22,18,40,19,35
08-06-1988,22,32,3,35,43,13
08-06-1988,37,5,7,15,41,35
11-06-1988,35,29,26,41,31,36
15-06-1988,30,10,27,29,7,14
15-06-1988,16,36,24,18,12,14
18-06-1988,37,1,10,44,47,43
22-06-1988,15,49,45,8,24,5
22-06-1988,28,41,3,26,2,14
25-06-1988,26,11,7,47,36,30
29-06-1988,46,27,11,38,35,48
29-06-1988,32,23,18,42,13,28
02-07-1988,19,29,38,39,4,11
06-07-1988,10,14,12,7,6,49
06-07-1988,30,31,27,2,19,7
09-07-1988,19,18,42,8,29,37
13-07-1988,34,19,17,10,47,22
13-07-1988,14,6,13,15,11,3
16-07-1988,41,45,3,23,30,28
20-07-1988,32,16,44,27,5,45
20-07-1988,40,33,17,44,34,48
23-07-1988,46,12,27,3,42,7
27-07-1988,26,17,10,11,41,40
27-07-1988,9,21,41,38,46,36
30-07-1988,40,4,49,7,25,39
03-08-1988,13,7,15,11,4,47
03-08-1988,21,2,5,9,31,12
06-08-1988,23,38,6,41,4,29
10-08-1988,38,32,6,11,18,5
10-08-1988,46,18,10,13,27,16
13-08-1988,44,16,2,37,9,14
17-08-1988,47,45,41,15,42,4
17-08-1988,16,20,9,34,36,46
20-08-1988,22,36,43,48,47,26
24-08-1988,21,13,20,1,43,15
24-08-1988,14,37,31,30,32,24
27-08-1988,17,9,21,28,22,32
31-08-1988,26,43,47,7,25,5
31-08-1988,40,41,17,33,36,31
03-09-1988,17,23,1,3,8,30
07-09-1988,46,25,22,13,26,5
07-09-1988,46,18,7,14,3,21
10-09-1988,20,28,15,5,14,45
14-09-1988,2,13,23,26,20,40
14-09-1988,22,19,44,39,36,27
17-09-1988,19,38,43,34,20,22
21-09-1988,28,36,47,14,2,41
21-09-1988,11,25,17,48,38,47
24-09-1988,21,47,23,3,27,25
28-09-1988,7,38,16,22,40,42
28-09-1988,36,35,18,30,9,2
01-10-1988,8,5,34,28,11,19
05-10-1988,38,37,13,11,4,9
05-10-1988,11,27,7,5,24,47
08-10-1988,8,39,3,13,9,15
12-10-1988,5,9,12,3,47,24
12-10-1988,31,2,23,44,7,3
15-10-1988,43,32,4,49,14,21
19-10-1988,13,26,12,1,44,40
19-10-1988,48,46,4,25,26,36
22-10-1988,9,30,4,29,41,24
26-10-1988,19,43,13,22,20,31
26-10-1988,46,22,47,35,48,23
29-10-1988,20,47,12,27,34,36
02-11-1988,26,35,48,23,2,40
02-11-1988,1,42,19,39,30,21
05-11-1988,17,21,15,34,10,38
09-11-1988,13,31,7,37,2,20
09-11-1988,5,2,24,49,9,47
12-11-1988,26,22,27,29,37,33
16-11-1988,48,17,44,11,14,1
16-11-1988,14,28,7,8,27,25
19-11-1988,24,29,44,32,5,37
23-11-1988,33,11,40,2,6,49
23-11-1988,23,8,17,5,13,30
26-11-1988,11,46,10,28,24,20
30-11-1988,38,20,29,21,42,48
30-11-1988,29,16,3,10,27,44
03-12-1988,42,9,11,45,47,31
07-12-1988,42,38,48,18,47,41
07-12-1988,10,49,35,43,38,41
10-12-1988,29,26,15,38,42,9
14-12-1988,4,22,1,5,20,13
14-12-1988,3,24,31,41,39,12
17-12-1988,48,34,47,49,39,35
21-12-1988,6,30,35,13,19,5
21-12-1988,26,14,37,44,29,2
24-12-1988,1,25,16,4,48,31
28-12-1988,15,25,18,19,6,9
28-12-1988,27,45,38,8,10,43
31-12-1988,49,33,24,12,41,8
04-01-1989,37,46,33,30,6,34
04-01-1989,33,10,12,1,38,5
07-01-1989,26,6,2,32,45,13
11-01-1989,4,38,36,1,7,15
11-01-1989,29,43,27,12,39,44
14-01-1989,35,7,23,12,6,36
18-01-1989,2,30,38,35,40,44
18-01-1989,30,25,9,6,21,10
21-01-1989,40,16,13,12,17,26
25-01-1989,2,9,24,31,4,40
25-01-1989,47,28,23,9,38,42
28-01-1989,17,5,37,49,1,9
01-02-1989,44,1,18,4,12,8
01-02-1989,19,37,30,34,1,16
04-02-1989,19,11,25,27,43,37
08-02-1989,22,30,14,29,34,4
08-02-1989,32,1,43,45,16,23
11-02-1989,43,40,14,41,44,36
15-02-1989,46,44,2,17,3,14
15-02-1989,37,41,25,29,20,48
18-02-1989,38,45,16,37,29,1
22-02-1989,19,43,11,36,9,39
22-02-1989,16,25,34,19,17,7
25-02-1989,16,41,42,21,9,12
01-03-1989,31,29,41,17,4,19
01-03-1989,28,5,20,24,11,10
04-03-1989,14,17,33,18,35,41
08-03-1989,9,45,40,39,24,34
08-03-1989,42,9,12,5,36,45
11-03-1989,20,42,49,43,44,19
15-03-1989,3,29,40,44,2,13
15-03-1989,8,1,38,47,39,12
18-03-1989,22,10,38,5,7,6
22-03-1989,4,6,33,11,49,34
22-03-1989,45,37,27,48,30,38
25-03-1989,44,38,48,19,37,39
29-03-1989,12,36,49,8,18,24
29-03-1989,1,3,36,45,24,8
01-04-1989,35,10,18,32,28,38
05-04-1989,44,26,37,33,10,49
05-04-1989,33,35,49,19,9,5
08-04-1989,6,43,31,24,12,48
12-04-1989,13,16,27,36,35,29
12-04-1989,27,25,13,45,26,1
15-04-1989,41,2,42,33,3,7
19-04-1989,48,30,1,36,37,19
19-04-1989,45,47,38,39,46,43
22-04-1989,31,4,22,34,9,16
26-04-1989,8,30,18,28,40,37
26-04-1989,23,38,21,32,3,14
29-04-1989,22,42,19,7,5,48
03-05-1989,20,41,34,15,13,39
03-05-1989,37,2,24,38,7,17
06-05-1989,25,12,4,43,16,11
10-05-1989,46,14,23,24,29,44
10-05-1989,39,15,11,47,4,32
13-05-1989,26,18,24,5,17,41
17-05-1989,21,31,46,17,4,42
17-05-1989,6,20,3,41,48,4
20-05-1989,36,9,6,47,35,5
24-05-1989,13,6,35,20,29,31
24-05-1989,3,31,49,26,30,5
27-05-1989,21,8,29,17,25,4
31-05-1989,16,37,32,3,36,20
31-05-1989,33,20,31,21,19,13
03-06-1989,27,7,23,19,22,17
07-06-1989,17,39,24,40,23,14
07-06-1989,2,18,28,26,21,27
10-06-1989,6,10,16,8,21,34
14-06-1989,3,10,7,16,21,30
14-06-1989,15,21,13,45,16,25
17-06-1989,41,40,4,32,12,8
21-06-1989,33,49,12,38,43,30
21-06-1989,24,21,34,39,46,30
24-06-1989,42,46,38,16,4,14
28-06-1989,49,5,7,3,47,36
28-06-1989,13,47,45,8,29,20
01-07-1989,21,24,16,19,44,4
05-07-1989,22,40,3,47,15,19
05-07-1989,45,49,5,44,23,10
08-07-1989,2,7,36,3,25,4
12-07-1989,9,3,39,49,21,45
12-07-1989,20,46,28,10,37,49
15-07-1989,38,15,5,24,17,49
19-07-1989,11,25,12,42,35,20
19-07-1989,47,5,39,7,20,14
22-07-1989,12,26,31,43,13,28
26-07-1989,37,34,48,41,40,20
26-07-1989,25,45,38,27,48,20
29-07-1989,3,12,30,32,15,2
02-08-1989,43,12,17,48,14,49
02-08-1989,40,8,34,27,10,41
05-08-1989,42,47,20,38,9,11
09-08-1989,40,33,29,41,49,22
09-08-1989,14,15,27,6,21,11
12-08-1989,11,37,17,47,16,8
16-08-1989,18,16,5,19,4,8
16-08-1989,24,43,19,40,39,32
19-08-1989,14,13,29,27,11,18
23-08-1989,4,34,45,42,41,10
23-08-1989,4,40,43,36,10,2
26-08-1989,1,46,22,40,20,13
30-08-1989,13,45,33,8,3,41
30-08-1989,30,33,45,6,23,42
02-09-1989,25,39,26,2,19,21
06-09-1989,49,12,34,3,43,7
06-09-1989,21,34,7,33,1,19
09-09-1989,42,46,39,26,13,47
13-09-1989,4,9,35,36,21,20
13-09-1989,34,3,15,21,14,16
16-09-1989,38,43,23,21,47,9
20-09-1989,43,15,3,32,6,22
20-09-1989,8,27,9,47,21,35
23-09-1989,6,39,12,45,7,32
27-09-1989,28,14,31,46,22,12
27-09-1989,13,9,15,36,42,7
30-09-1989,35,29,17,10,4,28
04-10-1989,12,30,18,37,48,9
04-10-1989,16,3,45,18,6,26
07-10-1989,4,8,49,2,40,23
11-10-1989,36,3,27,40,24,46
11-10-1989,29,12,7,49,46,41
14-10-1989,37,9,3,35,27,5
18-10-1989,26,47,17,23,25,1
18-10-1989,39,49,2,45,33,20
21-10-1989,8,20,4,36,13,21
25-10-1989,26,47,20,2,42,22
25-10-1989,31,25,47,18,29,36
28-10-1989,21,34,24,3,25,32
01-11-1989,33,32,1,40,39,28
01-11-1989,25,16,38,39,18,48
04-11-1989,27,37,32,9,47,44
08-11-1989,45,14,25,18,33,29
08-11-1989,25,31,29,16,49,37
11-11-1989,48,20,4,26,29,32
15-11-1989,25,44,36,2,30,34
15-11-1989,42,8,30,31,10,33
18-11-1989,33,36,32,2,27,3
22-11-1989,24,37,28,43,30,49
22-11-1989,32,38,29,12,46,14
25-11-1989,42,46,21,7,5,8
29-11-1989,7,2,36,27,46,20
29-11-1989,48,4,47,25,2,10
02-12-1989,46,27,47,23,19,48
06-12-1989,22,29,9,40,16,30
06-12-1989,14,15,34,28,19,5
09-12-1989,2,46,37,15,24,33
13-12-1989,45,49,39,33,46,30
13-12-1989,24,49,20,7,27,5
16-12-1989,31,26,33,28,3,18
20-12-1989,19,6,42,41,40,43
20-12-1989,41,28,29,36,26,18
23-12-1989,9,38,28,7,39,23
27-12-1989,3,4,2,43,12,26
27-12-1989,9,12,2,16,46,38
30-12-1989,49,16,44,46,15,2
03-01-1990,29,15,1,25,16,45
03-01-1990,46,5,6,3,43,15
06-01-1990,44,45,48,12,46,30
10-01-1990,13,34,21,17,42,44
10-01-1990,11,14,43,6,41,25
13-01-1990,37,33,12,6,42,15
17-01-1990,37,33,20,22,24,43
17-01-1990,15,3,25,26,22,46
20-01-1990,8,42,40,1,17,18
24-01-1990,31,16,13,7,5,21
24-01-1990,20,7,3,38,15,22
27-01-1990,12,10,42,6,9,37
31-01-1990,1,26,33,15,41,43
31-01-1990,2,22,14,31,5,4
03-02-1990,29,46,48,42,35,20
07-02-1990,33,47,10,12,38,36
07-02-1990,8,10,49,44,48,27
10-02-1990,49,46,10,20,21,38
14-02-1990,40,49,35,20,16,39
14-02-1990,42,37,40,12,18,34
17-02-1990,7,25,1,49,32,15
21-02-1990,11,10,38,9,8,46
21-02-1990,7,30,17,35,1,49
24-02-1990,12,17,14,27,8,46
28-02-1990,3,31,37,15,44,19
28-02-1990,49,38,36,22,14,1
03-03-1990,45,42,43,17,4,11
07-03-1990,42,10,44,12,19,16
07-03-1990,10,12,8,42,18,3
10-03-1990,12,39,24,4,29,21
14-03-1990,27,25,7,45,13,43
14-03-1990,10,40,28,45,33,38
17-03-1990,7,36,48,34,46,4
21-03-1990,34,23,22,40,7,21
21-03-1990,32,4,26,49,36,3
24-03-1990,43,49,14,8,33,38
28-03-1990,38,49,30,11,48,21
28-03-1990,27,7,6,13,25,23
31-03-1990,3,7,10,9,32,6
04-04-1990,9,25,41,18,15,28
04-04-1990,42,19,32,11,5,39
07-04-1990,42,3,49,12,31,26
11-04-1990,3,33,6,18,36,44
11-04-1990,4,26,35,49,13,44
14-04-1990,4,28,9,34,23,24
18-04-1990,37,48,29,35,39,3
18-04-1990,33,14,43,27,38,44
21-04-1990,26,13,38,18,25,3
25-04-1990,29,9,8,38,48,17
25-04-1990,44,20,5,12,38,22
28-04-1990,20,47,5,17,43,19
02-05-1990,22,49,34,46,15,43
02-05-1990,32,43,49,26,22,28
05-05-1990,20,7,8,23,35,42
09-05-1990,24,6,15,49,11,13
09-05-1990,48,43,4,25,27,9
12-05-1990,19,21,3,4,41,29
16-05-1990,16,1,40,3,6,12
16-05-1990,22,46,3,30,2,45
19-05-1990,3,25,14,6,41,40
23-05-1990,17,25,47,30,7,18
23-05-1990,1,30,20,44,29,3
26-05-1990,46,49,1,12,22,18
30-05-1990,41,28,24,38,49,20
30-05-1990,42,20,12,28,4,19
02-06-1990,11,49,35,34,1,26
06-06-1990,16,12,39,34,23,31
06-06-1990,44,14,49,34,22,16
09-06-1990,36,9,28,3,37,32
13-06-1990,14,6,19,41,8,15
13-06-1990,15,32,8,41,44,2
16-06-1990,17,39,6,18,26,35
20-06-1990,21,28,2,47,33,36
20-06-1990,36,33,28,46,9,15
23-06-1990,36,40,1,44,19,25
27-06-1990,35,6,21,10,3,28
27-06-1990,24,16,12,4,3,44
30-06-1990,28,2,4,35,5,27
04-07-1990,45,34,36,2,26,9
04-07-1990,44,8,40,27,11,25
07-07-1990,43,20,48,42,10,4
11-07-1990,31,35,29,11,36,20
11-07-1990,30,17,28,25,4,46
14-07-1990,37,34,18,2,10,22
18-07-1990,1,49,34,4,11,47
18-07-1990,2,42,16,33,32,9
21-07-1990,20,27,34,43,24,47
25-07-1990,47,44,13,42,28,22
25-07-1990,5,14,39,12,15,6
28-07-1990,37,49,28,3,24,23
01-08-1990,30,25,13,4,31,17
01-08-1990,9,5,8,13,37,30
04-08-1990,30,10,25,29,14,12
08-08-1990,22,33,10,21,46,11
08-08-1990,14,17,26,43,20,45
11-08-1990,36,25,7,21,29,5
15-08-1990,47,30,36,11,34,31
15-08-1990,27,28,41,19,45,37
18-08-1990,37,35,1,17,48,4
22-08-1990,47,18,19,41,14,6
22-08-1990,34,3,17,23,5,7
25-08-1990,16,17,33,40,41,35
29-08-1990,1,4,20,33,17,25
29-08-1990,21,26,27,37,34,8
01-09-1990,20,11,34,39,24,9
05-09-1990,27,19,43,28,14,46
05-09-1990,1,41,19,18,2,22
08-09-1990,29,19,35,22,9,7
12-09-1990,22,5,6,3,41,15
12-09-1990,2,35,13,27,43,14
15-09-1990,24,2,32,21,26,42
19-09-1990,30,15,22,31,44,46
19-09-1990,31,5,40,35,29,16
22-09-1990,38,3,17,2,21,46
26-09-1990,37,47,12,11,13,44
26-09-1990,7,37,44,10,1,23
29-09-1990,22,47,31,37,16,46
03-10-1990,25,17,20,12,38,8
03-10-1990,43,46,49,25,12,3
06-10-1990,1,27,31,7,41,32
10-10-1990,37,35,1,43,18,6
10-10-1990,26,4,9,33,36,2
13-10-1990,13,9,46,40,22,11
17-10-1990,38,23,29,32,33,13
17-10-1990,1,44,38,24,4,21
20-10-1990,43,46,15,24,34,25
24-10-1990,27,14,12,4,17,25
24-10-1990,46,10,17,11,26,41
27-10-1990,25,5,11,26,19,23
31-10-1990,27,25,40,23,7,10
31-10-1990,45,16,36,49,31,19
03-11-1990,33,27,42,49,3,25
07-11-1990,5,4,42,45,39,43
07-11-1990,33,47,41,40,4,2
10-11-1990,12,42,3,37,18,24
14-11-1990,6,39,25,17,43,1
14-11-1990,30,11,31,18,2,17
17-11-1990,49,34,25,17,14,15
21-11-1990,6,39,34,16,25,22
21-11-1990,45,42,14,39,43,15
24-11-1990,15,30,24,43,46,32
28-11-1990,49,2,3,31,36,17
28-11-1990,12,48,18,46,25,17
01-12-1990,33,36,2,47,6,18
05-12-1990,6,20,42,31,40,23
05-12-1990,17,1,46,44,11,9
08-12-1990,34,13,49,42,18,6
12-12-1990,6,35,4,43,23,13
12-12-1990,19,32,31,21,45,6
15-12-1990,40,43,26,7,8,37
19-12-1990,6,24,28,14,23,42
19-12-1990,9,20,36,31,49,25
22-12-1990,40,37,19,3,25,24
26-12-1990,28,27,18,7,49,45
26-12-1990,43,45,26,32,20,1
29-12-1990,13,18,32,5,29,35
02-01-1991,26,30,40,12,45,10
02-01-1991,4,45,33,48,40,3
05-01-1991,17,47,23,5,8,40
09-01-1991,38,26,46,41,16,23
09-01-1991,27,39,22,42,3,34
12-01-1991,2,15,22,39,41,37
16-01-1991,17,1,34,3,18,11
16-01-1991,20,28,21,45,33,29
19-01-1991,8,16,10,2,5,6
23-01-1991,5,30,28,41,20,29
23-01-1991,43,37,47,7,18,1
26-01-1991,47,9,19,34,26,43
30-01-1991,31,13,43,32,26,39
30-01-1991,6,32,19,44,8,14
02-02-1991,33,15,49,43,5,48
06-02-1991,43,44,33,12,24,25
06-02-1991,21,5,37,13,38,22
09-02-1991,34,49,4,31,38,8
13-02-1991,15,33,45,46,39,49
13-02-1991,36,48,46,32,15,43
16-02-1991,11,42,37,5,44,38
20-02-1991,12,22,11,48,27,28
20-02-1991,23,20,31,2,34,5
23-02-1991,5,33,30,15,6,19
27-02-1991,47,8,1,15,19,20
27-02-1991,27,34,15,4,33,49
02-03-1991,2,33,36,6,40,4
06-03-1991,14,20,41,24,39,13
06-03-1991,4,17,9,26,14,7
09-03-1991,21,13,27,16,43,22
13-03-1991,35,8,39,15,22,11
13-03-1991,23,24,19,16,1,43
16-03-1991,49,20,36,24,3,5
20-03-1991,35,47,31,43,41,26
20-03-1991,46,49,9,40,25,23
23-03-1991,37,24,18,49,31,43
27-03-1991,8,18,7,29,20,23
27-03-1991,20,37,9,46,23,28
30-03-1991,5,42,20,4,47,49
03-04-1991,47,9,44,19,37,27
03-04-1991,39,48,17,7,34,19
06-04-1991,11,26,49,27,20,38
10-04-1991,22,23,48,35,21,29
10-04-1991,26,37,48,1,25,8
13-04-1991,31,26,33,10,23,47
17-04-1991,31,28,15,7,40,26
17-04-1991,26,2,17,28,16,24
20-04-1991,17,49,38,10,12,37
24-04-1991,29,26,8,16,17,9
24-04-1991,46,7,49,24,33,9
27-04-1991,46,35,34,24,14,43
01-05-1991,43,13,28,38,24,25
01-05-1991,24,47,44,27,34,12
04-05-1991,19,30,35,21,36,43
08-05-1991,40,35,26,1,19,27
08-05-1991,31,34,27,21,35,29
11-05-1991,22,10,7,44,28,31
15-05-1991,10,44,31,42,13,45
15-05-1991,35,5,37,17,1,12
18-05-1991,46,16,4,21,22,36
22-05-1991,21,2,11,38,18,37
22-05-1991,26,2,36,40,12,20
25-05-1991,38,1,42,40,20,41
29-05-1991,29,27,18,10,22,8
29-05-1991,2,17,48,4,31,28
01-06-1991,40,11,9,13,7,32
05-06-1991,32,35,38,40,9,26
05-06-1991,21,7,11,35,48,1
08-06-1991,4,28,36,16,22,30
12-06-1991,23,27,28,14,47,12
12-06-1991,8,19,23,13,20,45
15-06-1991,34,28,26,1,48,25
19-06-1991,30,33,13,49,29,5
19-06-1991,22,1,35,36,44,45
22-06-1991,32,42,39,3,21,48
26-06-1991,14,25,4,28,26,45
26-06-1991,42,15,36,41,45,7
29-06-1991,5,4,27,47,24,42
03-07-1991,19,18,21,20,31,2
03-07-1991,21,40,44,42,26,33
06-07-1991,3,41,5,10,13,38
10-07-1991,4,20,29,6,41,8
10-07-1991,18,33,12,29,7,15
13-07-1991,19,1,15,31,32,43
17-07-1991,3,34,18,49,13,31
17-07-1991,6,47,28,46,29,35
20-07-1991,1,33,4,26,47,22
24-07-1991,30,26,32,42,11,16
24-07-1991,42,3,28,10,27,23
27-07-1991,12,46,39,41,5,37
31-07-1991,16,31,30,9,33,27
31-07-1991,24,21,17,12,33,30
03-08-1991,48,2,27,31,40,38
07-08-1991,30,6,22,14,26,7
07-08-1991,20,47,17,40,5,46
10-08-1991,23,10,41,22,25,7
14-08-1991,7,14,48,27,28,32
14-08-1991,40,1,36,21,39,13
17-08-1991,8,47,7,29,10,39
21-08-1991,5,48,17,6,47,14
21-08-1991,49,27,45,31,46,14
24-08-1991,31,26,36,41,32,7
28-08-1991,45,27,7,43,37,35
28-08-1991,31,45,26,23,43,14
31-08-1991,40,9,7,32,38,28
04-09-1991,14,5,1,7,4,33
04-09-1991,46,8,9,16,21,20
07-09-1991,32,44,49,48,34,45
11-09-1991,4,35,27,11,43,6
11-09-1991,35,10,36,31,39,26
14-09-1991,33,35,37,40,24,32
18-09-1991,21,15,3,34,26,39
18-09-1991,9,3,10,1,49,5
21-09-1991,18,9,19,46,40,17
25-09-1991,15,3,38,32,12,14
25-09-1991,3,24,16,6,9,29
28-09-1991,18,3,12,23,35,43
02-10-1991,27,35,38,21,36,41
02-10-1991,31,17,48,40,25,47
05-10-1991,23,17,16,12,31,36
09-10-1991,25,28,24,18,30,31
09-10-1991,9,49,18,30,45,14
12-10-1991,9,14,13,21,8,41
16-10-1991,12,40,19,32,26,22
16-10-1991,27,15,42,48,40,37
19-10-1991,24,39,38,4,34,33
23-10-1991,9,29,40,5,44,7
23-10-1991,21,3,42,48,29,39
26-10-1991,17,41,25,4,8,2
30-10-1991,15,12,45,1,3,9
30-10-1991,17,5,49,21,46,38
02-11-1991,4,24,45,23,32,18
06-11-1991,6,26,17,22,29,12
06-11-1991,48,18,44,24,41,16
09-11-1991,26,9,18,2,14,21
13-11-1991,36,40,15,39,22,45
13-11-1991,26,36,6,31,37,45
16-11-1991,32,31,2,8,43,29
20-11-1991,7,43,36,30,18,16
20-11-1991,29,36,8,40,15,33
23-11-1991,26,11,40,36,3,9
27-11-1991,6,1,17,29,34,42
27-11-1991,10,40,46,29,1,47
30-11-1991,15,6,12,28,16,48
04-12-1991,20,12,4,16,39,44
04-12-1991,48,13,12,11,27,40
07-12-1991,6,49,16,42,41,17
11-12-1991,24,47,30,20,8,32
11-12-1991,30,43,47,16,14,32
14-12-1991,37,43,1,44,39,47
18-12-1991,3,48,30,16,1,33
18-12-1991,28,4,13,36,42,24
21-12-1991,49,32,30,45,12,8
25-12-1991,25,44,38,20,37,1
25-12-1991,31,38,34,30,12,23
28-12-1991,46,17,43,45,35,36
01-01-1992,27,7,41,6,48,17
01-01-1992,23,41,34,10,17,1
04-01-1992,27,11,18,16,32,39
08-01-1992,27,33,46,5,22,21
08-01-1992,41,39,32,47,33,5
11-01-1992,45,39,1,3,21,18
15-01-1992,33,17,38,15,27,16
15-01-1992,41,15,30,35,43,21
18-01-1992,4,32,9,48,31,14
22-01-1992,47,6,3,26,17,32
22-01-1992,48,21,29,13,10,8
25-01-1992,31,40,20,41,22,47
29-01-1992,35,27,43,9,5,23
29-01-1992,29,41,10,39,34,26
01-02-1992,14,35,47,30,22,16
05-02-1992,43,1,25,36,28,47
05-02-1992,9,33,6,46,5,16
08-02-1992,41,16,25,40,6,37
12-02-1992,27,15,29,40,6,32
12-02-1992,36,5,32,20,31,2
15-02-1992,41,32,48,17,35,4
19-02-1992,3,8,7,43,6,48
19-02-1992,18,41,4,30,39,27
22-02-1992,46,4,3,39,40,11
26-02-1992,43,10,39,1,31,3
26-02-1992,3,49,38,40,16,8
29-02-1992,30,11,19,27,13,25
04-03-1992,22,20,8,41,14,13
04-03-1992,45,27,29,2,17,41
07-03-1992,42,9,31,15,28,43
11-03-1992,38,11,8,27,41,37
11-03-1992,32,33,43,2,11,4
14-03-1992,45,36,2,18,16,46
18-03-1992,38,35,6,13,11,33
18-03-1992,41,20,37,8,10,11
21-03-1992,19,21,20,47,14,35
25-03-1992,9,15,21,19,31,29
25-03-1992,45,6,33,12,8,23
28-03-1992,1,42,36,37,5,21
01-04-1992,15,34,42,48,21,29
01-04-1992,45,16,2,18,42,11
04-04-1992,1,5,27,3,17,30
08-04-1992,27,5,40,11,28,24
08-04-1992,34,32,43,37,16,46
11-04-1992,11,29,49,37,14,31
15-04-1992,13,32,39,46,16,23
15-04-1992,35,19,43,2,26,44
18-04-1992,49,10,41,40,24,31
22-04-1992,9,37,38,17,26,35
22-04-1992,2,12,45,8,31,40
25-04-1992,22,25,39,5,4,15
29-04-1992,21,41,24,25,42,6
29-04-1992,36,46,30,25,4,1
02-05-1992,29,39,2,46,5,22
06-05-1992,11,31,9,49,14,43
06-05-1992,3,35,6,43,8,45
09-05-1992,19,32,3,4,15,41
13-05-1992,43,17,11,6,1,41
13-05-1992,14,20,27,12,24,45
16-05-1992,7,44,17,1,28,49
20-05-1992,46,26,17,29,2,49
20-05-1992,9,39,16,31,15,49
23-05-1992,9,21,38,36,26,29
27-05-1992,9,30,21,2,23,38
27-05-1992,2,1,4,17,12,38
30-05-1992,21,33,19,32,8,36
03-06-1992,3,31,14,44,15,6
03-06-1992,22,35,31,4,9,27
06-06-1992,36,11,26,29,24,6
10-06-1992,18,42,14,35,41,19
10-06-1992,18,39,29,2,38,14
13-06-1992,43,17,2,35,23,46
17-06-1992,37,24,21,28,49,16
17-06-1992,22,25,27,15,34,4
20-06-1992,27,41,2,46,28,44
24-06-1992,35,2,41,47,44,42
24-06-1992,49,7,14,42,41,37
27-06-1992,14,19,42,3,15,24
01-07-1992,26,24,36,45,28,33
01-07-1992,3,16,20,2,30,32
04-07-1992,39,16,32,12,35,28
08-07-1992,48,28,40,8,39,22
08-07-1992,30,17,8,33,46,20
11-07-1992,24,5,19,1,48,16
15-07-1992,3,37,12,23,6,9
15-07-1992,1,21,33,11,35,34
18-07-1992,36,37,25,20,8,30
22-07-1992,31,22,41,1,27,7
22-07-1992,29,49,6,17,3,20
25-07-1992,48,1,5,45,35,18
29-07-1992,16,9,40,34,42,30
29-07-1992,49,22,28,7,25,16
01-08-1992,15,10,6,25,41,17
05-08-1992,18,47,45,20,14,9
05-08-1992,25,5,42,10,30,13
08-08-1992,10,5,26,25,9,45
12-08-1992,28,12,43,38,34,10
12-08-1992,19,44,8,29,40,13
15-08-1992,11,43,14,35,37,12
19-08-1992,30,17,10,48,32,21
19-08-1992,39,27,26,7,40,47
22-08-1992,5,45,39,32,40,36
26-08-1992,48,28,39,45,24,40
26-08-1992,7,2,34,28,14,38
29-08-1992,25,47,49,10,41,12
02-09-1992,25,8,6,45,19,7
02-09-1992,12,3,45,32,26,41
05-09-1992,12,32,8,38,35,30
09-09-1992,44,21,28,25,30,34
09-09-1992,37,16,25,41,39,33
12-09-1992,14,25,19,20,33,15
16-09-1992,2,16,26,24,36,20
16-09-1992,6,2,26,24,32,45
19-09-1992,5,42,46,3,35,24
23-09-1992,12,34,8,38,41,13
23-09-1992,4,48,23,42,8,18
26-09-1992,18,28,12,19,37,13
30-09-1992,43,44,21,14,27,3
30-09-1992,21,12,47,44,23,38
03-10-1992,8,7,18,19,32,49
07-10-1992,3,19,36,16,13,8
07-10-1992,32,27,36,24,14,9
10-10-1992,33,41,42,11,22,12
14-10-1992,44,40,37,3,13,19
14-10-1992,35,38,5,17,45,11
17-10-1992,26,39,16,24,45,28
21-10-1992,13,3,26,25,27,31
21-10-1992,20,27,45,38,23,15
24-10-1992,7,45,18,22,5,16
28-10-1992,12,47,2,23,43,21
28-10-1992,5,29,33,38,36,28
31-10-1992,5,46,24,34,14,48
04-11-1992,17,14,40,49,11,8
04-11-1992,4,16,46,28,35,2
07-11-1992,19,28,27,12,48,15
11-11-1992,15,30,49,19,43,25
11-11-1992,37,14,2,39,10,30
14-11-1992,46,17,18,48,19,34
18-11-1992,38,12,1,10,42,22
18-11-1992,27,9,8,19,29,45
21-11-1992,15,3,43,33,38,28
25-11-1992,9,44,1,6,29,14
25-11-1992,10,47,32,16,22,4
28-11-1992,40,34,7,38,18,49
02-12-1992,46,24,28,29,12,36
02-12-1992,43,32,5,16,40,45
05-12-1992,45,28,4,12,5,17
09-12-1992,46,49,40,47,48,15
09-12-1992,4,18,5,48,38,19
12-12-1992,9,5,12,19,28,21
16-12-1992,44,3,16,40,34,15
16-12-1992,20,21,41,9,32,3
19-12-1992,10,5,11,8,18,31
23-12-1992,11,2,32,1,6,24
23-12-1992,46,2,5,21,4,36
26-12-1992,15,17,43,39,2,7
30-12-1992,35,12,16,6,10,2
30-12-1992,16,43,48,23,25,15
02-01-1993,1,16,15,21,24,32
06-01-1993,47,6,32,11,40,15
06-01-1993,48,29,47,4,34,42
09-01-1993,30,22,11,7,42,1
13-01-1993,6,21,9,2,45,39
13-01-1993,3,47,14,34,43,33
16-01-1993,3,18,25,11,10,1
20-01-1993,27,39,28,33,4,44
20-01-1993,3,17,4,12,30,32
23-01-1993,21,14,18,29,45,2
27-01-1993,28,35,29,40,47,14
27-01-1993,28,15,3,31,38,18
30-01-1993,42,30,8,18,15,9
03-02-1993,22,46,31,47,48,18
03-02-1993,18,43,13,16,3,29
06-02-1993,6,42,25,20,32,4
10-02-1993,12,38,32,9,26,47
10-02-1993,38,31,33,47,22,27
13-02-1993,11,18,6,24,19,39
17-02-1993,48,38,39,22,4,43
17-02-1993,12,10,11,22,13,31
20-02-1993,36,24,49,10,9,23
24-02-1993,48,35,6,18,27,29
24-02-1993,41,24,34,2,32,36
27-02-1993,22,14,4,38,7,9
03-03-1993,41,26,39,3,5,29
03-03-1993,16,9,11,38,5,35
06-03-1993,17,30,12,18,32,6
10-03-1993,16,2,44,12,33,43
10-03-1993,27,7,29,14,41,47
13-03-1993,37,10,34,41,40,7
17-03-1993,27,44,48,17,12,2
17-03-1993,6,30,24,15,17,14
20-03-1993,21,12,49,44,34,10
24-03-1993,31,32,35,2,39,36
24-03-1993,29,31,34,35,46,20
27-03-1993,6,8,4,31,10,15
31-03-1993,38,22,44,48,1,31
31-03-1993,34,23,12,8,49,37
03-04-1993,44,26,16,46,22,9
07-04-1993,13,39,35,20,19,25
07-04-1993,25,2,49,29,11,33
10-04-1993,30,49,44,5,28,24
14-04-1993,10,38,1,39,14,41
14-04-1993,6,46,12,40,27,16
17-04-1993,36,27,32,18,23,22
21-04-1993,11,27,10,30,20,24
21-04-1993,24,25,11,21,10,17
24-04-1993,34,49,26,15,18,17
28-04-1993,20,49,3,44,27,31
28-04-1993,32,35,5,8,18,47
01-05-1993,34,6,30,13,2,1
05-05-1993,47,40,12,6,38,17
05-05-1993,39,19,20,22,43,35
08-05-1993,12,37,44,31,21,9
12-05-1993,39,20,7,38,14,4
12-05-1993,49,15,7,27,36,30
15-05-1993,8,48,31,30,26,22
19-05-1993,37,14,4,17,24,5
19-05-1993,47,49,36,46,40,26
22-05-1993,42,6,1,29,28,7
26-05-1993,42,7,48,12,16,26
26-05-1993,17,3,18,24,1,13
29-05-1993,29,14,40,24,26,30
02-06-1993,47,13,46,33,7,15
02-06-1993,10,13,14,44,5,45
05-06-1993,25,33,5,43,20,41
09-06-1993,42,21,17,48,39,27
09-06-1993,12,45,21,16,14,5
12-06-1993,43,22,10,34,18,35
16-06-1993,47,8,43,2,7,24
16-06-1993,5,22,10,42,34,25
19-06-1993,24,37,30,33,8,7
23-06-1993,8,12,9,49,43,27
23-06-1993,26,49,23,20,16,7
26-06-1993,49,41,11,14,6,8
30-06-1993,7,3,4,12,9,24
30-06-1993,13,35,49,14,5,43
03-07-1993,3,27,29,32,36,18
07-07-1993,42,16,38,20,45,40
07-07-1993,43,13,2,36,28,15
10-07-1993,41,17,15,40,27,26
14-07-1993,23,3,22,9,7,33
14-07-1993,47,48,8,7,42,18
17-07-1993,13,4,11,15,46,47
21-07-1993,44,2,23,28,6,43
21-07-1993,36,32,40,38,23,21
24-07-1993,32,6,46,25,18,41
28-07-1993,36,6,30,31,2,33
28-07-1993,38,21,27,15,30,33
31-07-1993,2,3,21,22,44,6
04-08-1993,40,22,31,1,36,30
04-08-1993,11,42,13,33,34,6
07-08-1993,20,25,17,46,41,13
11-08-1993,36,22,27,7,41,26
11-08-1993,29,49,27,3,25,36
14-08-1993,44,20,35,15,38,17
18-08-1993,44,10,25,12,5,18
18-08-1993,6,34,48,9,13,20
21-08-1993,44,31,6,8,29,9
25-08-1993,8,32,31,39,11,34
25-08-1993,42,49,30,16,43,41
28-08-1993,20,14,5,26,41,30
01-09-1993,9,15,11,38,33,1
01-09-1993,14,5,33,47,24,48
04-09-1993,26,19,2,25,39,14
08-09-1993,24,25,5,3,46,4
08-09-1993,9,47,37,22,12,41
11-09-1993,1,26,44,8,27,29
15-09-1993,23,48,14,12,44,11
15-09-1993,49,38,25,46,27,13
18-09-1993,23,47,5,22,14,37
22-09-1993,9,40,46,7,1,17
22-09-1993,15,25,38,24,44,11
25-09-1993,40,24,36,12,32,42
29-09-1993,43,16,37,36,42,33
29-09-1993,36,17,6,7,41,11
02-10-1993,6,34,39,30,25,27
06-10-1993,44,32,17,14,29,18
06-10-1993,26,33,37,45,38,15
09-10-1993,34,49,5,27,35,37
13-10-1993,36,8,39,14,25,21
13-10-1993,26,21,17,41,20,9
16-10-1993,6,14,20,34,46,12
20-10-1993,48,34,49,38,40,9
20-10-1993,30,29,43,9,23,44
23-10-1993,45,12,31,36,47,25
27-10-1993,34,16,24,10,7,48
27-10-1993,12,14,34,24,33,30
30-10-1993,28,27,20,18,12,1
03-11-1993,34,13,36,8,30,6
03-11-1993,27,25,5,39,26,42
06-11-1993,19,48,29,39,49,42
10-11-1993,40,36,13,39,6,33
10-11-1993,21,31,8,42,9,36
13-11-1993,21,3,46,38,1,26
17-11-1993,24,16,6,34,37,43
17-11-1993,43,32,22,14,41,35
20-11-1993,10,37,21,4,31,35
24-11-1993,44,23,47,25,15,31
24-11-1993,11,41,12,49,16,10
27-11-1993,24,6,5,22,8,2
01-12-1993,10,19,14,40,44,15
01-12-1993,42,25,7,41,43,18
04-12-1993,24,9,39,29,49,26
08-12-1993,38,41,4,5,36,31
08-12-1993,10,34,46,39,18,36
11-12-1993,36,33,30,9,48,27
15-12-1993,19,33,41,31,4,38
15-12-1993,5,18,19,28,4,7
18-12-1993,36,30,39,18,47,2
22-12-1993,31,4,12,32,23,41
22-12-1993,27,29,17,15,46,3
25-12-1993,18,34,32,22,29,44
29-12-1993,23,43,24,2,42,44
29-12-1993,37,8,5,21,12,24
01-01-1994,38,15,49,42,41,5
05-01-1994,37,11,8,22,32,15
05-01-1994,24,42,37,48,3,31
08-01-1994,43,10,32,35,19,13
12-01-1994,46,31,18,19,37,8
12-01-1994,13,31,26,27,49,42
15-01-1994,32,22,39,43,41,13
19-01-1994,34,12,8,2,23,41
19-01-1994,3,11,29,27,14,36
22-01-1994,30,13,3,17,44,37
26-01-1994,7,14,32,27,2,39
26-01-1994,23,43,34,9,17,18
29-01-1994,48,10,37,20,28,46
02-02-1994,16,48,21,46,49,23
02-02-1994,34,16,23,33,37,31
05-02-1994,5,10,34,29,18,21
09-02-1994,2,13,23,21,14,44
09-02-1994,9,7,40,42,21,45
12-02-1994,40,16,17,2,34,39
16-02-1994,30,22,32,49,17,20
16-02-1994,28,4,16,17,29,15
19-02-1994,12,31,2,39,15,24
23-02-1994,14,36,1,39,25,16
23-02-1994,28,9,18,44,20,30
26-02-1994,44,7,39,9,48,31
02-03-1994,10,19,8,30,46,9
02-03-1994,38,16,44,36,40,18
05-03-1994,46,32,4,49,11,7
09-03-1994,26,49,24,35,38,11
09-03-1994,32,33,34,46,30,29
12-03-1994,42,37,29,46,7,19
16-03-1994,19,26,25,1,32,35
16-03-1994,4,47,14,49,19,7
19-03-1994,14,24,32,42,36,11
23-03-1994,35,46,16,22,25,1
23-03-1994,23,14,10,19,37,38
26-03-1994,44,40,27,4,25,33
30-03-1994,25,1,39,31,24,3
30-03-1994,12,38,44,6,39,9
02-04-1994,37,49,19,48,21,32
06-04-1994,35,44,2,24,49,7
06-04-1994,1,15,30,24,33,2
09-04-1994,39,47,37,3,25,9
13-04-1994,26,24,5,37,23,16
13-04-1994,35,28,26,39,15,24
16-04-1994,6,17,21,46,1,24
20-04-1994,43,40,31,30,32,8
20-04-1994,15,28,17,18,9,38
23-04-1994,35,11,16,44,17,41
27-04-1994,24,3,36,27,42,1
27-04-1994,36,18,3,45,29,41
30-04-1994,17,44,36,2,29,14
04-05-1994,40,19,6,44,32,31
04-05-1994,3,25,17,30,1,23
07-05-1994,6,47,8,16,33,20
11-05-1994,30,8,38,47,1,15
11-05-1994,2,25,17,18,11,43
14-05-1994,39,11,8,4,17,38
18-05-1994,18,23,10,25,38,13
18-05-1994,45,5,42,22,18,10
21-05-1994,17,39,47,44,26,6
25-05-1994,10,34,9,14,48,31
25-05-1994,15,31,29,25,7,39
28-05-1994,19,2,38,49,16,46
01-06-1994,34,8,28,24,42,36
01-06-1994,21,8,48,39,10,35
04-06-1994,46,27,32,25,15,48
08-06-1994,37,14,5,35,38,11
08-06-1994,20,22,40,31,16,30
11-06-1994,9,29,49,16,4,39
15-06-1994,27,49,3,23,44,7
15-06-1994,3,4,29,41,6,47
18-06-1994,26,20,45,13,42,44
22-06-1994,40,17,12,2,8,39
22-06-1994,43,42,19,31,48,36
25-06-1994,10,1,2,35,30,29
29-06-1994,39,26,12,44,28,23
29-06-1994,41,2,19,3,48,11
02-07-1994,25,8,35,22,49,3
06-07-1994,4,37,34,45,39,6
06-07-1994,30,39,47,14,7,12
09-07-1994,17,36,28,27,18,25
13-07-1994,43,1,21,19,26,10
13-07-1994,13,47,38,16,27,17
16-07-1994,2,22,15,28,24,35
20-07-1994,5,7,6,4,13,39
20-07-1994,7,23,38,30,45,41
23-07-1994,5,45,7,48,20,40
27-07-1994,35,38,20,30,34,37
27-07-1994,16,43,35,37,41,25
30-07-1994,42,49,18,35,40,20
03-08-1994,14,2,37,9,4,23
03-08-1994,32,9,42,19,26,37
06-08-1994,20,42,39,27,44,7
10-08-1994,42,17,10,20,26,36
10-08-1994,3,42,23,18,35,17
13-08-1994,40,16,17,43,26,3
17-08-1994,48,28,3,11,12,21
17-08-1994,34,41,1,37,3,47
20-08-1994,41,4,33,36,40,27
24-08-1994,41,6,45,31,5,22
24-08-1994,28,20,31,5,12,30
27-08-1994,9,24,38,10,5,8
31-08-1994,46,9,17,16,30,11
31-08-1994,12,33,3,18,13,8
03-09-1994,30,17,16,5,42,24
07-09-1994,34,1,11,33,30,44
07-09-1994,40,10,22,1,21,39
10-09-1994,42,18,34,3,45,37
14-09-1994,18,25,31,33,15,43
14-09-1994,38,4,16,33,21,34
17-09-1994,37,27,15,48,41,14
21-09-1994,34,26,16,12,5,4
21-09-1994,15,29,44,21,19,12
24-09-1994,47,23,44,6,7,16
28-09-1994,30,12,18,4,47,16
28-09-1994,28,31,13,10,32,39
01-10-1994,38,1,32,8,28,9
05-10-1994,8,29,25,33,22,27
05-10-1994,11,26,10,8,41,32
08-10-1994,3,44,12,35,36,48
12-10-1994,12,30,5,22,41,43
12-10-1994,12,24,44,46,7,10
15-10-1994,5,7,41,18,22,38
19-10-1994,38,42,18,34,43,16
19-10-1994,43,28,44,45,19,11
22-10-1994,46,19,45,31,27,22
26-10-1994,42,35,43,46,8,23
26-10-1994,28,23,26,15,12,10
29-10-1994,15,13,33,23,29,7
02-11-1994,41,40,13,8,36,39
02-11-1994,14,45,23,26,15,2
05-11-1994,9,22,24,6,30,33
09-11-1994,45,9,22,27,46,24
09-11-1994,23,22,31,44,43,37
12-11-1994,41,29,31,19,36,48
16-11-1994,9,18,45,3,27,30
16-11-1994,6,46,25,11,9,47
19-11-1994,4,47,46,3,6,18
23-11-1994,9,39,2,43,1,41
23-11-1994,6,17,23,15,10,37
26-11-1994,13,28,10,3,23,14
30-11-1994,11,16,48,31,46,21
30-11-1994,11,37,10,6,9,15
03-12-1994,48,32,27,36,3,23
07-12-1994,37,15,38,34,46,21
07-12-1994,40,16,49,35,28,21
10-12-1994,5,13,43,3,8,2
14-12-1994,10,41,5,33,32,20
14-12-1994,1,10,23,24,7,39
17-12-1994,35,37,19,24,38,36
21-12-1994,40,33,16,18,5,1
21-12-1994,29,44,17,24,46,28
24-12-1994,1,13,43,16,30,6
28-12-1994,10,12,45,29,25,4
28-12-1994,17,49,27,37,39,9
31-12-1994,37,15,41,32,7,26
04-01-1995,20,36,43,42,24,37
04-01-1995,7,12,27,25,26,16
07-01-1995,2,48,12,47,41,19
11-01-1995,6,7,12,11,44,10
11-01-1995,24,45,2,43,30,42
14-01-1995,8,45,42,40,28,23
18-01-1995,41,5,12,40,18,49
18-01-1995,32,9,19,12,46,43
21-01-1995,44,27,21,12,41,18
25-01-1995,31,2,41,36,45,5
25-01-1995,35,2,19,26,8,39
28-01-1995,17,33,49,45,39,37
01-02-1995,1,22,25,41,4,37
01-02-1995,41,5,47,20,25,38
04-02-1995,8,2,4,31,6,44
08-02-1995,5,14,39,36,23,6
08-02-1995,37,30,24,42,35,18
11-02-1995,41,13,11,38,42,35
15-02-1995,11,28,48,10,25,37
15-02-1995,16,29,4,42,49,43
18-02-1995,9,1,38,12,24,31
22-02-1995,29,20,26,45,18,35
22-02-1995,32,15,41,46,1,3
25-02-1995,47,37,3,34,26,6
01-03-1995,25,19,21,36,47,2
01-03-1995,7,8,25,38,10,47
04-03-1995,36,37,49,41,47,27
08-03-1995,3,8,34,19,47,31
08-03-1995,49,5,20,25,33,19
11-03-1995,4,31,25,21,26,18
15-03-1995,26,46,43,9,30,34
15-03-1995,26,5,23,31,13,2
18-03-1995,13,33,7,43,8,32
22-03-1995,5,37,34,3,29,4
22-03-1995,2,28,3,17,18,47
25-03-1995,5,43,32,28,13,10
29-03-1995,2,20,42,27,48,49
29-03-1995,11,32,10,36,35,26
01-04-1995,4,11,33,48,32,20
05-04-1995,8,24,35,29,34,43
05-04-1995,39,21,22,20,35,25
08-04-1995,24,32,49,36,15,13
12-04-1995,37,26,44,35,27,20
12-04-1995,15,23,43,42,3,49
15-04-1995,38,10,33,23,45,26
19-04-1995,9,34,23,14,41,27
19-04-1995,44,41,47,43,31,12
22-04-1995,25,22,20,26,33,37
26-04-1995,15,45,43,24,38,8
26-04-1995,3,18,33,38,43,4
29-04-1995,13,21,31,4,25,26
03-05-1995,38,2,26,8,36,7
03-05-1995,1,47,8,33,18,11
06-05-1995,27,39,2,31,18,38
10-05-1995,12,2,6,37,47,26
10-05-1995,11,44,8,47,29,40
13-05-1995,34,16,28,30,48,1
17-05-1995,8,17,27,4,33,10
17-05-1995,46,18,17,26,29,3
20-05-1995,16,39,20,12,41,6
24-05-1995,26,9,41,14,22,3
24-05-1995,24,11,40,22,45,36
27-05-1995,28,1,13,25,30,18
31-05-1995,1,8,32,12,41,43
31-05-1995,12,8,49,20,14,48
03-06-1995,11,29,10,26,32,45
07-06-1995,8,35,10,9,21,27
07-06-1995,22,34,10,17,37,14
10-06-1995,18,3,20,21,40,30
14-06-1995,7,18,40,46,9,36
14-06-1995,49,45,15,39,4,31
17-06-1995,11,40,42,14,48,25
21-06-1995,25,27,15,48,30,42
21-06-1995,2,14,45,46,26,6
24-06-1995,30,28,33,3,37,7
28-06-1995,1,22,41,43,39,23
28-06-1995,5,2,47,25,34,12
01-07-1995,23,47,29,44,28,2
05-07-1995,17,28,26,37,14,10
05-07-1995,2,4,35,13,21,20
08-07-1995,21,44,24,22,10,9
12-07-1995,25,21,1,20,4,46
12-07-1995,22,31,45,35,43,44
15-07-1995,44,3,46,5,34,25
19-07-1995,37,44,10,9,7,39
19-07-1995,48,13,33,37,44,41
22-07-1995,12,47,32,26,13,16
26-07-1995,4,5,24,23,9,1
26-07-1995,47,17,15,8,6,39
29-07-1995,41,45,12,43,11,39
02-08-1995,31,40,39,33,6,13
02-08-1995,14,48,49,38,3,17
05-08-1995,47,9,23,17,36,5
09-08-1995,42,17,34,23,36,30
09-08-1995,12,19,5,8,36,40
12-08-1995,49,20,48,26,44,13
16-08-1995,48,1,26,42,8,22
16-08-1995,37,7,23,30,49,31
19-08-1995,32,36,23,49,42,4
23-08-1995,33,37,21,45,24,5
23-08-1995,20,42,38,23,33,21
26-08-1995,20,13,27,17,48,33
30-08-1995,32,43,8,27,5,37
30-08-1995,16,23,20,17,38,15
02-09-1995,11,37,6,25,32,42
06-09-1995,25,9,10,20,44,8
06-09-1995,3,15,1,4,22,33
09-09-1995,7,23,16,41,37,42
13-09-1995,29,48,5,37,49,21
13-09-1995,24,29,25,19,26,20
16-09-1995,40,29,19,43,21,37
20-09-1995,21,49,14,43,17,7
20-09-1995,32,42,27,14,16,26
23-09-1995,40,28,38,24,27,20
27-09-1995,27,43,26,16,34,9
27-09-1995,21,27,22,26,45,33
30-09-1995,14,11,15,25,6,46
04-10-1995,32,4,39,12,1,6
04-10-1995,43,41,31,20,4,18
07-10-1995,37,3,9,18,39,10
11-10-1995,6,41,36,49,10,37
11-10-1995,24,7,22,1,13,2
14-10-1995,31,5,42,21,47,3
18-10-1995,5,21,37,15,45,22
18-10-1995,9,34,18,35,6,42
21-10-1995,37,15,10,32,39,36
25-10-1995,35,12,34,43,16,37
25-10-1995,16,31,8,28,21,47
28-10-1995,11,13,36,2,40,20
01-11-1995,47,6,12,21,33,23
01-11-1995,31,15,33,19,37,10
04-11-1995,33,44,29,37,18,23
08-11-1995,20,14,28,44,22,11
08-11-1995,28,38,21,25,13,19
11-11-1995,21,38,33,24,15,39
15-11-1995,29,16,47,37,44,13
15-11-1995,6,31,1,17,2,39
18-11-1995,1,43,32,23,13,25
22-11-1995,39,4,10,2,16,21
22-11-1995,22,48,33,28,43,29
25-11-1995,42,32,49,44,39,48
29-11-1995,39,4,2,21,34,43
29-11-1995,40,27,29,48,42,35
02-12-1995,37,39,2,25,16,26
06-12-1995,2,12,10,8,42,7
06-12-1995,32,33,13,1,48,10
09-12-1995,12,39,2,38,9,15
13-12-1995,7,49,27,35,10,41
13-12-1995,10,30,17,33,45,27
16-12-1995,33,21,47,39,28,13
20-12-1995,35,3,45,7,27,40
20-12-1995,27,10,42,49,45,23
23-12-1995,44,47,35,6,20,7
27-12-1995,22,48,36,37,18,43
27-12-1995,6,9,13,49,31,2
30-12-1995,24,8,49,32,21,43
03-01-1996,25,10,39,30,45,47
03-01-1996,19,24,25,35,30,41
06-01-1996,14,3,6,22,32,19
10-01-1996,30,23,47,41,15,44
10-01-1996,44,5,39,38,37,43
13-01-1996,29,7,3,42,20,26
17-01-1996,46,18,7,26,49,22
17-01-1996,20,18,40,46,43,32
20-01-1996,25,43,9,42,17,8
24-01-1996,36,7,39,1,43,34
24-01-1996,10,17,35,41,49,7
27-01-1996,49,36,33,21,10,3
31-01-1996,31,16,44,19,29,9
31-01-1996,17,14,30,16,15,3
03-02-1996,38,5,40,13,20,25
07-02-1996,1,47,2,20,14,7
07-02-1996,31,34,33,7,35,47
10-02-1996,36,48,41,34,47,26
14-02-1996,14,3,28,15,12,18
14-02-1996,12,18,44,42,4,19
17-02-1996,20,43,4,1,30,47
21-02-1996,31,28,23,39,21,20
21-02-1996,3,23,46,45,5,24
24-02-1996,23,4,31,29,43,37
28-02-1996,2,28,31,42,10,7
28-02-1996,27,24,39,38,25,40
02-03-1996,9,38,35,3,34,20
06-03-1996,13,49,14,3,10,19
06-03-1996,5,11,32,19,48,15
09-03-1996,3,19,24,38,14,18
13-03-1996,28,4,3,13,16,36
13-03-1996,6,36,33,3,13,22
16-03-1996,15,35,12,17,36,25
20-03-1996,37,40,45,14,18,4
20-03-1996,20,15,34,48,44,13
23-03-1996,24,46,7,31,35,25
27-03-1996,21,19,16,43,41,3
27-03-1996,18,6,33,7,32,42
30-03-1996,45,8,35,12,2,20
03-04-1996,16,41,24,1,13,19
03-04-1996,4,37,2,28,42,11
06-04-1996,44,43,19,30,24,41
10-04-1996,30,11,42,28,39,49
10-04-1996,41,7,43,36,11,12
13-04-1996,11,10,9,7,23,18
17-04-1996,47,6,37,20,11,15
17-04-1996,3,26,25,47,30,16
20-04-1996,3,32,11,36,28,13
24-04-1996,28,25,30,31,7,22
24-04-1996,32,9,4,41,25,46
27-04-1996,2,42,38,27,28,25
01-05-1996,22,23,10,19,17,37
01-05-1996,46,19,31,44,35,8
04-05-1996,10,42,21,11,6,48
08-05-1996,14,23,3,42,25,35
08-05-1996,4,26,42,19,33,29
11-05-1996,41,49,18,4,6,39
15-05-1996,30,42,39,43,24,23
15-05-1996,47,21,9,41,22,4
18-05-1996,17,48,6,44,35,29
22-05-1996,15,42,1,38,47,18
22-05-1996,19,34,47,42,37,18
25-05-1996,6,28,27,18,36,21
29-05-1996,18,32,43,15,37,20
29-05-1996,2,25,15,47,16,1
01-06-1996,43,47,29,8,23,27
05-06-1996,12,25,4,23,49,27
05-06-1996,32,25,24,14,33,9
08-06-1996,16,12,28,20,41,8
12-06-1996,30,41,34,23,22,26
12-06-1996,22,5,11,32,40,30
15-06-1996,32,37,36,30,15,33
19-06-1996,15,16,40,10,11,19
19-06-1996,49,12,7,41,44,47
22-06-1996,17,12,34,11,23,41
26-06-1996,47,38,43,32,29,7
26-06-1996,42,5,31,48,43,1
29-06-1996,11,2,26,47,1,3
03-07-1996,48,9,31,22,5,47
03-07-1996,27,11,41,4,20,37
06-07-1996,33,9,15,18,11,46
10-07-1996,13,46,39,41,10,44
10-07-1996,3,30,38,20,16,24
13-07-1996,40,37,10,41,33,28
17-07-1996,11,18,26,23,17,39
17-07-1996,18,19,20,1,48,27
20-07-1996,13,48,47,33,45,18
24-07-1996,42,44,23,13,34,11
24-07-1996,16,11,2,38,12,22
27-07-1996,6,2,13,26,32,34
31-07-1996,13,28,39,5,9,35
31-07-1996,22,9,29,31,37,7
03-08-1996,43,23,39,45,2,37
07-08-1996,31,23,26,24,4,33
07-08-1996,2,6,17,5,48,4
10-08-1996,17,23,2,19,38,47
14-08-1996,1,11,4,27,45,19
14-08-1996,30,4,23,43,27,22
17-08-1996,3,17,5,47,37,49
21-08-1996,28,27,23,25,5,44
21-08-1996,33,7,28,41,40,23
24-08-1996,46,49,18,1,34,29
28-08-1996,41,20,44,28,36,37
28-08-1996,37,1,48,46,20,13
31-08-1996,39,30,8,34,35,29
04-09-1996,26,24,31,48,7,17
04-09-1996,49,12,5,34,43,33
07-09-1996,45,16,8,14,30,29
11-09-1996,35,22,8,46,4,21
11-09-1996,34,42,24,10,18,19
14-09-1996,16,43,14,7,3,45
18-09-1996,14,26,47,11,42,2
18-09-1996,5,35,27,17,23,39
21-09-1996,49,8,44,5,15,40
25-09-1996,25,35,15,46,18,44
25-09-1996,45,39,42,44,8,26
28-09-1996,43,2,48,7,24,16
02-10-1996,7,31,32,18,17,26
02-10-1996,17,39,32,10,26,27
05-10-1996,3,7,34,24,1,43
09-10-1996,8,49,31,29,47,9
09-10-1996,4,3,16,11,10,24
12-10-1996,4,37,23,35,17,24
16-10-1996,44,43,27,6,14,10
16-10-1996,19,16,47,15,40,38
19-10-1996,6,25,32,22,24,10
23-10-1996,20,12,11,41,43,9
23-10-1996,34,32,40,37,48,23
26-10-1996,21,35,24,20,3,42
30-10-1996,12,42,43,4,44,30
30-10-1996,14,26,12,1,5,27
02-11-1996,10,32,47,36,20,9
06-11-1996,38,16,11,35,14,42
06-11-1996,33,23,38,19,22,44
09-11-1996,16,4,48,18,28,7
13-11-1996,28,10,46,26,24,13
13-11-1996,35,44,29,34,11,25
16-11-1996,26,21,20,2,36,23
20-11-1996,47,43,16,44,36,8
20-11-1996,1,37,29,46,7,6
23-11-1996,20,44,23,38,36,39
27-11-1996,25,30,46,31,12,13
27-11-1996,27,15,17,25,36,23
30-11-1996,5,4,39,24,30,32
04-12-1996,38,7,31,3,40,18
04-12-1996,17,22,42,39,40,48
07-12-1996,42,27,8,10,2,14
11-12-1996,15,41,24,47,14,22
11-12-1996,19,37,18,42,8,27
14-12-1996,33,44,22,35,6,41
18-12-1996,42,7,30,33,27,38
18-12-1996,6,30,10,46,32,43
21-12-1996,11,49,13,32,10,39
25-12-1996,35,13,16,49,21,38
25-12-1996,24,12,37,38,45,29
28-12-1996,4,49,44,18,46,32
01-01-1997,25,21,14,13,8,5
01-01-1997,25,12,37,17,30,43
04-01-1997,48,6,10,31,44,46
08-01-1997,21,49,48,1,45,29
08-01-1997,47,2,18,38,22,39
11-01-1997,35,33,28,29,3,40
15-01-1997,37,26,20,1,48,41
15-01-1997,17,32,26,45,10,12
18-01-1997,19,44,36,28,47,10
22-01-1997,38,4,26,7,14,2
22-01-1997,16,35,25,9,33,40
25-01-1997,36,1,11,29,7,14
29-01-1997,14,41,34,29,45,28
29-01-1997,34,42,19,46,27,49
01-02-1997,22,26,39,31,10,24
05-02-1997,15,24,6,13,40,46
05-02-1997,30,34,21,8,47,24
08-02-1997,10,33,26,49,15,5
12-02-1997,45,30,27,8,6,48
12-02-1997,19,45,8,39,49,37
15-02-1997,27,47,38,34,16,30
19-02-1997,5,1,27,36,18,8
19-02-1997,29,40,39,22,20,16
22-02-1997,15,30,8,39,2,27
26-02-1997,20,1,17,15,16,31
26-02-1997,8,20,25,31,3,2
01-03-1997,20,5,7,44,22,13
05-03-1997,19,22,33,35,28,29
05-03-1997,11,23,32,43,38,25
08-03-1997,3,43,31,49,46,9
12-03-1997,47,40,3,16,46,28
12-03-1997,36,46,34,5,39,13
15-03-1997,7,31,2,8,41,27
19-03-1997,37,16,41,30,49,6
19-03-1997,3,43,34,21,22,19
22-03-1997,32,15,8,6,31,11
26-03-1997,9,46,31,20,39,25
26-03-1997,16,49,48,7,4,15
29-03-1997,28,26,23,18,44,49
02-04-1997,30,12,19,28,27,18
02-04-1997,16,31,9,27,6,39
05-04-1997,38,26,33,27,46,40
09-04-1997,4,34,46,17,28,2
09-04-1997,35,12,25,20,37,41
12-04-1997,18,7,36,13,22,26
16-04-1997,40,47,6,34,13,10
16-04-1997,38,13,16,25,37,46
19-04-1997,24,41,46,25,26,2
23-04-1997,5,17,48,6,33,13
23-04-1997,37,33,43,6,24,5
26-04-1997,27,14,9,36,24,33
30-04-1997,27,43,41,19,6,31
30-04-1997,31,14,33,37,30,4
03-05-1997,13,3,21,14,31,15
07-05-1997,39,31,46,7,2,8
07-05-1997,8,27,39,31,46,30
10-05-1997,47,19,11,1,49,8
14-05-1997,38,16,18,28,44,31
14-05-1997,48,3,1,35,7,44
17-05-1997,3,49,35,4,29,38
21-05-1997,6,4,27,45,2,34
21-05-1997,43,48,32,46,26,37
24-05-1997,46,26,14,23,6,8
28-05-1997,1,39,33,44,11,15
28-05-1997,43,35,8,40,48,27
31-05-1997,32,2,26,10,15,37
04-06-1997,32,1,10,37,49,35
04-06-1997,41,46,16,12,35,39
07-06-1997,47,4,41,45,9,14
11-06-1997,28,43,8,7,16,27
11-06-1997,33,48,1,42,46,10
14-06-1997,9,16,37,44,29,17
18-06-1997,3,9,31,38,1,45
18-06-1997,26,23,42,33,35,20
21-06-1997,27,43,15,18,29,2
25-06-1997,49,35,37,10,5,11
25-06-1997,41,35,18,1,14,39
28-06-1997,13,30,29,27,47,4
02-07-1997,34,18,19,3,6,39
02-07-1997,28,33,42,26,30,36
05-07-1997,36,14,26,3,46,23
09-07-1997,20,16,17,1,25,10
09-07-1997,10,35,11,37,25,29
12-07-1997,15,47,29,6,30,38
16-07-1997,25,31,11,5,29,1
16-07-1997,1,45,48,20,49,27
19-07-1997,8,45,11,18,10,23
23-07-1997,11,40,15,42,16,27
23-07-1997,6,47,7,43,14,19
26-07-1997,4,6,15,25,35,49
30-07-1997,25,30,3,48,45,20
30-07-1997,17,23,38,16,27,28
02-08-1997,33,3,26,21,8,42
06-08-1997,43,42,25,17,1,11
06-08-1997,24,31,20,41,36,29
09-08-1997,16,30,12,39,10,42
13-08-1997,44,41,31,11,10,13
13-08-1997,14,1,40,47,8,36
16-08-1997,48,14,39,43,45,40
20-08-1997,37,42,36,19,7,30
20-08-1997,16,46,11,47,4,29
23-08-1997,11,45,6,27,24,31
27-08-1997,21,41,30,6,15,23
27-08-1997,36,8,38,6,41,19
30-08-1997,29,49,8,13,18,35
03-09-1997,6,37,27,12,32,15
03-09-1997,27,26,49,36,17,33
06-09-1997,47,44,7,24,15,6
10-09-1997,40,21,23,47,4,29
10-09-1997,21,46,25,18,10,30
13-09-1997,35,37,44,16,36,10
17-09-1997,43,22,8,15,13,28
17-09-1997,26,48,5,2,38,17
20-09-1997,37,12,36,6,48,16
24-09-1997,2,28,34,11,21,43
24-09-1997,16,4,21,9,1,42
27-09-1997,11,34,40,43,15,16
01-10-1997,26,30,36,28,12,43
01-10-1997,11,29,7,4,37,13
04-10-1997,38,9,13,23,40,27
08-10-1997,39,43,36,18,46,30
08-10-1997,37,30,12,27,8,16
11-10-1997,5,6,32,29,30,45
15-10-1997,10,42,14,12,25,5
15-10-1997,12,15,31,35,25,33
18-10-1997,10,42,30,29,2,25
22-10-1997,6,16,46,26,1,47
22-10-1997,29,4,11,17,25,18
25-10-1997,16,48,47,46,21,31
29-10-1997,35,30,2,16,28,7
29-10-1997,41,43,40,46,4,21
01-11-1997,28,33,49,9,18,4
05-11-1997,14,32,25,44,37,22
05-11-1997,4,49,14,39,38,18
08-11-1997,28,27,15,32,1,26
12-11-1997,44,2,26,47,23,12
12-11-1997,29,17,10,1,36,34
15-11-1997,43,11,12,10,35,7
19-11-1997,11,2,24,14,30,48
19-11-1997,18,23,37,35,1,3
22-11-1997,47,10,36,33,39,48
26-11-1997,13,5,18,10,39,16
26-11-1997,32,42,8,29,12,28
29-11-1997,36,1,11,14,48,16
03-12-1997,44,26,3,19,11,13
03-12-1997,22,2,43,49,5,34
06-12-1997,40,15,13,34,1,49
10-12-1997,39,9,17,49,23,26
10-12-1997,25,7,2,5,1,8
13-12-1997,9,23,22,40,3,41
17-12-1997,2,31,27,25,43,4
17-12-1997,17,42,44,1,19,37
20-12-1997,14,35,34,39,19,42
24-12-1997,21,25,23,9,48,4
24-12-1997,36,21,4,24,26,22
27-12-1997,4,47,17,42,41,12
31-12-1997,44,33,2,13,49,26
31-12-1997,33,15,30,18,46,24
03-01-1998,20,16,15,45,29,12
07-01-1998,1,13,36,18,6,37
07-01-1998,40,31,32,16,42,6
10-01-1998,19,49,29,2,36,43
14-01-1998,40,29,13,9,37,35
14-01-1998,5,16,30,20,41,3
17-01-1998,41,31,32,15,30,48
21-01-1998,36,22,42,19,40,34
21-01-1998,15,16,39,42,19,29
24-01-1998,44,35,14,22,48,25
28-01-1998,40,14,4,11,31,21
28-01-1998,20,29,30,48,25,43
31-01-1998,23,47,27,17,6,5
04-02-1998,47,30,46,17,33,8
04-02-1998,39,33,40,29,9,14
07-02-1998,12,48,44,42,40,36
11-02-1998,22,4,21,18,25,42
11-02-1998,47,46,18,41,32,34
14-02-1998,17,49,32,36,10,11
18-02-1998,29,4,34,26,17,11
18-02-1998,49,46,19,9,43,34
21-02-1998,2,49,37,29,47,13
25-02-1998,22,35,40,39,45,7
25-02-1998,35,47,19,30,13,28
28-02-1998,45,33,44,49,36,24
04-03-1998,44,14,1,30,46,32
04-03-1998,39,27,40,6,9,49
07-03-1998,23,25,40,44,18,12
11-03-1998,23,47,19,42,3,11
11-03-1998,47,31,39,48,37,21
14-03-1998,12,39,22,1,45,31
18-03-1998,42,46,7,33,18,9
18-03-1998,40,45,7,24,34,14
21-03-1998,16,38,5,9,40,41
25-03-1998,2,29,8,13,23,10
25-03-1998,24,15,23,39,26,12
28-03-1998,22,11,8,35,10,2
01-04-1998,6,38,23,9,3,29
01-04-1998,36,41,37,1,2,7
04-04-1998,48,39,17,42,3,41
08-04-1998,44,2,15,30,20,47
08-04-1998,10,5,31,26,16,48
11-04-1998,23,39,8,31,33,35
15-04-1998,7,20,6,13,21,47
15-04-1998,2,48,8,30,45,38
18-04-1998,45,46,24,11,3,49
22-04-1998,21,5,8,35,24,38
22-04-1998,18,44,29,15,14,38
25-04-1998,47,33,8,49,38,44
29-04-1998,11,44,26,37,49,34
29-04-1998,33,46,16,26,7,2
02-05-1998,40,38,48,18,32,34
06-05-1998,18,9,48,36,33,39
06-05-1998,30,15,28,4,40,48
09-05-1998,47,21,22,1,14,3
13-05-1998,45,13,22,25,48,37
13-05-1998,31,8,35,15,14,10
16-05-1998,37,22,43,5,36,15
20-05-1998,29,49,47,30,6,13
20-05-1998,1,43,47,20,37,38
23-05-1998,33,22,13,48,11,27
27-05-1998,38,26,4,33,10,28
27-05-1998,27,34,14,16,49,15
30-05-1998,15,4,9,38,22,45
03-06-1998,8,24,46,28,41,48
03-06-1998,49,11,24,5,36,32
06-06-1998,15,35,32,21,5,34
10-06-1998,18,8,27,15,17,28
10-06-1998,15,32,40,36,24,46
13-06-1998,20,14,8,27,6,34
17-06-1998,40,14,37,48,38,20
17-06-1998,26,18,1,13,4,19
20-06-1998,19,29,27,44,31,38
24-06-1998,24,41,48,35,25,12
24-06-1998,19,7,13,31,8,34
27-06-1998,12,6,1,11,20,16
01-07-1998,48,4,26,3,6,23
01-07-1998,9,21,47,4,25,11
04-07-1998,16,14,30,25,23,36
08-07-1998,35,40,34,22,8,47
08-07-1998,11,33,24,47,7,35
11-07-1998,2,10,49,41,38,14
15-07-1998,20,34,9,46,15,35
15-07-1998,8,25,9,21,48,17
18-07-1998,37,2,42,30,19,31
22-07-1998,38,40,25,43,41,10
22-07-1998,19,40,12,48,6,49
25-07-1998,9,49,34,14,38,13
29-07-1998,47,37,7,23,1,30
29-07-1998,28,10,39,44,40,30
01-08-1998,3,39,20,21,43,38
05-08-1998,23,19,28,13,24,49
05-08-1998,1,47,32,25,49,28
08-08-1998,7,11,15,22,37,39
12-08-1998,6,46,28,9,35,12
12-08-1998,22,16,47,29,7,9
15-08-1998,30,20,19,46,6,48
19-08-1998,24,8,28,40,11,15
19-08-1998,23,16,7,42,26,18
22-08-1998,24,47,36,38,5,40
26-08-1998,4,35,17,2,46,23
26-08-1998,18,28,45,21,8,25
29-08-1998,42,3,7,11,43,26
02-09-1998,40,24,11,20,7,41
02-09-1998,39,49,19,21,12,9
05-09-1998,8,41,32,48,15,45
09-09-1998,39,25,13,17,40,11
09-09-1998,11,36,12,18,34,29
12-09-1998,49,9,28,46,38,29
16-09-1998,12,10,14,6,43,36
16-09-1998,21,22,35,38,8,46
19-09-1998,27,32,48,20,26,9
23-09-1998,24,27,21,19,41,36
23-09-1998,5,34,31,35,10,49
26-09-1998,13,12,36,7,5,1
30-09-1998,39,31,42,4,36,5
30-09-1998,41,25,36,47,14,16
03-10-1998,32,23,29,44,18,40
07-10-1998,1,27,34,37,11,22
07-10-1998,3,44,40,41,10,18
10-10-1998,41,29,39,31,27,4
14-10-1998,3,29,15,21,23,30
14-10-1998,19,37,48,44,28,49
17-10-1998,35,28,36,32,1,5
21-10-1998,34,30,22,6,42,25
21-10-1998,37,20,34,24,38,17
24-10-1998,1,26,7,19,31,38
28-10-1998,37,13,32,1,7,22
28-10-1998,2,35,43,24,17,28
31-10-1998,2,44,24,26,5,6
04-11-1998,22,33,5,13,26,45
04-11-1998,21,26,34,36,25,14
07-11-1998,31,32,23,4,1,19
11-11-1998,21,30,36,8,18,11
11-11-1998,30,28,23,36,21,7
14-11-1998,33,7,32,41,27,25
18-11-1998,33,45,9,39,28,15
18-11-1998,23,40,2,15,34,14
21-11-1998,31,2,21,36,41,11
25-11-1998,47,26,27,28,16,14
25-11-1998,26,28,4,8,14,48
28-11-1998,34,10,17,38,33,28
02-12-1998,41,39,32,1,17,18
02-12-1998,10,46,17,49,15,4
05-12-1998,43,22,9,31,35,48
09-12-1998,15,42,4,14,11,9
09-12-1998,25,37,38,31,4,45
12-12-1998,10,25,7,41,28,17
16-12-1998,36,31,12,6,49,9
16-12-1998,44,6,42,35,38,29
19-12-1998,33,7,29,32,14,19
23-12-1998,48,4,26,13,41,16
23-12-1998,12,4,39,19,49,16
26-12-1998,19,24,45,29,43,20
30-12-1998,32,35,46,6,8,43
30-12-1998,8,46,24,33,42,44
02-01-1999,27,4,12,41,19,45
06-01-1999,3,26,13,18,44,27
06-01-1999,45,29,41,8,24,14
09-01-1999,11,17,6,48,20,4
13-01-1999,22,44,8,3,49,5
13-01-1999,31,16,15,34,30,8
16-01-1999,40,46,26,18,30,32
20-01-1999,40,37,18,41,14,11
20-01-1999,26,6,31,5,14,33
23-01-1999,15,32,10,27,46,25
27-01-1999,47,42,12,45,36,39
27-01-1999,47,1,12,44,8,41
30-01-1999,18,4,20,22,5,41
03-02-1999,33,17,20,5,36,11
03-02-1999,1,17,23,19,7,45
06-02-1999,38,45,29,48,13,37
10-02-1999,38,34,17,26,13,39
10-02-1999,2,41,7,38,11,37
13-02-1999,3,43,38,35,29,49
17-02-1999,6,1,29,20,9,13
17-02-1999,8,22,14,1,13,16
20-02-1999,46,13,48,1,23,9
24-02-1999,49,31,41,34,47,26
24-02-1999,21,44,9,46,49,29
27-02-1999,20,22,26,32,12,15
03-03-1999,41,7,38,11,25,23
03-03-1999,48,28,37,11,38,24
06-03-1999,49,38,44,27,3,18
10-03-1999,23,44,35,47,21,32
10-03-1999,16,1,14,31,32,4
13-03-1999,24,19,20,11,1,34
17-03-1999,45,13,40,25,35,1
17-03-1999,49,28,30,24,23,41
20-03-1999,25,29,44,15,12,30
24-03-1999,38,13,23,30,27,21
24-03-1999,12,44,16,42,7,43
27-03-1999,32,29,18,38,1,8
31-03-1999,33,38,22,6,30,32
31-03-1999,29,11,18,19,38,1
03-04-1999,20,46,35,2,29,11
07-04-1999,28,1,37,46,36,26
07-04-1999,21,5,45,6,43,39
10-04-1999,3,6,4,2,5,26
14-04-1999,14,23,31,30,12,22
14-04-1999,48,11,28,9,32,30
17-04-1999,46,7,39,36,42,6
21-04-1999,19,13,8,5,35,45
21-04-1999,14,38,18,6,19,24
24-04-1999,36,4,29,18,25,34
28-04-1999,37,28,34,41,19,11
28-04-1999,46,42,43,49,17,10
01-05-1999,26,12,24,13,9,48
05-05-1999,3,43,18,40,30,44
05-05-1999,6,31,48,12,45,11
08-05-1999,17,47,39,16,23,3
12-05-1999,1,34,40,2,21,31
12-05-1999,45,13,19,3,30,25
15-05-1999,28,11,40,49,42,46
19-05-1999,19,44,25,8,24,16
19-05-1999,33,32,34,9,26,15
22-05-1999,33,39,35,14,41,18
26-05-1999,36,25,41,32,2,16
26-05-1999,24,48,12,32,45,34
29-05-1999,11,43,12,42,1,13
02-06-1999,42,44,27,6,36,47
02-06-1999,13,34,18,28,36,2
05-06-1999,19,48,5,21,43,31
09-06-1999,22,24,7,8,34,33
09-06-1999,37,2,5,44,26,38
12-06-1999,13,42,24,25,12,41
16-06-1999,23,45,25,4,3,40
16-06-1999,16,21,19,2,23,28
19-06-1999,31,12,49,35,30,34
23-06-1999,8,9,34,27,23,4
23-06-1999,3,35,10,28,23,18
26-06-1999,16,14,18,48,1,49
30-06-1999,37,16,20,30,3,45
30-06-1999,23,7,42,35,4,31
03-07-1999,25,6,32,24,23,15
07-07-1999,8,42,19,3,39,23
07-07-1999,8,14,27,16,4,21
10-07-1999,15,30,3,5,44,38
14-07-1999,3,34,21,43,20,37
14-07-1999,9,32,43,33,31,25
17-07-1999,3,22,36,11,43,44
21-07-1999,35,30,33,5,36,19
21-07-1999,24,2,47,39,4,48
24-07-1999,34,27,49,31,35,28
28-07-1999,17,32,37,5,41,35
28-07-1999,32,41,5,6,39,42
31-07-1999,16,3,21,44,33,29
04-08-1999,13,43,35,18,6,44
04-08-1999,43,20,13,47,10,15
07-08-1999,27,42,9,33,20,21
11-08-1999,43,11,45,26,9,39
11-08-1999,28,13,26,48,37,3
14-08-1999,22,49,42,40,33,19
18-08-1999,3,10,45,43,18,2
18-08-1999,47,24,7,36,10,23
21-08-1999,9,41,4,24,20,23
25-08-1999,47,6,4,23,1,21
25-08-1999,38,6,29,5,8,31
28-08-1999,14,1,28,43,21,47
01-09-1999,19,24,29,7,31,39
01-09-1999,33,31,7,11,22,43
04-09-1999,24,35,30,34,17,19
08-09-1999,37,39,48,16,14,31
08-09-1999,8,36,30,24,21,1
11-09-1999,35,14,34,1,36,19
15-09-1999,24,45,16,49,3,48
15-09-1999,36,17,12,3,27,34
18-09-1999,45,35,44,28,24,21
22-09-1999,46,10,6,18,16,45
22-09-1999,38,18,8,27,25,6
25-09-1999,25,18,42,22,29,12
29-09-1999,2,47,26,18,39,28
29-09-1999,12,41,5,23,2,47
02-10-1999,19,42,10,27,45,35
06-10-1999,35,49,38,48,5,25
06-10-1999,6,44,41,33,23,47
09-10-1999,19,17,20,44,29,6
13-10-1999,46,39,6,15,32,22
13-10-1999,22,44,18,40,23,19
16-10-1999,30,12,7,42,4,3
20-10-1999,12,45,39,2,3,22
20-10-1999,43,18,21,46,15,36
23-10-1999,27,34,5,35,22,3
27-10-1999,28,36,41,42,40,4
27-10-1999,16,20,41,22,47,9
30-10-1999,45,49,14,23,1,10
03-11-1999,1,3,40,38,17,26
03-11-1999,42,3,34,23,27,21
06-11-1999,25,7,12,5,49,34
10-11-1999,40,19,42,43,34,2
10-11-1999,16,44,37,19,33,45
13-11-1999,47,27,19,30,23,14
17-11-1999,6,12,7,48,21,24
17-11-1999,33,38,28,3,22,1
20-11-1999,1,8,7,41,24,9
24-11-1999,10,2,42,6,21,32
24-11-1999,21,1,7,34,9,48
27-11-1999,5,24,43,48,2,37
01-12-1999,11,16,28,31,38,41
01-12-1999,23,19,38,13,25,36
04-12-1999,44,28,43,19,4,46
08-12-1999,27,33,44,36,34,8
08-12-1999,12,28,7,25,22,31
11-12-1999,19,22,46,6,47,7
15-12-1999,33,40,17,41,3,5
15-12-1999,10,23,24,7,38,40
18-12-1999,6,20,38,17,2,25
22-12-1999,22,10,37,16,19,24
22-12-1999,37,43,24,47,39,5
25-12-1999,33,24,18,30,5,23
29-12-1999,4,49,19,32,25,13
29-12-1999,32,23,35,34,18,5
01-01-2000,47,2,1,12,40,30
05-01-2000,17,10,47,22,18,9
05-01-2000,21,1,30,36,45,48
08-01-2000,37,20,4,6,29,31
12-01-2000,13,29,25,24,44,20
12-01-2000,5,34,10,31,26,21
15-01-2000,38,22,33,35,31,32
19-01-2000,3,43,47,40,33,48
19-01-2000,4,5,34,38,48,7
22-01-2000,40,30,15,28,10,25
26-01-2000,16,46,10,38,4,31
26-01-2000,3,46,4,38,21,36
29-01-2000,45,21,34,41,19,30
02-02-2000,8,13,28,14,15,7
02-02-2000,12,13,36,26,4,24
05-02-2000,26,27,43,23,12,31
09-02-2000,19,10,25,38,24,4
09-02-2000,30,35,31,42,40,7
12-02-2000,4,24,33,11,20,48
16-02-2000,31,43,34,9,22,42
16-02-2000,8,30,41,26,24,14
19-02-2000,17,9,15,40,10,20
23-02-2000,23,26,13,36,45,24
23-02-2000,23,11,37,44,19,6
26-02-2000,27,11,5,3,36,32
01-03-2000,41,6,21,1,14,22
01-03-2000,47,15,24,36,6,8
04-03-2000,29,13,22,5,14,32
08-03-2000,14,21,15,34,28,19
08-03-2000,45,28,22,13,30,10
11-03-2000,42,7,44,26,12,49
15-03-2000,24,29,6,25,32,26
15-03-2000,16,11,43,8,40,47
18-03-2000,29,2,8,4,5,42
22-03-2000,8,37,10,18,7,40
22-03-2000,10,1,38,28,8,9
25-03-2000,39,20,43,33,36,38
29-03-2000,6,28,44,2,27,38
29-03-2000,49,3,13,2,46,31
01-04-2000,48,11,25,1,42,17
05-04-2000,9,38,43,27,49,48
05-04-2000,49,19,10,15,38,44
08-04-2000,5,41,22,44,16,45
12-04-2000,25,19,35,17,13,33
12-04-2000,1,31,18,29,3,46
15-04-2000,11,13,1,7,25,15
19-04-2000,28,4,47,25,5,17
19-04-2000,38,45,18,11,40,14
22-04-2000,21,15,33,32,16,25
26-04-2000,1,5,4,7,34,44
26-04-2000,39,5,34,16,7,43
29-04-2000,14,39,30,7,36,38
03-05-2000,45,30,47,33,32,44
03-05-2000,6,15,25,26,41,14
06-05-2000,9,38,16,34,4,40
10-05-2000,13,44,9,43,45,3
10-05-2000,1,6,44,48,13,45
13-05-2000,5,25,37,43,29,6
17-05-2000,16,49,45,9,14,31
17-05-2000,28,26,1,23,35,46
20-05-2000,31,49,19,36,40,32
24-05-2000,8,23,2,6,26,42
24-05-2000,14,10,4,49,25,45
27-05-2000,9,29,35,40,16,26
31-05-2000,27,44,4,25,46,9
31-05-2000,43,5,39,47,37,13
03-06-2000,21,39,27,25,9,40
07-06-2000,12,32,1,46,16,33
07-06-2000,13,37,2,1,34,8
10-06-2000,25,35,44,37,1,33
14-06-2000,15,39,23,22,45,47
14-06-2000,15,43,6,31,3,4
17-06-2000,40,32,49,46,28,24
21-06-2000,26,24,44,48,16,23
21-06-2000,31,47,11,14,22,12
24-06-2000,29,43,6,13,42,28
28-06-2000,21,27,33,48,23,28
28-06-2000,22,5,1,20,30,11
01-07-2000,16,44,18,24,29,36
05-07-2000,20,11,42,21,26,30
05-07-2000,43,42,24,2,1,31
08-07-2000,11,8,15,17,2,35
12-07-2000,43,23,41,40,20,42
12-07-2000,27,25,19,44,48,45
15-07-2000,9,28,3,31,38,24
19-07-2000,20,10,9,11,44,24
19-07-2000,1,7,24,29,36,38
22-07-2000,40,2,14,44,9,38
26-07-2000,45,3,1,23,16,8
26-07-2000,27,9,39,35,26,7
29-07-2000,33,13,5,32,28,27
02-08-2000,15,8,39,16,47,44
02-08-2000,10,6,26,22,40,18
05-08-2000,26,18,47,21,32,16
09-08-2000,47,1,23,3,48,45
09-08-2000,33,30,17,35,47,2
12-08-2000,38,26,39,16,19,32
16-08-2000,46,26,48,16,25,4
16-08-2000,28,34,12,19,42,18
19-08-2000,1,31,32,20,25,39
23-08-2000,42,20,24,36,27,37
23-08-2000,8,21,38,29,14,46
26-08-2000,46,1,43,27,4,28
30-08-2000,4,9,14,38,40,44
30-08-2000,10,16,18,26,44,46
02-09-2000,22,23,25,32,35,36
06-09-2000,2,9,20,21,29,35
06-09-2000,10,20,27,29,30,43
09-09-2000,16,29,39,40,41,47
13-09-2000,6,8,29,31,44,47
13-09-2000,6,7,8,13,36,45
16-09-2000,4,10,18,20,25,43
20-09-2000,12,17,21,25,36,42
20-09-2000,6,20,22,29,40,46
23-09-2000,9,18,26,35,39,45
27-09-2000,7,13,14,22,28,41
27-09-2000,4,16,19,20,29,49
30-09-2000,1,2,7,10,11,35
04-10-2000,15,26,30,38,44,47
04-10-2000,2,16,25,27,35,41
07-10-2000,1,3,26,32,38,48
11-10-2000,9,10,18,22,33,35
11-10-2000,3,5,14,39,40,48
14-10-2000,2,26,37,38,39,47
18-10-2000,5,14,24,26,29,35
18-10-2000,3,14,15,33,38,45
21-10-2000,10,21,24,30,32,33
25-10-2000,10,16,33,34,39,41
25-10-2000,1,16,22,31,41,45
28-10-2000,5,11,13,29,35,49
01-11-2000,8,22,26,30,43,44
01-11-2000,6,8,9,31,37,48
04-11-2000,17,22,37,43,46,48
08-11-2000,2,3,9,28,32,38
08-11-2000,1,5,9,12,15,46
11-11-2000,24,26,27,39,41,49
15-11-2000,2,3,24,26,37,46
15-11-2000,3,7,8,26,45,47
18-11-2000,1,6,8,23,37,47
22-11-2000,9,12,32,38,42,47
22-11-2000,3,17,28,34,42,47
25-11-2000,4,10,14,37,43,48
29-11-2000,3,8,25,36,40,48
29-11-2000,15,24,33,41,46,49
02-12-2000,4,32,42,43,45,46
06-12-2000,8,9,29,30,33,43
09-12-2000,4,11,15,26,33,40
13-12-2000,5,15,17,23,26,37
16-12-2000,11,24,27,31,40,48
20-12-2000,6,7,24,26,35,38
23-12-2000,11,13,18,20,28,33
27-12-2000,11,13,24,27,41,48
30-12-2000,2,5,7,17,27,47
03-01-2001,13,19,21,34,36,46
06-01-2001,8,12,17,26,37,42
10-01-2001,3,4,15,24,27,28
13-01-2001,4,6,28,31,37,46
17-01-2001,11,12,20,43,45,49
20-01-2001,1,3,28,47,48,49
24-01-2001,6,7,9,18,38,46
27-01-2001,2,12,13,38,40,43
31-01-2001,14,16,19,24,30,33
03-02-2001,3,12,15,28,35,37
07-02-2001,1,5,10,26,31,40
10-02-2001,32,34,39,41,42,44
14-02-2001,2,25,26,31,34,48
17-02-2001,12,13,16,21,33,49
21-02-2001,4,5,10,22,25,26
24-02-2001,4,21,23,29,47,48
28-02-2001,16,23,30,33,38,49
03-03-2001,9,34,41,42,43,46
07-03-2001,1,6,17,29,32,44
10-03-2001,10,15,21,25,38,48
14-03-2001,22,26,32,38,39,45
17-03-2001,5,25,33,41,44,49
21-03-2001,11,22,26,28,45,49
24-03-2001,9,11,30,36,45,49
28-03-2001,14,19,24,25,31,41
31-03-2001,2,10,14,15,28,44
04-04-2001,4,12,21,22,24,31
07-04-2001,3,9,33,36,37,38
11-04-2001,4,12,24,28,33,36
14-04-2001,2,9,11,21,24,42
18-04-2001,1,6,17,19,29,48
21-04-2001,2,7,18,25,27,48
25-04-2001,9,13,20,26,31,42
28-04-2001,3,7,14,33,35,38
02-05-2001,2,12,14,24,31,44
05-05-2001,29,36,41,42,44,49
09-05-2001,4,16,17,26,30,36
12-05-2001,1,7,28,29,31,46
16-05-2001,2,16,19,23,33,35
19-05-2001,1,9,10,11,15,34
23-05-2001,13,15,31,40,44,46
26-05-2001,2,8,13,22,42,43
30-05-2001,16,26,27,35,47,48
02-06-2001,8,13,23,34,35,39
06-06-2001,8,9,26,34,42,47
09-06-2001,2,6,15,31,48,49
13-06-2001,6,15,17,20,34,41
16-06-2001,4,17,22,25,32,36
20-06-2001,1,2,5,8,25,27
23-06-2001,6,18,29,35,40,42
27-06-2001,13,17,20,24,27,47
30-06-2001,6,12,14,16,27,43
04-07-2001,2,17,31,34,37,43
07-07-2001,11,22,37,39,40,42
11-07-2001,1,8,12,27,39,45
14-07-2001,6,18,22,23,31,38
18-07-2001,11,12,31,34,44,45
21-07-2001,21,25,33,37,38,44
25-07-2001,6,12,13,32,37,39
28-07-2001,2,6,18,22,23,27
01-08-2001,9,30,32,34,41,48
04-08-2001,6,10,17,29,35,47
08-08-2001,10,17,20,22,40,41
11-08-2001,2,14,22,24,28,34
15-08-2001,10,11,23,31,35,47
18-08-2001,6,7,12,26,29,44
22-08-2001,3,11,25,35,36,48
25-08-2001,2,15,28,30,32,41
29-08-2001,6,16,22,28,34,35
01-09-2001,1,6,25,27,35,38
05-09-2001,1,9,25,33,38,44
08-09-2001,2,4,6,12,28,40
12-09-2001,4,18,23,26,43,44
15-09-2001,12,19,26,27,33,38
19-09-2001,4,10,23,24,25,30
22-09-2001,12,28,32,33,36,48
26-09-2001,1,17,21,23,28,46
29-09-2001,8,20,23,27,28,41
03-10-2001,11,17,20,33,43,49
06-10-2001,6,9,25,30,41,42
10-10-2001,7,33,37,41,47,49
13-10-2001,2,9,10,15,25,38
17-10-2001,7,23,34,35,37,42
20-10-2001,3,8,11,37,40,42
24-10-2001,4,26,27,32,40,48
27-10-2001,4,18,22,23,27,37
31-10-2001,11,18,23,26,36,38
03-11-2001,3,5,7,24,26,42
07-11-2001,3,4,7,10,17,22
10-11-2001,2,14,15,16,20,26
14-11-2001,2,3,15,22,27,42
17-11-2001,1,2,4,30,38,40
21-11-2001,14,25,34,43,44,46
24-11-2001,7,20,26,30,40,42
28-11-2001,7,22,25,36,37,48
01-12-2001,2,10,33,37,40,41
05-12-2001,3,5,18,25,46,48
08-12-2001,1,4,20,29,33,35
12-12-2001,1,15,19,30,40,47
15-12-2001,19,27,31,39,40,44
19-12-2001,1,19,24,43,44,46
22-12-2001,12,18,25,47,48,49
26-12-2001,2,22,23,28,40,49
29-12-2001,2,8,11,44,46,48
02-01-2002,13,21,25,34,35,46
05-01-2002,12,24,27,29,43,49
09-01-2002,4,24,37,39,43,47
12-01-2002,3,11,13,25,30,37
16-01-2002,19,22,25,26,28,42
19-01-2002,2,8,16,20,42,46
23-01-2002,21,31,32,34,38,46
26-01-2002,1,11,12,26,42,47
30-01-2002,7,13,29,39,42,46
02-02-2002,3,18,27,31,36,47
06-02-2002,6,18,25,33,34,45
09-02-2002,7,10,21,31,41,45
13-02-2002,1,5,6,11,17,45
16-02-2002,1,8,9,29,33,48
20-02-2002,2,11,22,25,38,40
23-02-2002,7,22,23,38,47,49
27-02-2002,4,17,25,32,37,45
02-03-2002,4,20,28,30,47,49
06-03-2002,7,11,22,25,33,44
09-03-2002,4,5,38,40,43,44
13-03-2002,30,31,32,33,37,43
16-03-2002,2,7,25,27,39,44
20-03-2002,4,9,13,35,40,44
23-03-2002,10,15,17,18,47,48
27-03-2002,1,5,8,27,36,48
30-03-2002,4,8,37,38,43,44
03-04-2002,8,13,16,20,33,37
06-04-2002,5,7,17,23,24,46
10-04-2002,9,13,16,18,38,41
13-04-2002,9,18,27,29,33,36
17-04-2002,3,4,13,34,43,47
20-04-2002,6,7,11,39,42,49
24-04-2002,4,15,42,43,46,48
27-04-2002,1,6,8,10,21,42
01-05-2002,1,8,11,22,26,42
04-05-2002,32,34,38,39,47,49
08-05-2002,4,35,36,38,43,46
11-05-2002,14,16,29,40,43,46
15-05-2002,13,23,26,27,34,46
18-05-2002,9,15,34,38,43,44
22-05-2002,4,8,21,25,33,41
25-05-2002,1,5,7,19,22,31
29-05-2002,1,5,7,14,22,42
01-06-2002,3,7,11,18,36,48
05-06-2002,16,25,28,41,44,47
08-06-2002,6,11,28,34,38,46
12-06-2002,17,23,29,36,41,43
15-06-2002,5,16,23,36,37,39
19-06-2002,13,14,30,37,41,42
22-06-2002,7,8,10,18,27,49
26-06-2002,11,21,32,41,42,46
29-06-2002,5,6,25,29,30,44
03-07-2002,7,9,12,13,14,49
06-07-2002,6,13,16,19,39,45
10-07-2002,4,17,25,40,47,48
13-07-2002,1,2,21,30,36,43
17-07-2002,14,21,26,27,28,39
20-07-2002,3,11,24,31,34,36
24-07-2002,11,12,18,19,41,42
27-07-2002,8,10,26,39,40,41
31-07-2002,4,12,16,26,34,40
03-08-2002,5,7,18,26,27,44
07-08-2002,4,9,14,38,41,45
10-08-2002,9,10,13,26,31,34
14-08-2002,1,11,18,22,26,31
17-08-2002,4,5,7,20,29,44
21-08-2002,9,15,22,26,34,41
24-08-2002,3,16,19,25,27,34
28-08-2002,13,22,34,36,37,44
31-08-2002,21,35,39,40,41,43
04-09-2002,27,29,34,38,41,44
07-09-2002,16,17,18,19,29,37
11-09-2002,12,23,24,25,28,45
14-09-2002,8,20,23,27,30,39
18-09-2002,20,24,25,37,39,49
21-09-2002,8,11,14,36,37,48
25-09-2002,3,4,7,25,36,38
28-09-2002,6,10,12,28,29,40
02-10-2002,4,18,21,27,38,46
05-10-2002,1,11,26,30,33,39
09-10-2002,7,19,31,34,37,42
12-10-2002,6,7,12,16,17,35
16-10-2002,9,11,21,25,37,40
19-10-2002,1,21,28,34,42,43
23-10-2002,1,5,13,14,31,37
26-10-2002,15,16,30,34,41,43
30-10-2002,7,25,30,31,34,49
02-11-2002,5,7,17,30,34,44
06-11-2002,21,23,29,33,43,44
09-11-2002,1,24,27,32,38,43
13-11-2002,6,8,19,26,34,47
16-11-2002,3,7,13,14,24,44
20-11-2002,22,24,26,31,40,49
23-11-2002,12,16,32,34,43,44
27-11-2002,18,21,23,32,39,44
30-11-2002,7,9,10,11,43,47
04-12-2002,3,6,9,26,30,46
07-12-2002,6,8,9,24,34,40
11-12-2002,9,11,23,32,33,39
14-12-2002,3,6,13,17,22,38
18-12-2002,24,30,36,37,44,48
21-12-2002,11,12,19,22,41,48
25-12-2002,6,14,17,25,34,49
28-12-2002,13,17,24,27,35,42
01-01-2003,11,14,36,41,42,45
04-01-2003,6,17,18,19,24,44
08-01-2003,2,27,30,31,32,37
11-01-2003,9,12,32,38,43,48
15-01-2003,3,5,29,37,42,49
18-01-2003,6,17,35,39,41,49
22-01-2003,2,14,19,27,40,44
25-01-2003,6,9,13,18,37,47
29-01-2003,24,27,30,33,35,47
01-02-2003,20,36,38,43,44,47
05-02-2003,8,11,12,23,35,47
08-02-2003,8,25,32,33,38,48
12-02-2003,10,31,33,35,41,42
15-02-2003,4,6,12,18,24,30
19-02-2003,19,23,24,34,40,43
22-02-2003,8,22,23,31,35,49
26-02-2003,10,11,14,17,19,39
01-03-2003,10,14,18,30,40,45
05-03-2003,4,20,26,36,43,49
08-03-2003,12,14,17,39,45,46
12-03-2003,6,7,19,33,34,37
15-03-2003,7,13,33,42,46,47
19-03-2003,9,16,20,23,33,37
22-03-2003,17,28,36,44,45,47
26-03-2003,15,16,25,32,37,44
29-03-2003,14,16,18,22,43,46
02-04-2003,1,14,16,17,19,21
05-04-2003,1,3,9,19,42,47
09-04-2003,5,11,17,20,39,48
12-04-2003,13,14,27,32,34,40
16-04-2003,4,5,8,34,35,42
19-04-2003,3,4,10,16,31,46
23-04-2003,5,6,9,14,25,46
26-04-2003,8,17,24,26,31,45
30-04-2003,17,22,23,26,30,45
03-05-2003,5,14,23,32,41,48
07-05-2003,9,12,13,25,29,33
10-05-2003,7,9,11,13,20,38
14-05-2003,15,25,28,38,40,45
17-05-2003,1,10,22,35,37,44
21-05-2003,10,19,28,29,33,35
24-05-2003,3,14,15,28,33,46
28-05-2003,8,20,31,39,40,46
31-05-2003,12,21,24,26,29,38
04-06-2003,3,11,32,34,36,43
07-06-2003,2,34,37,38,41,44
11-06-2003,6,20,22,31,38,49
14-06-2003,2,5,21,23,38,48
18-06-2003,10,12,13,24,37,41
21-06-2003,17,19,23,26,34,47
25-06-2003,5,10,11,27,39,48
28-06-2003,9,13,14,16,28,47
02-07-2003,1,14,20,29,45,46
05-07-2003,2,8,10,39,45,46
09-07-2003,2,7,9,36,42,46
12-07-2003,4,5,21,25,28,47
16-07-2003,5,10,15,23,29,33
19-07-2003,15,18,24,28,30,44
23-07-2003,2,15,17,41,42,49
26-07-2003,6,7,18,31,36,37
30-07-2003,8,17,37,39,40,45
02-08-2003,1,2,3,12,15,21
06-08-2003,7,17,25,35,38,45
09-08-2003,1,2,11,12,31,34
13-08-2003,3,6,9,18,27,48
16-08-2003,4,12,14,17,38,45
20-08-2003,24,38,42,44,45,48
23-08-2003,2,6,7,15,31,34
27-08-2003,5,8,19,23,35,48
30-08-2003,7,19,25,33,42,49
03-09-2003,4,5,9,16,18,43
06-09-2003,4,8,15,16,18,26
10-09-2003,17,19,20,35,40,48
13-09-2003,11,18,19,22,25,42
17-09-2003,3,13,23,34,35,48
20-09-2003,3,11,26,27,34,47
24-09-2003,17,20,22,25,43,46
27-09-2003,7,17,35,39,40,44
01-10-2003,5,9,14,18,32,38
04-10-2003,11,16,19,25,30,49
08-10-2003,8,15,16,34,40,46
11-10-2003,7,28,31,33,35,47
15-10-2003,1,4,24,31,32,33
18-10-2003,4,15,32,35,37,41
22-10-2003,1,6,8,19,26,44
25-10-2003,24,25,27,35,38,49
29-10-2003,9,11,20,25,43,47
01-11-2003,4,18,21,22,32,43
05-11-2003,8,10,13,27,32,48
08-11-2003,16,27,31,41,44,47
12-11-2003,10,14,25,36,41,46
15-11-2003,4,19,22,33,36,38
19-11-2003,5,10,18,27,32,39
22-11-2003,5,8,25,31,37,39
26-11-2003,5,26,27,28,29,37
29-11-2003,4,8,28,31,48,49
03-12-2003,9,16,18,41,47,48
06-12-2003,20,24,33,35,41,43
10-12-2003,1,9,15,24,30,43
13-12-2003,5,11,26,29,30,44
17-12-2003,5,11,14,20,39,40
20-12-2003,2,24,30,31,37,43
24-12-2003,4,6,9,14,27,31
27-12-2003,7,17,24,35,36,40
31-12-2003,4,6,22,31,39,47
03-01-2004,5,15,16,37,41,48
07-01-2004,10,12,24,44,45,49
10-01-2004,9,13,14,33,42,45
14-01-2004,5,17,19,21,23,28
17-01-2004,20,28,34,35,40,49
21-01-2004,5,22,29,30,33,49
24-01-2004,9,12,14,20,26,48
28-01-2004,15,17,18,27,33,38
31-01-2004,16,22,30,32,48,49
04-02-2004,1,2,16,21,31,41
07-02-2004,14,17,20,23,26,28
11-02-2004,4,17,27,28,34,39
14-02-2004,23,25,32,35,37,46
18-02-2004,20,27,30,40,46,48
21-02-2004,5,9,14,28,38,49
25-02-2004,5,11,13,21,28,49
28-02-2004,1,6,18,24,29,38
03-03-2004,20,22,29,44,46,49
06-03-2004,1,3,24,37,38,46
10-03-2004,4,8,17,38,40,47
13-03-2004,6,20,21,28,32,48
17-03-2004,1,12,15,21,29,34
20-03-2004,3,10,16,24,27,32
24-03-2004,3,8,9,11,31,44
27-03-2004,26,28,30,40,47,49
31-03-2004,13,20,22,23,25,35
03-04-2004,1,2,10,16,30,43
07-04-2004,4,6,10,33,34,45
10-04-2004,3,5,25,43,47,49
14-04-2004,4,12,13,38,43,47
17-04-2004,18,24,26,29,32,33
21-04-2004,1,3,32,33,46,47
24-04-2004,1,13,30,33,37,40
28-04-2004,25,29,34,43,45,48
01-05-2004,8,9,22,27,29,49
05-05-2004,6,12,25,31,41,46
08-05-2004,4,11,33,37,43,44
12-05-2004,5,7,13,23,28,38
15-05-2004,3,8,23,29,32,34
19-05-2004,3,13,19,24,27,44
22-05-2004,5,18,26,31,43,44
26-05-2004,8,12,17,21,35,40
29-05-2004,3,4,14,18,24,40
02-06-2004,10,17,32,38,41,43
05-06-2004,15,19,31,34,41,44
09-06-2004,5,11,16,28,32,40
12-06-2004,3,6,12,13,30,36
16-06-2004,2,11,14,22,34,47
19-06-2004,19,22,26,27,31,40
23-06-2004,8,13,14,19,39,44
26-06-2004,18,30,31,33,35,40
30-06-2004,6,8,15,27,33,34
03-07-2004,4,16,17,20,36,49
07-07-2004,4,11,12,26,41,45
10-07-2004,2,4,31,39,40,46
14-07-2004,6,7,8,34,42,48
17-07-2004,10,23,24,25,27,41
21-07-2004,10,11,38,43,45,47
24-07-2004,2,9,13,27,37,48
28-07-2004,3,13,30,35,41,49
31-07-2004,3,6,9,33,44,48
04-08-2004,8,17,19,33,43,45
07-08-2004,5,7,26,35,39,45
11-08-2004,12,18,23,27,32,46
14-08-2004,3,12,37,40,48,49
18-08-2004,5,7,8,14,23,33
21-08-2004,1,6,21,27,31,47
25-08-2004,2,5,13,19,30,47
28-08-2004,1,12,21,31,36,40
01-09-2004,17,31,32,41,42,43
04-09-2004,1,3,4,11,19,40
08-09-2004,3,9,20,38,39,45
11-09-2004,6,10,12,16,17,31
15-09-2004,1,26,27,28,29,31
18-09-2004,1,5,17,22,26,41
22-09-2004,2,6,12,14,28,40
25-09-2004,5,7,28,33,39,42
29-09-2004,1,14,28,29,43,45
02-10-2004,11,19,28,29,42,45
06-10-2004,9,23,29,37,39,43
09-10-2004,11,15,21,22,27,47
13-10-2004,11,12,13,20,32,42
16-10-2004,6,7,21,23,28,29
20-10-2004,6,7,10,18,35,43
23-10-2004,26,29,32,34,40,48
27-10-2004,7,27,29,31,37,38
30-10-2004,10,27,30,39,40,47
03-11-2004,5,8,15,22,35,48
06-11-2004,16,24,33,36,45,47
10-11-2004,7,8,19,25,28,45
13-11-2004,5,27,41,42,43,46
17-11-2004,5,15,17,24,26,43
20-11-2004,7,18,19,33,46,49
24-11-2004,7,8,31,35,36,49
27-11-2004,18,27,36,39,41,47
01-12-2004,3,10,13,28,38,45
04-12-2004,2,8,17,36,38,40
08-12-2004,4,14,15,25,30,32
11-12-2004,3,7,9,33,35,42
15-12-2004,6,13,19,34,45,48
18-12-2004,1,10,12,16,22,30
22-12-2004,5,15,16,19,20,43
25-12-2004,9,13,22,41,47,48
29-12-2004,4,5,25,26,28,39
01-01-2005,2,21,22,27,36,44
05-01-2005,1,11,20,24,26,41
08-01-2005,2,5,14,35,39,42
12-01-2005,3,5,6,10,30,45
15-01-2005,6,17,28,37,41,45
19-01-2005,7,8,14,36,39,45
22-01-2005,2,4,23,35,39,47
26-01-2005,4,24,32,36,42,45
29-01-2005,9,14,21,23,28,36
02-02-2005,6,22,26,30,36,44
05-02-2005,7,11,17,18,21,42
09-02-2005,10,15,19,39,44,46
12-02-2005,16,27,31,33,36,41
16-02-2005,1,6,10,19,22,46
19-02-2005,9,26,36,41,42,45
23-02-2005,20,34,37,38,39,45
26-02-2005,1,7,16,23,25,37
02-03-2005,9,24,25,27,35,39
05-03-2005,5,8,16,26,43,47
09-03-2005,7,16,27,33,35,44
12-03-2005,2,3,6,20,24,39
16-03-2005,4,6,16,29,33,40
19-03-2005,4,5,7,9,48,49
23-03-2005,18,21,32,33,45,48
26-03-2005,2,7,21,34,35,48
30-03-2005,1,3,7,14,40,46
02-04-2005,5,8,18,37,43,49
06-04-2005,6,14,28,32,43,47
09-04-2005,11,29,30,32,39,40
13-04-2005,15,22,26,28,36,42
16-04-2005,1,18,19,24,26,36
20-04-2005,6,9,16,20,25,43
23-04-2005,4,7,13,21,37,49
27-04-2005,5,6,18,27,41,48
30-04-2005,8,18,22,31,34,48
04-05-2005,3,7,21,24,30,39
07-05-2005,6,9,25,29,38,43
11-05-2005,2,18,22,46,47,49
14-05-2005,14,25,30,35,37,38
18-05-2005,1,18,20,26,27,44
21-05-2005,2,21,37,40,41,49
25-05-2005,22,23,33,43,47,49
28-05-2005,6,7,28,29,34,43
01-06-2005,2,15,29,32,33,39
04-06-2005,1,6,19,25,43,47
08-06-2005,6,10,23,25,45,49
11-06-2005,9,13,18,24,29,30
15-06-2005,11,12,14,18,31,32
18-06-2005,8,18,26,27,28,49
22-06-2005,5,33,40,41,44,48
25-06-2005,5,17,20,21,24,40
29-06-2005,7,16,18,25,26,41
02-07-2005,1,12,17,29,40,41
06-07-2005,11,16,29,35,38,47
09-07-2005,4,5,27,40,42,48
13-07-2005,10,14,18,24,39,47
16-07-2005,1,25,30,31,42,49
20-07-2005,4,10,19,25,33,43
23-07-2005,2,14,37,45,46,47
27-07-2005,15,16,25,27,38,47
30-07-2005,12,19,22,42,43,45
03-08-2005,4,7,10,12,24,33
06-08-2005,1,7,23,24,33,42
10-08-2005,8,9,16,20,35,45
13-08-2005,10,25,26,34,35,44
17-08-2005,9,10,16,22,23,45
20-08-2005,1,2,17,18,22,40
24-08-2005,7,11,22,38,43,49
27-08-2005,1,9,23,38,42,47
31-08-2005,1,8,12,15,24,29
03-09-2005,5,20,24,41,46,49
07-09-2005,2,6,7,20,24,33
10-09-2005,17,19,27,31,37,48
14-09-2005,10,22,26,35,41,47
17-09-2005,8,16,17,28,29,43
21-09-2005,14,22,28,36,38,46
24-09-2005,9,23,25,26,40,48
28-09-2005,11,25,28,32,37,44
01-10-2005,9,14,20,37,44,47
05-10-2005,11,19,23,30,36,47
08-10-2005,5,6,14,25,43,49
12-10-2005,2,3,10,35,36,41
15-10-2005,3,9,15,36,40,43
19-10-2005,1,23,24,26,30,35
22-10-2005,4,9,11,26,31,47
26-10-2005,9,19,21,24,34,35
29-10-2005,2,5,11,18,30,31
02-11-2005,13,14,16,17,25,27
05-11-2005,5,7,29,40,46,47
09-11-2005,4,19,26,30,46,47
12-11-2005,12,16,28,33,36,40
16-11-2005,2,16,17,23,27,38
19-11-2005,1,4,30,38,40,49
23-11-2005,15,18,24,45,47,49
26-11-2005,5,12,21,32,34,40
30-11-2005,20,22,25,35,40,46
03-12-2005,2,6,17,36,47,49
07-12-2005,7,28,29,34,35,47
10-12-2005,2,7,28,30,33,46
14-12-2005,16,25,39,40,41,49
17-12-2005,3,9,10,22,41,42
21-12-2005,9,18,24,26,30,34
24-12-2005,8,19,24,30,36,38
28-12-2005,7,11,36,40,41,49
31-12-2005,13,21,35,36,42,44
04-01-2006,5,11,12,13,20,41
07-01-2006,3,17,19,21,26,31
11-01-2006,1,4,5,16,19,26
14-01-2006,10,14,19,27,31,39
18-01-2006,12,13,14,18,27,44
21-01-2006,6,17,20,27,35,39
25-01-2006,4,13,17,23,36,49
28-01-2006,5,33,37,38,40,49
01-02-2006,7,13,22,23,35,38
04-02-2006,26,27,28,35,39,43
08-02-2006,1,5,6,12,29,34
11-02-2006,1,10,14,26,45,49
15-02-2006,11,17,19,20,26,30
18-02-2006,4,5,6,18,21,40
22-02-2006,6,7,14,15,30,48
25-02-2006,9,10,17,18,21,36
01-03-2006,2,19,22,37,41,48
04-03-2006,7,11,17,23,36,37
08-03-2006,4,9,15,19,30,33
11-03-2006,3,9,12,36,46,48
15-03-2006,1,3,9,10,14,38
18-03-2006,5,9,17,38,43,47
22-03-2006,3,4,9,19,24,40
25-03-2006,3,10,12,21,28,32
29-03-2006,3,10,16,17,26,30
01-04-2006,4,6,21,25,35,39
05-04-2006,9,21,27,30,32,46
08-04-2006,3,10,17,25,44,46
12-04-2006,15,20,23,46,47,48
15-04-2006,2,4,5,8,18,40
19-04-2006,11,13,18,32,41,47
22-04-2006,3,9,24,35,39,44
26-04-2006,12,16,17,31,34,43
29-04-2006,12,22,25,37,38,48
03-05-2006,5,10,18,23,35,44
06-05-2006,5,15,26,28,31,37
10-05-2006,6,24,33,35,39,47
13-05-2006,9,12,26,27,40,45
17-05-2006,1,22,31,35,40,45
20-05-2006,10,19,25,40,42,49
24-05-2006,2,17,21,31,45,47
27-05-2006,14,22,29,30,35,43
31-05-2006,11,26,33,45,48,49
03-06-2006,1,3,10,17,24,49
07-06-2006,1,7,23,29,34,45
10-06-2006,13,19,20,25,29,44
14-06-2006,5,7,12,17,29,45
17-06-2006,10,31,40,41,45,49
21-06-2006,18,19,34,43,45,48
24-06-2006,5,13,22,30,47,48
28-06-2006,4,6,8,14,41,42
01-07-2006,6,12,18,25,27,35
05-07-2006,7,10,19,32,34,41
08-07-2006,9,24,28,30,31,49
12-07-2006,6,22,27,34,35,43
15-07-2006,5,25,28,30,40,41
19-07-2006,5,25,31,44,46,47
22-07-2006,3,5,25,31,37,41
26-07-2006,4,11,18,20,30,49
29-07-2006,13,17,21,25,34,48
02-08-2006,16,20,23,28,40,43
05-08-2006,1,7,9,12,43,46
09-08-2006,4,29,30,33,36,39
12-08-2006,1,5,14,32,42,48
16-08-2006,2,19,30,32,41,48
19-08-2006,4,5,8,24,33,43
23-08-2006,2,9,12,28,30,38
26-08-2006,1,4,20,24,25,39
30-08-2006,21,22,25,37,45,48
02-09-2006,6,34,36,38,46,48
06-09-2006,3,5,25,38,39,40
09-09-2006,2,13,23,42,43,47
13-09-2006,10,14,17,22,31,39
16-09-2006,5,7,9,16,17,47
20-09-2006,1,3,15,22,24,36
23-09-2006,3,14,31,35,38,48
27-09-2006,13,20,27,33,38,45
30-09-2006,10,17,27,35,42,46
04-10-2006,6,8,12,33,38,42
07-10-2006,28,30,31,34,41,48
11-10-2006,19,26,30,40,43,45
14-10-2006,6,7,30,33,34,39
18-10-2006,1,8,25,36,37,40
21-10-2006,1,17,21,24,39,47
25-10-2006,11,12,30,32,33,46
28-10-2006,1,7,30,44,48,49
01-11-2006,10,14,23,40,42,48
04-11-2006,6,14,28,31,39,46
08-11-2006,6,10,15,20,27,37
11-11-2006,1,13,19,28,47,49
15-11-2006,2,7,21,26,27,49
18-11-2006,1,2,8,28,38,43
22-11-2006,12,22,29,33,34,42
25-11-2006,27,33,34,41,42,49
29-11-2006,2,13,20,28,42,45
02-12-2006,4,9,17,42,44,45
06-12-2006,2,3,6,23,35,39
09-12-2006,7,12,24,26,33,34
13-12-2006,5,6,18,20,22,45
16-12-2006,4,19,23,31,48,49
20-12-2006,4,10,29,44,46,49
23-12-2006,3,11,16,36,38,41
27-12-2006,9,13,15,26,38,43
30-12-2006,1,16,23,39,44,47
03-01-2007,2,4,30,35,36,45
06-01-2007,5,10,11,35,38,39
10-01-2007,4,6,27,36,37,40
13-01-2007,8,19,29,38,41,47
17-01-2007,9,12,14,27,32,46
20-01-2007,19,27,28,33,36,38
24-01-2007,8,10,11,33,34,42
27-01-2007,15,18,27,40,44,45
31-01-2007,3,8,10,20,26,44
03-02-2007,5,18,21,27,34,36
07-02-2007,6,7,11,16,23,48
10-02-2007,4,16,20,26,32,38
14-02-2007,7,8,24,33,44,45
17-02-2007,1,14,31,34,39,49
21-02-2007,13,14,23,38,41,43
24-02-2007,8,11,13,14,33,36
28-02-2007,13,14,26,28,31,43
03-03-2007,4,7,16,23,26,29
07-03-2007,9,17,19,24,43,49
10-03-2007,5,18,23,30,42,49
14-03-2007,3,5,15,22,24,37
17-03-2007,6,9,10,11,22,26
21-03-2007,2,3,6,11,31,33
24-03-2007,1,24,25,28,29,32
28-03-2007,3,11,15,26,27,41
31-03-2007,2,15,28,31,33,35
04-04-2007,3,5,7,21,31,43
07-04-2007,6,8,17,29,33,49
11-04-2007,7,10,15,17,22,47
14-04-2007,34,37,41,44,45,49
18-04-2007,14,22,31,37,39,45
21-04-2007,1,3,6,13,19,46
25-04-2007,7,13,34,36,42,43
28-04-2007,8,15,19,30,37,39
02-05-2007,22,23,30,34,40,48
05-05-2007,13,15,20,32,37,49
09-05-2007,8,15,22,44,46,47
12-05-2007,17,21,22,28,31,42
16-05-2007,10,12,16,23,40,42
19-05-2007,4,7,9,21,29,34
23-05-2007,9,10,19,20,31,45
26-05-2007,1,17,25,26,41,42
30-05-2007,14,18,23,27,34,39
02-06-2007,13,18,24,28,31,44
06-06-2007,4,12,25,29,44,45
09-06-2007,19,22,23,31,32,42
13-06-2007,3,6,16,23,38,45
16-06-2007,2,18,26,34,39,49
20-06-2007,3,7,11,12,17,39
23-06-2007,10,25,29,33,36,41
27-06-2007,3,4,8,10,17,34
30-06-2007,1,2,5,16,31,36
04-07-2007,16,20,21,24,30,38
07-07-2007,8,11,23,25,27,34
11-07-2007,6,15,28,46,47,49
14-07-2007,3,9,10,11,23,33
18-07-2007,4,20,24,27,36,39
21-07-2007,4,14,20,29,36,44
25-07-2007,13,20,23,26,35,43
28-07-2007,6,8,14,18,28,33
01-08-2007,7,14,17,33,40,42
04-08-2007,4,7,20,30,32,43
08-08-2007,7,13,17,24,37,44
11-08-2007,4,6,11,17,19,42
15-08-2007,1,13,27,28,31,37
18-08-2007,1,8,11,23,24,45
22-08-2007,14,31,33,38,39,49
25-08-2007,11,22,30,44,48,49
29-08-2007,2,7,16,20,31,43
01-09-2007,8,26,33,41,43,45
05-09-2007,1,9,24,30,31,48
08-09-2007,2,14,26,27,31,34
12-09-2007,1,28,31,36,38,49
15-09-2007,1,21,27,28,36,49
19-09-2007,6,14,28,32,34,40
22-09-2007,3,6,11,34,36,41
26-09-2007,11,15,31,34,39,43
29-09-2007,9,20,22,27,29,40
03-10-2007,2,14,33,42,48,49
06-10-2007,3,6,12,25,26,45
10-10-2007,13,15,25,29,34,36
13-10-2007,3,9,10,24,41,47
17-10-2007,22,26,34,42,43,46
20-10-2007,17,28,34,36,37,49
24-10-2007,7,14,15,20,23,46
27-10-2007,3,4,8,12,16,47
31-10-2007,6,22,29,34,46,49
03-11-2007,2,11,13,15,21,41
07-11-2007,6,10,18,28,33,38
10-11-2007,1,3,5,12,15,41
14-11-2007,2,8,27,45,47,48
17-11-2007,1,9,15,26,30,42
21-11-2007,25,34,40,41,43,47
24-11-2007,13,14,39,42,45,49
28-11-2007,7,8,10,16,40,49
01-12-2007,12,21,23,29,35,41
05-12-2007,9,10,24,28,39,42
08-12-2007,1,2,19,24,25,47
12-12-2007,10,13,23,34,44,46
15-12-2007,3,13,18,26,37,49
19-12-2007,3,7,29,32,37,45
22-12-2007,9,10,33,34,41,45
26-12-2007,12,13,17,20,31,37
29-12-2007,2,12,23,26,28,42
02-01-2008,2,7,10,27,30,49
05-01-2008,9,10,17,33,37,45
09-01-2008,26,28,30,38,40,41
12-01-2008,3,4,10,11,45,47
16-01-2008,8,16,19,27,47,48
19-01-2008,7,20,22,23,30,31
23-01-2008,10,11,15,16,28,37
26-01-2008,4,6,10,20,26,37
30-01-2008,6,7,12,27,46,48
02-02-2008,6,9,14,27,28,39
06-02-2008,4,6,25,26,41,49
09-02-2008,1,10,13,25,27,45
13-02-2008,1,7,20,25,33,42
16-02-2008,6,7,11,22,43,44
20-02-2008,1,18,22,23,37,42
23-02-2008,1,12,13,39,40,44
27-02-2008,9,18,21,34,36,39
01-03-2008,4,5,19,20,22,39
05-03-2008,6,12,16,18,34,44
08-03-2008,6,9,12,22,35,37
12-03-2008,2,9,22,24,37,44
15-03-2008,5,7,26,33,40,42
19-03-2008,4,21,22,34,43,48
22-03-2008,6,11,31,34,42,43
26-03-2008,10,17,28,29,34,36
29-03-2008,10,21,23,29,31,37
02-04-2008,1,14,31,33,36,48
05-04-2008,3,5,9,27,34,48
09-04-2008,2,8,27,31,35,42
12-04-2008,5,22,23,34,41,42
16-04-2008,9,10,11,28,40,46
19-04-2008,10,13,23,24,38,48
23-04-2008,2,8,26,32,35,39
26-04-2008,3,8,14,25,33,43
30-04-2008,4,5,37,39,40,45
03-05-2008,8,10,20,29,30,44
07-05-2008,16,24,30,31,36,49
10-05-2008,9,11,12,23,24,31
14-05-2008,8,13,18,29,38,41
17-05-2008,8,20,22,25,34,35
21-05-2008,2,10,16,21,45,48
24-05-2008,2,6,9,34,37,46
28-05-2008,3,9,24,31,32,34
31-05-2008,7,12,17,22,27,41
04-06-2008,7,8,27,30,43,47
07-06-2008,7,17,19,20,42,47
11-06-2008,16,24,31,41,44,47
14-06-2008,21,24,30,32,36,44
18-06-2008,3,4,32,39,40,43
21-06-2008,2,15,30,32,43,45
25-06-2008,13,20,30,32,37,47
28-06-2008,5,7,9,21,30,46
02-07-2008,1,9,12,22,23,27
05-07-2008,6,7,11,15,42,49
09-07-2008,9,11,12,21,34,44
12-07-2008,2,4,10,22,27,40
16-07-2008,15,17,24,27,32,37
19-07-2008,8,15,20,38,41,43
23-07-2008,2,15,22,25,38,42
26-07-2008,10,12,15,44,47,49
30-07-2008,4,23,25,29,36,45
02-08-2008,1,4,16,34,35,46
06-08-2008,4,17,22,28,29,40
09-08-2008,16,26,30,37,38,42
13-08-2008,4,14,26,32,41,45
16-08-2008,1,8,19,22,36,42
20-08-2008,15,16,19,28,36,40
23-08-2008,4,10,20,26,28,43
27-08-2008,15,18,20,29,31,33
30-08-2008,8,11,20,21,36,48
03-09-2008,3,7,8,38,43,45
06-09-2008,14,15,20,26,35,49
10-09-2008,2,10,23,24,32,34
13-09-2008,2,3,22,27,38,48
17-09-2008,7,8,17,35,36,47
20-09-2008,4,6,7,28,34,43
24-09-2008,3,21,28,39,45,47
27-09-2008,11,27,28,29,37,39
01-10-2008,9,11,20,31,35,42
04-10-2008,4,11,12,16,21,43
08-10-2008,5,9,11,13,30,39
11-10-2008,2,5,13,18,22,29
15-10-2008,4,14,26,34,35,47
18-10-2008,1,10,21,25,35,36
22-10-2008,13,15,17,18,20,31
25-10-2008,1,24,34,43,46,47
29-10-2008,4,21,26,31,42,45
01-11-2008,6,25,26,27,28,43
05-11-2008,2,3,4,12,44,49
08-11-2008,4,9,16,25,33,42
12-11-2008,5,16,20,33,41,48
15-11-2008,3,23,31,39,41,48
19-11-2008,4,14,17,32,36,44
22-11-2008,11,12,23,35,41,42
26-11-2008,2,23,25,32,43,49
29-11-2008,7,9,12,19,22,43
03-12-2008,8,15,16,33,44,47
06-12-2008,5,7,15,23,24,32
10-12-2008,12,14,15,17,31,38
13-12-2008,6,13,18,22,44,45
17-12-2008,1,12,16,24,32,49
20-12-2008,4,11,19,28,46,48
24-12-2008,1,22,39,42,43,47
27-12-2008,3,11,13,16,24,31
31-12-2008,6,24,29,30,36,49
03-01-2009,6,10,14,21,40,46
07-01-2009,3,6,20,23,26,37
10-01-2009,6,17,18,37,41,49
14-01-2009,1,7,9,22,29,32
17-01-2009,4,12,32,38,42,46
21-01-2009,5,7,8,10,38,40
24-01-2009,2,12,14,16,36,46
28-01-2009,1,3,15,24,38,47
31-01-2009,7,9,11,14,17,31
04-02-2009,2,5,10,21,42,46
07-02-2009,2,13,15,35,39,48
11-02-2009,13,22,39,41,42,43
14-02-2009,17,28,29,40,42,47
18-02-2009,15,19,39,43,48,49
21-02-2009,3,14,18,29,31,41
25-02-2009,2,7,10,22,34,43
28-02-2009,1,15,20,21,22,33
04-03-2009,6,28,31,38,42,44
07-03-2009,7,26,33,37,38,44
11-03-2009,8,13,32,39,47,48
14-03-2009,5,8,26,44,45,49
18-03-2009,4,17,29,37,42,47
21-03-2009,10,13,21,23,34,38
25-03-2009,14,25,31,32,41,49
28-03-2009,3,4,41,44,47,49
01-04-2009,3,13,17,21,32,33
04-04-2009,1,2,11,22,26,36
08-04-2009,5,12,19,28,29,37
11-04-2009,2,3,7,17,37,38
15-04-2009,2,4,9,20,42,48
18-04-2009,2,5,10,20,25,42
22-04-2009,6,11,24,31,32,45
25-04-2009,6,11,18,19,35,43
29-04-2009,7,10,14,15,40,41
02-05-2009,2,13,17,18,26,41
06-05-2009,1,2,7,41,44,45
09-05-2009,8,22,24,30,36,40
13-05-2009,16,25,34,41,45,47
16-05-2009,15,32,35,36,42,47
20-05-2009,6,8,27,28,31,47
23-05-2009,13,14,20,28,29,33
27-05-2009,9,11,16,19,42,44
30-05-2009,17,18,21,35,36,43
03-06-2009,3,9,15,18,21,33
06-06-2009,3,10,13,23,27,35
10-06-2009,11,23,28,32,35,36
13-06-2009,4,6,38,42,46,48
17-06-2009,7,10,29,40,42,43
20-06-2009,18,26,35,37,41,46
24-06-2009,9,19,32,36,37,39
27-06-2009,3,14,37,38,45,47
01-07-2009,2,11,18,26,32,49
04-07-2009,11,15,30,31,32,39
08-07-2009,4,5,31,36,40,43
11-07-2009,1,3,12,14,27,43
15-07-2009,2,6,14,25,38,43
18-07-2009,1,2,5,9,30,45
22-07-2009,3,8,19,32,40,43
25-07-2009,6,11,23,24,31,35
29-07-2009,9,10,13,20,32,37
01-08-2009,2,16,30,35,44,46
05-08-2009,4,13,15,19,36,39
08-08-2009,9,19,32,34,38,41
12-08-2009,8,15,24,28,37,40
15-08-2009,3,5,8,23,34,42
19-08-2009,22,32,35,39,43,44
22-08-2009,8,12,14,17,22,25
26-08-2009,15,22,23,26,33,43
29-08-2009,13,23,24,35,36,44
02-09-2009,7,8,29,30,34,39
05-09-2009,4,12,24,25,26,45
09-09-2009,12,16,22,29,34,43
12-09-2009,5,19,23,34,40,41
16-09-2009,5,22,27,31,32,49
19-09-2009,11,14,17,22,33,39
23-09-2009,3,4,23,30,43,44
26-09-2009,8,9,25,33,39,45
30-09-2009,20,22,30,31,37,41
03-10-2009,11,16,19,27,34,36
07-10-2009,10,28,34,38,45,48
10-10-2009,15,16,20,24,27,40
14-10-2009,10,22,23,41,43,47
17-10-2009,24,31,39,43,44,45
21-10-2009,10,16,25,40,42,44
24-10-2009,5,18,22,24,39,48
28-10-2009,16,39,42,43,45,48
31-10-2009,7,13,21,22,25,33
04-11-2009,2,4,6,8,14,28
07-11-2009,1,9,27,28,34,37
11-11-2009,10,11,19,32,42,46
14-11-2009,1,3,10,11,25,44
18-11-2009,6,8,16,23,25,44
21-11-2009,4,8,14,24,44,47
25-11-2009,10,12,18,24,43,44
28-11-2009,24,30,33,34,36,45
02-12-2009,12,17,24,30,31,32
05-12-2009,6,7,8,16,29,42
09-12-2009,1,5,13,22,26,29
12-12-2009,4,18,22,26,38,49
16-12-2009,2,8,11,18,19,38
19-12-2009,7,14,15,18,29,47
23-12-2009,2,5,28,36,44,48
26-12-2009,7,11,16,24,39,49
30-12-2009,10,16,22,25,37,40
02-01-2010,3,6,30,31,32,43
06-01-2010,2,14,17,20,24,48
09-01-2010,2,22,24,33,37,46
13-01-2010,2,13,34,38,40,43
16-01-2010,6,7,12,17,18,34
20-01-2010,9,11,15,28,46,47
23-01-2010,14,16,21,28,31,39
27-01-2010,5,7,10,39,43,46
30-01-2010,11,13,17,34,46,49
03-02-2010,4,8,10,16,37,43
06-02-2010,10,15,22,34,41,49
10-02-2010,6,9,12,29,44,49
13-02-2010,5,11,15,20,36,48
17-02-2010,17,22,31,35,38,44
20-02-2010,2,10,20,24,25,47
24-02-2010,25,3,12,6,22,41
27-02-2010,45,30,6,33,26,4
03-03-2010,45,3,9,17,47,37
06-03-2010,38,39,35,27,13,18
10-03-2010,49,16,46,18,45,27
13-03-2010,10,23,27,15,35,24
17-03-2010,23,19,25,20,34,30
20-03-2010,30,21,24,6,20,22
24-03-2010,9,15,40,47,25,19
27-03-2010,10,14,49,36,45,4
31-03-2010,46,41,49,14,25,47
03-04-2010,48,40,24,13,32,12
07-04-2010,18,14,35,32,26,24
10-04-2010,37,3,2,47,34,8
14-04-2010,35,42,13,18,37,5
17-04-2010,10,11,35,38,17,16
21-04-2010,41,40,23,33,13,5
24-04-2010,45,29,12,26,7,46
28-04-2010,40,3,30,39,19,26
01-05-2010,19,16,10,37,20,49
05-05-2010,11,12,36,17,19,44
08-05-2010,40,31,16,39,36,49
12-05-2010,20,27,1,26,24,40
15-05-2010,41,10,36,5,35,11
19-05-2010,19,25,42,37,34,30
22-05-2010,19,12,39,13,49,43
26-05-2010,49,39,16,6,11,41
29-05-2010,47,46,20,33,26,17
02-06-2010,9,34,18,23,32,20
05-06-2010,28,5,43,46,32,21
09-06-2010,25,29,42,14,33,37
12-06-2010,9,20,17,4,25,35
16-06-2010,40,7,34,29,28,27
19-06-2010,42,21,13,22,41,14
23-06-2010,1,23,48,25,18,44
26-06-2010,25,48,41,39,49,33
30-06-2010,33,2,36,13,14,7
03-07-2010,1,27,13,45,46,47
07-07-2010,42,28,17,32,35,6
10-07-2010,2,19,17,42,7,3
14-07-2010,28,42,20,11,10,23
17-07-2010,29,20,36,11,7,49
21-07-2010,43,17,22,31,20,28
24-07-2010,15,43,24,4,37,21
28-07-2010,16,20,40,34,33,46
31-07-2010,34,24,46,49,22,25
04-08-2010,28,31,13,30,46,33
07-08-2010,32,6,29,33,44,20
11-08-2010,6,3,17,33,7,13
14-08-2010,43,32,4,14,8,30
18-08-2010,2,16,9,47,14,37
21-08-2010,30,26,5,15,22,18
25-08-2010,49,36,28,44,9,43
28-08-2010,4,35,40,6,22,31
01-09-2010,4,11,36,16,29,19
04-09-2010,35,3,25,19,6,48
08-09-2010,13,11,40,32,12,5
11-09-2010,28,43,48,41,26,39
15-09-2010,41,31,43,29,1,32
18-09-2010,4,37,30,29,35,24
22-09-2010,2,5,4,17,9,12
25-09-2010,2,46,12,4,25,1
29-09-2010,23,4,16,41,32,9
02-10-2010,28,27,15,5,17,29
06-10-2010,3,11,2,30,19,43
09-10-2010,11,19,22,15,12,21
13-10-2010,33,3,16,21,40,32
16-10-2010,13,47,8,45,19,33
20-10-2010,22,7,33,19,15,1
23-10-2010,34,43,29,8,9,23
27-10-2010,13,44,28,12,25,18
30-10-2010,49,11,12,30,15,39
03-11-2010,1,45,39,5,9,47
06-11-2010,33,14,34,17,18,4
10-11-2010,21,8,11,49,22,12
13-11-2010,13,43,8,24,19,17
17-11-2010,28,16,1,18,24,47
20-11-2010,32,4,34,17,29,33
24-11-2010,33,5,8,26,35,46
27-11-2010,1,8,4,35,45,10
01-12-2010,41,15,32,39,20,25
04-12-2010,37,18,41,24,48,13
08-12-2010,18,16,14,7,26,2
11-12-2010,5,16,7,43,31,27
15-12-2010,28,14,45,43,3,9
18-12-2010,39,42,16,4,21,40
22-12-2010,6,36,45,26,35,18
25-12-2010,46,9,29,2,10,11
29-12-2010,15,20,37,14,48,42
01-01-2011,14,2,18,36,26,35
05-01-2011,49,46,36,29,24,42
08-01-2011,27,26,33,41,32,23
12-01-2011,8,23,2,22,12,28
15-01-2011,13,12,33,21,26,38
19-01-2011,6,8,35,29,5,34
22-01-2011,3,23,7,35,19,14
26-01-2011,34,22,23,37,28,6
29-01-2011,35,30,8,11,45,21
02-02-2011,15,17,6,46,34,22
05-02-2011,11,41,34,24,9,35
09-02-2011,46,41,23,13,39,14
12-02-2011,1,2,32,24,31,5
16-02-2011,11,25,3,8,46,30
19-02-2011,33,47,42,16,12,14
23-02-2011,40,27,39,6,16,22
26-02-2011,18,32,19,47,49,38
02-03-2011,36,38,48,4,42,9
05-03-2011,33,28,13,39,7,15
09-03-2011,41,48,27,6,13,14
12-03-2011,9,19,31,15,43,38
16-03-2011,5,41,35,18,48,20
19-03-2011,46,11,10,41,16,21
23-03-2011,34,11,40,16,42,5
26-03-2011,19,37,17,28,20,25
30-03-2011,18,31,37,32,13,23
02-04-2011,25,33,16,1,29,47
06-04-2011,19,31,14,9,39,27
09-04-2011,32,26,12,39,44,47
13-04-2011,47,26,6,23,16,9
16-04-2011,35,49,4,19,17,3
20-04-2011,36,40,13,20,39,44
23-04-2011,41,6,29,22,16,18
27-04-2011,33,21,42,16,32,46
30-04-2011,19,33,10,34,29,12
04-05-2011,14,36,22,6,40,30
07-05-2011,23,34,29,5,41,12
11-05-2011,31,35,29,26,8,28
14-05-2011,10,31,9,11,20,1
18-05-2011,33,30,13,27,41,3
21-05-2011,36,49,24,13,45,28
25-05-2011,38,35,8,26,1,27
28-05-2011,46,4,19,17,34,29
01-06-2011,11,10,13,22,41,20
04-06-2011,17,46,38,34,37,22
08-06-2011,4,38,24,15,31,49
11-06-2011,46,16,8,28,18,34
15-06-2011,23,6,22,21,32,44
18-06-2011,25,21,6,41,14,24
22-06-2011,37,1,29,34,4,24
25-06-2011,42,4,20,3,28,37
29-06-2011,36,30,8,45,22,10
02-07-2011,16,19,40,22,10,7
06-07-2011,32,38,11,14,6,27
09-07-2011,45,18,23,36,9,11
13-07-2011,30,26,25,47,1,39
16-07-2011,3,27,15,14,38,22
20-07-2011,42,19,49,11,23,7
23-07-2011,8,24,18,33,20,12
27-07-2011,32,26,11,16,12,35
30-07-2011,40,42,8,11,44,21
03-08-2011,4,40,33,41,8,43
06-08-2011,11,41,33,49,9,36
10-08-2011,12,23,22,8,26,16
13-08-2011,31,14,13,34,21,29
17-08-2011,25,1,18,16,11,20
20-08-2011,7,32,2,41,31,22
24-08-2011,36,31,19,28,33,41
27-08-2011,44,29,43,49,27,40
31-08-2011,29,47,32,15,17,26
03-09-2011,31,17,42,2,8,36
07-09-2011,23,39,10,27,4,28
10-09-2011,28,16,10,43,9,6
14-09-2011,23,4,32,44,5,39
17-09-2011,49,42,46,23,12,38
21-09-2011,31,10,27,46,24,41
24-09-2011,18,42,24,5,3,6
28-09-2011,18,43,10,14,38,27
01-10-2011,13,29,21,47,17,9
05-10-2011,43,15,45,33,1,2
08-10-2011,34,25,29,47,31,24
12-10-2011,40,43,28,10,8,46
15-10-2011,2,18,16,5,37,39
19-10-2011,31,34,25,10,8,15
22-10-2011,7,26,8,34,6,35
26-10-2011,37,34,15,30,38,33
29-10-2011,24,6,23,35,17,44
02-11-2011,3,6,23,41,43,40
05-11-2011,43,21,7,41,13,37
09-11-2011,20,14,27,48,28,6
12-11-2011,12,16,7,42,15,30
16-11-2011,33,47,14,26,49,8
19-11-2011,47,24,26,40,9,33
23-11-2011,1,30,23,39,10,38
26-11-2011,23,33,49,3,13,38
30-11-2011,44,12,4,31,42,18
03-12-2011,44,1,25,10,29,47
07-12-2011,11,20,32,16,38,27
10-12-2011,34,25,10,2,5,4
14-12-2011,37,29,36,14,32,8
17-12-2011,19,44,3,38,33,47
21-12-2011,21,43,39,15,24,17
24-12-2011,27,6,12,26,36,32
28-12-2011,13,20,19,18,6,21
31-12-2011,19,5,17,2,28,11
04-01-2012,36,29,3,24,18,46
07-01-2012,29,22,37,33,24,47
11-01-2012,34,15,8,36,11,47
14-01-2012,6,20,7,32,1,11
18-01-2012,6,33,13,32,18,7
21-01-2012,49,46,26,43,45,27
25-01-2012,1,33,6,24,4,47
28-01-2012,27,19,37,1,16,48
01-02-2012,7,18,39,37,6,3
04-02-2012,10,15,40,27,24,45
08-02-2012,45,24,13,34,8,47
11-02-2012,32,2,34,48,49,11
15-02-2012,40,41,35,15,36,29
18-02-2012,40,27,3,13,25,47
22-02-2012,19,14,24,12,48,4
25-02-2012,48,43,16,7,11,14
29-02-2012,25,32,6,43,11,35
03-03-2012,22,48,4,24,40,33
07-03-2012,33,38,25,29,49,47
10-03-2012,15,10,26,35,1,21
14-03-2012,8,22,9,13,3,49
17-03-2012,3,43,7,23,42,33
21-03-2012,49,26,34,14,38,4
24-03-2012,35,37,43,39,49,22
28-03-2012,42,17,2,23,22,39
31-03-2012,43,40,25,1,26,27
04-04-2012,23,46,29,42,19,37
07-04-2012,15,35,2,10,44,12
11-04-2012,16,2,44,4,7,6
14-04-2012,26,48,42,29,39,37
18-04-2012,8,35,33,21,34,6
21-04-2012,20,41,6,24,19,7
25-04-2012,40,46,42,3,26,23
28-04-2012,11,47,37,20,17,33
02-05-2012,15,20,4,35,14,17
05-05-2012,31,28,5,48,14,8
09-05-2012,20,16,40,45,17,15
12-05-2012,36,31,18,34,30,13
16-05-2012,41,46,45,16,44,24
19-05-2012,20,42,36,34,43,47
23-05-2012,23,42,36,26,1,31
26-05-2012,44,15,34,11,48,5
30-05-2012,21,2,45,23,10,44
02-06-2012,13,9,26,30,41,37
06-06-2012,27,9,38,42,1,17
09-06-2012,28,17,31,10,15,22
13-06-2012,33,40,1,46,32,29
16-06-2012,1,48,28,17,46,33
20-06-2012,3,6,22,24,28,17
23-06-2012,39,19,33,13,11,27
27-06-2012,2,31,37,15,43,5
30-06-2012,8,20,30,22,7,41
04-07-2012,3,6,33,25,49,12
07-07-2012,10,43,30,6,29,49
11-07-2012,21,11,32,16,29,43
14-07-2012,6,22,10,33,9,29
18-07-2012,29,20,23,47,21,34
21-07-2012,40,4,38,24,31,26
25-07-2012,8,45,2,13,44,25
28-07-2012,41,16,31,27,37,49
01-08-2012,19,43,41,32,26,44
04-08-2012,15,18,23,22,38,40
08-08-2012,41,49,13,43,12,22
11-08-2012,3,47,20,1,2,49
15-08-2012,15,1,37,34,12,14
18-08-2012,16,34,28,5,32,40
22-08-2012,11,49,31,1,7,15
25-08-2012,17,27,25,35,22,16
29-08-2012,45,22,38,29,35,40
01-09-2012,48,3,16,6,26,7
05-09-2012,24,7,37,44,4,18
08-09-2012,19,48,38,41,39,49
12-09-2012,36,8,26,19,39,49
15-09-2012,41,48,6,9,8,34
19-09-2012,11,16,31,1,20,44
22-09-2012,24,49,48,41,40,7
26-09-2012,14,47,12,29,40,10
29-09-2012,39,4,20,41,34,1
03-10-2012,46,48,49,13,28,35
06-10-2012,34,20,8,22,44,46
10-10-2012,38,48,43,15,13,28
13-10-2012,9,37,36,42,10,43
17-10-2012,10,5,12,46,47,14
20-10-2012,26,8,6,11,15,33
24-10-2012,44,33,6,39,18,14
27-10-2012,44,33,23,39,46,11
31-10-2012,34,49,30,13,8,3
03-11-2012,43,8,42,46,7,26
07-11-2012,21,47,6,31,46,2
10-11-2012,28,3,49,25,2,38
14-11-2012,11,45,2,34,9,17
17-11-2012,5,24,32,36,7,15
21-11-2012,24,1,10,9,29,27
24-11-2012,32,2,12,28,23,48
28-11-2012,45,40,26,11,21,42
01-12-2012,6,23,4,3,45,2
05-12-2012,38,23,20,36,24,27
08-12-2012,48,34,15,19,42,27
12-12-2012,10,11,33,1,8,15
15-12-2012,25,40,31,27,4,30
19-12-2012,27,43,40,36,32,25
22-12-2012,49,23,38,44,11,32
26-12-2012,36,13,34,3,43,10
29-12-2012,11,43,38,35,31,25
02-01-2013,36,41,21,18,44,3
05-01-2013,39,47,49,45,22,26
09-01-2013,22,36,26,43,6,7
12-01-2013,10,7,48,11,43,15
16-01-2013,18,3,8,26,11,14
19-01-2013,39,23,27,45,28,47
23-01-2013,28,8,22,12,3,4
26-01-2013,37,31,33,12,36,28
30-01-2013,4,26,2,5,27,36
02-02-2013,34,17,44,28,2,4
06-02-2013,31,16,14,32,24,7
09-02-2013,22,26,20,5,47,29
13-02-2013,4,11,38,14,6,15
16-02-2013,22,23,24,39,33,6
20-02-2013,6,27,20,5,45,36
23-02-2013,49,35,26,17,46,44
27-02-2013,28,6,16,33,25,5
02-03-2013,45,2,17,48,14,4
06-03-2013,10,14,6,15,2,29
09-03-2013,2,20,47,14,39,12
13-03-2013,46,3,38,32,29,26
16-03-2013,17,39,10,34,4,42
20-03-2013,35,17,24,10,37,5
23-03-2013,30,37,49,9,41,16
27-03-2013,1,2,3,38,21,13
30-03-2013,7,35,39,30,46,31
03-04-2013,31,23,21,16,38,29
06-04-2013,30,5,17,34,7,32
10-04-2013,43,26,45,27,31,32
13-04-2013,28,35,45,15,26,10
17-04-2013,35,38,45,37,24,9
20-04-2013,48,6,36,28,38,31
24-04-2013,48,39,7,14,19,49
27-04-2013,28,11,32,3,10,43
01-05-2013,22,12,15,28,16,9
04-05-2013,48,7,5,11,22,21
08-05-2013,6,22,42,30,11,4
11-05-2013,40,7,32,3,31,41
15-05-2013,29,16,45,4,38,2
18-05-2013,16,32,20,2,1,22
22-05-2013,6,35,23,8,36,24
25-05-2013,29,25,23,17,3,44
29-05-2013,40,2,41,14,7,5
01-06-2013,2,30,28,13,36,32
05-06-2013,47,30,21,49,39,19
08-06-2013,12,38,47,26,3,30
12-06-2013,6,15,5,7,23,10
15-06-2013,14,16,49,43,6,25
19-06-2013,18,42,19,49,29,3
22-06-2013,10,19,31,43,5,35
26-06-2013,31,22,32,39,2,43
29-06-2013,36,43,22,28,7,44
03-07-2013,36,9,13,17,7,14
06-07-2013,11,17,49,8,20,3
10-07-2013,41,16,19,11,29,43
13-07-2013,18,3,48,28,29,38
17-07-2013,17,38,20,28,26,11
20-07-2013,3,46,33,11,29,18
24-07-2013,15,28,31,8,2,36
27-07-2013,34,20,11,31,30,40
31-07-2013,38,6,3,47,39,26
03-08-2013,31,47,19,25,6,40
07-08-2013,42,24,14,36,16,11
10-08-2013,31,39,36,9,3,17
14-08-2013,9,39,8,3,34,35
17-08-2013,13,42,28,19,17,25
21-08-2013,15,5,29,21,27,48
24-08-2013,30,6,29,27,2,25
28-08-2013,29,35,3,22,2,37
31-08-2013,39,22,44,37,26,1
04-09-2013,34,19,17,38,31,1
07-09-2013,43,22,24,37,41,12
11-09-2013,12,40,48,42,28,16
14-09-2013,23,22,21,30,10,40
18-09-2013,46,11,4,20,30,21
21-09-2013,22,32,8,40,13,43
25-09-2013,7,43,14,26,30,33
28-09-2013,31,23,37,3,41,32
02-10-2013,46,17,42,27,43,47
05-10-2013,3,48,12,9,35,44
09-10-2013,9,29,46,22,48,11
12-10-2013,38,44,14,29,25,46
16-10-2013,49,38,32,9,44,40
19-10-2013,10,38,24,4,14,40
23-10-2013,23,26,7,21,33,16
26-10-2013,25,20,22,24,9,18
30-10-2013,36,30,12,13,10,45
02-11-2013,24,15,38,12,19,9
06-11-2013,36,22,35,30,12,13
09-11-2013,28,12,13,33,32,6
13-11-2013,12,5,15,16,35,46
16-11-2013,43,42,19,39,9,24
20-11-2013,24,36,42,16,9,19
23-11-2013,7,30,35,12,19,33
27-11-2013,28,42,31,36,11,38
30-11-2013,33,1,47,39,30,24
04-12-2013,13,22,20,41,49,42
07-12-2013,19,15,9,4,48,26
11-12-2013,18,38,7,49,39,22
14-12-2013,5,27,38,17,19,6
18-12-2013,44,2,18,34,35,12
21-12-2013,25,5,27,35,4,17
25-12-2013,46,40,44,26,27,4
28-12-2013,43,9,22,6,32,10
01-01-2014,46,25,24,8,23,6
04-01-2014,16,19,25,36,39,48
08-01-2014,36,44,45,28,20,31
11-01-2014,14,8,29,23,5,38
15-01-2014,6,49,41,22,39,43
18-01-2014,32,16,36,26,11,15
22-01-2014,26,42,18,2,46,23
25-01-2014,37,32,48,24,45,36
29-01-2014,3,12,36,34,15,26
01-02-2014,17,49,18,46,47,42
05-02-2014,26,32,17,7,16,9
08-02-2014,44,18,42,4,29,33
12-02-2014,16,15,37,18,10,35
15-02-2014,44,31,17,7,8,48
19-02-2014,18,43,29,21,36,4
22-02-2014,46,39,32,26,25,30
26-02-2014,19,31,9,8,48,11
01-03-2014,5,47,13,24,28,38
05-03-2014,33,44,5,34,13,16
08-03-2014,32,45,10,16,24,43
12-03-2014,12,27,4,38,7,31
15-03-2014,33,3,23,36,12,41
19-03-2014,23,7,1,40,25,10
22-03-2014,7,46,34,29,30,10
26-03-2014,22,38,3,43,30,36
29-03-2014,24,20,11,8,7,5
02-04-2014,28,48,42,20,4,6
05-04-2014,37,14,21,17,42,47
09-04-2014,39,32,46,43,12,6
12-04-2014,48,28,38,16,13,49
16-04-2014,24,18,35,49,30,28
19-04-2014,48,46,25,3,47,4
23-04-2014,22,40,44,23,12,13
26-04-2014,35,23,34,3,48,7
30-04-2014,35,48,38,6,10,30
03-05-2014,35,41,14,40,34,2
07-05-2014,25,1,23,30,28,19
10-05-2014,26,21,42,9,11,20
14-05-2014,2,32,39,22,30,7
17-05-2014,39,9,37,21,42,24
21-05-2014,6,21,2,16,5,31
24-05-2014,2,34,7,16,27,13
28-05-2014,16,29,13,44,40,10
31-05-2014,17,31,19,13,41,5
04-06-2014,27,24,20,21,43,28
07-06-2014,42,12,47,35,27,23
11-06-2014,43,11,3,6,44,21
14-06-2014,17,42,6,11,12,47
18-06-2014,6,20,43,33,38,28
21-06-2014,41,30,12,32,44,21
25-06-2014,34,1,7,6,13,28
28-06-2014,36,39,2,32,18,26
02-07-2014,18,15,10,41,44,6
05-07-2014,38,22,41,6,24,10
09-07-2014,26,3,45,25,4,18
12-07-2014,39,26,17,5,29,37
16-07-2014,29,26,41,17,31,3
19-07-2014,41,19,49,5,34,6
23-07-2014,33,25,15,9,38,20
26-07-2014,26,33,38,30,14,28
30-07-2014,9,37,13,12,10,11
02-08-2014,11,6,41,8,20,40
06-08-2014,6,31,45,21,5,7
09-08-2014,15,22,3,40,11,37
13-08-2014,36,41,46,3,30,24
16-08-2014,10,49,29,2,15,5
20-08-2014,35,3,28,1,22,31
23-08-2014,7,9,23,10,18,36
27-08-2014,25,29,14,15,47,16
30-08-2014,21,14,25,18,43,39
03-09-2014,23,40,19,18,47,39
06-09-2014,17,6,33,18,11,32
10-09-2014,45,8,32,24,38,23
13-09-2014,25,11,33,39,7,27
17-09-2014,32,38,49,44,16,43
20-09-2014,42,47,1,14,6,40
24-09-2014,34,31,4,35,36,46
27-09-2014,9,39,19,13,16,48
01-10-2014,1,23,3,21,42,39
04-10-2014,33,4,31,7,24,45
08-10-2014,21,34,37,32,6,19
11-10-2014,1,44,36,34,32,23
15-10-2014,31,14,16,27,12,26
18-10-2014,15,11,27,48,30,29
22-10-2014,12,42,49,25,35,1
25-10-2014,31,22,28,23,35,30
29-10-2014,39,26,4,21,9,43
01-11-2014,24,4,14,48,41,30
05-11-2014,17,49,6,31,8,33
08-11-2014,41,45,1,8,9,13
12-11-2014,28,24,32,47,37,14
15-11-2014,31,25,13,14,10,19
19-11-2014,48,18,26,5,34,4
22-11-2014,11,6,25,5,1,37
26-11-2014,44,33,8,32,24,11
29-11-2014,38,17,46,30,7,24
03-12-2014,4,23,35,10,14,32
06-12-2014,1,29,16,21,44,47
10-12-2014,29,11,22,30,9,41
13-12-2014,12,5,26,43,8,18
17-12-2014,28,46,44,17,16,22
20-12-2014,4,32,6,10,24,3
24-12-2014,43,33,38,14,45,25
27-12-2014,45,43,10,44,36,48
31-12-2014,27,22,49,20,15,39
03-01-2015,19,37,17,36,38,28
07-01-2015,17,46,41,42,10,43
10-01-2015,43,5,32,19,20,11
14-01-2015,33,19,38,1,46,39
17-01-2015,8,29,22,47,11,46
21-01-2015,41,11,48,15,12,29
24-01-2015,18,27,7,37,47,1
28-01-2015,38,43,22,8,47,6
31-01-2015,46,47,42,7,45,27
04-02-2015,29,22,37,40,49,21
07-02-2015,47,25,12,14,23,13
11-02-2015,26,27,28,25,6,47
14-02-2015,42,36,29,21,41,23
18-02-2015,44,24,31,46,42,27
21-02-2015,41,18,3,31,35,42
25-02-2015,20,38,43,25,30,27
28-02-2015,2,45,41,49,20,25
04-03-2015,3,16,48,22,46,36
07-03-2015,6,19,41,16,7,1
11-03-2015,4,8,42,10,32,28
14-03-2015,15,43,48,39,21,23
18-03-2015,40,6,23,25,46,12
21-03-2015,30,4,5,19,41,3
25-03-2015,27,13,39,19,16,48
28-03-2015,30,7,46,26,6,27
01-04-2015,22,29,38,7,16,32
04-04-2015,43,23,34,12,28,20
08-04-2015,20,44,41,37,14,47
11-04-2015,46,47,36,2,15,11
15-04-2015,33,39,46,29,14,37
18-04-2015,5,44,3,17,39,14
22-04-2015,34,21,11,22,35,4
25-04-2015,3,1,36,7,11,23
29-04-2015,43,38,41,7,20,9
02-05-2015,3,18,45,9,6,7
06-05-2015,38,6,26,2,40,43
09-05-2015,7,29,35,14,41,13
13-05-2015,39,20,49,3,7,27
16-05-2015,34,16,15,47,14,40
20-05-2015,33,38,26,2,11,30
23-05-2015,28,46,4,6,14,27
27-05-2015,4,11,14,29,8,12
30-05-2015,31,3,24,2,44,11
03-06-2015,48,20,37,23,8,24
06-06-2015,15,22,29,48,41,16
10-06-2015,45,34,12,2,40,22
13-06-2015,43,5,4,26,1,18
17-06-2015,12,15,48,8,37,41
20-06-2015,6,21,32,38,16,35
24-06-2015,33,16,20,31,45,42
27-06-2015,41,33,29,19,3,28
01-07-2015,42,11,35,41,10,37
04-07-2015,47,17,42,14,32,18
08-07-2015,13,33,5,38,12,39
11-07-2015,30,19,11,42,20,35
15-07-2015,43,18,34,48,45,9
18-07-2015,17,18,31,30,5,42
22-07-2015,43,22,18,33,20,19
25-07-2015,30,46,41,4,47,17
29-07-2015,44,30,37,25,18,39
01-08-2015,36,20,31,16,7,4
05-08-2015,7,15,10,38,35,39
08-08-2015,42,13,29,48,36,7
12-08-2015,45,10,6,15,28,24
15-08-2015,9,42,26,14,3,30
19-08-2015,24,28,22,48,38,16
22-08-2015,2,46,26,44,3,45
26-08-2015,3,26,36,42,16,30
29-08-2015,23,8,28,16,12,44
02-09-2015,2,16,35,18,3,20
05-09-2015,1,47,43,13,22,12
09-09-2015,2,19,44,26,46,28
12-09-2015,6,2,28,26,22,15
16-09-2015,30,1,24,5,42,4
19-09-2015,8,17,12,37,44,29
23-09-2015,33,24,14,18,10,44
26-09-2015,34,6,33,31,16,15
30-09-2015,16,39,49,2,1,22
03-10-2015,41,31,40,32,33,18
07-10-2015,25,33,28,7,11,12
10-10-2015,49,40,26,5,38,37
14-10-2015,22,28,17,15,41,29
17-10-2015,28,41,10,19,23,9
21-10-2015,17,4,24,39,49,18
24-10-2015,18,6,36,4,29,22
28-10-2015,47,29,49,1,18,33
31-10-2015,29,7,17,26,40,9
04-11-2015,12,40,45,24,33,5
07-11-2015,11,4,25,39,17,48
11-11-2015,41,28,15,14,25,20
14-11-2015,31,48,29,8,1,24
18-11-2015,21,48,33,19,49,9
21-11-2015,12,42,46,23,17,29
25-11-2015,14,43,36,19,46,41
28-11-2015,10,6,3,24,37,47
02-12-2015,10,31,12,44,3,26
05-12-2015,12,29,35,42,47,6
09-12-2015,37,3,30,44,48,32
12-12-2015,24,3,43,31,1,6
16-12-2015,9,27,24,13,21,36
19-12-2015,22,33,10,46,7,1
23-12-2015,21,13,34,47,32,18
26-12-2015,41,22,40,15,19,9
30-12-2015,14,17,27,45,8,26
02-01-2016,35,47,23,43,30,1
06-01-2016,12,3,45,36,27,42
09-01-2016,13,10,31,34,46,48
13-01-2016,14,18,46,35,25,19
16-01-2016,21,31,34,23,39,9
20-01-2016,12,14,15,19,7,46
23-01-2016,27,26,40,16,2,25
27-01-2016,14,16,12,47,29,19
30-01-2016,40,48,33,18,34,23
03-02-2016,10,47,19,33,18,31
06-02-2016,25,10,28,16,34,49
10-02-2016,34,38,32,19,2,17
13-02-2016,45,20,18,30,43,32
17-02-2016,24,39,38,26,32,35
20-02-2016,29,31,1,16,30,13
24-02-2016,48,13,5,47,31,23
27-02-2016,15,37,10,49,7,25
02-03-2016,16,40,8,10,17,1
05-03-2016,43,10,46,33,7,37
09-03-2016,48,32,37,13,46,10
12-03-2016,39,49,30,26,20,47
16-03-2016,26,9,29,35,11,46
19-03-2016,37,4,15,49,44,10
23-03-2016,44,16,31,22,10,9
26-03-2016,31,1,41,40,3,33
30-03-2016,13,5,1,41,9,26
02-04-2016,38,1,23,28,17,10
06-04-2016,6,30,33,42,25,19
09-04-2016,1,4,47,39,38,46
13-04-2016,13,17,49,36,2,35
16-04-2016,38,20,15,22,5,14
20-04-2016,1,49,20,13,5,11
23-04-2016,15,8,27,17,35,16
27-04-2016,6,1,21,37,26,9
30-04-2016,43,36,30,28,14,26
04-05-2016,11,35,2,39,49,14
07-05-2016,16,34,42,44,32,37
11-05-2016,20,41,39,10,31,19
14-05-2016,15,5,13,30,44,26
18-05-2016,41,31,10,19,13,26
21-05-2016,48,5,46,47,2,29
25-05-2016,30,10,36,21,6,9
28-05-2016,9,17,5,45,39,24
01-06-2016,25,35,30,40,46,19
04-06-2016,6,22,35,42,31,5
08-06-2016,48,44,30,2,5,33
11-06-2016,45,6,13,27,21,38
15-06-2016,7,12,33,48,49,13
18-06-2016,8,27,2,17,12,19
22-06-2016,35,43,19,8,41,40
25-06-2016,10,34,11,6,44,2
29-06-2016,44,49,4,5,32,28
02-07-2016,30,15,26,6,8,4
06-07-2016,16,38,42,4,37,18
09-07-2016,44,34,1,49,37,40
13-07-2016,33,27,14,20,41,10
16-07-2016,18,22,34,44,30,1
20-07-2016,18,28,40,1,20,49
23-07-2016,47,25,29,48,5,43
27-07-2016,39,5,18,6,17,7
30-07-2016,33,6,30,23,13,26
03-08-2016,34,26,42,43,21,15
06-08-2016,33,26,45,6,47,25
10-08-2016,11,23,12,49,17,43
13-08-2016,6,30,28,39,14,37
17-08-2016,41,2,30,34,10,49
20-08-2016,23,30,31,45,28,37
24-08-2016,42,48,16,14,6,35
27-08-2016,8,33,32,43,22,1
31-08-2016,7,31,41,37,40,3
03-09-2016,30,8,25,14,36,18
07-09-2016,21,27,7,11,19,18
10-09-2016,6,1,24,43,11,3
14-09-2016,31,35,20,3,2,15
17-09-2016,3,46,35,47,37,34
21-09-2016,29,24,11,18,1,8
24-09-2016,45,21,32,15,18,4
28-09-2016,41,44,11,15,38,46
01-10-2016,20,34,25,37,7,26
05-10-2016,17,6,1,28,41,5
08-10-2016,35,48,14,33,32,21
12-10-2016,29,35,47,39,37,22
15-10-2016,29,41,13,7,38,19
19-10-2016,33,42,16,40,43,32
22-10-2016,48,2,32,21,36,26
26-10-2016,43,11,18,44,45,15
29-10-2016,28,36,8,5,7,26
02-11-2016,19,30,1,26,48,12
05-11-2016,38,42,9,43,32,35
09-11-2016,39,20,33,6,41,13
12-11-2016,20,47,6,2,19,9
16-11-2016,38,39,19,20,13,44
19-11-2016,2,39,38,15,6,1
23-11-2016,38,31,44,28,27,4
26-11-2016,47,41,26,42,32,45
30-11-2016,21,12,19,10,1,47
03-12-2016,16,47,48,39,43,5
07-12-2016,42,40,48,13,18,36
10-12-2016,34,11,17,49,32,37
14-12-2016,38,34,42,33,43,44
17-12-2016,29,6,35,24,28,34
21-12-2016,42,3,23,38,21,39
24-12-2016,30,18,22,11,45,4
28-12-2016,3,22,30,29,4,1
31-12-2016,42,37,27,29,45,47
04-01-2017,48,5,39,37,21,13
07-01-2017,22,12,14,45,17,46
11-01-2017,29,32,27,38,34,20
14-01-2017,23,37,27,4,3,28
18-01-2017,39,40,10,28,11,13
21-01-2017,26,14,11,9,5,39
25-01-2017,25,49,17,14,1,2
28-01-2017,41,15,6,9,42,38
01-02-2017,25,19,21,13,3,42
04-02-2017,2,28,39,37,16,49
08-02-2017,14,28,46,41,30,22
11-02-2017,12,45,46,32,3,22
15-02-2017,39,7,33,13,18,36
18-02-2017,25,20,41,27,17,24
22-02-2017,46,25,42,1,5,7
25-02-2017,4,28,1,9,3,32
01-03-2017,30,31,12,22,38,29
04-03-2017,45,1,41,23,19,22
08-03-2017,7,35,3,26,16,28
11-03-2017,26,46,12,49,17,4
15-03-2017,15,26,40,7,16,25
18-03-2017,31,23,40,4,12,27
22-03-2017,15,18,4,38,22,21
25-03-2017,9,11,26,25,49,1
29-03-2017,25,21,24,47,28,9
01-04-2017,22,8,36,5,18,9
05-04-2017,41,22,6,49,1,7
08-04-2017,28,7,40,39,2,47
12-04-2017,24,48,14,10,11,26
15-04-2017,12,36,18,21,30,27
19-04-2017,27,23,48,30,41,19
22-04-2017,11,25,19,1,32,12
26-04-2017,34,25,37,42,39,31
29-04-2017,36,4,37,49,18,3
03-05-2017,5,33,18,4,12,20
06-05-2017,30,32,31,47,16,26
10-05-2017,39,26,38,9,18,42
13-05-2017,19,7,32,45,47,48
17-05-2017,36,43,23,2,26,1
20-05-2017,15,29,37,1,44,34
24-05-2017,6,25,44,26,13,19
27-05-2017,23,24,27,49,25,29
31-05-2017,48,9,24,36,17,27
03-06-2017,37,24,35,32,31,46
07-06-2017,18,37,17,28,6,33
10-06-2017,29,42,6,4,26,16
14-06-2017,44,33,36,32,29,30
17-06-2017,16,49,2,6,22,44
21-06-2017,41,6,44,39,7,4
24-06-2017,38,27,46,43,23,13
28-06-2017,38,41,29,42,17,13
01-07-2017,2,15,35,47,22,3
05-07-2017,47,39,40,7,34,33
08-07-2017,2,40,23,27,3,17
12-07-2017,44,30,22,36,49,18
15-07-2017,33,38,8,32,31,25
19-07-2017,21,36,17,27,41,19
22-07-2017,37,5,47,27,45,41
26-07-2017,18,12,27,33,26,15
29-07-2017,35,37,30,20,14,29
02-08-2017,23,22,21,36,49,34
05-08-2017,49,18,37,14,19,23
09-08-2017,1,18,39,10,41,49
12-08-2017,15,27,47,49,25,5
16-08-2017,29,9,36,6,38,49
19-08-2017,35,2,45,29,10,48
23-08-2017,28,16,32,49,23,25
26-08-2017,19,2,28,11,24,49
30-08-2017,29,5,9,34,21,7
02-09-2017,14,5,8,3,34,33
06-09-2017,33,12,48,19,16,28
09-09-2017,40,14,49,8,18,27
13-09-2017,17,40,18,11,30,16
16-09-2017,47,27,31,35,21,26
20-09-2017,36,28,3,46,9,30
23-09-2017,10,15,44,19,23,38
27-09-2017,33,31,25,20,37,17
30-09-2017,46,23,18,19,4,33
04-10-2017,45,17,19,11,15,16
07-10-2017,24,21,11,20,49,30
11-10-2017,42,6,3,17,21,20
14-10-2017,13,10,35,7,40,9
18-10-2017,38,10,11,13,7,4
21-10-2017,15,4,25,34,10,46
25-10-2017,1,18,42,29,32,36
28-10-2017,22,1,36,24,33,20
01-11-2017,18,15,8,31,3,21
04-11-2017,21,47,46,14,3,7
08-11-2017,7,37,43,14,38,24
11-11-2017,7,1,19,16,11,37
15-11-2017,6,23,46,40,35,45
18-11-2017,9,5,2,35,20,12
22-11-2017,28,29,32,24,48,34
25-11-2017,20,37,17,11,26,43
29-11-2017,32,9,30,16,25,28
02-12-2017,17,33,18,12,13,3
06-12-2017,29,18,11,43,35,19
09-12-2017,25,12,46,16,20,7
13-12-2017,3,17,2,9,27,14
16-12-2017,40,30,5,23,6,18
20-12-2017,35,8,13,39,44,38
23-12-2017,39,38,11,32,4,31
27-12-2017,46,45,37,19,17,31
30-12-2017,37,48,27,11,12,14
03-01-2018,45,10,34,31,15,35
06-01-2018,37,47,46,32,5,14
10-01-2018,24,25,3,45,22,43
13-01-2018,14,31,48,6,5,16
17-01-2018,32,48,13,3,27,25
20-01-2018,3,45,11,33,18,15
24-01-2018,37,5,45,31,18,3
27-01-2018,34,24,22,43,4,36
31-01-2018,6,26,3,38,8,29
03-02-2018,5,39,48,13,20,9
07-02-2018,15,41,28,20,25,33
10-02-2018,27,41,45,20,17,35
14-02-2018,22,16,20,23,24,6
17-02-2018,27,15,42,37,18,26
21-02-2018,29,47,6,8,40,3
24-02-2018,27,33,41,18,44,47
28-02-2018,6,15,32,43,47,36
03-03-2018,5,37,28,44,24,40
07-03-2018,5,30,28,35,24,42
10-03-2018,40,34,8,49,35,19
14-03-2018,18,48,13,38,30,45
17-03-2018,7,29,1,22,17,46
21-03-2018,38,48,26,29,20,43
24-03-2018,16,27,34,3,42,45
28-03-2018,1,47,31,38,23,25
31-03-2018,15,8,1,46,12,48
04-04-2018,33,46,13,30,28,23
07-04-2018,12,27,47,19,34,15
11-04-2018,44,20,25,27,48,9
14-04-2018,42,4,34,33,47,9
18-04-2018,35,37,7,10,2,4
21-04-2018,38,29,12,19,23,15
25-04-2018,17,6,11,10,25,4
28-04-2018,11,48,2,33,47,9
02-05-2018,42,3,5,44,19,12
05-05-2018,5,34,49,1,17,31
09-05-2018,31,37,43,25,3,9
12-05-2018,27,23,38,36,42,29
16-05-2018,13,19,12,2,46,34
19-05-2018,41,27,44,3,49,4
23-05-2018,29,45,16,7,47,36
26-05-2018,48,27,24,16,47,10
30-05-2018,29,15,35,23,38,48
02-06-2018,24,30,1,19,31,10
06-06-2018,18,13,3,15,8,42
09-06-2018,39,13,34,16,42,35
13-06-2018,4,48,3,6,10,46
16-06-2018,46,40,19,4,31,33
20-06-2018,22,31,33,36,6,43
23-06-2018,25,49,29,48,17,6
27-06-2018,37,46,13,35,45,17
30-06-2018,24,42,40,38,16,37
04-07-2018,25,1,37,5,32,10
07-07-2018,36,25,13,5,18,2
11-07-2018,44,18,3,1,42,28
14-07-2018,49,48,41,40,47,30
18-07-2018,33,5,14,19,41,22
21-07-2018,7,29,6,49,1,20
25-07-2018,8,41,9,39,43,40
28-07-2018,35,11,7,31,34,36
01-08-2018,46,25,22,45,2,32
04-08-2018,36,25,29,30,6,31
08-08-2018,11,49,8,40,26,18
11-08-2018,5,8,47,46,10,36
15-08-2018,13,6,31,24,18,29
18-08-2018,1,14,46,42,34,3
22-08-2018,7,15,16,26,6,32
25-08-2018,37,31,8,16,15,20
29-08-2018,21,24,3,17,22,39
01-09-2018,39,46,4,12,38,21
05-09-2018,37,15,9,46,13,3
08-09-2018,44,23,29,27,30,6
12-09-2018,13,28,7,24,31,32
15-09-2018,27,39,26,1,12,14
19-09-2018,5,8,3,47,30,19
22-09-2018,17,37,41,33,42,47
26-09-2018,18,36,44,10,38,25
29-09-2018,9,5,19,4,16,45
03-10-2018,33,39,9,30,29,3
06-10-2018,21,27,45,2,33,26
10-10-2018,37,14,32,18,1,45
13-10-2018,3,36,7,9,27,11
17-10-2018,7,35,20,36,9,24
20-10-2018,47,2,16,32,45,13
24-10-2018,41,24,37,32,5,13
27-10-2018,30,35,47,40,8,38
31-10-2018,4,40,13,22,16,6
03-11-2018,49,18,20,6,28,42
07-11-2018,42,41,15,37,4,31
10-11-2018,3,13,14,40,29,41
14-11-2018,22,9,31,4,27,41
17-11-2018,3,40,31,18,6,39
21-11-2018,30,24,29,47,18,42
24-11-2018,20,37,15,45,14,40
28-11-2018,31,49,48,28,26,23
01-12-2018,23,46,31,6,8,27
05-12-2018,48,29,49,36,47,13
08-12-2018,12,44,26,25,6,46
12-12-2018,3,20,7,34,48,33
15-12-2018,30,45,31,23,1,37
19-12-2018,41,34,19,4,32,12
22-12-2018,20,43,25,21,8,44
26-12-2018,2,43,30,22,36,16
29-12-2018,47,4,14,25,38,44
02-01-2019,15,17,36,5,13,19
05-01-2019,40,16,22,4,45,31
09-01-2019,44,8,7,29,14,22
12-01-2019,9,31,4,25,38,40
16-01-2019,35,5,31,12,6,13
19-01-2019,47,6,36,24,29,12
23-01-2019,42,33,35,37,7,6
26-01-2019,47,35,31,18,29,16
30-01-2019,7,23,13,36,22,19
02-02-2019,37,30,29,21,34,3
06-02-2019,10,22,21,5,33,36
09-02-2019,32,34,49,2,42,39
13-02-2019,31,23,42,43,5,11
16-02-2019,11,9,10,18,22,6
20-02-2019,21,11,5,12,48,19
23-02-2019,27,47,29,15,8,21
27-02-2019,49,24,13,11,20,19
02-03-2019,49,41,48,38,46,42
06-03-2019,43,1,46,9,35,37
09-03-2019,38,8,20,12,32,22
13-03-2019,15,19,33,36,34,20
16-03-2019,20,22,10,14,46,39
20-03-2019,19,4,44,47,40,9
23-03-2019,3,23,42,44,26,29
27-03-2019,10,15,40,31,36,48
30-03-2019,49,3,26,46,28,29
03-04-2019,13,2,7,22,9,5
06-04-2019,23,12,21,41,32,42
10-04-2019,21,22,37,4,39,1
13-04-2019,27,4,19,29,41,36
17-04-2019,11,38,42,18,27,45
20-04-2019,19,29,25,41,8,6
24-04-2019,44,1,9,47,11,49
27-04-2019,47,19,13,2,14,48
01-05-2019,27,38,16,4,47,31
04-05-2019,29,1,19,24,35,42
08-05-2019,38,41,5,16,15,10
11-05-2019,10,15,47,25,42,31
15-05-2019,21,18,13,45,36,35
18-05-2019,43,26,39,11,32,47
22-05-2019,49,6,16,46,41,40
25-05-2019,1,6,12,15,21,36
29-05-2019,8,44,2,29,32,40
01-06-2019,25,22,30,29,15,3
05-06-2019,2,42,11,3,6,49
08-06-2019,17,45,1,13,21,44
12-06-2019,42,21,47,2,24,41
15-06-2019,4,43,27,40,6,33
19-06-2019,11,4,38,20,41,23
22-06-2019,21,10,12,30,49,11
26-06-2019,34,13,42,48,21,19
29-06-2019,31,34,45,8,1,43
03-07-2019,42,45,37,39,48,2
06-07-2019,46,27,45,40,22,19
10-07-2019,30,37,25,14,39,3
13-07-2019,29,10,30,3,26,42
17-07-2019,29,8,40,19,47,48
20-07-2019,35,5,24,9,36,29
24-07-2019,1,27,40,45,23,39
27-07-2019,16,17,5,23,21,35
31-07-2019,22,1,35,17,13,23
03-08-2019,42,44,34,40,2,3
07-08-2019,46,30,27,47,21,15
10-08-2019,8,18,10,16,1,35
14-08-2019,39,15,3,18,30,41
17-08-2019,33,45,9,28,2,6
21-08-2019,46,44,45,30,39,12
24-08-2019,44,42,5,38,29,9
28-08-2019,17,31,10,34,22,14
31-08-2019,36,3,17,25,5,2
04-09-2019,27,34,29,28,42,36
07-09-2019,28,36,29,9,11,35
11-09-2019,42,28,17,3,8,38
14-09-2019,26,43,16,31,34,24
18-09-2019,44,24,18,34,46,48
21-09-2019,23,47,37,16,12,14
25-09-2019,15,5,37,33,7,23
28-09-2019,43,30,44,24,13,27
02-10-2019,3,48,29,26,33,31
05-10-2019,17,8,47,49,27,36
09-10-2019,45,12,32,22,40,2
12-10-2019,45,4,23,36,44,42
16-10-2019,17,5,31,38,9,12
19-10-2019,39,7,38,4,33,11
23-10-2019,7,16,19,31,26,1
26-10-2019,1,17,44,2,37,11
30-10-2019,11,28,48,23,44,22
02-11-2019,21,6,41,15,25,17
06-11-2019,11,39,46,45,32,7
09-11-2019,9,33,40,44,28,31
13-11-2019,17,44,38,20,18,29
16-11-2019,47,25,4,1,28,16
20-11-2019,10,18,2,42,31,7
23-11-2019,36,24,5,28,11,26
27-11-2019,41,40,1,20,12,33
30-11-2019,5,33,47,38,43,42
04-12-2019,48,46,12,35,45,13
07-12-2019,13,11,20,19,2,43
11-12-2019,25,27,36,45,14,32
14-12-2019,4,20,31,16,38,34
18-12-2019,25,42,6,48,20,19
21-12-2019,27,4,13,14,35,20
25-12-2019,47,41,33,36,22,17
28-12-2019,12,19,7,18,24,23
01-01-2020,42,17,44,13,7,37
04-01-2020,30,7,27,1,18,13
08-01-2020,35,11,25,3,2,27
11-01-2020,37,48,19,28,42,10
15-01-2020,2,24,8,46,31,43
18-01-2020,12,41,22,43,14,32
22-01-2020,16,41,33,23,3,47
25-01-2020,30,12,9,28,34,43
29-01-2020,22,24,48,17,49,39
01-02-2020,47,8,42,32,12,7
05-02-2020,49,39,13,37,16,31
08-02-2020,30,36,42,38,10,1
12-02-2020,49,24,31,41,2,10
15-02-2020,2,20,40,22,5,11
19-02-2020,22,27,3,11,7,42
22-02-2020,11,6,31,24,21,32
26-02-2020,47,5,33,2,18,45
29-02-2020,29,42,10,3,9,8
04-03-2020,22,46,14,19,29,47
07-03-2020,9,26,36,11,44,16
11-03-2020,24,23,49,41,47,7
14-03-2020,38,49,11,30,2,19
18-03-2020,19,31,28,13,34,22
21-03-2020,22,4,36,34,26,1
25-03-2020,11,6,18,35,21,49
28-03-2020,46,36,4,39,28,2
01-04-2020,15,46,48,39,22,4
04-04-2020,12,24,43,41,17,9
08-04-2020,31,25,22,18,44,5
11-04-2020,26,29,47,13,18,42
15-04-2020,22,24,27,30,11,46
18-04-2020,15,28,42,11,39,35
22-04-2020,13,29,34,9,49,39
25-04-2020,4,17,19,30,25,11
29-04-2020,1,5,41,32,7,36
02-05-2020,10,11,27,4,49,16
06-05-2020,31,19,47,43,5,34
09-05-2020,36,2,23,9,17,22
13-05-2020,17,21,46,43,20,12
16-05-2020,47,8,3,6,11,48
20-05-2020,42,31,33,45,49,9
23-05-2020,17,35,1,27,11,4
27-05-2020,25,43,47,39,4,36
30-05-2020,42,18,35,5,33,43
03-06-2020,20,25,33,38,31,43
06-06-2020,16,21,25,49,40,18
10-06-2020,36,42,11,2,20,17
13-06-2020,41,14,36,38,43,20
17-06-2020,6,29,13,48,38,35
20-06-2020,14,11,7,2,40,1
24-06-2020,38,5,18,34,11,41
27-06-2020,42,49,24,27,14,21
01-07-2020,38,32,36,2,44,39
04-07-2020,19,49,17,36,33,6
08-07-2020,15,41,9,44,28,23
11-07-2020,29,32,46,16,38,8
15-07-2020,20,13,25,14,35,47
18-07-2020,8,11,25,34,28,49
22-07-2020,44,25,17,6,11,24
25-07-2020,4,37,10,2,27,18
29-07-2020,35,20,15,34,3,43
01-08-2020,39,1,33,20,24,38
05-08-2020,10,42,33,6,8,24
08-08-2020,28,48,8,18,14,25
12-08-2020,21,35,20,34,4,45
15-08-2020,24,40,44,31,46,16
19-08-2020,27,48,38,18,5,22
22-08-2020,29,2,10,37,1,8
26-08-2020,40,18,39,26,15,3
29-08-2020,19,1,36,12,48,20
02-09-2020,39,49,6,10,23,45
05-09-2020,7,1,19,3,13,44
09-09-2020,35,49,24,46,22,9
12-09-2020,45,11,16,41,40,28
16-09-2020,41,43,8,48,31,44
19-09-2020,35,38,29,23,8,1
23-09-2020,26,6,32,25,19,33
26-09-2020,8,22,6,47,27,12
30-09-2020,20,5,7,43,33,21
03-10-2020,48,13,20,25,33,10
07-10-2020,15,38,5,37,44,8
10-10-2020,28,16,8,33,22,4
14-10-2020,20,27,14,25,26,6
17-10-2020,9,2,41,16,5,48
21-10-2020,40,16,20,34,23,47
24-10-2020,22,1,20,24,40,6
28-10-2020,7,43,12,23,36,2
31-10-2020,28,11,8,21,1,26
04-11-2020,32,45,2,7,43,17
07-11-2020,32,40,45,33,36,24
11-11-2020,19,33,10,38,37,11
14-11-2020,37,18,16,20,10,1
18-11-2020,49,35,41,29,8,19
21-11-2020,13,25,39,1,14,21
25-11-2020,18,10,30,11,17,16
28-11-2020,27,28,13,2,47,35
02-12-2020,1,41,2,43,32,44
05-12-2020,33,25,15,41,12,48
09-12-2020,5,13,3,15,40,11
12-12-2020,45,39,3,2,21,1
16-12-2020,1,19,17,2,22,48
19-12-2020,31,48,3,6,47,22
23-12-2020,39,12,37,13,38,11
26-12-2020,32,12,7,13,2,5
30-12-2020,11,8,44,5,40,45
02-01-2021,30,7,34,28,16,8
06-01-2021,38,21,14,32,37,44
09-01-2021,30,41,19,16,20,7
13-01-2021,43,23,38,40,26,7
16-01-2021,15,45,1,5,35,37
20-01-2021,42,11,35,6,31,5
23-01-2021,18,49,32,13,16,12
27-01-2021,44,45,4,16,1,15
30-01-2021,30,40,33,43,6,36
03-02-2021,34,3,12,10,6,47
06-02-2021,48,8,12,38,41,23
10-02-2021,21,32,27,46,19,5
13-02-2021,7,15,29,47,20,14
17-02-2021,4,29,48,40,25,10
20-02-2021,30,26,6,42,3,15
24-02-2021,36,5,46,13,1,44
27-02-2021,4,2,47,23,9,19
03-03-2021,24,23,9,27,10,1
06-03-2021,33,35,3,29,1,7
10-03-2021,11,8,7,46,30,21
13-03-2021,44,24,4,47,19,48
17-03-2021,3,1,31,18,41,30
20-03-2021,12,15,35,16,2,17
24-03-2021,24,23,4,14,11,48
27-03-2021,13,12,31,46,4,19
31-03-2021,31,12,1,16,48,24
03-04-2021,5,29,36,40,23,34
07-04-2021,37,18,19,9,10,36
10-04-2021,27,4,45,6,9,15
14-04-2021,2,18,4,46,20,19
17-04-2021,48,26,22,25,36,18
21-04-2021,1,47,18,27,37,24
24-04-2021,48,1,24,25,4,34
28-04-2021,12,46,13,31,21,23
01-05-2021,43,42,15,37,21,1
05-05-2021,5,21,10,15,6,4
08-05-2021,42,22,10,47,23,13
12-05-2021,34,42,2,1,18,44
15-05-2021,15,5,2,25,26,41
19-05-2021,7,14,38,45,5,25
22-05-2021,38,40,8,17,3,43
26-05-2021,34,44,46,2,35,23
29-05-2021,44,16,9,45,10,46
02-06-2021,14,15,35,10,45,39
05-06-2021,5,35,31,47,14,44
09-06-2021,7,41,22,17,49,1
12-06-2021,23,49,5,1,29,11
16-06-2021,37,44,22,1,25,28
19-06-2021,29,11,36,19,21,35
23-06-2021,5,9,46,20,33,6
26-06-2021,29,19,17,45,24,13
30-06-2021,47,32,15,4,10,27
03-07-2021,49,18,10,9,20,5
07-07-2021,8,43,31,29,23,2
10-07-2021,40,25,47,2,8,32
14-07-2021,15,49,26,33,1,12
17-07-2021,38,17,25,49,33,30
21-07-2021,7,39,8,18,48,38
24-07-2021,3,14,22,23,45,8
28-07-2021,19,31,11,8,10,47
31-07-2021,4,8,26,24,1,39
04-08-2021,3,1,6,30,5,41
07-08-2021,18,19,30,9,14,40
11-08-2021,46,49,34,6,12,22
14-08-2021,29,19,2,17,48,39
18-08-2021,25,7,48,43,22,27
21-08-2021,16,23,19,15,12,7
25-08-2021,24,12,11,9,6,33
28-08-2021,11,46,24,25,18,41
01-09-2021,39,5,49,16,48,3
04-09-2021,20,5,44,2,15,39
08-09-2021,23,30,13,44,41,21
11-09-2021,25,43,33,34,23,6
15-09-2021,27,21,41,8,37,40
18-09-2021,21,36,9,49,6,34
22-09-2021,21,31,13,5,3,22
25-09-2021,20,41,47,30,27,19
29-09-2021,14,16,43,11,36,31
02-10-2021,15,46,10,43,4,7
06-10-2021,10,29,27,8,40,3
09-10-2021,8,11,47,17,49,1
13-10-2021,35,4,7,31,10,18
16-10-2021,34,27,7,21,29,20
20-10-2021,37,16,15,43,24,7
23-10-2021,22,26,1,19,10,28
27-10-2021,20,25,16,45,21,1
30-10-2021,15,45,6,31,11,42
03-11-2021,13,44,14,49,10,28
06-11-2021,31,41,44,6,27,9
10-11-2021,15,16,32,8,6,22
13-11-2021,10,4,25,6,3,42
17-11-2021,28,25,21,47,15,5
20-11-2021,31,24,26,40,8,47
24-11-2021,2,9,25,24,19,5
27-11-2021,36,15,29,14,37,7
01-12-2021,49,8,5,34,12,13
04-12-2021,46,1,31,40,44,9
08-12-2021,16,15,18,44,26,39
11-12-2021,49,46,40,23,9,1
15-12-2021,26,10,17,4,28,5
18-12-2021,46,10,16,28,43,25
22-12-2021,33,13,48,37,40,46
25-12-2021,14,42,46,15,27,41
29-12-2021,31,20,14,46,6,10
01-01-2022,10,13,16,14,24,15
05-01-2022,32,7,6,4,41,2
08-01-2022,32,38,17,2,30,19
12-01-2022,32,38,10,48,16,33
15-01-2022,34,43,48,49,5,42
19-01-2022,43,45,19,48,49,17
22-01-2022,7,46,5,49,13,9
26-01-2022,23,19,41,8,3,15
29-01-2022,15,24,3,26,17,2
02-02-2022,20,33,44,28,40,27
05-02-2022,39,19,45,4,17,26
09-02-2022,16,33,26,32,45,25
12-02-2022,39,2,13,17,31,48
16-02-2022,43,30,29,16,7,33
19-02-2022,24,10,45,27,3,2
23-02-2022,15,11,47,24,7,5
26-02-2022,43,49,45,33,16,6
02-03-2022,39,44,49,15,5,3
05-03-2022,28,26,10,25,22,41
09-03-2022,36,18,19,38,28,8
12-03-2022,32,9,35,36,1,20
16-03-2022,19,6,1,16,8,40
19-03-2022,17,5,1,28,26,41
23-03-2022,43,15,3,12,30,39
26-03-2022,46,19,14,48,16,45
30-03-2022,34,27,41,12,13,6
02-04-2022,40,14,46,38,49,37
06-04-2022,29,24,31,22,19,2
09-04-2022,33,17,27,45,5,43
13-04-2022,2,42,22,7,29,46
16-04-2022,14,44,8,19,24,7
20-04-2022,35,10,20,16,19,44
23-04-2022,47,32,29,13,34,38
27-04-2022,25,3,17,19,46,40
30-04-2022,25,14,48,20,44,2
04-05-2022,3,49,11,31,41,4
07-05-2022,5,14,43,35,34,26
11-05-2022,25,28,27,24,45,2
14-05-2022,49,37,25,34,39,30
18-05-2022,8,10,41,25,45,43
21-05-2022,19,3,44,1,4,30
25-05-2022,45,5,15,28,32,1
28-05-2022,10,20,4,1,25,36
01-06-2022,32,48,2,4,9,42
04-06-2022,42,6,33,11,23,34
08-06-2022,4,11,34,48,1,33
11-06-2022,25,11,17,44,22,29
15-06-2022,21,30,29,44,11,47
18-06-2022,18,37,23,45,26,46
22-06-2022,34,46,23,7,36,29
25-06-2022,33,4,21,43,2,28
29-06-2022,48,45,24,21,22,40
02-07-2022,20,7,37,45,8,9
06-07-2022,38,47,41,48,1,26
09-07-2022,19,4,23,40,41,43
13-07-2022,47,29,45,11,30,10
16-07-2022,22,23,17,15,26,20
20-07-2022,36,42,49,43,2,3
23-07-2022,47,13,49,7,35,6
27-07-2022,29,23,46,16,28,1
30-07-2022,33,19,27,34,25,8
03-08-2022,40,13,21,43,11,5
06-08-2022,1,30,27,8,46,16
10-08-2022,24,10,18,22,27,26
13-08-2022,36,6,28,16,20,7
17-08-2022,17,1,44,34,29,46
20-08-2022,26,19,40,36,32,12
24-08-2022,26,40,34,7,15,49
27-08-2022,18,16,7,46,32,39
31-08-2022,37,18,11,24,5,1
03-09-2022,43,3,36,39,6,49
07-09-2022,40,11,41,14,16,8
10-09-2022,42,2,12,26,1,13
14-09-2022,48,39,11,16,9,2
17-09-2022,37,2,46,6,18,3
21-09-2022,36,8,30,48,7,24
24-09-2022,10,6,15,41,12,13
28-09-2022,33,12,13,44,49,4
01-10-2022,49,43,19,1,3,37
05-10-2022,49,37,9,38,10,17
08-10-2022,8,15,38,49,7,36
12-10-2022,48,26,16,35,49,21
15-10-2022,37,48,11,29,32,43
19-10-2022,40,36,23,1,15,49
22-10-2022,31,4,14,1,46,24
26-10-2022,32,46,16,21,23,24
29-10-2022,11,20,9,5,13,34
02-11-2022,9,48,17,16,15,21
05-11-2022,39,12,42,27,35,32
09-11-2022,49,32,2,16,47,29
12-11-2022,47,12,14,7,21,4
16-11-2022,9,37,1,35,11,30
19-11-2022,34,13,4,42,21,20
23-11-2022,31,29,22,25,1,49
26-11-2022,32,48,11,31,34,24
30-11-2022,32,1,10,43,2,42
03-12-2022,42,10,45,29,4,41
07-12-2022,4,14,16,39,30,37
10-12-2022,23,26,3,17,5,31
14-12-2022,32,46,43,10,30,48
17-12-2022,44,3,37,42,1,45
21-12-2022,22,49,24,2,42,47
24-12-2022,29,37,18,7,41,28
28-12-2022,29,4,14,27,17,42
31-12-2022,46,16,18,4,13,32
04-01-2023,31,47,29,37,34,19
07-01-2023,10,18,26,40,11,20
11-01-2023,25,21,17,24,48,32
14-01-2023,12,38,24,6,42,43
18-01-2023,21,46,8,25,1,37
21-01-2023,43,45,19,4,44,24
25-01-2023,25,37,11,12,6,20
28-01-2023,5,38,20,30,14,44
01-02-2023,34,36,20,49,6,40
04-02-2023,29,33,31,35,37,34
08-02-2023,44,14,8,17,21,39
11-02-2023,30,12,11,19,28,9
15-02-2023,45,37,33,19,22,26
18-02-2023,40,43,28,49,7,36
22-02-2023,46,9,4,27,6,44
25-02-2023,23,5,48,26,12,33
01-03-2023,8,21,28,14,47,23
04-03-2023,21,1,8,45,48,7
08-03-2023,32,25,43,26,23,5
11-03-2023,17,20,23,32,22,27
15-03-2023,39,17,34,44,3,19
18-03-2023,27,3,23,5,44,9
22-03-2023,28,19,33,35,38,40
25-03-2023,21,16,15,36,35,10
29-03-2023,48,37,40,2,43,19
01-04-2023,28,45,36,42,33,27
05-04-2023,29,6,41,47,4,15
08-04-2023,26,49,40,2,16,34
12-04-2023,20,7,34,33,44,28
15-04-2023,33,43,22,12,7,34
19-04-2023,14,3,16,36,31,18
22-04-2023,41,48,26,21,34,13
26-04-2023,25,3,1,49,41,18
29-04-2023,13,24,14,40,9,23
03-05-2023,15,47,42,14,16,37
06-05-2023,7,47,18,19,9,31
10-05-2023,14,49,23,10,44,25
13-05-2023,12,26,39,28,4,1
17-05-2023,26,36,31,45,2,29
20-05-2023,42,33,24,34,5,6
24-05-2023,6,7,9,43,1,16
27-05-2023,3,18,7,28,34,12
31-05-2023,35,45,22,30,39,41
03-06-2023,1,18,4,23,30,6
07-06-2023,49,17,40,30,19,33
10-06-2023,12,30,37,16,24,28
14-06-2023,15,12,21,44,17,29
17-06-2023,2,19,22,15,32,43
21-06-2023,22,47,43,12,6,19
24-06-2023,24,26,31,43,42,4
28-06-2023,28,5,18,30,37,34
01-07-2023,18,27,24,13,38,43
05-07-2023,44,34,23,20,2,16
08-07-2023,25,3,44,37,29,14
12-07-2023,30,21,7,9,2,19
15-07-2023,6,30,17,11,8,39
19-07-2023,32,34,4,33,19,25
22-07-2023,2,41,15,40,31,37
26-07-2023,7,32,23,45,21,35
29-07-2023,33,10,3,41,45,19
02-08-2023,29,23,21,30,7,44
05-08-2023,35,49,42,4,23,22
09-08-2023,33,35,37,29,16,24
12-08-2023,40,19,43,24,20,33
16-08-2023,26,14,4,5,19,41
19-08-2023,22,36,17,10,37,31
23-08-2023,9,10,45,28,13,26
26-08-2023,36,37,7,12,42,39
30-08-2023,23,42,48,32,46,43
02-09-2023,25,47,22,27,28,34
06-09-2023,6,3,8,47,20,13
09-09-2023,42,28,48,2,25,22
13-09-2023,28,41,15,18,27,14
16-09-2023,32,30,19,36,41,46
20-09-2023,21,33,18,3,42,24
23-09-2023,33,11,39,32,17,12
27-09-2023,19,40,9,22,41,2
30-09-2023,45,42,17,20,36,1
04-10-2023,28,38,18,19,46,43
07-10-2023,23,32,11,22,42,14
11-10-2023,42,30,3,25,16,31
14-10-2023,35,31,10,22,8,29
18-10-2023,31,16,15,47,42,45
21-10-2023,10,14,37,33,3,9
25-10-2023,25,31,49,10,4,1
28-10-2023,1,5,26,38,32,7
01-11-2023,33,26,49,8,20,43
04-11-2023,16,27,20,6,23,1
08-11-2023,12,39,48,1,18,34
11-11-2023,9,45,40,25,26,49
15-11-2023,13,22,8,14,25,29
18-11-2023,10,28,38,18,27,23
22-11-2023,30,20,3,41,4,25
25-11-2023,3,27,35,38,32,47
29-11-2023,45,3,25,29,49,22
02-12-2023,35,10,24,47,29,36
06-12-2023,43,42,45,15,2,27
09-12-2023,16,38,48,21,30,42
13-12-2023,10,31,11,39,22,27
16-12-2023,48,2,7,22,12,31
20-12-2023,25,31,44,17,4,18
23-12-2023,12,17,8,1,22,4
27-12-2023,17,44,33,41,6,9
30-12-2023,4,48,41,47,44,26
03-01-2024,36,14,32,49,28,25
06-01-2024,18,14,34,47,5,3
10-01-2024,37,3,7,24,21,49
13-01-2024,6,48,27,1,8,26
17-01-2024,13,44,6,40,30,9
20-01-2024,8,49,45,1,25,11
24-01-2024,35,29,9,10,39,19
27-01-2024,24,20,29,33,43,14
31-01-2024,29,24,40,11,43,28
03-02-2024,24,14,23,19,21,3
07-02-2024,1,8,31,15,19,26
10-02-2024,37,47,1,33,19,39
14-02-2024,34,48,17,35,46,43
17-02-2024,23,31,36,8,34,40
21-02-2024,33,7,8,23,30,40
24-02-2024,2,21,49,40,28,34
28-02-2024,4,28,22,1,37,26
02-03-2024,26,6,8,33,37,18
06-03-2024,17,23,40,8,42,11
09-03-2024,41,20,1,48,5,10
13-03-2024,10,11,29,39,31,18
16-03-2024,16,40,19,5,25,48
20-03-2024,40,9,7,45,24,16
23-03-2024,40,21,32,4,38,1
27-03-2024,41,32,44,20,2,13
30-03-2024,27,16,21,10,5,33
03-04-2024,35,29,31,36,2,3
06-04-2024,41,7,13,11,35,20
10-04-2024,7,49,13,8,43,47
13-04-2024,33,47,3,32,10,6
17-04-2024,37,34,16,47,40,9
20-04-2024,44,7,49,28,35,17
24-04-2024,15,19,25,29,13,12
27-04-2024,27,8,46,48,43,45
01-05-2024,41,36,31,37,26,6
04-05-2024,47,29,10,38,9,27
08-05-2024,31,3,40,23,30,27
11-05-2024,25,36,30,29,22,5
15-05-2024,31,28,44,46,10,9
18-05-2024,49,36,1,28,43,2
22-05-2024,8,15,10,9,47,38
25-05-2024,41,15,8,38,32,24
29-05-2024,3,44,5,11,12,28
01-06-2024,10,8,27,35,9,41
05-06-2024,16,26,10,33,19,11
08-06-2024,10,31,15,40,5,22
12-06-2024,11,10,46,5,9,22
15-06-2024,31,38,16,49,30,3
19-06-2024,4,1,30,43,32,12
22-06-2024,25,21,8,11,30,9
26-06-2024,7,17,39,35,36,30
29-06-2024,19,30,16,15,11,35
03-07-2024,39,18,34,30,33,3
06-07-2024,6,1,35,29,13,49
10-07-2024,2,27,12,22,43,17
13-07-2024,9,17,10,42,37,25
17-07-2024,5,9,8,22,30,33
20-07-2024,35,29,8,19,30,5
24-07-2024,47,39,38,5,24,4
27-07-2024,23,20,34,27,25,4
31-07-2024,33,18,25,13,8,2
03-08-2024,12,44,31,1,10,14
07-08-2024,37,3,33,9,15,16
10-08-2024,5,43,19,26,14,20
14-08-2024,8,26,9,22,15,3
17-08-2024,27,46,35,40,2,45
21-08-2024,25,32,37,13,9,40
24-08-2024,12,26,47,29,4,24
28-08-2024,5,22,27,2,46,25
31-08-2024,11,44,24,6,48,21
04-09-2024,10,27,48,45,3,16
07-09-2024,32,8,5,26,43,14
11-09-2024,49,33,5,9,18,28
14-09-2024,14,31,25,23,10,2
18-09-2024,44,31,41,9,43,28
21-09-2024,28,18,46,11,43,30
25-09-2024,11,9,46,4,27,28
28-09-2024,30,16,17,33,6,26
02-10-2024,5,41,18,4,23,26
05-10-2024,44,10,5,12,28,40
09-10-2024,24,46,38,15,8,34
12-10-2024,43,15,14,5,33,40
16-10-2024,9,47,22,4,5,48
19-10-2024,1,43,31,8,19,41
23-10-2024,25,18,40,49,10,37
26-10-2024,43,8,49,5,21,16
30-10-2024,25,7,46,21,32,2
02-11-2024,9,8,17,40,20,37
06-11-2024,17,44,14,33,28,40
09-11-2024,40,2,18,33,47,39
13-11-2024,38,24,36,44,47,6
16-11-2024,14,11,39,40,15,19
20-11-2024,34,25,7,45,15,26
23-11-2024,17,3,8,44,42,26
27-11-2024,12,30,39,16,34,7
30-11-2024,13,7,33,38,42,37
04-12-2024,29,41,14,18,36,5
07-12-2024,32,6,19,30,37,15
11-12-2024,30,49,34,15,14,35
14-12-2024,9,44,1,14,27,4
18-12-2024,6,42,2,30,37,22
21-12-2024,44,3,8,39,6,34
25-12-2024,24,44,5,48,9,7
28-12-2024,18,7,40,28,13,44
01-01-2025,18,15,3,26,33,7
04-01-2025,6,24,36,2,30,45
08-01-2025,45,49,27,30,28,9
11-01-2025,27,30,10,26,22,33
15-01-2025,38,13,41,1,30,36
18-01-2025,20,3,12,26,33,16
22-01-2025,34,35,41,40,31,9
25-01-2025,48,49,25,10,11,36
29-01-2025,41,48,25,35,7,16
01-02-2025,11,9,22,27,25,8
05-02-2025,15,9,18,30,14,1
08-02-2025,49,20,13,47,27,16
12-02-2025,5,12,43,39,47,30
15-02-2025,18,23,43,29,48,2
19-02-2025,8,4,28,44,25,10
22-02-2025,34,28,26,6,8,12
26-02-2025,12,45,24,29,22,17
01-03-2025,25,36,26,11,44,30
05-03-2025,46,22,45,26,4,29
08-03-2025,41,25,26,44,13,27
12-03-2025,2,26,46,14,37,38
15-03-2025,11,35,6,36,30,47
19-03-2025,9,13,29,32,38,30
22-03-2025,30,41,11,20,35,28
26-03-2025,19,12,3,41,16,22
29-03-2025,31,18,46,47,39,25
02-04-2025,48,25,20,5,19,14
05-04-2025,12,41,10,40,35,21
09-04-2025,40,34,16,31,24,37
12-04-2025,29,20,15,36,14,18
16-04-2025,2,32,13,37,49,10
19-04-2025,31,37,20,12,47,41
23-04-2025,13,21,11,7,38,5
26-04-2025,44,26,9,13,4,41
30-04-2025,38,36,18,8,42,19
03-05-2025,37,48,25,20,28,44
07-05-2025,19,9,16,5,28,12
10-05-2025,46,34,23,17,32,48
14-05-2025,5,36,44,46,15,3
17-05-2025,15,21,34,4,12,36
21-05-2025,21,28,30,4,3,20
24-05-2025,11,35,5,33,10,12
28-05-2025,20,19,8,37,49,25
31-05-2025,20,14,1,36,13,21
04-06-2025,23,30,35,38,13,28
07-06-2025,17,46,23,13,25,40
11-06-2025,34,2,14,9,29,39
14-06-2025,28,39,3,30,24,19
18-06-2025,30,4,12,20,33,21
21-06-2025,19,36,16,7,30,12
25-06-2025,42,46,45,35,27,21
28-06-2025,20,7,23,37,11,10
02-07-2025,39,45,40,17,13,44
05-07-2025,42,37,8,1,44,29
09-07-2025,15,6,28,47,48,1
12-07-2025,26,20,10,31,44,23
16-07-2025,27,48,39,43,34,44
19-07-2025,40,6,4,12,35,36
23-07-2025,26,15,27,4,19,13
26-07-2025,28,37,17,42,6,7
30-07-2025,45,19,28,39,1,24
02-08-2025,27,48,14,20,9,17
06-08-2025,42,4,35,20,32,17
09-08-2025,22,20,46,6,1,8
13-08-2025,13,46,9,30,41,11
16-08-2025,33,10,44,21,36,35
20-08-2025,39,38,21,4,19,47
23-08-2025,3,21,23,9,13,27
27-08-2025,41,8,43,35,22,48
30-08-2025,39,5,48,42,11,13
03-09-2025,30,8,7,44,39,35
06-09-2025,44,29,16,45,2,4
10-09-2025,22,37,15,17,3,21
13-09-2025,15,2,8,23,25,43
17-09-2025,21,27,44,22,37,20
20-09-2025,43,15,44,6,19,13
24-09-2025,31,16,48,14,29,9
27-09-2025,14,20,8,11,36,38
01-10-2025,32,41,14,37,12,9
04-10-2025,2,29,11,12,37,23
08-10-2025,40,20,42,6,10,7
11-10-2025,22,17,28,13,36,23
15-10-2025,4,5,7,21,6,13
18-10-2025,25,47,2,44,18,42
22-10-2025,14,35,4,26,19,40
25-10-2025,16,42,17,30,23,39
29-10-2025,5,46,43,7,31,9
01-11-2025,28,35,29,18,38,7
05-11-2025,33,37,8,28,49,20
08-11-2025,26,39,10,44,16,2
12-11-2025,6,28,11,20,46,36
15-11-2025,39,32,9,13,6,12
19-11-2025,7,37,18,4,26,48
22-11-2025,32,15,21,33,18,29
26-11-2025,24,28,2,29,9,39
29-11-2025,22,1,25,13,16,44
03-12-2025,27,29,21,37,49,44
06-12-2025,15,35,26,37,33,27
10-12-2025,17,24,13,12,11,3
13-12-2025,32,37,45,6,21,11
17-12-2025,6,26,25,32,13,37
20-12-2025,42,23,40,32,33,12
24-12-2025,25,37,39,32,8,7
27-12-2025,38,28,46,27,10,7
31-12-2025,3,7,28,5,36,41
03-01-2026,11,16,8,46,12,3
07-01-2026,18,29,47,32,15,36
10-01-2026,1,13,29,7,9,4
14-01-2026,23,21,26,18,48,25
17-01-2026,12,49,22,46,37,21
21-01-2026,10,27,5,15,4,24
24-01-2026,32,1,47,28,49,7
28-01-2026,9,44,11,25,37,35
31-01-2026,37,49,38,8,30,19
04-02-2026,16,22,37,11,9,27
07-02-2026,20,7,11,49,25,28
11-02-2026,8,20,40,9,37,18
14-02-2026,9,3,40,43,20,19
18-02-2026,10,29,19,48,20,15
21-02-2026,44,2,9,8,39,29
25-02-2026,25,9,13,37,46,30
28-02-2026,44,33,45,6,19,1
04-03-2026,40,15,24,37,17,1
07-03-2026,16,38,41,5,39,20
11-03-2026,26,35,37,21,32,17
14-03-2026,32,45,20,28,19,44
18-03-2026,35,43,20,13,49,10
21-03-2026,2,24,19,29,7,43
25-03-2026,30,7,49,29,12,46
28-03-2026,42,20,34,24,33,5
01-04-2026,11,8,48,22,14,10
04-04-2026,48,15,18,23,6,28
08-04-2026,5,2,14,23,16,36
11-04-2026,46,32,33,23,34,17
15-04-2026,42,40,28,17,25,3
18-04-2026,28,34,37,18,44,48
22-04-2026,42,27,35,15,47,26
25-04-2026,49,6,35,15,20,12
29-04-2026,15,1,43,25,37,47
02-05-2026,32,5,21,1,9,20
06-05-2026,19,48,40,10,13,38
09-05-2026,43,3,36,12,2,39
13-05-2026,15,31,26,20,13,43
16-05-2026,23,11,30,27,7,20
20-05-2026,14,3,48,39,46,34
23-05-2026,6,39,14,8,2,11
27-05-2026,26,47,41,16,30,44
30-05-2026,10,27,41,3,48,14
03-06-2026,24,4,6,41,44,26
06-06-2026,16,32,17,30,8,23
10-06-2026,28,11,16,15,42,39
13-06-2026,16,13,4,20,24,43
17-06-2026,27,4,39,3,20,26
20-06-2026,13,27,8,35,2,15
24-06-2026,49,44,36,40,25,43
27-06-2026,32,47,49,26,39,35
01-07-2026,2,41,5,48,4,13
04-07-2026,36,10,37,7,31,28
08-07-2026,28,45,15,37,31,30
11-07-2026,48,1,6,41,4,20
15-07-2026,11,35,42,39,37,7
18-07-2026,17,33,39,35,5,47
22-07-2026,14,49,10,25,3,5
25-07-2026,31,42,36,21,44,18
29-07-2026,43,49,48,22,3,16
01-08-2026,20,42,19,25,31,22
05-08-2026,36,44,15,49,24,23
08-08-2026,22,30,2,8,43,38
12-08-2026,7,22,29,27,20,39
15-08-2026,32,24,13,26,7,45
19-08-2026,33,31,23,47,3,35
22-08-2026,28,7,30,31,16,22
26-08-2026,6,30,42,49,15,33
29-08-2026,28,39,18,48,41,9
02-09-2026,8,45,32,44,19,23
05-09-2026,6,31,37,11,28,47
09-09-2026,30,7,39,28,24,41
12-09-2026,16,20,25,33,45,39
16-09-2026,32,15,33,42,3,20
19-09-2026,29,14,40,34,15,32
23-09-2026,3,14,39,19,24,41
26-09-2026,28,6,19,23,20,11
30-09-2026,38,5,20,6,44,10
03-10-2026,33,24,7,19,5,46
07-10-2026,12,25,29,39,42,37
