date,n1,n2,n3,n4,n5,n6
02-10-2002,2,33,42,31,23,26
02-10-2002,45,42,28,14,8,2
06-10-2002,2,33,5,44,10,42
06-10-2002,26,33,16,39,47,23
09-10-2002,27,39,4,48,42,47
09-10-2002,42,43,23,6,20,7
13-10-2002,34,5,37,9,23,14
13-10-2002,34,11,25,5,17,30
16-10-2002,24,1,42,14,44,2
16-10-2002,12,19,25,29,31,38
20-10-2002,2,1,9,8,15,33
20-10-2002,23,38,14,41,32,31
23-10-2002,1,18,24,21,16,41
23-10-2002,17,22,35,27,42,30
27-10-2002,1,49,47,45,5,39
27-10-2002,11,44,6,10,38,26
30-10-2002,14,36,47,7,40,2
30-10-2002,16,32,1,43,9,11
03-11-2002,7,34,49,38,2,12
03-11-2002,23,26,37,2,11,33
06-11-2002,35,32,14,17,22,43
06-11-2002,4,34,41,13,37,20
10-11-2002,23,43,41,10,38,2
10-11-2002,21,18,39,33,40,37
13-11-2002,20,36,30,41,21,44
13-11-2002,47,44,21,35,25,8
17-11-2002,27,48,20,32,30,37
17-11-2002,44,14,30,18,2,36
20-11-2002,21,42,32,48,12,25
20-11-2002,49,36,1,4,19,29
24-11-2002,44,39,33,2,18,6
24-11-2002,30,20,16,37,21,4
27-11-2002,5,16,14,25,33,29
27-11-2002,36,33,44,25,42,5
01-12-2002,8,15,9,12,40,32
01-12-2002,5,38,36,43,45,48
04-12-2002,47,22,8,32,41,19
04-12-2002,37,11,16,45,38,26
08-12-2002,9,40,2,17,49,8
08-12-2002,42,29,34,20,5,40
11-12-2002,31,33,2,44,30,21
11-12-2002,20,28,27,40,45,2
15-12-2002,42,14,34,2,6,19
15-12-2002,15,2,21,16,12,34
18-12-2002,6,8,16,39,2,41
18-12-2002,37,29,39,23,42,20
22-12-2002,14,13,23,38,47,39
22-12-2002,23,8,6,27,24,41
29-12-2002,28,25,16,13,14,42
29-12-2002,20,39,30,25,47,10
05-01-2003,27,47,9,42,35,15
05-01-2003,12,5,31,7,45,26
08-01-2003,12,8,9,11,28,47
08-01-2003,10,42,11,6,30,7
12-01-2003,7,2,20,43,23,37
12-01-2003,15,25,14,13,33,34
15-01-2003,36,44,35,46,5,42
15-01-2003,3,26,19,28,14,1
19-01-2003,20,42,40,46,13,6
19-01-2003,11,17,13,36,22,25
22-01-2003,33,28,31,5,37,21
22-01-2003,6,23,31,43,32,27
26-01-2003,7,21,24,22,29,26
26-01-2003,7,49,2,8,44,21
29-01-2003,14,29,40,44,2,34
29-01-2003,15,31,45,29,41,46
02-02-2003,22,37,27,44,14,12
02-02-2003,46,10,21,43,38,31
05-02-2003,27,24,45,7,48,1
05-02-2003,39,3,12,16,22,14
09-02-2003,9,39,22,14,43,4
09-02-2003,29,40,37,35,19,44
12-02-2003,27,41,19,49,9,2
12-02-2003,36,43,40,13,20,30
16-02-2003,7,47,6,15,28,30
16-02-2003,23,18,33,15,11,46
19-02-2003,41,21,22,48,42,17
19-02-2003,21,25,29,26,24,27
23-02-2003,34,3,49,28,26,16
23-02-2003,48,31,24,30,11,34
26-02-2003,35,48,28,30,42,49
26-02-2003,46,3,45,43,13,31
02-03-2003,49,44,1,10,15,46
02-03-2003,19,48,41,28,37,36
05-03-2003,28,17,23,5,19,21
05-03-2003,29,38,12,7,41,39
09-03-2003,38,28,10,4,43,42
09-03-2003,20,22,40,32,26,48
12-03-2003,27,48,18,33,14,8
12-03-2003,33,42,7,39,26,21
16-03-2003,14,36,27,17,38,22
16-03-2003,7,48,11,10,26,38
19-03-2003,19,39,46,49,15,13
19-03-2003,7,3,4,44,28,21
23-03-2003,30,29,44,4,1,22
23-03-2003,7,42,8,10,36,16
26-03-2003,30,40,36,35,37,43
26-03-2003,31,17,23,39,27,25
30-03-2003,13,23,36,22,46,25
30-03-2003,38,32,7,10,30,25
02-04-2003,22,8,46,7,19,31
02-04-2003,36,27,6,14,22,13
06-04-2003,23,2,27,32,35,21
06-04-2003,43,21,1,49,47,11
09-04-2003,25,23,43,33,30,46
09-04-2003,24,11,27,3,37,20
13-04-2003,31,35,45,29,25,15
13-04-2003,21,38,30,33,42,18
16-04-2003,39,24,11,38,3,9
16-04-2003,32,40,38,15,23,6
20-04-2003,44,3,29,41,13,20
20-04-2003,18,27,9,22,42,23
23-04-2003,35,19,4,23,36,32
23-04-2003,18,41,28,11,48,34
27-04-2003,39,23,45,44,47,9
27-04-2003,7,47,26,14,38,40
30-04-2003,26,27,24,15,35,36
30-04-2003,7,40,43,21,12,4
04-05-2003,15,8,6,24,14,30
04-05-2003,29,17,43,20,41,19
07-05-2003,11,40,2,1,13,48
07-05-2003,21,34,5,33,23,22
11-05-2003,36,13,20,49,45,44
11-05-2003,7,27,9,39,41,40
14-05-2003,12,16,35,40,15,43
14-05-2003,15,12,39,33,8,20
18-05-2003,37,29,8,47,17,9
18-05-2003,3,15,7,26,49,40
21-05-2003,12,36,27,9,24,10
21-05-2003,6,46,34,16,8,5
25-05-2003,12,34,35,22,15,44
25-05-2003,36,3,22,33,8,46
28-05-2003,11,32,13,49,27,48
28-05-2003,15,6,27,46,39,29
01-06-2003,10,39,48,35,17,40
01-06-2003,10,19,6,5,23,39
04-06-2003,13,2,3,4,43,25
04-06-2003,41,16,24,5,38,32
08-06-2003,41,11,49,3,29,37
08-06-2003,34,40,49,17,28,13
11-06-2003,3,26,28,25,8,43
11-06-2003,36,19,6,49,31,48
15-06-2003,49,47,31,6,32,23
15-06-2003,24,7,30,12,34,21
18-06-2003,27,13,29,23,19,32
18-06-2003,12,36,45,13,25,11
22-06-2003,8,39,18,22,38,11
22-06-2003,8,47,32,41,39,43
25-06-2003,9,2,39,21,27,1
25-06-2003,2,10,47,43,48,25
29-06-2003,7,16,49,5,45,47
29-06-2003,49,6,27,16,14,42
02-07-2003,36,11,44,49,12,22
02-07-2003,33,7,2,31,13,21
06-07-2003,49,15,38,25,45,23
06-07-2003,8,31,12,30,5,21
09-07-2003,24,48,41,32,4,3
09-07-2003,18,27,42,40,48,46
13-07-2003,32,26,42,44,29,16
13-07-2003,21,2,42,30,15,14
16-07-2003,1,48,23,14,10,46
16-07-2003,40,22,27,14,47,38
20-07-2003,47,42,5,25,20,21
20-07-2003,2,8,10,47,43,42
23-07-2003,40,36,34,30,6,4
23-07-2003,10,17,46,38,16,43
27-07-2003,20,29,46,38,10,18
27-07-2003,2,15,40,34,44,17
30-07-2003,4,11,33,48,20,28
30-07-2003,44,18,1,34,35,32
03-08-2003,11,24,49,45,23,27
03-08-2003,28,26,13,12,14,40
06-08-2003,15,36,44,20,28,35
06-08-2003,6,10,11,5,31,21
10-08-2003,14,29,26,47,40,25
10-08-2003,8,41,15,32,26,24
13-08-2003,25,22,20,26,38,39
13-08-2003,26,48,39,8,45,7
17-08-2003,24,34,16,2,19,32
17-08-2003,25,30,35,19,49,42
20-08-2003,26,1,45,16,14,44
20-08-2003,45,12,13,47,41,11
24-08-2003,20,46,31,47,49,35
24-08-2003,32,5,48,15,8,11
27-08-2003,37,22,29,17,5,28
27-08-2003,17,2,15,43,24,11
31-08-2003,28,6,36,11,20,2
31-08-2003,18,7,33,36,37,1
03-09-2003,49,5,1,22,35,8
03-09-2003,39,43,26,37,40,31
07-09-2003,41,4,35,44,17,34
07-09-2003,44,45,27,43,7,26
10-09-2003,28,16,17,11,7,20
10-09-2003,1,37,16,14,10,36
14-09-2003,49,23,14,34,41,1
14-09-2003,36,43,34,45,39,30
17-09-2003,40,6,4,42,18,45
17-09-2003,27,37,43,44,26,29
21-09-2003,41,31,5,27,20,49
21-09-2003,46,15,6,10,39,22
24-09-2003,18,43,8,45,6,9
24-09-2003,9,7,13,25,19,43
28-09-2003,36,47,48,33,27,17
28-09-2003,42,39,46,43,22,27
01-10-2003,43,28,1,49,41,12
01-10-2003,11,40,46,41,25,36
05-10-2003,38,33,12,40,39,42
05-10-2003,41,1,37,23,12,19
08-10-2003,1,29,22,13,8,2
08-10-2003,42,18,12,45,41,43
12-10-2003,29,34,1,4,18,24
12-10-2003,15,13,26,3,4,40
15-10-2003,29,22,34,19,1,30
15-10-2003,38,16,17,12,28,6
19-10-2003,21,36,28,8,19,10
19-10-2003,20,43,18,24,4,5
22-10-2003,30,9,16,28,47,6
22-10-2003,27,18,43,33,23,16
26-10-2003,41,47,33,32,24,37
26-10-2003,43,29,27,11,32,41
29-10-2003,14,35,15,34,33,29
29-10-2003,20,32,30,38,24,29
02-11-2003,30,21,45,14,47,17
02-11-2003,5,35,26,38,48,45
05-11-2003,40,39,33,19,11,37
05-11-2003,40,29,42,44,19,7
09-11-2003,41,24,45,46,16,44
09-11-2003,45,16,19,1,22,7
12-11-2003,25,1,44,8,28,36
12-11-2003,45,4,5,9,31,17
16-11-2003,22,48,35,30,11,28
16-11-2003,42,30,6,28,18,38
19-11-2003,1,19,7,9,14,21
19-11-2003,9,34,23,14,4,33
23-11-2003,36,5,35,7,25,32
23-11-2003,6,8,44,5,30,28
26-11-2003,39,12,4,42,43,2
26-11-2003,24,10,42,33,1,43
30-11-2003,1,41,10,24,42,13
30-11-2003,15,5,17,44,49,46
03-12-2003,6,27,22,17,14,37
03-12-2003,3,9,35,40,29,7
07-12-2003,49,18,3,7,12,9
07-12-2003,22,31,6,2,7,10
10-12-2003,17,49,1,9,41,42
10-12-2003,1,25,13,34,15,18
14-12-2003,10,25,29,32,5,48
14-12-2003,26,4,10,47,38,23
17-12-2003,24,12,45,40,14,37
17-12-2003,11,31,32,48,8,42
21-12-2003,40,2,24,25,36,34
21-12-2003,16,38,41,31,35,3
24-12-2003,45,35,24,47,16,38
24-12-2003,47,1,2,16,45,13
28-12-2003,41,23,27,13,37,17
28-12-2003,27,13,19,39,16,25
31-12-2003,33,36,30,26,49,2
31-12-2003,45,32,2,18,6,27
04-01-2004,46,23,10,49,20,27
04-01-2004,33,37,11,14,18,1
07-01-2004,43,47,24,4,12,49
07-01-2004,22,43,23,14,19,35
11-01-2004,47,18,35,36,42,24
11-01-2004,33,42,46,1,25,31
14-01-2004,27,23,37,31,48,47
14-01-2004,35,7,6,41,27,5
18-01-2004,10,19,31,49,42,45
18-01-2004,43,13,20,48,34,41
21-01-2004,47,2,21,16,39,9
21-01-2004,7,42,36,3,24,32
25-01-2004,1,12,9,23,28,6
25-01-2004,16,22,8,1,46,41
28-01-2004,35,1,15,28,39,20
28-01-2004,36,13,39,30,18,2
01-02-2004,6,18,37,13,47,22
01-02-2004,23,16,11,21,31,34
04-02-2004,14,47,3,25,2,37
04-02-2004,10,11,27,23,12,42
08-02-2004,35,36,5,17,37,43
08-02-2004,32,36,44,42,30,21
11-02-2004,47,15,37,4,29,6
11-02-2004,12,32,48,8,27,42
15-02-2004,31,2,23,47,48,49
15-02-2004,14,7,11,33,16,3
18-02-2004,20,35,19,11,13,45
18-02-2004,1,28,9,26,34,43
22-02-2004,35,36,27,39,19,37
22-02-2004,25,46,12,39,9,18
25-02-2004,1,47,12,44,7,3
25-02-2004,29,30,43,10,42,11
29-02-2004,5,42,17,33,29,43
29-02-2004,49,8,39,25,13,4
03-03-2004,30,4,38,12,29,3
03-03-2004,15,10,42,29,45,12
07-03-2004,10,2,48,31,38,9
07-03-2004,1,40,7,26,16,38
10-03-2004,44,12,29,2,4,1
10-03-2004,49,45,37,25,30,1
14-03-2004,25,24,14,5,40,19
14-03-2004,27,17,33,9,31,2
17-03-2004,4,40,43,49,9,37
17-03-2004,26,37,46,42,36,30
21-03-2004,49,2,48,33,12,22
21-03-2004,45,14,26,19,15,2
24-03-2004,25,35,3,38,31,8
24-03-2004,31,29,23,30,25,27
28-03-2004,37,23,36,16,10,22
28-03-2004,36,42,3,38,31,33
31-03-2004,23,20,29,44,49,16
31-03-2004,26,6,10,34,25,38
04-04-2004,46,21,13,39,16,49
04-04-2004,12,5,6,17,32,34
07-04-2004,36,34,21,28,25,17
07-04-2004,29,49,19,6,23,10
11-04-2004,11,25,7,13,3,23
11-04-2004,7,16,29,39,46,18
14-04-2004,34,1,44,37,2,42
14-04-2004,23,19,35,7,12,5
18-04-2004,34,28,5,23,19,18
18-04-2004,20,5,18,26,1,45
21-04-2004,6,3,48,12,11,36
21-04-2004,18,44,37,48,30,13
25-04-2004,8,45,2,21,7,18
25-04-2004,30,42,10,16,19,40
28-04-2004,35,47,43,31,13,1
28-04-2004,12,46,43,20,38,42
02-05-2004,24,28,21,3,4,34
02-05-2004,7,46,18,28,34,13
05-05-2004,46,39,35,4,30,5
05-05-2004,13,15,42,4,12,24
09-05-2004,43,45,19,36,49,27
09-05-2004,1,9,45,13,8,24
12-05-2004,19,3,47,42,49,17
12-05-2004,13,41,28,37,4,33
16-05-2004,40,7,6,27,30,13
16-05-2004,3,30,17,19,44,10
19-05-2004,11,15,39,7,27,49
19-05-2004,27,13,5,11,40,9
23-05-2004,10,26,3,21,22,27
23-05-2004,42,25,7,22,46,9
26-05-2004,21,5,12,33,18,16
26-05-2004,14,27,9,43,44,24
30-05-2004,42,2,31,46,30,5
30-05-2004,9,47,15,38,7,2
02-06-2004,43,3,16,32,44,5
02-06-2004,43,20,8,37,31,24
06-06-2004,37,23,18,38,16,49
06-06-2004,29,41,1,31,27,47
09-06-2004,22,12,44,34,19,15
09-06-2004,24,41,29,27,43,2
13-06-2004,32,2,15,17,14,6
13-06-2004,47,32,39,23,33,45
16-06-2004,40,42,11,19,41,22
16-06-2004,26,25,17,2,39,22
20-06-2004,41,4,42,25,7,15
20-06-2004,31,16,24,8,48,4
23-06-2004,47,37,36,6,23,48
23-06-2004,3,10,49,33,39,7
27-06-2004,29,19,17,34,24,20
27-06-2004,14,19,47,4,43,32
30-06-2004,37,39,48,38,28,24
30-06-2004,37,40,21,17,22,29
04-07-2004,5,23,29,41,13,25
04-07-2004,25,49,5,36,46,27
07-07-2004,25,38,1,29,37,36
07-07-2004,20,38,46,3,4,39
11-07-2004,45,29,33,41,23,6
11-07-2004,29,33,2,11,39,9
14-07-2004,21,19,48,32,26,38
14-07-2004,33,29,38,48,41,26
18-07-2004,26,49,41,42,12,22
18-07-2004,34,44,40,36,22,3
21-07-2004,15,37,20,36,40,38
21-07-2004,6,15,1,23,14,10
25-07-2004,42,39,31,14,41,32
25-07-2004,19,1,41,13,35,40
28-07-2004,37,1,26,31,46,30
28-07-2004,12,48,22,43,20,18
01-08-2004,18,7,9,15,23,34
01-08-2004,2,29,12,15,42,46
04-08-2004,24,44,39,8,13,28
04-08-2004,2,3,14,38,28,39
08-08-2004,5,24,2,4,33,19
08-08-2004,35,31,32,45,16,2
11-08-2004,16,26,11,10,24,7
11-08-2004,10,40,3,13,27,44
15-08-2004,2,4,47,45,21,48
15-08-2004,39,13,34,36,23,42
18-08-2004,35,1,37,27,15,10
18-08-2004,34,15,23,6,45,16
22-08-2004,9,37,27,36,29,16
22-08-2004,26,13,14,49,17,19
25-08-2004,21,40,27,42,28,16
25-08-2004,28,2,20,46,7,30
29-08-2004,4,11,36,20,14,33
29-08-2004,34,40,32,24,18,44
01-09-2004,44,13,16,4,11,17
01-09-2004,26,21,20,46,9,16
05-09-2004,5,4,14,15,6,44
05-09-2004,17,43,20,23,39,2
08-09-2004,28,34,2,49,36,20
08-09-2004,17,14,35,6,38,41
12-09-2004,33,45,17,10,32,14
12-09-2004,40,3,6,8,5,39
15-09-2004,34,48,46,36,21,20
15-09-2004,16,8,7,35,19,45
19-09-2004,5,16,23,40,35,4
19-09-2004,46,47,20,15,30,49
22-09-2004,22,15,25,7,9,32
22-09-2004,13,1,7,10,45,37
26-09-2004,48,36,15,9,35,46
26-09-2004,14,2,46,42,47,5
29-09-2004,48,44,20,23,41,3
29-09-2004,17,48,5,12,22,15
03-10-2004,4,21,15,38,47,36
03-10-2004,19,9,18,14,27,34
06-10-2004,40,45,1,18,19,25
06-10-2004,45,3,12,30,27,38
10-10-2004,45,4,10,7,40,16
10-10-2004,14,47,2,37,20,48
13-10-2004,12,3,4,30,32,46
13-10-2004,19,20,9,30,41,48
17-10-2004,17,44,46,6,23,32
17-10-2004,49,18,23,34,7,20
20-10-2004,18,24,46,29,39,4
20-10-2004,34,32,49,33,16,19
24-10-2004,38,43,22,19,12,25
24-10-2004,10,33,18,34,20,31
27-10-2004,14,40,47,49,22,11
27-10-2004,42,17,12,37,25,35
31-10-2004,12,39,3,25,38,6
31-10-2004,36,25,23,6,41,10
03-11-2004,25,37,38,6,4,39
03-11-2004,29,48,20,33,13,4
07-11-2004,49,6,17,40,28,14
07-11-2004,45,11,29,8,44,31
10-11-2004,26,31,2,17,19,20
10-11-2004,32,13,2,26,22,18
14-11-2004,10,12,9,26,16,38
14-11-2004,42,8,49,16,2,40
17-11-2004,30,48,47,27,22,4
17-11-2004,38,41,26,40,35,24
21-11-2004,49,31,15,7,10,8
21-11-2004,42,49,17,45,9,28
24-11-2004,9,16,24,17,11,10
24-11-2004,47,37,5,23,15,49
28-11-2004,37,25,18,39,30,4
28-11-2004,22,7,31,9,30,1
01-12-2004,28,41,10,23,19,38
01-12-2004,35,30,39,24,3,19
05-12-2004,4,22,21,41,38,9
05-12-2004,26,2,20,9,27,39
08-12-2004,2,49,28,35,46,20
08-12-2004,28,37,2,8,31,22
12-12-2004,38,31,12,6,5,41
12-12-2004,20,35,8,5,25,32
15-12-2004,2,20,41,14,27,21
15-12-2004,40,41,26,42,32,33
19-12-2004,40,43,30,36,16,48
19-12-2004,42,36,23,10,3,24
22-12-2004,44,24,20,26,12,41
22-12-2004,14,17,33,5,4,21
26-12-2004,49,13,45,17,40,41
26-12-2004,8,46,41,6,10,1
29-12-2004,32,12,26,11,37,47
29-12-2004,34,44,30,21,36,18
02-01-2005,17,30,20,27,4,47
02-01-2005,37,47,20,21,43,28
05-01-2005,9,35,13,4,45,17
05-01-2005,33,17,35,8,13,44
09-01-2005,35,3,5,24,30,20
09-01-2005,11,12,17,19,8,16
12-01-2005,30,33,41,14,29,7
12-01-2005,45,34,13,10,16,12
16-01-2005,39,48,11,47,13,20
16-01-2005,25,8,42,27,7,39
19-01-2005,5,44,28,1,12,32
19-01-2005,12,19,15,8,6,29
23-01-2005,42,11,6,19,2,43
23-01-2005,1,8,39,30,47,14
26-01-2005,13,9,24,8,23,17
26-01-2005,2,26,36,45,46,9
30-01-2005,37,4,32,41,7,16
30-01-2005,44,8,38,36,22,31
02-02-2005,17,28,5,46,2,12
02-02-2005,29,35,5,20,27,31
06-02-2005,27,26,22,2,44,5
06-02-2005,1,13,46,12,30,39
09-02-2005,17,46,36,8,26,47
09-02-2005,7,20,22,13,6,43
13-02-2005,30,12,8,13,41,42
13-02-2005,34,30,38,25,29,26
16-02-2005,14,28,44,3,41,48
16-02-2005,1,47,17,40,33,6
20-02-2005,12,47,23,27,44,33
20-02-2005,15,24,25,33,47,38
23-02-2005,17,32,47,4,1,20
23-02-2005,7,46,23,1,17,14
27-02-2005,28,14,9,48,11,29
27-02-2005,8,36,5,18,38,2
02-03-2005,3,15,7,27,25,10
02-03-2005,48,15,31,1,35,49
06-03-2005,25,14,9,34,36,18
06-03-2005,48,8,6,24,49,39
09-03-2005,31,11,48,20,30,7
09-03-2005,8,24,32,33,37,21
13-03-2005,14,15,17,18,20,28
13-03-2005,28,1,49,38,39,33
16-03-2005,8,23,4,47,18,44
16-03-2005,44,29,23,2,16,17
20-03-2005,17,12,20,19,37,35
20-03-2005,45,37,29,43,23,49
23-03-2005,10,7,6,8,48,9
23-03-2005,22,46,18,7,38,8
27-03-2005,7,31,32,22,28,34
27-03-2005,41,36,46,38,48,22
30-03-2005,21,45,13,16,34,9
30-03-2005,6,4,31,32,46,30
03-04-2005,5,13,46,49,48,21
03-04-2005,20,23,1,31,30,12
06-04-2005,40,48,4,28,2,17
06-04-2005,23,39,46,36,14,47
10-04-2005,33,11,15,23,12,26
10-04-2005,12,11,39,46,18,8
13-04-2005,43,7,31,20,21,35
13-04-2005,43,23,5,24,16,34
17-04-2005,49,20,16,43,48,18
17-04-2005,38,11,30,49,46,8
20-04-2005,45,22,19,40,31,14
20-04-2005,33,29,1,7,36,41
24-04-2005,10,30,6,21,41,13
24-04-2005,23,40,28,6,31,20
27-04-2005,27,23,17,8,45,7
27-04-2005,9,15,22,1,4,14
01-05-2005,49,16,33,47,31,36
01-05-2005,8,25,46,30,44,13
04-05-2005,27,6,8,18,42,37
04-05-2005,41,37,25,8,43,18
08-05-2005,34,26,8,5,35,3
08-05-2005,40,25,35,16,21,19
11-05-2005,28,11,26,34,41,15
11-05-2005,6,8,48,19,24,7
15-05-2005,7,24,48,39,21,41
15-05-2005,4,32,26,6,28,36
18-05-2005,13,26,38,23,40,5
18-05-2005,43,20,41,22,49,26
22-05-2005,9,27,4,24,18,42
22-05-2005,38,44,34,39,1,13
25-05-2005,12,14,9,8,38,13
25-05-2005,29,41,28,9,33,34
29-05-2005,26,19,23,11,33,6
29-05-2005,28,32,33,10,48,3
01-06-2005,7,20,17,6,9,47
01-06-2005,1,8,19,35,47,5
05-06-2005,17,27,35,39,15,42
05-06-2005,25,37,21,40,19,32
08-06-2005,28,36,34,41,8,16
08-06-2005,3,47,19,14,25,40
12-06-2005,16,40,12,48,39,34
12-06-2005,15,27,39,37,30,19
15-06-2005,48,37,27,15,41,2
15-06-2005,47,37,8,31,22,4
19-06-2005,5,19,23,24,15,11
19-06-2005,17,28,49,38,8,30
22-06-2005,23,19,44,3,37,30
22-06-2005,11,40,14,13,6,20
26-06-2005,48,12,3,28,6,4
26-06-2005,17,41,23,2,46,15
29-06-2005,7,10,46,15,35,1
29-06-2005,44,9,8,38,25,4
03-07-2005,7,19,43,34,4,26
03-07-2005,18,32,16,45,38,20
06-07-2005,48,12,5,31,13,49
06-07-2005,36,38,19,20,43,17
10-07-2005,39,24,26,7,36,22
10-07-2005,45,22,31,11,14,42
13-07-2005,25,39,37,48,10,35
13-07-2005,18,5,47,21,45,23
17-07-2005,15,45,6,9,29,8
17-07-2005,6,5,14,44,32,15
20-07-2005,47,16,30,4,25,7
20-07-2005,20,47,22,30,1,44
24-07-2005,2,5,30,11,10,23
24-07-2005,19,45,49,10,34,15
27-07-2005,22,31,3,16,35,41
27-07-2005,31,19,33,1,36,26
31-07-2005,22,23,14,39,19,17
31-07-2005,46,38,31,44,30,35
03-08-2005,40,34,18,22,19,17
03-08-2005,40,3,42,30,12,45
07-08-2005,27,23,32,21,5,8
07-08-2005,17,2,4,10,44,21
10-08-2005,29,10,2,17,18,43
10-08-2005,15,8,27,11,6,37
14-08-2005,29,3,48,1,4,12
14-08-2005,13,45,26,11,18,24
17-08-2005,47,5,25,19,22,24
17-08-2005,13,25,29,43,40,47
21-08-2005,6,22,37,41,33,42
21-08-2005,8,27,48,7,23,47
24-08-2005,6,10,29,46,26,28
24-08-2005,30,8,11,42,22,47
28-08-2005,6,45,20,24,30,47
28-08-2005,49,40,32,7,19,28
31-08-2005,49,45,43,18,31,2
31-08-2005,12,5,6,43,47,24
04-09-2005,22,20,23,40,17,29
04-09-2005,8,18,31,30,25,28
07-09-2005,15,30,5,40,38,44
07-09-2005,21,44,16,24,33,2
11-09-2005,21,44,34,24,28,33
11-09-2005,14,4,28,31,13,7
14-09-2005,33,45,16,25,10,11
14-09-2005,1,18,17,23,48,33
18-09-2005,44,46,21,3,38,6
18-09-2005,15,19,32,39,5,35
21-09-2005,14,7,18,33,3,29
21-09-2005,7,4,43,29,36,48
25-09-2005,22,25,15,45,38,48
25-09-2005,43,5,44,26,27,23
28-09-2005,27,42,4,19,3,37
28-09-2005,9,31,44,22,46,32
02-10-2005,7,23,16,28,36,4
02-10-2005,1,37,29,33,41,35
05-10-2005,30,32,1,20,49,19
05-10-2005,43,9,29,7,35,12
09-10-2005,16,6,32,2,27,26
09-10-2005,24,22,35,2,8,31
12-10-2005,38,11,6,45,34,48
12-10-2005,6,39,29,21,18,49
16-10-2005,20,19,30,11,47,13
16-10-2005,32,15,44,13,41,2
19-10-2005,20,25,42,39,4,46
19-10-2005,34,9,48,16,20,33
23-10-2005,10,20,27,19,12,6
23-10-2005,6,7,46,20,28,16
26-10-2005,8,34,27,28,45,23
26-10-2005,3,2,46,27,23,48
30-10-2005,15,27,32,12,29,2
30-10-2005,17,49,40,30,7,28
02-11-2005,35,43,24,12,23,33
02-11-2005,23,15,30,43,31,14
06-11-2005,18,25,4,34,38,13
06-11-2005,14,48,33,45,28,32
09-11-2005,1,16,39,31,37,21
09-11-2005,2,35,32,21,41,4
13-11-2005,49,31,18,10,33,2
13-11-2005,7,4,44,5,39,35
16-11-2005,39,20,45,43,19,3
16-11-2005,6,19,36,47,21,4
20-11-2005,38,47,23,15,28,46
20-11-2005,40,18,21,13,3,20
23-11-2005,22,48,17,1,2,41
23-11-2005,35,3,13,7,49,8
27-11-2005,38,41,4,3,2,14
27-11-2005,35,9,1,34,41,12
30-11-2005,3,14,44,9,22,1
30-11-2005,47,25,31,1,37,36
04-12-2005,18,29,27,4,41,14
04-12-2005,12,29,37,10,23,47
07-12-2005,39,16,15,31,33,7
07-12-2005,34,33,41,38,21,2
11-12-2005,47,28,27,13,29,17
11-12-2005,49,2,11,36,39,29
14-12-2005,20,36,33,42,39,13
14-12-2005,30,18,43,14,23,19
18-12-2005,30,36,37,39,33,43
18-12-2005,20,23,42,33,5,44
21-12-2005,9,46,18,48,36,8
21-12-2005,43,29,20,15,38,8
28-12-2005,1,47,7,18,45,23
28-12-2005,33,24,6,27,19,14
04-01-2006,3,1,27,20,25,33
04-01-2006,31,19,44,18,23,41
08-01-2006,34,40,13,43,9,31
08-01-2006,42,14,3,40,28,11
11-01-2006,18,29,10,42,20,24
11-01-2006,3,48,20,4,17,37
15-01-2006,12,3,41,24,8,19
15-01-2006,6,2,4,12,29,15
18-01-2006,44,25,8,49,39,42
18-01-2006,40,15,12,38,42,26
22-01-2006,36,38,34,31,33,47
22-01-2006,19,45,43,14,18,10
25-01-2006,1,11,2,16,41,15
25-01-2006,30,40,28,34,37,1
29-01-2006,31,11,26,39,42,34
29-01-2006,21,27,22,6,16,15
01-02-2006,35,24,15,22,8,23
01-02-2006,29,25,41,49,45,21
05-02-2006,12,40,43,22,31,41
05-02-2006,24,5,7,44,30,33
08-02-2006,4,31,28,11,44,24
08-02-2006,23,2,38,37,28,5
12-02-2006,37,28,40,23,32,42
12-02-2006,38,21,28,32,7,14
15-02-2006,12,18,47,15,27,35
15-02-2006,41,20,11,33,21,7
19-02-2006,41,10,22,26,42,30
19-02-2006,7,17,6,8,18,35
22-02-2006,21,34,7,36,12,17
22-02-2006,10,8,5,2,48,34
26-02-2006,34,13,10,14,3,24
26-02-2006,25,48,34,1,6,3
01-03-2006,4,16,36,7,25,44
01-03-2006,36,1,41,33,11,30
05-03-2006,40,28,31,24,46,36
05-03-2006,17,19,36,7,31,22
08-03-2006,34,29,7,17,42,9
08-03-2006,23,45,38,32,42,14
12-03-2006,1,48,12,44,20,33
12-03-2006,37,42,32,27,30,34
15-03-2006,35,10,49,13,19,21
15-03-2006,32,6,14,15,44,40
19-03-2006,37,13,12,15,3,4
19-03-2006,38,36,16,23,47,20
22-03-2006,23,32,8,15,38,33
22-03-2006,14,28,12,47,27,19
26-03-2006,39,48,28,40,38,45
26-03-2006,29,22,14,31,41,15
29-03-2006,42,26,25,1,37,17
29-03-2006,23,3,49,25,37,42
02-04-2006,20,43,36,12,32,27
02-04-2006,32,22,13,44,23,41
05-04-2006,42,22,48,6,35,19
05-04-2006,46,24,14,47,20,36
09-04-2006,45,29,34,16,9,49
09-04-2006,42,36,37,14,47,22
12-04-2006,2,5,27,16,42,43
12-04-2006,10,12,30,18,17,8
16-04-2006,47,15,35,36,41,4
16-04-2006,46,10,19,41,2,34
19-04-2006,17,49,36,10,28,1
19-04-2006,7,45,21,31,37,36
23-04-2006,47,21,2,49,11,39
23-04-2006,26,35,48,20,12,27
26-04-2006,30,16,39,41,10,4
26-04-2006,6,3,9,32,26,22
30-04-2006,19,22,9,39,41,13
30-04-2006,15,8,16,40,34,3
03-05-2006,4,40,3,43,37,19
03-05-2006,9,41,4,12,19,36
07-05-2006,43,44,49,16,45,41
07-05-2006,12,31,10,9,34,15
10-05-2006,39,40,11,12,37,14
10-05-2006,33,34,29,15,21,9
14-05-2006,49,16,40,6,5,21
14-05-2006,16,6,2,38,18,9
17-05-2006,40,5,18,1,48,22
17-05-2006,44,10,7,6,11,14
21-05-2006,37,10,29,41,5,19
21-05-2006,41,21,38,12,24,31
24-05-2006,48,4,45,33,5,8
24-05-2006,46,5,12,22,31,10
28-05-2006,15,16,34,1,31,40
28-05-2006,17,22,47,27,15,35
31-05-2006,10,13,9,48,26,49
31-05-2006,19,8,7,46,12,34
04-06-2006,41,15,28,34,9,14
04-06-2006,8,34,20,32,29,41
07-06-2006,49,41,8,28,9,48
07-06-2006,8,29,26,11,7,5
11-06-2006,5,17,35,11,6,47
11-06-2006,5,37,44,35,3,20
14-06-2006,27,48,13,30,19,26
14-06-2006,36,19,20,29,49,14
18-06-2006,34,16,19,24,45,12
18-06-2006,13,30,46,12,28,29
21-06-2006,44,16,21,1,40,20
21-06-2006,24,38,39,14,11,8
25-06-2006,29,44,27,16,13,49
25-06-2006,34,42,5,7,12,13
28-06-2006,39,36,16,21,11,13
28-06-2006,47,36,45,6,48,38
02-07-2006,47,9,18,31,11,22
02-07-2006,36,19,49,32,12,30
05-07-2006,36,45,29,43,5,7
05-07-2006,14,16,4,39,25,23
09-07-2006,13,25,36,26,12,37
09-07-2006,25,14,35,44,31,15
12-07-2006,8,49,3,29,28,36
12-07-2006,33,49,8,15,11,36
16-07-2006,35,48,31,28,14,9
16-07-2006,25,22,14,12,42,8
19-07-2006,48,32,20,35,5,11
19-07-2006,15,21,31,25,27,42
23-07-2006,22,19,28,5,12,38
23-07-2006,1,20,41,21,46,14
26-07-2006,4,3,27,2,21,35
26-07-2006,31,27,5,9,47,18
30-07-2006,22,34,24,7,10,42
30-07-2006,39,22,17,5,25,26
02-08-2006,7,20,35,22,10,2
02-08-2006,17,7,43,24,11,4
06-08-2006,37,43,41,35,18,9
06-08-2006,45,11,37,31,7,3
09-08-2006,10,37,32,23,12,40
09-08-2006,10,17,1,21,32,43
13-08-2006,34,47,3,24,38,4
13-08-2006,7,11,38,16,19,5
16-08-2006,39,44,11,13,43,16
16-08-2006,18,37,8,26,19,17
20-08-2006,10,18,9,13,8,36
20-08-2006,14,2,9,40,17,16
23-08-2006,28,38,32,21,49,19
23-08-2006,27,7,3,6,8,45
27-08-2006,7,1,42,23,10,26
27-08-2006,40,43,22,19,46,11
30-08-2006,45,35,20,18,8,14
30-08-2006,46,35,2,28,20,12
03-09-2006,47,16,26,44,24,17
03-09-2006,22,45,46,5,41,35
06-09-2006,12,33,22,46,25,16
06-09-2006,41,34,6,29,22,1
10-09-2006,30,2,46,13,39,28
10-09-2006,14,39,9,36,3,12
13-09-2006,45,13,49,5,29,18
13-09-2006,20,1,8,31,19,6
17-09-2006,42,47,12,17,41,43
17-09-2006,9,11,48,32,1,23
20-09-2006,36,5,1,42,26,18
20-09-2006,18,27,25,37,15,12
24-09-2006,11,2,25,3,30,28
24-09-2006,47,18,4,42,22,21
27-09-2006,43,22,2,19,33,36
27-09-2006,29,13,46,44,19,35
01-10-2006,44,32,26,3,8,24
01-10-2006,31,37,39,18,11,5
04-10-2006,1,47,35,37,48,4
04-10-2006,9,22,8,28,41,19
08-10-2006,43,35,33,37,27,29
08-10-2006,20,14,3,39,43,25
11-10-2006,26,29,35,12,18,17
11-10-2006,10,30,6,24,5,18
15-10-2006,36,37,25,29,34,7
15-10-2006,32,10,21,29,46,8
18-10-2006,37,21,15,12,27,14
18-10-2006,26,17,13,44,10,40
22-10-2006,40,30,22,1,37,38
22-10-2006,11,29,37,40,39,47
25-10-2006,19,45,21,48,6,34
25-10-2006,37,18,8,49,32,28
29-10-2006,9,42,15,16,39,1
29-10-2006,22,31,34,26,41,7
01-11-2006,27,17,24,5,4,36
01-11-2006,14,33,27,8,49,16
05-11-2006,23,35,2,41,43,4
05-11-2006,6,46,39,4,3,19
08-11-2006,34,19,23,20,39,31
08-11-2006,22,45,24,38,33,5
12-11-2006,2,27,19,14,12,31
12-11-2006,33,25,48,14,15,32
15-11-2006,17,33,49,34,12,9
15-11-2006,38,16,15,29,7,37
19-11-2006,22,15,33,1,20,35
19-11-2006,46,30,43,25,18,47
22-11-2006,3,21,7,23,19,47
22-11-2006,32,22,31,10,39,2
26-11-2006,43,7,3,19,28,40
26-11-2006,32,28,1,10,18,35
29-11-2006,26,37,3,13,7,6
29-11-2006,43,5,21,11,8,47
03-12-2006,9,32,34,13,25,19
03-12-2006,21,23,29,1,16,3
06-12-2006,15,32,43,24,5,9
06-12-2006,14,39,4,9,7,48
10-12-2006,38,36,37,3,7,17
10-12-2006,49,18,6,40,4,13
13-12-2006,6,13,15,1,2,41
13-12-2006,49,11,43,15,14,16
17-12-2006,32,8,42,37,5,19
17-12-2006,19,35,23,38,29,21
20-12-2006,18,5,10,23,24,4
20-12-2006,18,30,47,16,19,48
24-12-2006,12,28,20,14,35,3
24-12-2006,48,19,31,20,27,3
27-12-2006,29,25,5,20,10,48
27-12-2006,20,41,10,30,18,2
31-12-2006,32,3,5,30,13,12
31-12-2006,2,48,23,7,26,49
03-01-2007,49,46,21,34,30,25
03-01-2007,23,40,15,17,27,35
07-01-2007,18,48,33,47,34,36
07-01-2007,42,9,14,33,7,2
10-01-2007,19,39,4,5,1,27
10-01-2007,47,34,7,22,9,32
14-01-2007,18,11,10,14,3,5
14-01-2007,20,47,48,5,6,22
17-01-2007,26,39,30,20,49,13
17-01-2007,30,1,41,36,28,13
21-01-2007,17,45,46,35,9,21
21-01-2007,9,4,7,31,38,30
24-01-2007,24,8,26,48,32,11
24-01-2007,18,32,17,37,10,30
28-01-2007,34,14,49,43,33,36
28-01-2007,19,3,6,16,37,38
31-01-2007,1,36,25,42,28,10
31-01-2007,4,35,46,20,6,2
04-02-2007,47,24,41,49,20,45
04-02-2007,22,31,6,23,47,27
07-02-2007,34,36,23,19,27,32
07-02-2007,31,44,5,16,35,45
11-02-2007,15,6,43,12,49,13
11-02-2007,8,3,28,47,39,9
14-02-2007,33,29,20,16,11,2
14-02-2007,20,2,37,4,15,45
18-02-2007,48,21,17,42,27,4
18-02-2007,12,38,5,18,37,9
21-02-2007,7,13,45,44,32,36
21-02-2007,10,19,13,41,40,29
25-02-2007,36,43,30,23,17,14
25-02-2007,34,49,9,46,41,30
28-02-2007,29,24,40,11,8,9
28-02-2007,22,24,29,17,19,14
04-03-2007,18,20,32,30,42,28
04-03-2007,9,23,42,17,48,35
07-03-2007,2,17,28,35,5,18
07-03-2007,7,25,28,44,18,14
11-03-2007,36,34,20,48,27,17
11-03-2007,39,43,33,1,30,8
14-03-2007,38,19,34,20,43,11
14-03-2007,33,7,44,35,49,13
18-03-2007,44,35,30,4,20,49
18-03-2007,44,48,25,33,18,28
21-03-2007,23,18,1,2,35,44
21-03-2007,25,26,36,31,11,14
25-03-2007,42,9,16,30,34,47
25-03-2007,20,22,43,8,45,11
28-03-2007,44,42,15,22,32,43
28-03-2007,2,27,9,38,20,3
01-04-2007,22,11,24,38,39,32
01-04-2007,10,30,5,15,49,8
04-04-2007,15,5,22,42,36,26
04-04-2007,46,3,20,37,24,18
08-04-2007,29,10,15,37,21,38
08-04-2007,43,37,15,7,14,2
11-04-2007,45,17,23,41,48,25
11-04-2007,22,3,36,40,44,11
15-04-2007,37,4,16,25,45,14
15-04-2007,32,17,4,23,39,25
18-04-2007,16,33,43,22,26,13
18-04-2007,8,18,31,41,4,21
22-04-2007,26,15,22,43,6,37
22-04-2007,40,22,47,31,3,29
25-04-2007,11,1,39,9,35,31
25-04-2007,7,5,16,39,26,25
29-04-2007,28,45,5,22,23,17
29-04-2007,48,20,29,34,47,40
02-05-2007,8,5,12,26,14,25
02-05-2007,15,16,36,8,26,35
06-05-2007,45,48,44,4,34,30
06-05-2007,45,39,21,1,20,15
09-05-2007,45,49,4,40,23,27
09-05-2007,33,10,29,15,39,13
13-05-2007,24,28,15,7,47,18
13-05-2007,17,29,13,18,5,21
16-05-2007,41,34,45,27,32,47
16-05-2007,27,40,45,44,21,10
20-05-2007,20,23,31,36,47,18
20-05-2007,25,23,18,6,2,17
23-05-2007,35,10,34,22,13,46
23-05-2007,27,16,35,29,19,20
27-05-2007,15,9,33,43,42,35
27-05-2007,42,23,13,29,41,16
30-05-2007,40,4,44,31,41,20
30-05-2007,19,18,16,38,31,46
03-06-2007,34,18,4,20,6,19
03-06-2007,42,20,1,28,38,34
06-06-2007,19,41,30,7,13,15
06-06-2007,41,18,26,17,15,9
10-06-2007,39,46,31,19,11,34
10-06-2007,42,25,31,23,16,38
13-06-2007,44,7,47,21,5,11
13-06-2007,44,38,23,17,35,24
17-06-2007,40,31,10,25,2,42
17-06-2007,23,18,1,16,44,10
20-06-2007,1,13,18,47,29,16
20-06-2007,14,28,33,6,20,41
24-06-2007,16,41,43,49,10,20
24-06-2007,14,33,7,3,24,30
27-06-2007,1,39,28,3,12,5
27-06-2007,45,33,18,29,5,44
01-07-2007,11,49,44,33,23,47
01-07-2007,19,45,23,21,44,9
04-07-2007,38,22,30,11,45,21
04-07-2007,39,22,36,38,13,6
08-07-2007,5,48,45,42,7,43
08-07-2007,35,38,8,18,33,47
11-07-2007,38,43,35,14,20,9
11-07-2007,21,46,45,33,28,13
15-07-2007,44,46,34,3,36,26
15-07-2007,1,30,2,44,27,41
18-07-2007,20,49,1,39,37,13
18-07-2007,43,20,1,9,28,42
22-07-2007,12,8,15,41,10,9
22-07-2007,13,40,16,41,33,28
25-07-2007,13,16,21,23,6,37
25-07-2007,28,47,46,40,27,39
29-07-2007,15,36,22,14,42,41
29-07-2007,21,25,30,31,47,3
01-08-2007,23,26,2,47,17,45
01-08-2007,41,22,25,30,45,39
05-08-2007,24,14,48,7,35,47
05-08-2007,20,46,11,40,37,27
08-08-2007,43,2,32,27,22,30
08-08-2007,39,2,36,40,47,27
12-08-2007,37,11,10,26,21,14
12-08-2007,27,24,30,23,35,44
15-08-2007,17,36,26,6,33,5
15-08-2007,45,6,37,36,29,35
19-08-2007,9,25,38,5,33,29
19-08-2007,20,3,31,16,19,1
22-08-2007,9,24,14,18,26,6
22-08-2007,10,11,22,7,9,34
26-08-2007,37,28,41,49,31,16
26-08-2007,16,34,15,4,5,39
29-08-2007,49,15,6,40,7,35
29-08-2007,48,49,35,10,5,24
02-09-2007,24,48,32,49,38,2
02-09-2007,28,22,49,41,33,13
05-09-2007,44,31,20,5,39,23
05-09-2007,1,33,14,36,40,43
09-09-2007,30,20,37,40,43,8
09-09-2007,46,14,21,41,31,9
12-09-2007,13,5,3,2,32,45
12-09-2007,5,38,2,25,26,39
16-09-2007,17,4,37,5,49,35
16-09-2007,32,34,35,12,26,7
19-09-2007,27,10,49,13,26,36
19-09-2007,44,25,21,13,11,29
23-09-2007,37,25,11,1,23,27
23-09-2007,8,24,43,4,42,28
26-09-2007,5,19,3,27,1,37
26-09-2007,32,43,21,13,12,28
30-09-2007,14,10,46,36,8,35
30-09-2007,3,25,15,36,7,8
03-10-2007,47,23,4,8,24,33
03-10-2007,43,33,36,49,19,6
07-10-2007,3,34,25,6,37,21
07-10-2007,5,34,12,42,26,2
10-10-2007,20,48,34,37,44,21
10-10-2007,46,31,41,1,35,15
14-10-2007,48,15,5,30,40,49
14-10-2007,16,31,21,43,11,38
17-10-2007,32,36,27,17,5,10
17-10-2007,42,40,20,3,5,39
21-10-2007,17,16,5,40,9,26
21-10-2007,2,38,22,41,48,39
24-10-2007,21,44,35,12,47,26
24-10-2007,34,37,36,23,43,29
28-10-2007,12,45,44,5,36,28
28-10-2007,8,3,5,47,18,40
31-10-2007,42,33,12,7,29,27
31-10-2007,44,7,6,35,38,42
04-11-2007,17,49,25,14,20,26
04-11-2007,45,35,42,18,4,24
07-11-2007,32,20,8,25,46,38
07-11-2007,6,18,46,39,41,25
11-11-2007,1,48,46,13,8,28
11-11-2007,1,36,46,37,29,42
14-11-2007,45,20,43,7,21,13
14-11-2007,21,12,2,38,31,46
18-11-2007,33,47,29,15,36,35
18-11-2007,49,33,2,27,10,13
21-11-2007,26,27,13,20,24,10
21-11-2007,27,43,40,6,34,35
25-11-2007,37,29,25,11,28,44
25-11-2007,15,16,13,26,28,47
28-11-2007,21,34,36,29,22,40
28-11-2007,22,3,38,6,28,25
02-12-2007,41,1,12,38,33,35
02-12-2007,29,16,5,30,20,47
05-12-2007,6,2,48,14,28,23
05-12-2007,29,6,39,11,34,37
09-12-2007,44,1,49,15,47,19
09-12-2007,33,24,14,35,5,37
12-12-2007,28,45,29,44,6,47
12-12-2007,1,35,2,41,34,30
16-12-2007,28,19,15,16,30,11
16-12-2007,23,6,35,16,15,45
19-12-2007,33,24,4,8,12,7
19-12-2007,4,29,17,10,28,32
23-12-2007,33,29,43,9,38,26
23-12-2007,45,36,20,41,5,23
26-12-2007,35,18,15,28,20,14
26-12-2007,22,8,46,23,2,47
30-12-2007,13,20,29,36,41,18
30-12-2007,1,45,12,40,14,25
02-01-2008,9,20,19,14,16,4
02-01-2008,36,38,20,39,2,28
06-01-2008,6,12,39,35,16,37
06-01-2008,48,12,18,44,22,3
09-01-2008,40,29,16,47,12,34
09-01-2008,25,28,48,17,34,20
13-01-2008,24,25,11,21,16,35
13-01-2008,41,18,27,31,17,12
16-01-2008,7,16,24,11,35,31
16-01-2008,38,49,33,28,34,7
20-01-2008,13,41,36,27,44,12
20-01-2008,21,14,17,4,26,48
23-01-2008,40,38,27,17,29,30
23-01-2008,16,4,2,5,31,43
27-01-2008,19,22,28,8,39,45
27-01-2008,10,31,7,27,28,3
30-01-2008,22,28,26,17,13,6
30-01-2008,42,48,40,46,5,16
03-02-2008,7,22,11,16,13,49
03-02-2008,46,25,40,39,2,17
06-02-2008,7,23,33,24,25,49
06-02-2008,3,31,38,20,36,41
10-02-2008,17,39,24,6,44,21
10-02-2008,6,19,45,40,48,39
13-02-2008,43,10,24,5,46,7
13-02-2008,10,31,43,15,26,13
17-02-2008,16,33,17,38,20,45
17-02-2008,22,29,12,16,38,19
20-02-2008,25,39,15,12,20,11
20-02-2008,8,40,31,15,45,17
24-02-2008,1,31,5,2,36,29
24-02-2008,43,17,33,12,8,44
27-02-2008,17,36,28,39,47,44
27-02-2008,16,44,21,25,41,13
02-03-2008,47,29,42,19,28,14
02-03-2008,44,28,34,43,27,29
05-03-2008,30,12,32,48,28,41
05-03-2008,40,18,43,44,4,49
09-03-2008,12,11,44,5,25,21
09-03-2008,18,10,7,1,19,13
12-03-2008,17,4,14,13,1,9
12-03-2008,21,1,35,24,20,6
16-03-2008,28,48,35,47,10,34
16-03-2008,37,29,9,32,6,27
19-03-2008,5,18,26,21,16,36
19-03-2008,43,10,38,6,15,19
23-03-2008,46,48,26,17,20,24
23-03-2008,9,44,4,3,36,8
26-03-2008,21,23,24,2,11,5
26-03-2008,18,11,10,13,15,36
30-03-2008,10,2,46,33,49,14
30-03-2008,36,35,13,2,15,5
02-04-2008,25,38,21,36,17,37
02-04-2008,13,23,3,25,27,2
06-04-2008,44,23,35,2,49,6
06-04-2008,16,10,25,33,34,36
09-04-2008,36,13,12,22,33,26
09-04-2008,37,27,46,36,24,22
13-04-2008,19,11,15,25,13,29
13-04-2008,49,26,28,42,20,45
16-04-2008,7,30,39,16,43,10
16-04-2008,28,15,17,9,1,6
20-04-2008,18,12,30,6,29,48
20-04-2008,27,8,2,34,11,28
23-04-2008,32,21,34,36,15,30
23-04-2008,27,23,29,30,14,5
27-04-2008,36,26,49,29,45,27
27-04-2008,48,43,37,30,21,38
30-04-2008,4,10,38,12,35,43
30-04-2008,44,47,11,23,26,9
04-05-2008,34,22,23,32,11,33
04-05-2008,35,7,5,41,45,3
07-05-2008,40,37,13,3,28,17
07-05-2008,34,21,7,1,39,16
11-05-2008,10,31,9,38,44,30
11-05-2008,31,47,44,27,1,39
14-05-2008,6,27,37,42,39,12
14-05-2008,48,24,40,26,47,19
18-05-2008,11,35,43,17,29,31
18-05-2008,8,47,36,44,24,17
21-05-2008,15,32,4,40,38,24
21-05-2008,4,22,39,21,26,6
25-05-2008,29,18,47,24,38,22
25-05-2008,2,5,49,18,31,17
28-05-2008,4,34,11,20,13,6
28-05-2008,14,47,17,41,2,8
01-06-2008,18,25,40,7,43,30
01-06-2008,1,17,45,14,25,40
04-06-2008,7,13,35,3,8,19
04-06-2008,43,39,24,8,25,47
08-06-2008,43,32,49,33,12,26
08-06-2008,5,29,45,16,30,14
11-06-2008,36,24,43,49,33,46
11-06-2008,14,10,30,33,36,39
15-06-2008,9,39,13,43,1,5
15-06-2008,39,29,47,33,40,37
18-06-2008,48,11,34,3,43,21
18-06-2008,48,42,7,16,32,6
22-06-2008,27,37,45,36,44,6
22-06-2008,45,37,9,2,26,44
25-06-2008,25,44,19,7,9,33
25-06-2008,11,35,9,12,4,13
29-06-2008,27,45,22,14,6,15
29-06-2008,47,38,14,28,27,24
02-07-2008,37,2,27,38,34,9
02-07-2008,19,48,31,27,24,38
06-07-2008,26,47,46,34,35,19
06-07-2008,34,38,18,16,37,36
09-07-2008,25,27,9,16,13,17
09-07-2008,40,7,11,20,29,14
13-07-2008,25,29,33,41,48,43
13-07-2008,6,44,21,15,43,1
16-07-2008,44,22,31,37,32,9
16-07-2008,15,37,21,14,13,45
20-07-2008,20,9,12,13,29,30
20-07-2008,3,19,31,49,42,34
23-07-2008,34,5,49,45,35,40
23-07-2008,33,31,11,40,32,30
27-07-2008,48,20,31,25,46,37
27-07-2008,20,13,38,44,23,14
30-07-2008,33,22,3,25,37,41
30-07-2008,40,25,18,15,45,23
03-08-2008,42,39,7,26,34,37
03-08-2008,29,20,21,14,17,42
06-08-2008,37,13,1,42,26,49
06-08-2008,26,34,30,47,10,41
10-08-2008,31,30,17,5,38,46
10-08-2008,1,44,19,37,15,23
13-08-2008,28,3,29,21,17,46
13-08-2008,36,6,47,9,13,8
17-08-2008,34,45,10,11,32,12
17-08-2008,2,49,15,43,40,8
20-08-2008,32,49,4,10,15,45
20-08-2008,26,21,2,14,31,42
24-08-2008,5,11,37,46,9,24
24-08-2008,27,42,32,21,19,30
27-08-2008,25,37,39,33,14,27
27-08-2008,46,26,45,16,24,40
31-08-2008,27,38,32,12,13,22
31-08-2008,2,48,21,12,47,13
03-09-2008,20,11,13,47,27,25
03-09-2008,28,27,16,21,26,36
07-09-2008,43,12,4,41,9,46
07-09-2008,3,5,35,9,6,21
10-09-2008,47,4,7,25,16,46
10-09-2008,28,9,43,37,8,49
14-09-2008,29,19,23,31,8,5
14-09-2008,1,44,29,4,49,20
17-09-2008,49,44,9,38,33,41
17-09-2008,9,37,1,42,13,27
21-09-2008,38,41,42,18,6,45
21-09-2008,23,48,28,36,13,41
24-09-2008,9,8,41,48,2,12
24-09-2008,25,16,33,20,9,37
28-09-2008,13,22,3,4,35,38
28-09-2008,38,17,12,42,30,18
01-10-2008,45,9,14,29,34,16
01-10-2008,17,29,38,27,34,8
05-10-2008,24,23,9,18,38,12
05-10-2008,46,17,43,3,31,12
08-10-2008,22,47,43,10,40,6
08-10-2008,35,17,20,2,29,22
12-10-2008,28,22,39,9,37,27
12-10-2008,28,35,22,16,26,24
15-10-2008,9,16,29,48,8,47
15-10-2008,9,33,22,43,28,1
19-10-2008,42,31,16,43,10,18
19-10-2008,5,20,27,42,26,15
22-10-2008,12,20,15,47,41,23
22-10-2008,45,26,28,33,16,31
26-10-2008,38,41,23,15,31,32
26-10-2008,2,27,47,44,37,8
29-10-2008,48,3,16,20,35,15
29-10-2008,15,42,16,40,11,41
02-11-2008,13,21,30,18,41,48
02-11-2008,39,18,9,17,2,15
05-11-2008,41,12,13,10,29,15
05-11-2008,19,32,2,26,23,4
09-11-2008,9,35,33,32,38,3
09-11-2008,48,3,49,15,36,33
12-11-2008,38,12,49,48,21,44
12-11-2008,14,18,40,12,48,7
16-11-2008,16,30,10,2,23,22
16-11-2008,42,20,36,45,10,46
19-11-2008,34,7,4,22,36,11
19-11-2008,16,32,42,23,2,13
23-11-2008,41,25,35,22,27,43
23-11-2008,33,25,18,36,10,32
26-11-2008,37,4,24,26,7,38
26-11-2008,4,25,30,28,39,9
30-11-2008,12,1,28,36,40,46
30-11-2008,4,24,37,5,49,12
03-12-2008,19,34,46,35,44,33
03-12-2008,34,24,45,42,22,38
07-12-2008,32,44,31,28,27,4
07-12-2008,2,44,36,41,47,49
10-12-2008,22,6,48,21,45,8
10-12-2008,20,49,5,43,11,42
14-12-2008,18,9,49,1,47,24
14-12-2008,46,37,10,29,7,41
17-12-2008,34,2,45,21,31,24
17-12-2008,37,18,48,26,41,35
21-12-2008,21,34,33,9,40,14
21-12-2008,16,7,45,3,13,11
24-12-2008,3,37,33,7,30,17
24-12-2008,25,46,13,22,15,33
28-12-2008,20,1,36,32,48,5
28-12-2008,19,25,46,23,45,29
31-12-2008,28,43,48,26,44,12
31-12-2008,9,3,48,41,40,45
04-01-2009,1,32,31,18,41,46
04-01-2009,41,45,8,43,3,38
07-01-2009,8,28,49,42,20,12
07-01-2009,43,45,23,1,36,29
11-01-2009,13,14,23,32,40,12
11-01-2009,2,11,13,27,24,39
14-01-2009,40,14,12,31,42,21
14-01-2009,21,2,3,31,17,35
18-01-2009,7,43,18,22,23,48
18-01-2009,38,34,9,27,22,40
21-01-2009,28,23,37,24,25,41
21-01-2009,39,31,6,5,48,7
25-01-2009,39,40,43,42,27,28
25-01-2009,19,18,41,31,13,45
28-01-2009,31,47,26,7,29,4
28-01-2009,32,12,27,36,45,47
01-02-2009,13,21,46,30,12,11
01-02-2009,35,32,12,20,39,37
04-02-2009,36,1,21,12,11,32
04-02-2009,19,28,26,46,42,24
08-02-2009,5,13,43,37,26,31
08-02-2009,22,46,6,9,24,27
11-02-2009,37,3,47,20,35,43
11-02-2009,11,42,22,27,38,41
15-02-2009,9,11,24,18,37,39
15-02-2009,21,10,9,25,42,33
18-02-2009,39,38,32,43,11,47
18-02-2009,21,8,42,12,43,35
22-02-2009,5,47,22,28,43,12
22-02-2009,11,40,41,4,49,8
25-02-2009,24,39,7,20,17,19
25-02-2009,10,5,42,41,46,6
01-03-2009,38,25,41,3,21,32
01-03-2009,44,1,19,33,48,15
04-03-2009,18,37,39,25,47,14
04-03-2009,47,19,13,48,41,39
08-03-2009,11,21,44,39,7,1
08-03-2009,47,16,37,18,19,35
11-03-2009,32,18,5,38,8,2
11-03-2009,46,3,33,27,49,42
15-03-2009,7,34,48,40,33,30
15-03-2009,39,35,32,15,19,21
18-03-2009,11,47,42,38,20,22
18-03-2009,6,23,14,33,24,44
22-03-2009,28,39,26,40,7,13
22-03-2009,45,7,26,42,4,13
25-03-2009,1,49,27,6,15,4
25-03-2009,44,26,46,10,48,38
29-03-2009,9,18,47,35,20,31
29-03-2009,25,46,41,1,15,42
01-04-2009,31,38,21,19,36,25
01-04-2009,14,10,30,11,23,6
05-04-2009,25,48,45,23,46,35
05-04-2009,37,7,42,26,39,9
08-04-2009,34,17,37,1,12,2
08-04-2009,2,45,22,37,21,30
12-04-2009,3,17,6,9,4,25
12-04-2009,10,8,28,43,13,47
15-04-2009,39,45,4,23,40,43
15-04-2009,4,26,2,6,24,39
19-04-2009,43,48,15,14,42,41
19-04-2009,34,11,21,4,25,41
22-04-2009,23,47,26,42,36,14
22-04-2009,28,5,11,34,27,37
26-04-2009,31,15,5,43,10,33
26-04-2009,37,14,26,5,15,24
29-04-2009,26,24,32,13,4,40
29-04-2009,7,42,20,33,40,25
03-05-2009,31,25,2,34,42,9
03-05-2009,4,30,15,13,36,33
06-05-2009,31,48,43,25,9,42
06-05-2009,3,17,39,29,36,9
10-05-2009,22,37,23,44,43,21
10-05-2009,3,15,42,38,4,35
13-05-2009,46,38,28,31,14,1
13-05-2009,38,43,15,1,13,33
17-05-2009,26,10,35,48,6,34
17-05-2009,25,17,5,42,20,49
20-05-2009,24,31,23,7,42,20
20-05-2009,32,23,49,30,14,34
24-05-2009,2,27,20,5,15,28
24-05-2009,12,27,33,43,45,18
27-05-2009,5,4,9,28,42,19
27-05-2009,36,47,13,26,49,44
31-05-2009,23,13,18,20,30,14
31-05-2009,26,38,21,39,33,8
03-06-2009,19,4,20,22,48,36
03-06-2009,35,5,49,48,33,1
07-06-2009,39,18,30,33,2,37
07-06-2009,37,41,4,49,42,29
10-06-2009,47,18,28,38,20,10
10-06-2009,43,37,5,24,25,9
14-06-2009,29,33,34,10,43,12
14-06-2009,35,46,1,11,26,37
17-06-2009,11,19,12,24,31,30
17-06-2009,49,47,8,23,13,46
21-06-2009,36,10,2,38,47,22
21-06-2009,32,22,44,24,19,34
24-06-2009,14,26,48,4,17,23
24-06-2009,12,17,44,33,10,23
28-06-2009,16,23,5,31,36,14
28-06-2009,17,15,4,11,23,34
01-07-2009,21,20,15,7,2,3
01-07-2009,27,1,16,14,31,48
05-07-2009,33,31,12,10,16,44
05-07-2009,1,42,39,8,43,35
08-07-2009,14,22,44,37,9,18
08-07-2009,5,9,27,24,37,7
12-07-2009,11,40,6,10,7,24
12-07-2009,28,27,42,33,4,30
15-07-2009,6,20,1,7,12,22
15-07-2009,19,1,6,27,12,44
19-07-2009,9,10,38,24,18,45
19-07-2009,46,26,10,47,8,1
22-07-2009,15,20,43,11,34,37
22-07-2009,12,37,16,2,28,22
26-07-2009,34,27,10,1,32,18
26-07-2009,1,5,4,31,45,7
29-07-2009,19,34,28,45,3,9
29-07-2009,8,4,49,41,2,9
02-08-2009,21,13,16,5,39,8
02-08-2009,30,25,9,22,41,36
05-08-2009,29,17,25,49,5,3
05-08-2009,21,22,20,33,8,49
09-08-2009,34,46,45,1,40,33
09-08-2009,28,16,11,36,40,26
12-08-2009,9,38,24,46,11,49
12-08-2009,15,7,2,41,33,32
16-08-2009,3,34,13,38,15,18
16-08-2009,4,35,36,40,26,6
19-08-2009,9,15,13,38,3,17
19-08-2009,13,40,8,35,11,37
23-08-2009,22,1,17,20,4,18
23-08-2009,21,34,37,38,22,41
26-08-2009,1,19,14,41,6,44
26-08-2009,7,9,22,45,38,31
30-08-2009,41,4,29,36,8,32
30-08-2009,12,40,3,32,1,24
02-09-2009,36,30,6,33,42,4
02-09-2009,30,48,28,31,33,26
06-09-2009,15,16,17,45,49,21
06-09-2009,38,44,18,23,20,10
09-09-2009,29,39,5,12,23,34
09-09-2009,8,17,26,43,39,15
13-09-2009,43,35,3,30,22,16
13-09-2009,14,17,34,31,35,21
16-09-2009,46,45,11,21,6,48
16-09-2009,8,21,46,44,3,37
20-09-2009,47,40,23,28,13,43
20-09-2009,5,28,37,16,34,19
23-09-2009,6,48,9,36,38,35
23-09-2009,44,43,6,3,13,45
27-09-2009,34,14,37,31,39,48
27-09-2009,49,15,16,27,41,37
30-09-2009,22,26,20,40,41,30
30-09-2009,46,24,30,16,40,43
04-10-2009,41,4,6,36,38,37
04-10-2009,48,21,1,46,49,25
07-10-2009,26,17,27,45,49,46
07-10-2009,19,18,46,41,21,9
11-10-2009,42,48,19,34,25,2
11-10-2009,45,35,8,38,14,2
14-10-2009,47,42,16,15,41,48
14-10-2009,22,49,32,7,3,48
18-10-2009,7,44,1,20,8,22
18-10-2009,32,35,39,40,36,24
21-10-2009,45,31,17,2,1,12
21-10-2009,41,11,32,22,28,37
25-10-2009,17,21,36,47,9,23
25-10-2009,11,29,41,46,1,45
28-10-2009,40,26,29,49,37,16
28-10-2009,21,32,9,31,17,8
01-11-2009,43,44,31,12,29,10
01-11-2009,21,8,32,24,23,35
04-11-2009,40,5,23,25,1,26
04-11-2009,20,35,22,33,46,25
08-11-2009,37,40,43,10,9,11
08-11-2009,33,7,38,21,17,2
11-11-2009,24,39,8,26,48,44
11-11-2009,39,41,34,20,10,43
15-11-2009,43,29,9,48,15,33
15-11-2009,48,5,39,15,18,25
18-11-2009,19,38,34,23,43,12
18-11-2009,34,29,47,10,12,37
22-11-2009,23,11,38,14,43,7
22-11-2009,19,15,20,2,46,31
25-11-2009,49,28,43,48,7,33
25-11-2009,11,9,4,44,5,1
29-11-2009,39,46,40,30,33,12
29-11-2009,11,13,28,43,25,48
02-12-2009,18,39,15,16,40,38
02-12-2009,46,29,2,8,38,17
06-12-2009,46,48,26,33,23,17
06-12-2009,14,18,25,4,16,11
09-12-2009,27,14,41,42,18,35
09-12-2009,37,9,7,47,44,17
13-12-2009,42,19,39,23,44,48
13-12-2009,47,12,48,11,3,17
16-12-2009,13,22,32,36,18,49
16-12-2009,26,7,41,1,17,33
20-12-2009,25,15,7,29,3,32
20-12-2009,36,43,40,33,38,29
23-12-2009,44,40,14,21,42,3
23-12-2009,27,24,20,3,5,6
27-12-2009,45,17,38,5,44,29
27-12-2009,47,30,6,35,34,14
30-12-2009,17,5,30,46,6,45
30-12-2009,42,46,9,11,13,26
03-01-2010,12,3,10,9,7,47
03-01-2010,28,37,31,1,39,46
06-01-2010,27,42,32,40,39,22
06-01-2010,8,47,26,49,46,18
10-01-2010,35,24,23,47,21,22
10-01-2010,4,39,6,18,2,19
13-01-2010,29,40,17,8,11,9
13-01-2010,28,48,27,39,4,25
17-01-2010,26,14,13,29,23,20
17-01-2010,49,27,38,3,40,10
20-01-2010,20,34,28,30,42,10
20-01-2010,41,7,33,5,25,22
24-01-2010,37,7,1,6,29,44
24-01-2010,41,9,5,17,39,43
27-01-2010,32,43,21,14,8,37
27-01-2010,15,8,32,6,33,21
31-01-2010,43,11,45,35,16,41
31-01-2010,18,20,2,26,42,24
03-02-2010,10,38,11,48,2,4
03-02-2010,42,36,34,46,32,10
07-02-2010,35,28,31,49,11,8
07-02-2010,35,34,22,9,47,24
10-02-2010,47,21,1,42,14,28
10-02-2010,12,32,7,31,20,42
14-02-2010,16,37,18,30,33,1
14-02-2010,2,44,41,42,33,8
17-02-2010,9,39,28,18,22,27
17-02-2010,45,3,28,36,19,26
21-02-2010,34,22,9,25,23,36
21-02-2010,49,7,42,22,29,13
24-02-2010,13,6,18,15,44,28
24-02-2010,45,29,27,32,46,6
28-02-2010,40,48,37,21,22,16
28-02-2010,11,19,22,35,6,21
03-03-2010,35,3,9,25,21,6
03-03-2010,11,20,40,45,3,17
07-03-2010,37,23,26,10,48,27
07-03-2010,25,28,43,20,4,33
10-03-2010,43,9,22,33,6,35
10-03-2010,20,25,13,10,5,39
14-03-2010,42,10,18,12,2,16
14-03-2010,18,23,30,31,20,6
17-03-2010,36,32,11,6,40,9
17-03-2010,26,9,33,28,44,21
21-03-2010,11,8,2,48,18,6
21-03-2010,46,47,5,41,48,30
24-03-2010,42,44,32,39,20,11
24-03-2010,43,17,12,34,28,48
28-03-2010,16,6,4,36,1,21
28-03-2010,22,42,7,17,29,9
31-03-2010,18,43,28,3,11,26
31-03-2010,28,6,36,27,1,39
04-04-2010,12,29,33,20,41,36
04-04-2010,28,42,30,3,11,49
07-04-2010,34,19,26,20,49,2
07-04-2010,24,46,2,37,39,45
11-04-2010,45,12,19,49,43,22
11-04-2010,46,41,30,33,26,29
14-04-2010,24,17,16,39,1,37
14-04-2010,46,23,2,8,17,41
18-04-2010,35,44,45,26,13,30
18-04-2010,19,45,9,33,15,8
21-04-2010,16,48,33,20,38,31
21-04-2010,13,39,4,27,14,24
25-04-2010,8,20,21,18,16,24
25-04-2010,48,10,34,21,23,8
28-04-2010,46,37,14,21,24,42
28-04-2010,38,16,17,40,12,47
02-05-2010,47,15,6,7,20,12
02-05-2010,24,15,44,4,35,34
05-05-2010,18,36,41,7,8,47
05-05-2010,47,37,36,40,10,3
09-05-2010,33,20,47,36,3,11
09-05-2010,14,35,45,39,44,24
12-05-2010,23,46,5,26,2,37
12-05-2010,27,45,25,38,31,34
16-05-2010,7,34,48,32,22,21
16-05-2010,29,9,5,28,49,37
19-05-2010,47,49,15,48,17,38
19-05-2010,21,13,18,22,3,17
23-05-2010,31,25,39,5,21,38
23-05-2010,7,10,36,33,27,39
26-05-2010,16,11,22,19,31,44
26-05-2010,49,2,42,18,36,45
30-05-2010,41,47,39,21,15,31
30-05-2010,22,39,32,33,16,7
02-06-2010,40,26,18,11,22,24
02-06-2010,30,19,23,9,24,21
06-06-2010,6,46,31,19,11,44
06-06-2010,13,27,16,22,41,7
09-06-2010,40,32,22,38,1,43
09-06-2010,42,35,3,32,10,9
13-06-2010,4,2,36,38,14,41
13-06-2010,46,31,11,22,42,4
16-06-2010,3,19,38,28,41,33
16-06-2010,40,45,49,3,36,23
20-06-2010,33,39,44,38,2,29
20-06-2010,35,10,38,43,48,11
23-06-2010,37,33,48,39,8,44
23-06-2010,9,17,44,39,46,1
27-06-2010,12,20,39,49,46,4
27-06-2010,14,48,30,23,10,32
30-06-2010,27,15,43,19,26,24
30-06-2010,44,33,46,43,23,21
04-07-2010,34,6,26,23,48,22
04-07-2010,38,7,30,23,47,34
07-07-2010,43,4,14,24,42,37
07-07-2010,43,40,36,9,29,39
11-07-2010,11,33,27,25,9,19
11-07-2010,2,25,27,8,10,11
14-07-2010,25,43,20,38,47,29
14-07-2010,44,3,31,16,47,1
18-07-2010,40,24,31,36,12,10
18-07-2010,46,38,12,22,18,13
21-07-2010,16,29,20,15,12,2
21-07-2010,39,49,36,44,29,9
25-07-2010,36,2,23,47,6,27
25-07-2010,22,10,43,17,4,9
28-07-2010,37,47,40,2,41,1
28-07-2010,1,44,3,18,11,39
01-08-2010,14,49,11,12,33,31
01-08-2010,15,45,21,12,41,2
04-08-2010,17,14,32,33,46,47
04-08-2010,31,3,34,35,14,48
08-08-2010,32,18,31,33,22,13
08-08-2010,15,37,47,35,49,12
11-08-2010,18,20,42,48,7,39
11-08-2010,8,13,12,29,2,21
15-08-2010,10,26,8,41,28,31
15-08-2010,30,8,3,25,29,10
18-08-2010,27,5,2,35,22,12
18-08-2010,41,6,10,4,49,8
22-08-2010,10,8,36,33,38,15
22-08-2010,7,46,16,10,1,25
25-08-2010,45,14,30,22,21,2
25-08-2010,21,26,42,48,24,49
29-08-2010,15,18,45,34,21,43
29-08-2010,27,33,22,29,41,44
01-09-2010,24,39,13,34,10,27
01-09-2010,18,37,40,49,15,6
05-09-2010,9,26,49,16,14,44
05-09-2010,6,7,23,16,13,32
08-09-2010,3,2,31,13,36,41
08-09-2010,1,9,29,39,24,23
12-09-2010,22,11,8,38,15,33
12-09-2010,38,28,5,49,40,6
15-09-2010,19,25,41,21,29,16
15-09-2010,7,36,17,35,39,10
19-09-2010,9,45,49,20,13,48
19-09-2010,36,44,34,22,10,46
22-09-2010,44,45,16,25,11,13
22-09-2010,28,2,42,22,1,39
26-09-2010,26,33,15,16,19,11
26-09-2010,22,19,44,29,3,12
29-09-2010,48,35,16,22,18,10
29-09-2010,22,14,35,28,30,46
03-10-2010,10,28,35,38,45,3
03-10-2010,6,5,10,37,16,7
06-10-2010,16,34,38,32,39,23
06-10-2010,11,36,12,45,6,26
10-10-2010,5,30,4,13,7,21
10-10-2010,6,19,5,15,24,16
13-10-2010,15,45,24,23,8,43
13-10-2010,16,25,28,20,32,26
17-10-2010,46,1,26,30,3,17
17-10-2010,41,22,34,26,15,31
20-10-2010,44,14,8,48,42,19
20-10-2010,31,47,35,8,28,10
24-10-2010,35,41,49,16,2,46
24-10-2010,10,30,12,4,44,23
27-10-2010,40,7,29,8,43,41
27-10-2010,1,34,29,46,13,35
31-10-2010,42,25,14,4,33,8
31-10-2010,49,41,43,44,1,20
03-11-2010,12,9,22,48,38,13
03-11-2010,4,36,24,2,31,47
07-11-2010,42,38,43,22,49,28
07-11-2010,42,2,45,47,19,1
10-11-2010,27,40,17,28,11,49
10-11-2010,27,12,38,43,24,17
14-11-2010,1,27,42,38,44,7
14-11-2010,11,47,33,38,28,34
17-11-2010,20,25,47,26,11,24
17-11-2010,22,20,33,25,28,36
21-11-2010,9,17,1,37,11,20
21-11-2010,40,3,25,13,2,34
24-11-2010,25,34,9,16,19,29
24-11-2010,6,12,37,42,46,18
28-11-2010,26,33,25,21,4,37
28-11-2010,48,36,2,4,15,44
01-12-2010,5,29,25,9,2,10
01-12-2010,11,6,2,22,48,46
05-12-2010,1,35,8,45,28,10
05-12-2010,2,46,32,29,25,42
08-12-2010,7,48,36,5,38,3
08-12-2010,22,41,1,21,48,49
12-12-2010,33,24,29,43,36,48
12-12-2010,38,40,45,12,47,41
15-12-2010,36,15,23,27,22,31
15-12-2010,11,8,25,46,4,2
19-12-2010,23,26,17,39,38,20
19-12-2010,12,6,4,26,18,3
22-12-2010,39,12,9,21,10,3
22-12-2010,10,21,15,32,18,29
26-12-2010,25,49,26,46,3,19
26-12-2010,32,29,43,30,15,34
29-12-2010,48,7,27,20,18,25
29-12-2010,21,35,28,34,2,16
02-01-2011,45,32,34,11,2,37
02-01-2011,44,14,35,9,33,5
05-01-2011,6,37,28,40,36,1
05-01-2011,17,16,48,39,19,10
09-01-2011,9,13,30,14,37,26
09-01-2011,39,44,43,28,25,37
12-01-2011,37,17,23,6,7,12
12-01-2011,16,24,34,40,41,22
16-01-2011,16,46,4,20,33,14
16-01-2011,9,16,29,14,15,2
19-01-2011,19,42,7,40,23,30
19-01-2011,9,35,38,11,19,18
23-01-2011,47,7,30,5,35,8
23-01-2011,21,12,44,5,11,47
26-01-2011,21,5,18,49,12,6
26-01-2011,21,13,42,28,32,22
30-01-2011,3,15,5,38,1,9
30-01-2011,37,32,49,11,36,26
02-02-2011,2,17,10,48,45,13
02-02-2011,40,19,42,7,35,10
06-02-2011,44,46,25,43,49,45
06-02-2011,13,24,36,23,47,8
09-02-2011,22,7,10,24,12,47
09-02-2011,25,26,44,1,17,20
13-02-2011,48,36,39,45,30,14
13-02-2011,33,21,39,9,28,42
16-02-2011,27,3,39,5,20,29
16-02-2011,17,40,37,5,32,45
20-02-2011,15,17,4,44,2,19
20-02-2011,18,8,40,20,4,3
23-02-2011,21,24,34,39,30,42
23-02-2011,18,4,40,19,1,48
27-02-2011,48,24,4,20,18,17
27-02-2011,1,26,27,41,18,10
02-03-2011,6,43,48,22,17,23
02-03-2011,34,6,46,15,5,4
06-03-2011,2,39,27,26,15,43
06-03-2011,40,29,18,2,47,24
09-03-2011,28,30,4,16,26,31
09-03-2011,8,37,45,46,6,5
13-03-2011,18,16,41,14,47,1
13-03-2011,12,24,27,16,18,1
16-03-2011,40,12,37,32,7,11
16-03-2011,33,37,44,11,30,45
20-03-2011,17,4,10,20,24,37
20-03-2011,32,23,37,4,3,11
23-03-2011,5,39,49,13,21,33
23-03-2011,46,23,6,33,2,1
27-03-2011,47,27,49,19,38,26
27-03-2011,14,32,21,35,29,12
30-03-2011,39,19,6,11,25,45
30-03-2011,4,26,17,46,38,6
03-04-2011,26,31,24,19,11,44
03-04-2011,1,46,11,41,27,28
06-04-2011,17,48,23,41,30,34
06-04-2011,11,36,24,7,18,47
10-04-2011,38,3,42,17,39,37
10-04-2011,47,24,21,20,27,5
13-04-2011,20,2,10,7,34,13
13-04-2011,48,24,38,21,45,22
17-04-2011,36,9,4,35,7,8
17-04-2011,24,29,30,28,16,4
20-04-2011,45,16,40,1,47,8
20-04-2011,26,31,41,15,39,2
24-04-2011,43,14,35,6,11,10
24-04-2011,10,2,29,35,15,33
27-04-2011,40,21,35,18,36,14
27-04-2011,42,18,1,16,35,4
01-05-2011,17,36,7,26,3,38
01-05-2011,16,15,35,6,19,40
04-05-2011,20,33,48,36,15,7
04-05-2011,35,29,30,12,17,2
08-05-2011,15,1,44,32,36,41
08-05-2011,16,3,28,2,12,25
11-05-2011,24,32,3,46,25,12
11-05-2011,27,2,41,31,40,42
15-05-2011,25,10,31,16,27,40
15-05-2011,39,3,1,30,2,40
18-05-2011,25,49,16,48,14,28
18-05-2011,10,15,34,35,9,41
22-05-2011,5,17,37,14,48,25
22-05-2011,17,5,15,23,16,37
25-05-2011,21,2,5,30,37,28
25-05-2011,26,34,1,9,31,23
29-05-2011,7,39,13,6,34,16
29-05-2011,14,46,18,25,47,11
01-06-2011,34,44,8,32,39,23
01-06-2011,11,14,12,3,22,35
05-06-2011,25,42,7,13,30,16
05-06-2011,27,33,4,38,21,8
08-06-2011,38,30,5,44,37,11
08-06-2011,46,40,30,45,26,36
12-06-2011,27,20,42,22,10,23
12-06-2011,44,40,30,33,10,15
15-06-2011,13,24,42,5,37,3
15-06-2011,28,12,18,42,35,34
19-06-2011,40,44,38,7,33,22
19-06-2011,13,24,2,39,17,45
22-06-2011,21,11,38,20,32,6
22-06-2011,5,31,7,3,28,24
26-06-2011,19,25,17,22,7,16
26-06-2011,25,46,47,37,33,11
29-06-2011,30,17,40,12,28,2
29-06-2011,29,38,7,3,4,9
03-07-2011,33,49,22,25,12,27
03-07-2011,16,44,34,2,13,27
06-07-2011,32,29,36,6,28,38
06-07-2011,5,6,3,38,19,4
10-07-2011,23,5,18,19,46,4
10-07-2011,27,28,9,37,48,24
13-07-2011,48,21,41,31,44,38
13-07-2011,26,6,41,23,44,13
17-07-2011,33,15,6,8,23,20
17-07-2011,20,34,2,9,38,13
20-07-2011,23,11,4,24,43,48
20-07-2011,1,49,7,18,19,2
24-07-2011,23,36,37,24,25,46
24-07-2011,17,30,33,12,38,48
27-07-2011,24,46,20,21,30,36
27-07-2011,28,46,10,37,5,49
31-07-2011,6,11,48,13,3,35
31-07-2011,46,19,36,38,4,43
03-08-2011,3,41,23,32,4,7
03-08-2011,17,27,3,48,20,22
07-08-2011,14,21,34,33,48,36
07-08-2011,16,42,37,9,25,39
10-08-2011,12,17,22,42,26,40
10-08-2011,20,46,15,34,39,21
14-08-2011,3,33,20,24,21,11
14-08-2011,7,20,1,8,16,49
17-08-2011,12,34,25,36,27,29
17-08-2011,20,28,42,44,1,12
21-08-2011,15,10,42,40,28,21
21-08-2011,14,25,6,36,33,10
24-08-2011,24,8,46,42,20,23
24-08-2011,46,43,8,28,7,38
28-08-2011,40,42,24,23,12,16
28-08-2011,19,41,36,27,5,47
31-08-2011,37,24,13,40,42,48
31-08-2011,9,4,32,18,20,5
04-09-2011,35,40,5,27,28,39
04-09-2011,14,26,22,5,43,23
07-09-2011,36,27,10,6,28,9
07-09-2011,5,11,26,4,21,44
11-09-2011,28,41,24,48,33,35
11-09-2011,44,25,49,21,47,43
14-09-2011,17,23,2,15,37,16
14-09-2011,14,12,26,6,45,36
18-09-2011,22,1,15,5,44,41
18-09-2011,27,28,49,9,22,8
21-09-2011,49,30,35,44,5,45
21-09-2011,31,1,48,47,42,34
25-09-2011,44,46,23,1,12,10
25-09-2011,15,43,8,13,41,18
28-09-2011,24,5,19,27,6,3
28-09-2011,33,5,37,13,9,4
02-10-2011,12,35,33,37,38,47
02-10-2011,36,5,24,26,38,1
05-10-2011,45,29,11,7,12,16
05-10-2011,3,7,30,37,32,19
09-10-2011,42,39,30,1,5,10
09-10-2011,35,23,5,9,36,11
12-10-2011,46,32,31,42,40,45
12-10-2011,38,36,15,10,41,49
16-10-2011,10,32,9,27,28,30
16-10-2011,31,16,3,35,44,1
19-10-2011,9,39,16,41,17,46
19-10-2011,18,6,16,33,4,28
23-10-2011,3,17,35,14,33,49
23-10-2011,11,42,13,38,15,8
26-10-2011,23,46,45,7,37,1
26-10-2011,49,26,29,11,39,41
30-10-2011,32,46,13,42,19,40
30-10-2011,9,7,30,11,19,37
02-11-2011,33,39,28,43,36,10
02-11-2011,37,35,3,8,33,15
06-11-2011,29,47,37,12,30,5
06-11-2011,13,3,27,11,12,44
09-11-2011,49,41,6,33,15,5
09-11-2011,22,3,44,48,2,15
13-11-2011,1,32,14,30,28,2
13-11-2011,19,48,35,37,16,32
16-11-2011,1,41,38,4,19,49
16-11-2011,10,9,6,11,46,7
20-11-2011,29,14,27,32,3,18
20-11-2011,42,44,7,31,29,6
23-11-2011,42,2,36,49,33,31
23-11-2011,25,27,39,37,42,35
27-11-2011,16,30,26,22,42,24
27-11-2011,24,46,2,40,23,12
30-11-2011,24,10,22,46,27,36
30-11-2011,24,16,22,41,30,47
04-12-2011,13,12,34,22,47,9
04-12-2011,37,26,33,2,34,5
07-12-2011,4,12,19,41,45,8
07-12-2011,31,23,39,38,10,29
11-12-2011,24,5,22,34,48,10
11-12-2011,18,25,9,38,40,6
14-12-2011,19,34,21,35,33,32
14-12-2011,22,5,6,18,21,19
18-12-2011,24,4,14,42,32,6
18-12-2011,14,9,15,7,41,28
21-12-2011,20,36,48,1,19,29
21-12-2011,33,2,25,21,24,27
23-12-2011,40,10,5,21,1,25
23-12-2011,6,45,22,28,19,7
28-12-2011,42,16,41,5,48,32
28-12-2011,33,2,14,27,19,41
31-12-2011,46,29,34,24,32,1
31-12-2011,48,43,9,20,16,36
04-01-2012,19,34,39,40,44,32
04-01-2012,42,17,5,45,28,10
08-01-2012,9,16,24,37,29,26
08-01-2012,15,21,2,22,26,16
11-01-2012,21,16,28,5,46,41
11-01-2012,33,48,7,1,24,18
15-01-2012,23,39,49,21,6,27
15-01-2012,14,33,49,8,4,27
18-01-2012,22,27,43,8,9,4
18-01-2012,5,42,31,45,49,29
22-01-2012,46,3,7,13,48,5
22-01-2012,37,29,25,21,13,10
25-01-2012,47,48,24,16,30,20
25-01-2012,27,7,48,44,32,6
29-01-2012,38,42,14,16,18,9
29-01-2012,49,21,11,24,12,20
01-02-2012,38,48,42,23,20,41
01-02-2012,48,28,21,44,38,25
05-02-2012,19,5,43,38,10,22
05-02-2012,14,23,7,48,16,36
08-02-2012,24,16,9,15,35,36
08-02-2012,20,40,36,3,13,11
12-02-2012,38,21,35,39,1,8
12-02-2012,47,37,24,22,45,7
15-02-2012,19,37,13,11,27,14
15-02-2012,4,3,33,34,1,26
19-02-2012,3,23,39,28,21,24
19-02-2012,27,38,4,34,15,36
22-02-2012,9,48,40,42,3,25
22-02-2012,37,48,14,43,29,2
26-02-2012,33,38,23,36,34,42
26-02-2012,2,46,14,10,44,1
29-02-2012,46,1,4,25,3,11
29-02-2012,43,32,3,4,33,30
04-03-2012,28,31,29,44,46,24
04-03-2012,9,17,34,35,8,47
07-03-2012,18,3,8,49,34,41
07-03-2012,25,21,13,28,17,7
11-03-2012,14,37,2,25,18,45
11-03-2012,9,14,20,7,35,13
14-03-2012,15,19,49,46,21,31
14-03-2012,47,21,17,3,20,34
18-03-2012,14,39,41,48,20,49
18-03-2012,9,38,33,20,43,19
21-03-2012,16,47,31,6,1,18
21-03-2012,8,47,27,26,1,15
25-03-2012,25,16,30,12,46,2
25-03-2012,29,17,47,24,27,37
28-03-2012,3,11,4,17,25,10
28-03-2012,9,30,43,36,12,49
01-04-2012,1,25,28,31,23,7
01-04-2012,32,17,37,25,26,3
04-04-2012,37,20,14,36,5,18
04-04-2012,13,25,22,7,26,12
08-04-2012,31,23,35,28,5,27
08-04-2012,39,1,35,8,16,2
11-04-2012,32,27,19,34,11,1
11-04-2012,22,45,47,30,29,43
15-04-2012,29,45,10,8,15,7
15-04-2012,39,26,22,42,29,35
18-04-2012,45,42,48,18,41,7
18-04-2012,3,25,14,40,22,35
22-04-2012,18,37,43,41,46,29
22-04-2012,34,41,7,20,30,5
25-04-2012,10,27,41,25,18,49
25-04-2012,8,3,37,6,34,27
29-04-2012,5,37,14,48,25,30
29-04-2012,39,34,41,30,37,42
02-05-2012,44,26,18,25,24,23
02-05-2012,13,8,41,18,27,30
06-05-2012,13,30,44,41,31,43
06-05-2012,31,37,33,42,27,36
09-05-2012,27,13,23,32,6,45
09-05-2012,40,30,31,44,13,41
13-05-2012,24,20,40,48,10,14
13-05-2012,19,36,6,20,44,24
16-05-2012,9,42,19,31,29,17
16-05-2012,25,45,9,44,1,36
20-05-2012,40,33,44,2,41,23
20-05-2012,31,37,8,26,4,27
23-05-2012,33,39,15,47,44,3
23-05-2012,36,7,35,44,25,26
27-05-2012,20,17,4,31,10,34
27-05-2012,38,45,22,46,9,3
30-05-2012,14,26,36,41,15,11
30-05-2012,33,15,34,14,43,25
03-06-2012,32,28,10,1,5,20
03-06-2012,35,43,7,42,38,14
06-06-2012,32,15,33,29,36,11
06-06-2012,31,35,39,46,12,43
10-06-2012,18,29,25,3,40,47
10-06-2012,35,16,42,39,47,31
13-06-2012,2,13,23,8,46,25
13-06-2012,38,27,40,1,19,24
17-06-2012,2,43,12,7,35,15
17-06-2012,21,42,43,33,41,18
20-06-2012,39,18,29,3,12,31
20-06-2012,48,3,26,13,49,9
24-06-2012,30,2,36,37,20,25
24-06-2012,26,19,31,28,10,44
27-06-2012,44,33,25,7,15,19
27-06-2012,29,32,11,36,30,3
01-07-2012,13,27,46,16,26,43
01-07-2012,7,17,28,2,48,33
04-07-2012,19,23,27,12,13,16
04-07-2012,24,34,15,17,14,29
08-07-2012,46,3,12,18,40,30
08-07-2012,33,13,10,38,49,11
11-07-2012,35,40,29,38,3,45
11-07-2012,38,17,39,31,25,24
15-07-2012,44,2,23,27,22,1
15-07-2012,46,20,45,2,25,41
18-07-2012,33,40,34,35,30,19
18-07-2012,23,15,28,32,41,2
22-07-2012,45,1,37,19,7,21
22-07-2012,14,42,7,31,5,32
25-07-2012,34,28,20,15,43,36
25-07-2012,49,10,13,26,14,39
29-07-2012,18,35,47,9,19,31
29-07-2012,49,17,18,16,3,15
01-08-2012,17,21,47,7,24,19
01-08-2012,17,19,24,45,16,44
05-08-2012,31,37,40,6,1,2
05-08-2012,14,42,31,45,25,4
08-08-2012,7,23,24,17,42,27
08-08-2012,48,42,47,13,1,45
12-08-2012,48,12,24,30,11,1
12-08-2012,18,26,33,14,21,13
15-08-2012,15,20,33,23,46,21
15-08-2012,16,42,37,6,47,10
19-08-2012,26,24,45,48,9,46
19-08-2012,37,45,4,39,6,30
22-08-2012,20,14,12,48,3,46
22-08-2012,13,35,29,1,12,48
26-08-2012,14,3,18,8,39,38
26-08-2012,40,26,6,21,30,15
29-08-2012,33,38,41,5,15,11
29-08-2012,4,16,43,42,39,28
02-09-2012,37,17,25,15,44,41
02-09-2012,21,7,44,10,33,8
05-09-2012,4,27,41,16,18,38
05-09-2012,46,37,34,6,19,24
09-09-2012,37,38,13,15,7,42
09-09-2012,11,28,2,20,42,49
12-09-2012,25,44,28,23,17,48
12-09-2012,18,38,26,13,48,33
16-09-2012,39,40,37,23,21,1
16-09-2012,13,32,27,39,26,1
19-09-2012,30,1,39,7,44,28
19-09-2012,44,48,6,32,18,4
23-09-2012,44,49,35,29,1,47
23-09-2012,3,48,4,22,1,25
26-09-2012,37,16,4,21,43,6
26-09-2012,38,8,10,48,16,26
30-09-2012,24,28,27,26,44,38
30-09-2012,3,30,25,28,15,18
03-10-2012,26,6,37,46,41,30
03-10-2012,2,24,25,35,1,10
07-10-2012,14,7,38,27,3,30
07-10-2012,17,10,2,8,4,47
10-10-2012,25,1,5,41,10,47
10-10-2012,18,22,13,19,16,20
14-10-2012,25,15,19,41,44,29
14-10-2012,11,37,46,14,32,23
17-10-2012,26,15,44,19,18,39
17-10-2012,49,5,3,30,29,32
21-10-2012,42,14,1,8,44,22
21-10-2012,47,35,8,14,46,5
24-10-2012,4,19,26,23,32,22
24-10-2012,13,31,29,24,23,2
28-10-2012,23,15,37,35,24,27
28-10-2012,2,29,43,12,27,7
31-10-2012,26,3,19,31,39,2
31-10-2012,1,25,31,47,7,3
04-11-2012,33,31,5,22,1,36
04-11-2012,12,44,5,43,30,16
07-11-2012,9,32,45,13,40,5
07-11-2012,15,20,40,12,8,2
11-11-2012,45,34,6,20,30,26
11-11-2012,13,29,3,6,40,47
14-11-2012,31,29,42,40,9,45
14-11-2012,34,31,16,12,47,4
18-11-2012,40,13,19,7,44,10
18-11-2012,42,33,13,36,40,44
21-11-2012,19,44,9,10,28,22
21-11-2012,27,11,23,46,28,9
25-11-2012,46,21,18,36,27,42
25-11-2012,21,2,16,18,45,49
28-11-2012,33,9,15,31,25,13
28-11-2012,28,6,11,16,19,20
02-12-2012,10,3,24,45,44,20
02-12-2012,37,17,20,13,47,32
05-12-2012,28,26,22,37,29,39
05-12-2012,18,22,33,46,44,45
09-12-2012,46,12,35,1,43,44
09-12-2012,2,35,26,3,45,49
12-12-2012,49,22,23,2,17,30
12-12-2012,34,31,30,14,29,8
16-12-2012,9,34,20,2,21,26
16-12-2012,35,1,12,15,14,16
19-12-2012,26,2,14,48,5,1
19-12-2012,35,9,18,42,44,37
23-12-2012,3,6,1,11,39,17
23-12-2012,4,31,26,49,22,15
26-12-2012,47,15,10,11,20,42
26-12-2012,32,43,23,12,28,49
30-12-2012,25,29,39,31,20,9
30-12-2012,10,12,2,46,47,11
02-01-2013,28,31,35,38,43,39
02-01-2013,34,37,49,2,32,21
06-01-2013,28,15,36,11,30,14
06-01-2013,41,27,5,28,22,39
09-01-2013,12,43,22,46,35,41
09-01-2013,36,29,37,3,30,34
13-01-2013,8,14,17,4,35,30
13-01-2013,24,6,11,37,34,21
16-01-2013,33,35,12,44,32,4
16-01-2013,1,7,42,41,38,21
20-01-2013,44,16,43,34,20,1
20-01-2013,46,25,29,45,10,11
23-01-2013,30,25,2,11,49,14
23-01-2013,29,31,4,26,7,23
27-01-2013,3,48,47,34,13,26
27-01-2013,35,36,15,12,9,43
30-01-2013,11,1,43,2,27,4
30-01-2013,17,21,42,35,36,39
03-02-2013,20,21,29,8,23,14
03-02-2013,40,45,42,5,23,47
06-02-2013,10,7,22,35,26,16
06-02-2013,26,4,40,19,24,10
10-02-2013,15,11,47,5,48,24
10-02-2013,15,35,6,47,31,18
13-02-2013,4,40,49,36,1,17
13-02-2013,31,45,37,35,28,10
17-02-2013,2,35,42,11,45,21
17-02-2013,24,31,4,27,2,5
20-02-2013,24,43,26,47,30,44
20-02-2013,41,48,20,17,16,3
24-02-2013,11,34,16,25,22,6
24-02-2013,12,32,20,17,43,25
27-02-2013,46,10,48,11,41,40
27-02-2013,1,35,37,48,43,46
03-03-2013,1,32,26,38,16,27
03-03-2013,21,8,33,13,46,18
06-03-2013,14,22,23,21,18,9
06-03-2013,28,1,23,8,11,26
10-03-2013,13,14,35,22,19,39
10-03-2013,34,35,44,45,3,48
13-03-2013,29,41,31,43,22,10
13-03-2013,48,31,4,6,47,42
17-03-2013,27,9,2,22,39,16
17-03-2013,22,14,24,25,4,30
20-03-2013,25,4,20,19,15,45
20-03-2013,47,32,18,14,49,10
24-03-2013,19,30,21,6,2,3
24-03-2013,3,38,22,10,40,11
27-03-2013,38,48,23,36,45,14
27-03-2013,28,33,41,42,48,40
31-03-2013,39,45,13,19,4,31
31-03-2013,34,39,8,26,29,25
03-04-2013,26,41,17,43,31,16
03-04-2013,27,38,5,23,34,46
07-04-2013,30,9,4,24,44,1
07-04-2013,35,29,15,12,41,20
10-04-2013,23,43,7,39,4,6
10-04-2013,46,33,27,31,16,37
14-04-2013,17,14,32,42,2,45
14-04-2013,8,10,13,5,20,39
17-04-2013,38,49,47,46,4,10
17-04-2013,32,28,20,44,47,30
21-04-2013,25,8,34,39,23,5
21-04-2013,48,23,47,1,8,32
24-04-2013,20,2,9,17,40,42
24-04-2013,9,47,46,31,8,35
28-04-2013,45,39,40,41,48,10
28-04-2013,4,34,27,12,11,45
01-05-2013,7,4,39,45,48,38
01-05-2013,48,46,31,36,30,45
05-05-2013,39,38,20,31,13,1
05-05-2013,29,41,27,32,24,8
08-05-2013,17,47,3,39,36,35
08-05-2013,24,9,22,6,46,7
12-05-2013,20,5,32,4,12,33
12-05-2013,46,22,6,36,31,30
15-05-2013,4,5,46,38,28,27
15-05-2013,39,23,14,42,49,24
19-05-2013,32,14,2,4,49,12
19-05-2013,34,29,46,23,25,21
22-05-2013,20,24,10,6,39,29
22-05-2013,26,9,22,38,25,31
26-05-2013,18,19,12,48,11,32
26-05-2013,38,42,4,14,28,45
29-05-2013,16,20,19,9,38,31
29-05-2013,3,1,16,32,33,44
02-06-2013,20,27,37,17,49,34
02-06-2013,17,37,46,39,15,13
05-06-2013,17,43,39,22,23,7
05-06-2013,42,27,45,39,21,44
09-06-2013,7,36,26,8,44,3
09-06-2013,6,32,34,28,46,3
12-06-2013,37,10,42,12,20,38
12-06-2013,16,47,35,18,4,21
16-06-2013,4,9,13,1,37,23
16-06-2013,14,39,38,30,28,32
19-06-2013,5,14,35,48,3,16
19-06-2013,15,44,47,31,30,35
23-06-2013,38,15,44,45,4,30
23-06-2013,30,26,29,24,13,45
26-06-2013,23,37,28,22,39,8
26-06-2013,5,25,9,39,42,3
30-06-2013,41,42,23,37,8,28
30-06-2013,3,29,37,36,41,44
03-07-2013,48,18,23,5,11,41
03-07-2013,34,37,21,22,5,31
07-07-2013,30,14,7,3,12,22
07-07-2013,8,19,9,49,7,33
10-07-2013,44,36,48,15,2,47
10-07-2013,41,45,3,26,20,46
14-07-2013,32,37,22,14,13,23
14-07-2013,5,45,39,30,41,37
17-07-2013,32,4,45,38,15,14
17-07-2013,22,45,19,11,26,43
21-07-2013,15,28,34,48,24,22
21-07-2013,33,16,1,21,37,7
24-07-2013,38,13,20,17,7,2
24-07-2013,8,9,38,30,42,7
28-07-2013,46,45,47,22,33,15
28-07-2013,34,22,46,21,24,40
31-07-2013,37,49,5,27,25,12
31-07-2013,37,28,20,22,3,49
04-08-2013,21,45,38,25,20,17
04-08-2013,47,19,29,15,28,43
07-08-2013,9,5,47,23,44,31
07-08-2013,33,31,5,6,43,47
11-08-2013,48,46,10,19,21,22
11-08-2013,38,27,1,26,47,10
14-08-2013,46,7,32,36,24,18
14-08-2013,21,30,35,13,4,33
18-08-2013,48,11,1,46,14,15
18-08-2013,20,33,10,22,23,29
21-08-2013,48,23,35,34,43,46
21-08-2013,7,37,38,48,40,41
25-08-2013,28,32,13,36,27,41
25-08-2013,25,32,27,11,21,48
28-08-2013,15,33,6,12,20,22
28-08-2013,1,41,11,17,33,6
01-09-2013,8,44,11,19,34,4
01-09-2013,36,22,26,7,48,14
04-09-2013,45,10,31,20,16,9
04-09-2013,48,24,18,47,28,30
08-09-2013,36,42,4,24,48,7
08-09-2013,25,37,26,28,10,29
11-09-2013,24,27,9,36,37,11
11-09-2013,48,16,33,44,29,14
15-09-2013,20,15,42,12,39,6
15-09-2013,25,29,14,35,47,19
18-09-2013,24,10,4,16,42,25
18-09-2013,45,33,30,28,49,44
22-09-2013,1,22,28,43,48,10
22-09-2013,48,40,31,24,36,16
25-09-2013,20,15,26,43,30,31
25-09-2013,42,5,49,43,24,32
29-09-2013,32,47,37,21,7,49
29-09-2013,19,42,36,31,5,27
02-10-2013,46,5,11,18,27,22
02-10-2013,9,28,37,18,33,41
06-10-2013,9,22,44,18,15,8
06-10-2013,41,48,18,47,25,19
09-10-2013,14,6,11,8,5,32
09-10-2013,18,8,39,4,49,26
13-10-2013,3,43,11,42,16,35
13-10-2013,42,11,37,26,38,2
16-10-2013,38,32,6,42,4,21
16-10-2013,10,14,15,27,28,41
20-10-2013,2,47,3,21,42,16
20-10-2013,2,16,21,22,20,9
23-10-2013,19,45,36,3,32,24
23-10-2013,29,27,41,48,16,23
27-10-2013,39,22,40,23,18,7
27-10-2013,9,16,37,34,5,38
30-10-2013,35,17,27,25,47,22
30-10-2013,34,7,26,2,4,21
03-11-2013,44,26,28,32,20,21
03-11-2013,39,37,11,6,38,36
06-11-2013,36,41,39,14,11,46
06-11-2013,37,21,12,22,33,18
10-11-2013,28,16,29,48,2,10
10-11-2013,40,10,11,31,37,20
13-11-2013,4,36,29,27,37,1
13-11-2013,34,48,20,47,4,23
17-11-2013,4,11,29,5,28,9
17-11-2013,36,5,32,9,41,1
20-11-2013,35,18,9,13,33,4
20-11-2013,22,42,45,25,46,17
24-11-2013,47,24,34,46,26,18
24-11-2013,22,36,2,27,30,41
27-11-2013,7,4,33,10,41,16
27-11-2013,15,8,31,32,12,20
01-12-2013,16,36,7,26,37,44
01-12-2013,32,16,3,17,20,14
04-12-2013,49,12,38,5,32,36
04-12-2013,32,18,24,26,2,35
08-12-2013,25,35,8,27,37,32
08-12-2013,4,8,5,33,12,20
11-12-2013,33,38,21,36,11,19
11-12-2013,1,43,19,26,7,12
15-12-2013,40,1,37,41,2,14
15-12-2013,4,26,20,46,12,28
18-12-2013,14,21,28,12,45,11
18-12-2013,37,39,42,19,32,13
22-12-2013,15,7,28,39,27,6
22-12-2013,5,37,36,49,29,43
29-12-2013,8,21,33,9,34,29
29-12-2013,35,21,42,25,38,41
05-01-2014,20,36,13,29,23,17
05-01-2014,29,9,1,12,28,35
08-01-2014,30,42,19,2,1,32
08-01-2014,39,47,37,46,23,33
12-01-2014,26,6,42,49,2,14
12-01-2014,45,25,40,33,12,30
15-01-2014,13,22,47,45,38,23
15-01-2014,38,21,46,39,10,31
19-01-2014,1,28,35,12,39,46
19-01-2014,29,13,27,11,30,8
22-01-2014,18,5,48,19,33,12
22-01-2014,38,18,48,11,20,19
26-01-2014,7,14,18,29,32,24
26-01-2014,8,36,18,22,19,37
29-01-2014,7,30,41,5,9,13
29-01-2014,21,39,35,44,32,5
02-02-2014,46,5,6,3,32,43
02-02-2014,35,10,40,9,36,32
05-02-2014,42,19,35,25,34,21
05-02-2014,8,6,47,24,15,3
09-02-2014,9,46,12,40,47,33
09-02-2014,47,41,1,49,22,2
12-02-2014,42,21,12,4,1,13
12-02-2014,4,3,45,31,34,47
16-02-2014,4,25,48,3,40,21
16-02-2014,17,24,8,10,20,9
19-02-2014,25,16,31,49,48,29
19-02-2014,28,31,11,24,34,32
23-02-2014,32,22,1,41,30,49
23-02-2014,48,30,7,17,34,10
26-02-2014,10,27,7,36,21,1
26-02-2014,28,21,24,8,9,41
02-03-2014,17,32,4,15,28,47
02-03-2014,23,5,25,38,7,12
05-03-2014,22,14,34,44,7,12
05-03-2014,4,34,22,21,35,5
09-03-2014,3,12,37,31,9,2
09-03-2014,25,3,6,17,14,27
12-03-2014,36,25,16,31,33,21
12-03-2014,26,27,17,23,28,32
16-03-2014,30,15,1,21,46,17
16-03-2014,15,14,6,45,3,10
19-03-2014,33,10,23,24,12,43
19-03-2014,1,11,43,2,21,5
23-03-2014,11,44,30,5,20,26
23-03-2014,14,37,20,2,32,15
26-03-2014,43,2,28,40,30,13
26-03-2014,39,34,20,32,12,14
30-03-2014,34,18,4,32,36,7
30-03-2014,42,27,41,35,26,9
02-04-2014,29,44,42,27,9,14
02-04-2014,40,22,15,37,34,49
06-04-2014,22,38,1,7,49,15
06-04-2014,4,18,15,41,47,14
09-04-2014,4,10,26,41,42,38
09-04-2014,2,24,37,35,30,15
13-04-2014,18,1,7,14,31,3
13-04-2014,44,37,12,16,45,34
16-04-2014,19,11,40,4,2,44
16-04-2014,5,42,2,31,21,15
20-04-2014,9,38,27,26,42,3
20-04-2014,49,36,42,33,13,39
23-04-2014,48,36,38,23,2,24
23-04-2014,19,22,1,48,18,40
27-04-2014,2,16,42,3,24,38
27-04-2014,17,47,6,13,41,8
30-04-2014,13,34,48,33,35,44
30-04-2014,18,8,2,24,3,20
04-05-2014,47,19,29,23,3,24
04-05-2014,36,13,2,37,7,48
07-05-2014,17,34,23,14,40,48
07-05-2014,43,48,29,45,42,22
11-05-2014,5,11,4,9,35,1
11-05-2014,33,6,25,45,28,16
14-05-2014,3,47,38,5,39,16
14-05-2014,35,38,29,16,23,46
18-05-2014,21,44,10,6,13,32
18-05-2014,15,7,45,4,3,27
21-05-2014,11,48,47,33,17,26
21-05-2014,33,1,27,34,43,31
25-05-2014,33,38,2,8,29,35
25-05-2014,45,22,20,19,44,28
28-05-2014,10,35,17,14,21,9
28-05-2014,16,3,47,46,35,14
01-06-2014,25,3,20,33,2,14
01-06-2014,48,10,40,33,29,22
04-06-2014,17,9,1,21,15,6
04-06-2014,2,44,3,16,27,33
08-06-2014,48,42,7,15,20,9
08-06-2014,29,2,27,15,7,31
11-06-2014,29,12,39,44,42,11
11-06-2014,41,4,3,28,25,34
15-06-2014,11,33,5,32,41,40
15-06-2014,15,48,16,39,3,19
18-06-2014,49,37,36,42,13,16
18-06-2014,4,9,29,42,35,32
22-06-2014,4,17,29,9,5,14
22-06-2014,33,3,21,5,6,46
25-06-2014,19,31,45,46,4,39
25-06-2014,24,39,20,12,17,25
29-06-2014,4,14,15,2,30,31
29-06-2014,33,4,3,41,20,38
02-07-2014,49,23,35,2,5,8
02-07-2014,29,1,30,19,35,12
06-07-2014,5,18,10,13,41,42
06-07-2014,34,14,41,40,35,21
09-07-2014,40,34,9,8,30,2
09-07-2014,34,40,4,33,8,39
13-07-2014,34,15,40,14,36,38
13-07-2014,20,47,48,19,10,13
16-07-2014,2,8,39,14,23,11
16-07-2014,31,3,15,33,41,9
20-07-2014,33,7,29,36,45,27
20-07-2014,19,12,6,24,37,44
23-07-2014,7,29,16,46,33,37
23-07-2014,13,19,46,5,18,31
27-07-2014,13,2,19,41,45,4
27-07-2014,31,41,35,7,21,25
30-07-2014,43,34,45,40,36,31
30-07-2014,46,38,34,47,12,13
03-08-2014,31,33,32,39,22,42
03-08-2014,44,29,46,9,5,33
06-08-2014,36,8,37,1,20,21
06-08-2014,41,26,10,21,40,7
10-08-2014,25,32,18,13,27,40
10-08-2014,17,34,13,2,12,45
13-08-2014,42,28,8,31,48,49
13-08-2014,39,4,9,41,6,19
17-08-2014,9,15,47,33,8,46
17-08-2014,48,42,32,14,29,23
20-08-2014,42,23,44,27,19,3
20-08-2014,25,24,5,27,35,36
24-08-2014,21,36,17,43,35,13
24-08-2014,36,43,28,21,22,10
27-08-2014,29,34,3,40,2,15
27-08-2014,2,15,12,38,45,17
31-08-2014,38,36,49,39,5,6
31-08-2014,18,4,21,29,46,48
03-09-2014,27,30,21,7,14,33
03-09-2014,12,38,47,29,45,17
07-09-2014,3,15,34,4,27,30
07-09-2014,13,49,40,5,8,20
10-09-2014,19,10,9,28,14,33
10-09-2014,10,8,18,30,11,9
14-09-2014,24,45,6,28,14,2
14-09-2014,16,11,47,18,26,31
17-09-2014,47,18,6,45,19,9
17-09-2014,19,43,49,35,23,47
21-09-2014,11,13,37,4,16,2
21-09-2014,48,1,36,28,34,25
24-09-2014,27,13,30,43,7,2
24-09-2014,44,31,37,41,27,9
28-09-2014,39,47,27,31,10,23
28-09-2014,36,12,40,35,22,24
01-10-2014,19,4,40,24,26,29
01-10-2014,43,8,18,13,20,47
05-10-2014,4,6,8,34,19,18
05-10-2014,48,18,24,16,20,5
08-10-2014,30,11,38,5,42,8
08-10-2014,22,21,35,38,31,10
12-10-2014,42,48,14,4,45,19
12-10-2014,14,16,10,49,6,40
15-10-2014,34,44,3,13,8,49
15-10-2014,48,17,2,10,30,16
19-10-2014,24,30,2,28,22,16
19-10-2014,36,10,32,12,42,35
22-10-2014,44,16,33,19,3,49
22-10-2014,33,10,24,49,20,23
26-10-2014,40,4,30,9,6,1
26-10-2014,38,3,20,43,41,44
29-10-2014,22,48,26,18,11,31
29-10-2014,10,35,6,38,20,40
02-11-2014,46,11,20,39,27,25
02-11-2014,31,30,48,21,25,5
05-11-2014,35,13,11,16,7,17
05-11-2014,11,22,10,15,25,27
09-11-2014,1,24,45,43,25,16
09-11-2014,39,29,1,14,35,18
12-11-2014,36,49,32,39,30,19
12-11-2014,31,7,37,4,26,16
16-11-2014,45,17,21,22,39,46
16-11-2014,6,48,43,41,25,27
19-11-2014,13,8,41,10,44,6
19-11-2014,11,29,17,43,15,7
23-11-2014,30,42,46,5,13,49
23-11-2014,49,9,27,25,1,37
26-11-2014,27,2,20,37,28,21
26-11-2014,11,17,49,31,32,38
30-11-2014,30,4,46,33,47,39
30-11-2014,44,19,11,16,31,29
03-12-2014,43,38,41,19,37,6
03-12-2014,33,26,35,16,31,14
07-12-2014,47,45,39,43,44,21
07-12-2014,38,7,35,30,48,14
10-12-2014,29,10,43,2,15,37
10-12-2014,22,34,2,23,12,10
14-12-2014,9,5,6,16,15,46
14-12-2014,17,29,13,7,4,38
17-12-2014,26,4,46,38,15,10
17-12-2014,30,31,39,35,14,24
21-12-2014,42,3,6,14,30,48
21-12-2014,45,12,21,46,42,39
23-12-2014,32,8,31,48,39,5
23-12-2014,17,11,20,35,12,13
28-12-2014,5,42,11,47,27,9
28-12-2014,3,15,10,39,6,17
31-12-2014,16,5,20,41,49,11
31-12-2014,37,28,32,42,49,11
04-01-2015,32,34,29,30,40,10
04-01-2015,20,30,24,3,19,42
07-01-2015,18,30,9,11,28,27
07-01-2015,37,28,17,2,19,48
11-01-2015,20,35,29,2,18,26
11-01-2015,20,2,12,13,49,33
14-01-2015,48,19,47,42,1,9
14-01-2015,32,9,8,43,42,47
18-01-2015,40,11,19,7,26,42
18-01-2015,24,30,39,4,12,37
21-01-2015,39,43,40,32,48,12
21-01-2015,28,34,46,9,15,30
25-01-2015,31,41,42,48,2,15
25-01-2015,42,38,5,33,2,45
28-01-2015,17,32,2,41,14,47
28-01-2015,40,23,30,42,33,8
01-02-2015,6,33,3,21,7,17
01-02-2015,10,7,25,3,5,17
04-02-2015,23,7,14,13,37,27
04-02-2015,44,21,4,47,14,5
08-02-2015,47,22,2,21,48,39
08-02-2015,45,31,20,49,15,12
11-02-2015,36,23,8,15,22,30
11-02-2015,3,13,21,38,17,42
15-02-2015,20,34,36,3,4,5
15-02-2015,1,39,18,23,46,14
18-02-2015,17,20,24,10,6,44
18-02-2015,8,21,46,28,47,32
22-02-2015,34,12,15,49,8,23
22-02-2015,30,23,29,19,12,47
25-02-2015,47,25,41,12,36,26
25-02-2015,19,35,18,48,43,37
01-03-2015,4,39,21,11,40,2
01-03-2015,17,26,11,19,34,10
04-03-2015,9,29,27,36,7,38
04-03-2015,23,8,31,10,5,35
08-03-2015,42,3,39,16,27,6
08-03-2015,16,45,11,10,18,17
11-03-2015,49,2,27,44,13,24
11-03-2015,16,30,17,9,27,14
15-03-2015,46,38,35,12,48,22
15-03-2015,6,26,14,24,34,36
18-03-2015,39,37,3,35,49,6
18-03-2015,37,28,12,20,24,2
22-03-2015,12,39,18,29,35,31
22-03-2015,39,18,36,38,2,12
25-03-2015,41,13,26,15,16,7
25-03-2015,28,33,19,41,20,14
29-03-2015,4,8,42,25,37,9
29-03-2015,47,1,25,41,18,32
01-04-2015,3,1,41,46,19,15
01-04-2015,1,21,48,12,2,32
05-04-2015,9,49,26,45,10,20
05-04-2015,46,21,1,6,32,3
08-04-2015,1,18,12,39,21,35
08-04-2015,19,7,17,44,12,42
12-04-2015,17,39,46,7,28,43
12-04-2015,31,22,7,1,48,43
15-04-2015,10,42,27,17,35,40
15-04-2015,8,30,26,23,40,43
19-04-2015,7,22,5,47,25,21
19-04-2015,16,39,12,37,3,17
22-04-2015,24,18,49,45,14,22
22-04-2015,20,25,16,17,43,6
26-04-2015,27,48,44,42,33,24
26-04-2015,23,40,13,20,4,38
29-04-2015,44,22,23,46,14,2
29-04-2015,35,45,10,20,39,11
03-05-2015,7,38,25,16,29,45
03-05-2015,29,28,6,18,4,26
06-05-2015,44,25,41,21,32,8
06-05-2015,43,5,19,36,45,8
10-05-2015,44,27,6,47,48,37
10-05-2015,18,44,37,12,14,9
13-05-2015,23,37,35,22,15,42
13-05-2015,32,19,17,18,26,40
17-05-2015,12,14,1,47,32,13
17-05-2015,18,45,16,28,6,47
20-05-2015,13,30,7,10,45,9
20-05-2015,24,23,26,15,18,48
24-05-2015,21,20,14,45,49,12
24-05-2015,16,47,6,36,46,13
27-05-2015,31,44,25,45,14,5
27-05-2015,2,1,41,19,18,16
31-05-2015,29,17,5,45,24,23
31-05-2015,16,4,1,17,43,20
03-06-2015,38,30,16,4,8,26
03-06-2015,6,46,19,7,40,44
07-06-2015,48,34,4,40,26,31
07-06-2015,27,45,3,13,34,44
10-06-2015,38,19,34,14,10,40
10-06-2015,32,15,13,36,24,3
14-06-2015,9,19,4,20,10,15
14-06-2015,19,47,46,6,13,42
17-06-2015,6,39,47,42,12,21
17-06-2015,9,43,39,7,44,30
21-06-2015,1,36,42,35,39,48
21-06-2015,45,49,36,27,2,7
24-06-2015,11,35,9,5,24,28
24-06-2015,13,49,47,2,31,33
28-06-2015,20,14,17,19,4,43
28-06-2015,27,33,13,18,8,43
01-07-2015,37,34,32,20,40,8
01-07-2015,43,8,9,12,22,4
05-07-2015,3,5,26,13,12,35
05-07-2015,13,24,35,43,36,44
08-07-2015,24,8,37,20,34,39
08-07-2015,34,14,23,41,33,48
12-07-2015,30,26,33,25,19,6
12-07-2015,15,48,14,38,36,25
15-07-2015,8,4,46,25,7,12
15-07-2015,6,22,45,4,20,8
19-07-2015,16,23,13,8,43,27
19-07-2015,47,3,17,26,38,16
22-07-2015,14,37,6,28,3,10
22-07-2015,5,6,21,2,45,34
26-07-2015,11,42,38,7,37,15
26-07-2015,31,18,1,28,44,6
29-07-2015,13,37,34,18,47,36
29-07-2015,21,43,34,5,31,36
02-08-2015,39,19,26,11,20,18
02-08-2015,18,14,41,27,7,31
05-08-2015,49,18,45,7,24,20
05-08-2015,12,10,45,26,9,38
09-08-2015,1,9,28,36,37,30
09-08-2015,40,14,18,3,38,26
12-08-2015,46,21,45,2,24,49
12-08-2015,37,2,34,13,28,21
16-08-2015,21,3,20,33,11,22
16-08-2015,27,29,17,4,28,49
19-08-2015,19,26,11,21,27,38
19-08-2015,23,22,18,25,40,7
23-08-2015,2,14,3,27,46,41
23-08-2015,14,4,28,1,34,5
26-08-2015,18,37,24,15,10,32
26-08-2015,31,11,29,42,33,39
30-08-2015,5,4,14,23,12,17
30-08-2015,22,47,19,33,42,1
02-09-2015,13,47,20,30,36,7
02-09-2015,48,27,15,20,26,37
06-09-2015,22,2,11,14,49,34
06-09-2015,10,13,36,14,3,5
09-09-2015,38,30,27,32,8,43
09-09-2015,3,46,49,14,11,24
13-09-2015,21,32,1,14,12,6
13-09-2015,16,25,14,22,34,46
16-09-2015,18,19,43,24,32,27
16-09-2015,5,14,22,45,38,15
20-09-2015,15,1,27,47,28,49
20-09-2015,32,17,31,24,8,38
23-09-2015,29,34,46,12,47,33
23-09-2015,35,20,23,38,41,2
27-09-2015,16,36,9,38,26,47
27-09-2015,33,30,27,35,10,25
30-09-2015,20,4,42,30,40,9
30-09-2015,8,48,35,20,18,33
04-10-2015,17,21,25,15,49,37
04-10-2015,17,24,5,30,46,41
07-10-2015,9,40,49,12,13,23
07-10-2015,37,26,14,31,12,24
11-10-2015,33,9,28,25,42,35
11-10-2015,32,48,17,11,46,34
14-10-2015,43,11,5,45,35,29
14-10-2015,3,10,17,28,41,26
18-10-2015,41,24,8,36,3,29
18-10-2015,13,1,22,42,24,9
21-10-2015,10,42,23,19,35,7
21-10-2015,22,5,7,47,37,43
25-10-2015,39,49,6,10,29,27
25-10-2015,28,36,33,5,39,15
28-10-2015,7,47,42,4,45,8
28-10-2015,48,10,1,30,31,3
01-11-2015,17,48,8,16,19,36
01-11-2015,3,30,10,42,5,19
04-11-2015,17,12,22,47,48,6
04-11-2015,5,21,43,46,25,24
08-11-2015,8,29,15,25,49,16
08-11-2015,11,2,17,31,5,28
11-11-2015,22,25,39,21,24,26
11-11-2015,30,39,38,33,49,40
15-11-2015,25,10,11,40,33,36
15-11-2015,13,3,36,21,23,22
18-11-2015,21,46,38,41,4,18
18-11-2015,29,32,25,11,17,14
22-11-2015,11,10,39,21,3,2
22-11-2015,14,42,3,38,2,37
25-11-2015,14,36,38,33,49,16
25-11-2015,45,1,41,44,14,43
29-11-2015,38,44,4,43,29,8
29-11-2015,12,35,40,14,30,25
02-12-2015,18,27,28,8,29,30
02-12-2015,44,17,38,32,22,4
06-12-2015,45,40,25,47,10,13
06-12-2015,25,36,28,39,16,4
09-12-2015,21,16,49,31,43,30
09-12-2015,26,24,33,47,35,44
13-12-2015,25,1,3,7,40,46
13-12-2015,31,26,49,25,24,14
16-12-2015,43,40,44,4,25,2
16-12-2015,19,33,16,46,31,15
20-12-2015,13,31,24,45,25,27
20-12-2015,19,5,29,23,12,28
23-12-2015,17,5,21,9,26,28
23-12-2015,24,47,8,11,44,19
27-12-2015,15,19,16,7,4,13
27-12-2015,43,7,24,6,35,49
30-12-2015,19,21,24,45,41,13
30-12-2015,48,7,28,30,4,16
03-01-2016,19,22,13,7,46,17
03-01-2016,38,42,33,41,37,14
06-01-2016,11,24,48,5,29,6
06-01-2016,3,37,12,49,30,45
10-01-2016,41,40,10,9,8,27
10-01-2016,18,6,37,16,42,2
13-01-2016,5,33,1,32,4,23
13-01-2016,47,16,36,30,43,6
17-01-2016,37,2,20,28,35,12
17-01-2016,9,11,24,25,7,47
20-01-2016,20,2,46,28,45,31
20-01-2016,12,6,9,40,49,22
24-01-2016,32,22,47,10,7,23
24-01-2016,12,24,47,16,34,26
27-01-2016,9,49,20,24,22,3
27-01-2016,40,35,24,11,49,45
31-01-2016,35,33,31,39,11,7
31-01-2016,35,42,23,15,33,8
03-02-2016,36,18,31,9,10,34
03-02-2016,8,31,11,45,15,40
07-02-2016,39,46,31,30,32,17
07-02-2016,8,13,42,49,30,47
10-02-2016,6,3,46,23,15,41
10-02-2016,26,14,4,29,37,31
14-02-2016,20,23,3,12,38,26
14-02-2016,19,32,49,24,17,9
17-02-2016,33,28,27,21,23,42
17-02-2016,48,43,15,3,26,44
21-02-2016,21,8,39,44,41,14
21-02-2016,31,12,16,46,1,41
24-02-2016,47,20,35,30,17,2
24-02-2016,46,33,12,17,1,28
28-02-2016,37,16,38,39,18,15
28-02-2016,37,3,7,39,6,43
02-03-2016,16,1,47,41,31,13
02-03-2016,15,40,33,38,27,44
06-03-2016,43,30,47,2,3,23
06-03-2016,39,27,22,37,41,49
09-03-2016,38,48,32,33,47,36
09-03-2016,15,39,21,28,48,44
13-03-2016,22,11,2,36,41,48
13-03-2016,13,49,3,23,48,9
16-03-2016,21,1,6,14,15,32
16-03-2016,18,31,26,41,23,27
20-03-2016,37,48,29,41,34,17
20-03-2016,30,9,26,31,40,5
23-03-2016,27,10,1,15,11,16
23-03-2016,35,16,38,34,23,17
27-03-2016,47,8,32,31,15,10
27-03-2016,12,33,37,1,49,3
30-03-2016,17,46,18,44,6,14
30-03-2016,23,6,49,39,22,44
03-04-2016,4,2,40,31,20,1
03-04-2016,18,27,10,38,20,1
06-04-2016,13,44,7,36,49,46
06-04-2016,36,31,29,26,28,39
10-04-2016,42,21,19,17,37,9
10-04-2016,5,3,9,44,12,34
13-04-2016,26,6,25,9,8,49
13-04-2016,22,6,28,25,21,3
17-04-2016,49,4,36,37,10,8
17-04-2016,46,43,20,38,15,40
20-04-2016,11,21,39,36,31,29
20-04-2016,12,9,30,49,25,7
24-04-2016,22,13,14,29,34,9
24-04-2016,29,7,40,21,49,23
27-04-2016,27,18,46,38,33,4
27-04-2016,25,1,2,30,12,44
01-05-2016,38,5,42,9,29,15
01-05-2016,8,29,22,20,3,35
04-05-2016,2,36,30,44,15,14
04-05-2016,5,46,34,24,9,8
08-05-2016,28,20,17,6,45,42
08-05-2016,9,26,2,24,22,39
11-05-2016,3,8,10,9,36,11
11-05-2016,24,1,42,35,48,4
15-05-2016,17,6,48,37,47,39
15-05-2016,28,36,25,38,40,46
18-05-2016,12,23,2,44,24,7
18-05-2016,16,22,39,5,25,12
22-05-2016,38,33,3,30,48,2
22-05-2016,34,14,45,9,10,31
25-05-2016,41,26,29,40,33,37
25-05-2016,16,31,43,40,13,38
29-05-2016,44,42,35,49,40,1
29-05-2016,5,26,22,46,6,49
01-06-2016,38,4,7,28,32,49
01-06-2016,26,30,29,41,45,34
05-06-2016,16,10,13,15,2,43
05-06-2016,24,32,13,31,40,41
08-06-2016,12,11,20,34,44,43
08-06-2016,36,25,18,49,48,19
12-06-2016,4,8,37,21,18,11
12-06-2016,6,49,27,39,5,36
15-06-2016,48,43,9,37,6,34
15-06-2016,38,35,18,4,3,41
19-06-2016,12,13,16,40,27,5
19-06-2016,28,45,39,10,38,49
22-06-2016,29,22,19,41,43,33
22-06-2016,22,28,3,40,13,6
26-06-2016,34,26,9,37,46,17
26-06-2016,46,7,17,44,2,25
29-06-2016,10,25,18,37,6,11
29-06-2016,6,16,2,32,7,35
03-07-2016,48,19,45,35,30,6
03-07-2016,35,17,3,7,40,45
06-07-2016,49,6,3,47,26,4
06-07-2016,9,37,41,34,36,27
10-07-2016,13,2,19,14,34,38
10-07-2016,25,4,24,26,42,20
13-07-2016,13,28,5,43,27,39
13-07-2016,30,13,35,5,29,4
17-07-2016,5,41,6,39,20,4
17-07-2016,17,38,23,37,41,5
20-07-2016,43,49,17,3,14,24
20-07-2016,41,34,48,18,2,5
24-07-2016,39,36,20,14,27,49
24-07-2016,20,13,5,38,3,1
27-07-2016,24,17,1,35,44,30
27-07-2016,7,34,42,11,41,48
31-07-2016,33,6,42,21,22,20
31-07-2016,25,2,17,9,3,19
03-08-2016,42,30,39,40,18,29
03-08-2016,8,11,1,22,42,20
07-08-2016,8,30,18,34,32,17
07-08-2016,48,21,17,42,38,19
10-08-2016,43,46,22,20,14,12
10-08-2016,48,29,44,15,33,46
14-08-2016,49,48,33,21,40,16
14-08-2016,8,13,2,33,9,38
17-08-2016,3,31,7,22,48,24
17-08-2016,22,6,25,27,28,37
21-08-2016,44,26,43,45,31,19
21-08-2016,32,34,17,16,43,10
24-08-2016,29,40,8,42,24,27
24-08-2016,23,24,49,42,27,40
28-08-2016,30,31,48,18,46,14
28-08-2016,18,17,26,39,6,15
31-08-2016,2,34,41,36,18,32
31-08-2016,12,37,48,3,38,42
04-09-2016,24,19,30,22,20,3
04-09-2016,48,33,45,39,2,5
07-09-2016,20,4,11,5,26,14
07-09-2016,19,45,48,36,28,6
11-09-2016,35,14,28,48,7,24
11-09-2016,23,6,20,47,24,28
14-09-2016,15,16,3,39,23,20
14-09-2016,47,3,5,18,45,46
18-09-2016,23,36,20,11,30,43
18-09-2016,23,44,34,10,15,28
21-09-2016,10,34,49,46,19,31
21-09-2016,11,8,6,2,29,19
25-09-2016,36,45,13,39,31,1
25-09-2016,6,33,3,28,2,12
28-09-2016,31,1,44,36,41,38
28-09-2016,43,46,34,29,5,38
02-10-2016,11,33,6,36,19,13
02-10-2016,1,36,34,5,6,8
05-10-2016,40,33,44,30,6,48
05-10-2016,7,3,45,42,1,23
09-10-2016,30,17,2,42,28,43
09-10-2016,32,14,15,8,31,26
12-10-2016,1,24,18,14,3,44
12-10-2016,11,35,32,10,5,43
16-10-2016,17,4,2,8,48,1
16-10-2016,15,26,43,38,11,39
19-10-2016,40,43,36,39,37,29
19-10-2016,18,25,28,34,20,10
23-10-2016,22,26,39,31,42,1
23-10-2016,30,37,46,44,21,5
26-10-2016,1,29,19,47,3,49
26-10-2016,23,36,26,25,35,31
30-10-2016,41,11,36,9,15,12
30-10-2016,33,13,40,22,39,16
02-11-2016,46,49,10,47,37,40
02-11-2016,19,40,47,6,49,35
06-11-2016,29,4,32,8,46,28
06-11-2016,19,12,35,23,5,18
09-11-2016,1,2,22,27,15,3
09-11-2016,29,16,17,1,35,5
13-11-2016,6,11,23,5,15,31
13-11-2016,2,15,9,10,48,21
16-11-2016,28,37,26,30,41,20
16-11-2016,49,15,46,18,26,20
20-11-2016,20,35,47,7,25,23
20-11-2016,28,32,18,26,42,25
23-11-2016,42,49,2,21,28,24
23-11-2016,20,37,17,1,8,16
27-11-2016,27,35,28,48,32,24
27-11-2016,43,44,38,21,42,1
30-11-2016,24,14,15,36,20,49
30-11-2016,7,45,17,11,21,13
04-12-2016,18,48,41,6,44,37
04-12-2016,47,25,24,11,29,44
07-12-2016,34,2,30,35,9,12
07-12-2016,9,44,11,37,6,22
11-12-2016,18,20,12,19,14,26
11-12-2016,48,41,33,15,16,7
14-12-2016,17,42,16,27,6,46
14-12-2016,13,43,4,16,10,33
18-12-2016,8,41,45,47,10,40
18-12-2016,9,18,1,6,41,36
21-12-2016,19,9,6,37,27,30
21-12-2016,13,31,21,42,44,37
26-12-2016,5,36,25,19,9,15
26-12-2016,4,23,47,46,18,17
28-12-2016,13,23,45,20,12,11
28-12-2016,9,45,37,12,20,36
01-01-2017,5,16,19,48,40,31
01-01-2017,2,20,34,35,4,44
04-01-2017,45,47,15,35,30,42
04-01-2017,48,22,9,43,44,16
08-01-2017,31,42,48,7,46,25
08-01-2017,36,14,44,15,35,45
11-01-2017,19,49,33,21,30,32
11-01-2017,41,22,43,34,14,17
15-01-2017,35,26,44,38,7,28
15-01-2017,7,3,24,39,22,5
18-01-2017,47,27,32,22,48,36
18-01-2017,24,28,30,32,38,33
22-01-2017,22,9,26,25,41,12
22-01-2017,42,7,45,16,24,5
25-01-2017,33,10,42,23,9,24
25-01-2017,5,40,44,17,35,41
29-01-2017,21,46,45,10,32,43
29-01-2017,49,23,8,37,41,13
01-02-2017,37,13,22,28,48,46
01-02-2017,34,16,13,38,40,28
05-02-2017,5,45,23,47,12,3
05-02-2017,5,4,39,33,32,18
08-02-2017,20,23,2,46,10,44
08-02-2017,16,39,7,49,21,36
12-02-2017,46,29,20,48,7,4
12-02-2017,44,5,32,24,40,49
15-02-2017,7,36,39,44,26,5
15-02-2017,38,32,35,36,16,12
19-02-2017,45,30,36,33,26,22
19-02-2017,20,39,9,4,29,7
22-02-2017,22,39,41,1,5,32
22-02-2017,11,4,21,29,7,22
26-02-2017,25,44,40,3,47,15
26-02-2017,14,38,44,37,16,29
01-03-2017,48,6,32,24,17,8
01-03-2017,36,33,17,1,6,21
05-03-2017,4,25,46,19,32,35
05-03-2017,30,19,17,40,3,8
08-03-2017,2,26,17,12,28,39
08-03-2017,21,19,24,25,16,26
12-03-2017,37,4,40,8,13,46
12-03-2017,24,46,21,41,19,44
15-03-2017,36,5,35,32,15,39
15-03-2017,9,1,13,49,17,38
19-03-2017,48,42,40,44,4,31
19-03-2017,19,12,13,5,49,39
22-03-2017,16,15,33,22,45,49
22-03-2017,33,23,41,28,43,24
26-03-2017,9,22,15,23,44,17
26-03-2017,31,35,5,12,37,29
29-03-2017,27,30,41,31,38,48
29-03-2017,45,19,31,2,39,29
02-04-2017,13,47,44,25,22,26
02-04-2017,24,38,4,44,33,10
05-04-2017,9,40,11,46,3,29
05-04-2017,23,9,44,38,34,3
09-04-2017,31,46,38,18,12,1
09-04-2017,43,11,45,7,8,6
12-04-2017,37,21,10,2,20,9
12-04-2017,49,39,25,30,33,9
16-04-2017,47,24,42,35,30,29
16-04-2017,26,46,33,48,4,31
19-04-2017,38,24,20,27,36,9
19-04-2017,8,17,14,48,4,25
23-04-2017,27,23,33,6,7,35
23-04-2017,34,4,49,39,32,37
26-04-2017,8,38,47,32,14,18
26-04-2017,38,22,41,30,39,31
30-04-2017,8,17,32,12,43,24
30-04-2017,8,48,3,38,9,30
03-05-2017,16,45,18,28,47,26
03-05-2017,12,4,46,2,16,1
07-05-2017,49,1,7,17,9,16
07-05-2017,3,7,28,8,10,13
10-05-2017,14,34,12,33,39,3
10-05-2017,40,47,12,9,43,2
14-05-2017,36,24,29,2,23,28
14-05-2017,1,37,34,7,41,21
17-05-2017,41,24,28,14,8,1
17-05-2017,21,42,33,41,9,13
21-05-2017,17,21,38,4,12,47
21-05-2017,18,17,22,2,42,43
24-05-2017,3,33,35,16,38,37
24-05-2017,45,27,48,26,10,20
28-05-2017,45,28,43,5,48,9
28-05-2017,49,14,47,30,41,34
31-05-2017,29,31,8,3,30,2
31-05-2017,7,14,12,11,41,19
04-06-2017,33,37,14,21,29,15
04-06-2017,46,16,5,49,26,24
07-06-2017,14,31,23,26,10,25
07-06-2017,47,43,30,49,46,33
11-06-2017,19,33,3,37,21,48
11-06-2017,17,40,41,4,16,15
14-06-2017,14,26,3,6,11,29
14-06-2017,26,34,16,32,36,41
18-06-2017,33,16,28,34,31,38
18-06-2017,24,16,32,14,30,40
21-06-2017,3,42,23,12,24,38
21-06-2017,2,43,32,36,16,46
25-06-2017,40,20,31,19,17,10
25-06-2017,9,5,38,6,34,39
28-06-2017,43,6,42,26,40,5
28-06-2017,30,34,11,18,24,37
02-07-2017,37,27,5,46,10,13
02-07-2017,9,30,31,43,37,46
05-07-2017,33,48,14,22,24,42
05-07-2017,48,46,8,27,43,2
09-07-2017,41,31,25,33,37,34
09-07-2017,39,38,10,44,40,16
12-07-2017,32,7,14,37,18,11
12-07-2017,25,20,35,12,31,26
16-07-2017,33,42,20,49,35,43
16-07-2017,22,26,3,44,30,34
19-07-2017,16,49,34,25,8,28
19-07-2017,49,21,22,30,44,37
23-07-2017,21,20,25,1,17,4
23-07-2017,31,17,24,29,47,32
26-07-2017,2,9,39,11,23,13
26-07-2017,13,37,17,9,28,36
30-07-2017,40,12,41,9,38,28
30-07-2017,14,28,2,44,18,20
02-08-2017,18,39,10,32,31,2
02-08-2017,46,5,49,39,30,44
06-08-2017,45,44,1,39,6,41
06-08-2017,31,19,49,34,4,26
09-08-2017,16,32,22,1,39,17
09-08-2017,15,41,3,14,36,2
13-08-2017,38,14,7,34,15,6
13-08-2017,45,20,21,25,49,22
16-08-2017,19,31,18,13,26,16
16-08-2017,29,33,38,28,13,18
20-08-2017,15,38,4,22,19,6
20-08-2017,10,41,16,19,22,5
23-08-2017,32,35,26,14,17,4
23-08-2017,26,3,16,37,20,2
27-08-2017,2,28,43,27,23,26
27-08-2017,5,7,43,33,6,42
30-08-2017,32,46,21,25,7,48
30-08-2017,12,22,46,31,30,36
03-09-2017,46,14,43,40,45,10
03-09-2017,30,20,41,3,31,33
06-09-2017,11,16,31,32,34,14
06-09-2017,19,13,46,11,20,43
10-09-2017,41,44,46,34,30,10
10-09-2017,24,8,30,14,9,49
13-09-2017,44,48,35,13,46,43
13-09-2017,26,36,14,27,4,22
17-09-2017,43,30,32,23,24,45
17-09-2017,9,31,8,47,14,11
20-09-2017,17,8,44,16,11,1
20-09-2017,21,1,8,33,10,28
24-09-2017,2,24,44,21,30,48
24-09-2017,19,44,49,8,10,28
27-09-2017,8,10,48,13,16,38
27-09-2017,32,3,21,16,41,4
01-10-2017,39,47,43,9,17,5
01-10-2017,33,24,36,18,3,22
04-10-2017,43,39,47,22,36,11
04-10-2017,38,15,9,2,26,43
08-10-2017,31,23,27,30,20,42
08-10-2017,15,45,42,5,37,1
11-10-2017,47,2,5,24,9,26
11-10-2017,43,38,3,24,15,37
15-10-2017,47,31,11,22,37,49
15-10-2017,16,1,27,9,18,31
18-10-2017,38,2,37,22,15,1
18-10-2017,7,29,48,40,21,4
22-10-2017,24,8,27,18,48,17
22-10-2017,27,16,6,45,5,2
25-10-2017,9,32,18,39,6,33
25-10-2017,38,28,20,36,7,5
29-10-2017,40,27,41,15,29,35
29-10-2017,40,18,20,42,22,47
01-11-2017,23,44,35,19,40,41
01-11-2017,22,48,18,10,19,38
05-11-2017,4,37,11,31,36,10
05-11-2017,7,24,43,27,42,30
08-11-2017,29,24,27,1,10,6
08-11-2017,29,47,2,21,15,24
12-11-2017,25,18,10,34,24,9
12-11-2017,3,6,16,49,20,7
15-11-2017,15,39,42,19,28,17
15-11-2017,25,7,49,32,18,39
19-11-2017,48,17,7,45,43,8
19-11-2017,17,32,24,47,35,22
22-11-2017,39,12,47,5,11,9
22-11-2017,43,41,20,25,12,49
26-11-2017,33,1,5,2,12,27
26-11-2017,31,32,12,19,28,25
29-11-2017,5,10,12,30,18,23
29-11-2017,41,21,26,11,46,22
03-12-2017,30,9,1,26,3,48
03-12-2017,23,44,31,9,36,12
06-12-2017,5,29,28,7,6,47
06-12-2017,17,38,2,22,8,48
10-12-2017,20,13,2,10,1,40
10-12-2017,18,36,2,7,40,12
13-12-2017,18,11,43,22,25,48
13-12-2017,34,18,7,21,32,45
17-12-2017,20,18,14,11,30,10
17-12-2017,21,4,20,27,26,44
20-12-2017,37,10,21,18,42,15
20-12-2017,21,1,12,23,20,28
23-12-2017,38,47,39,25,43,32
23-12-2017,3,21,49,44,17,12
27-12-2017,20,19,6,37,14,5
27-12-2017,41,36,39,49,31,8
31-12-2017,12,4,30,3,36,16
31-12-2017,6,48,8,4,35,44
03-01-2018,48,41,17,16,23,18
03-01-2018,28,23,6,15,22,38
07-01-2018,22,26,1,23,34,2
07-01-2018,21,27,49,22,18,35
10-01-2018,15,10,4,32,6,29
10-01-2018,26,13,30,15,43,2
14-01-2018,47,2,17,25,3,12
14-01-2018,3,23,17,21,4,12
17-01-2018,14,46,44,32,9,41
17-01-2018,30,49,8,19,17,43
21-01-2018,38,47,42,7,30,33
21-01-2018,49,15,40,6,29,22
24-01-2018,39,11,38,4,48,13
24-01-2018,17,20,10,19,49,33
28-01-2018,17,39,35,31,24,27
28-01-2018,46,9,27,1,17,4
31-01-2018,11,46,34,44,23,13
31-01-2018,11,15,25,1,24,5
04-02-2018,15,1,42,34,18,45
04-02-2018,38,6,1,11,9,45
07-02-2018,2,1,48,11,12,39
07-02-2018,23,41,9,38,8,28
11-02-2018,22,30,44,21,19,42
11-02-2018,20,28,21,31,2,32
14-02-2018,45,8,3,30,35,19
14-02-2018,27,23,29,40,46,6
18-02-2018,26,45,43,39,42,36
18-02-2018,18,31,45,17,20,28
21-02-2018,22,10,29,6,41,33
21-02-2018,17,27,16,26,22,42
25-02-2018,30,39,7,45,14,6
25-02-2018,39,41,22,8,28,3
28-02-2018,38,42,44,8,41,34
28-02-2018,17,5,21,43,22,26
04-03-2018,26,44,27,43,45,3
04-03-2018,30,23,21,11,26,35
07-03-2018,20,43,45,30,1,13
07-03-2018,41,20,1,44,10,31
11-03-2018,42,33,35,11,44,38
11-03-2018,37,3,5,16,48,44
14-03-2018,6,36,16,45,27,1
14-03-2018,2,29,35,44,37,41
18-03-2018,49,26,24,48,36,23
18-03-2018,12,38,27,26,24,47
21-03-2018,49,2,12,43,32,19
21-03-2018,36,34,7,13,32,30
25-03-2018,13,9,42,22,23,38
25-03-2018,30,8,34,37,49,13
28-03-2018,7,39,45,17,31,3
28-03-2018,1,31,9,17,23,37
01-04-2018,19,20,42,8,26,7
01-04-2018,21,45,33,36,46,30
04-04-2018,48,26,29,24,22,19
04-04-2018,20,44,1,8,39,15
08-04-2018,30,35,47,39,15,14
08-04-2018,2,3,37,46,40,5
11-04-2018,10,29,3,8,49,25
11-04-2018,36,37,28,15,22,1
15-04-2018,33,1,12,43,29,45
15-04-2018,30,15,49,14,16,12
18-04-2018,26,11,42,6,37,18
18-04-2018,18,28,26,31,32,7
22-04-2018,16,6,35,13,4,33
22-04-2018,38,24,9,7,20,48
25-04-2018,25,23,19,17,12,31
25-04-2018,3,36,17,7,47,5
29-04-2018,19,46,27,40,38,10
29-04-2018,48,12,13,4,40,31
02-05-2018,46,10,37,23,28,38
02-05-2018,37,39,49,5,17,40
06-05-2018,38,10,1,23,2,18
06-05-2018,7,36,45,18,47,20
09-05-2018,9,47,20,19,37,22
09-05-2018,26,15,32,39,48,4
13-05-2018,43,25,12,33,27,18
13-05-2018,48,43,15,19,46,29
16-05-2018,19,13,5,36,46,29
16-05-2018,2,45,28,4,22,36
20-05-2018,34,30,11,43,7,49
20-05-2018,24,43,4,44,10,41
23-05-2018,6,14,39,13,12,35
23-05-2018,36,7,35,3,2,28
27-05-2018,41,5,7,16,39,35
27-05-2018,24,8,43,36,17,21
30-05-2018,48,27,26,8,39,47
30-05-2018,33,21,23,44,45,35
03-06-2018,4,16,30,24,21,20
03-06-2018,1,30,10,44,40,23
06-06-2018,46,7,15,24,44,20
06-06-2018,21,12,13,32,43,26
10-06-2018,12,19,43,36,44,21
10-06-2018,10,31,45,35,40,43
13-06-2018,42,17,4,18,28,34
13-06-2018,36,6,32,46,19,5
17-06-2018,3,18,27,11,39,4
17-06-2018,36,31,28,47,29,6
20-06-2018,36,42,46,40,34,7
20-06-2018,23,14,41,8,13,2
24-06-2018,20,21,22,27,13,33
24-06-2018,20,45,7,3,34,10
27-06-2018,47,20,13,37,4,9
27-06-2018,8,35,31,24,13,7
01-07-2018,20,3,35,9,6,27
01-07-2018,28,32,39,45,22,42
04-07-2018,43,30,36,22,31,24
04-07-2018,37,13,46,12,19,38
08-07-2018,30,44,29,21,6,17
08-07-2018,34,9,32,7,26,24
11-07-2018,9,21,13,2,7,34
11-07-2018,31,13,48,23,38,9
15-07-2018,7,22,42,20,31,36
15-07-2018,39,8,32,37,30,10
18-07-2018,38,26,11,2,13,46
18-07-2018,4,26,33,27,24,18
22-07-2018,18,39,38,44,10,25
22-07-2018,25,10,30,7,16,20
25-07-2018,11,18,16,2,8,38
25-07-2018,49,40,48,44,29,47
29-07-2018,23,34,22,15,26,9
29-07-2018,40,43,12,34,4,24
01-08-2018,10,19,23,40,44,34
01-08-2018,14,7,9,32,42,13
05-08-2018,20,7,10,36,43,34
05-08-2018,14,17,10,6,24,32
08-08-2018,12,34,14,21,11,26
08-08-2018,40,46,19,5,39,35
12-08-2018,4,49,46,12,35,23
12-08-2018,29,5,7,27,22,23
15-08-2018,34,37,16,48,11,42
15-08-2018,32,40,22,33,39,7
19-08-2018,45,32,48,18,28,20
19-08-2018,40,6,28,4,10,23
22-08-2018,33,23,11,22,41,5
22-08-2018,10,49,48,24,31,47
26-08-2018,43,18,38,44,41,20
26-08-2018,47,30,19,18,48,49
29-08-2018,35,14,42,18,26,43
29-08-2018,37,44,15,25,13,36
02-09-2018,26,11,34,13,23,25
02-09-2018,47,6,37,48,2,18
05-09-2018,42,31,26,17,23,1
05-09-2018,38,11,27,32,49,3
09-09-2018,3,45,34,24,48,38
09-09-2018,16,23,38,34,31,7
12-09-2018,10,30,2,25,5,35
12-09-2018,1,25,20,31,11,21
16-09-2018,5,6,22,1,41,23
16-09-2018,25,15,29,21,42,1
19-09-2018,20,5,21,24,47,12
19-09-2018,23,33,9,43,3,34
23-09-2018,4,44,12,32,20,33
23-09-2018,19,16,36,43,26,24
26-09-2018,12,31,17,44,39,26
26-09-2018,13,29,33,38,34,4
30-09-2018,21,33,3,19,7,46
30-09-2018,46,12,23,11,19,30
03-10-2018,29,27,1,34,18,6
03-10-2018,5,6,25,9,32,24
07-10-2018,8,26,20,35,36,43
07-10-2018,40,3,31,18,21,16
10-10-2018,15,42,16,35,41,38
10-10-2018,36,5,25,12,49,29
14-10-2018,20,11,16,32,37,49
14-10-2018,18,44,48,13,7,33
17-10-2018,28,38,37,41,32,4
17-10-2018,4,24,1,30,18,49
21-10-2018,25,12,37,35,29,19
21-10-2018,16,2,28,15,46,20
24-10-2018,42,23,34,4,46,12
24-10-2018,31,40,29,22,36,46
28-10-2018,25,47,28,49,43,37
28-10-2018,21,25,16,3,20,12
31-10-2018,31,26,15,36,18,21
31-10-2018,32,43,26,42,14,39
04-11-2018,10,1,43,45,16,38
04-11-2018,38,2,34,49,20,8
07-11-2018,22,11,46,19,2,33
07-11-2018,3,11,21,14,41,9
11-11-2018,7,46,6,13,42,43
11-11-2018,21,18,15,30,44,48
14-11-2018,6,46,39,32,45,34
14-11-2018,16,44,1,37,5,24
18-11-2018,29,40,32,21,48,44
18-11-2018,25,2,35,19,6,37
21-11-2018,2,10,19,31,22,28
21-11-2018,18,15,16,46,20,21
25-11-2018,24,40,13,17,2,37
25-11-2018,21,33,44,4,5,24
28-11-2018,20,37,45,35,29,44
28-11-2018,1,33,34,46,23,9
02-12-2018,27,43,4,39,14,38
02-12-2018,3,32,14,6,37,23
05-12-2018,36,44,14,24,32,26
05-12-2018,46,7,9,42,12,44
09-12-2018,45,30,41,20,48,33
09-12-2018,36,29,32,39,44,48
12-12-2018,1,12,39,2,41,15
12-12-2018,19,36,8,6,20,23
16-12-2018,15,31,30,14,49,8
16-12-2018,38,6,30,42,15,22
19-12-2018,46,18,31,20,13,41
19-12-2018,27,15,30,47,25,4
23-12-2018,25,34,42,2,5,38
23-12-2018,16,2,24,33,43,5
26-12-2018,4,19,24,11,36,34
26-12-2018,29,40,19,41,35,32
30-12-2018,36,4,18,32,40,34
30-12-2018,5,16,35,36,32,29
02-01-2019,2,17,8,5,47,43
02-01-2019,37,26,47,4,1,39
06-01-2019,18,29,41,22,7,28
06-01-2019,41,11,49,27,15,1
09-01-2019,41,38,44,10,27,37
09-01-2019,15,29,3,49,28,36
13-01-2019,8,24,39,19,7,40
13-01-2019,49,35,16,22,24,41
16-01-2019,36,48,32,11,18,9
16-01-2019,47,28,10,7,48,1
20-01-2019,38,44,27,16,33,47
20-01-2019,38,36,1,21,17,46
23-01-2019,2,21,39,47,36,45
23-01-2019,16,5,37,44,20,31
27-01-2019,6,17,47,42,40,15
27-01-2019,29,34,8,28,35,49
30-01-2019,19,2,16,12,40,14
30-01-2019,12,2,39,25,41,7
03-02-2019,37,15,39,22,38,28
03-02-2019,42,14,21,18,19,7
06-02-2019,13,33,2,18,11,47
06-02-2019,5,29,44,20,26,49
10-02-2019,38,6,20,49,24,19
10-02-2019,6,34,10,31,22,24
13-02-2019,23,43,20,8,44,25
13-02-2019,9,29,49,13,2,40
17-02-2019,1,47,22,7,5,43
17-02-2019,36,13,4,7,28,42
20-02-2019,7,48,46,39,26,20
20-02-2019,8,48,6,43,49,15
24-02-2019,14,35,3,16,36,46
24-02-2019,33,11,1,6,8,47
27-02-2019,41,14,17,47,42,15
27-02-2019,1,48,7,8,5,38
03-03-2019,4,31,11,39,13,7
03-03-2019,22,37,30,7,16,39
06-03-2019,35,16,38,18,6,24
06-03-2019,17,41,9,7,30,25
10-03-2019,6,47,2,33,24,8
10-03-2019,45,48,31,21,32,37
13-03-2019,34,26,13,15,20,19
13-03-2019,9,12,18,46,26,29
17-03-2019,21,27,38,6,32,35
17-03-2019,47,27,23,15,6,36
20-03-2019,1,30,38,4,16,12
20-03-2019,34,23,15,48,45,27
24-03-2019,4,20,7,3,40,39
24-03-2019,17,49,46,25,14,23
27-03-2019,39,10,47,42,7,46
27-03-2019,25,1,32,40,10,3
31-03-2019,3,42,31,44,24,38
31-03-2019,10,47,34,7,45,16
03-04-2019,41,28,42,24,17,3
03-04-2019,26,30,7,47,9,1
07-04-2019,30,13,49,9,38,19
07-04-2019,41,27,44,20,35,47
10-04-2019,29,14,39,30,35,20
10-04-2019,11,16,22,6,38,1
14-04-2019,20,30,24,1,36,46
14-04-2019,26,44,38,24,11,19
17-04-2019,28,45,2,21,48,1
17-04-2019,21,25,29,8,11,31
21-04-2019,43,23,18,5,7,14
21-04-2019,39,30,29,33,5,28
24-04-2019,16,26,36,30,41,3
24-04-2019,39,31,22,46,25,5
28-04-2019,16,38,1,6,28,27
28-04-2019,40,42,22,1,37,20
01-05-2019,23,40,34,19,20,41
01-05-2019,25,35,15,5,6,1
05-05-2019,33,15,18,9,49,35
05-05-2019,25,24,28,49,21,30
08-05-2019,4,38,10,43,25,36
08-05-2019,9,16,14,3,5,45
12-05-2019,11,6,2,46,15,24
12-05-2019,41,26,19,48,33,40
15-05-2019,47,36,16,12,15,22
15-05-2019,11,43,49,39,9,13
19-05-2019,15,4,30,24,8,41
19-05-2019,2,6,32,43,26,24
22-05-2019,23,22,47,6,18,36
22-05-2019,18,47,5,39,23,3
26-05-2019,33,26,17,35,46,39
26-05-2019,47,33,8,24,12,13
29-05-2019,11,23,21,49,5,9
29-05-2019,13,2,47,29,44,7
02-06-2019,11,49,1,17,42,9
02-06-2019,36,38,10,35,9,7
05-06-2019,4,29,48,17,32,49
05-06-2019,33,23,19,5,31,38
09-06-2019,3,14,49,41,23,43
09-06-2019,24,17,31,48,9,8
12-06-2019,11,40,46,41,18,3
12-06-2019,8,4,44,42,43,49
16-06-2019,48,34,9,28,17,43
16-06-2019,9,2,20,48,46,1
19-06-2019,22,26,10,7,18,31
19-06-2019,14,34,38,45,28,40
23-06-2019,26,22,13,44,19,24
23-06-2019,45,10,32,33,21,49
26-06-2019,40,31,7,9,44,45
26-06-2019,39,26,35,32,36,49
30-06-2019,35,17,40,8,47,4
30-06-2019,48,36,21,49,17,4
03-07-2019,18,35,26,33,17,28
03-07-2019,27,42,26,5,25,28
07-07-2019,48,6,25,26,12,10
07-07-2019,31,6,5,8,1,17
10-07-2019,46,47,11,43,16,38
10-07-2019,5,29,32,30,25,1
14-07-2019,40,22,5,26,12,11
14-07-2019,44,10,29,3,9,28
17-07-2019,19,20,5,37,8,36
17-07-2019,45,47,8,38,29,49
21-07-2019,35,20,44,10,12,40
21-07-2019,25,30,38,46,10,36
24-07-2019,48,35,7,5,24,46
24-07-2019,19,48,4,24,16,6
28-07-2019,36,23,27,21,35,41
28-07-2019,31,2,43,23,30,25
31-07-2019,38,1,45,15,4,30
31-07-2019,28,1,26,27,7,3
04-08-2019,44,29,37,49,5,11
04-08-2019,21,19,9,36,42,11
07-08-2019,32,44,10,2,39,14
07-08-2019,10,2,15,3,20,34
11-08-2019,35,4,3,30,34,44
11-08-2019,28,6,14,9,24,5
14-08-2019,33,46,31,44,40,4
14-08-2019,39,20,19,17,43,16
18-08-2019,29,31,8,33,12,9
18-08-2019,21,29,5,7,3,19
21-08-2019,13,32,36,21,14,40
21-08-2019,1,15,25,31,47,6
25-08-2019,15,27,14,38,37,2
25-08-2019,6,15,12,24,8,5
28-08-2019,17,14,1,6,5,32
28-08-2019,38,20,7,13,22,36
01-09-2019,1,8,4,29,25,22
01-09-2019,48,41,49,7,42,16
04-09-2019,21,23,31,38,24,47
04-09-2019,47,40,31,14,3,37
08-09-2019,34,31,49,40,2,14
08-09-2019,40,31,27,28,9,42
11-09-2019,34,12,40,1,33,42
11-09-2019,8,17,13,12,15,41
15-09-2019,1,18,32,38,16,31
15-09-2019,49,11,38,31,33,12
18-09-2019,43,47,24,22,36,10
18-09-2019,5,21,14,38,28,13
22-09-2019,41,13,1,42,25,22
22-09-2019,40,28,27,21,12,9
25-09-2019,42,9,39,38,5,29
25-09-2019,35,49,11,18,33,8
29-09-2019,16,36,11,4,30,38
29-09-2019,28,21,45,14,26,6
02-10-2019,40,46,42,2,5,28
02-10-2019,44,33,26,25,21,22
06-10-2019,42,37,10,46,23,33
06-10-2019,42,6,12,18,38,19
09-10-2019,36,42,21,40,22,20
09-10-2019,27,32,31,12,34,33
13-10-2019,30,5,8,38,7,26
13-10-2019,21,5,27,44,29,45
16-10-2019,39,43,24,35,8,7
16-10-2019,38,3,9,44,14,33
20-10-2019,48,13,21,22,17,42
20-10-2019,7,9,6,19,22,34
23-10-2019,26,10,41,29,48,45
23-10-2019,18,39,20,38,22,14
27-10-2019,10,21,19,29,15,12
27-10-2019,11,13,34,6,39,32
30-10-2019,34,12,35,43,19,20
30-10-2019,35,26,36,37,1,11
03-11-2019,41,1,45,44,42,32
03-11-2019,29,4,15,44,18,16
06-11-2019,16,1,18,14,19,49
06-11-2019,5,33,31,21,9,27
10-11-2019,21,47,27,39,5,6
10-11-2019,13,9,14,45,48,4
13-11-2019,29,21,40,24,8,16
13-11-2019,43,17,47,27,20,31
17-11-2019,44,14,34,24,11,46
17-11-2019,10,44,7,26,9,27
20-11-2019,43,2,39,44,19,17
20-11-2019,46,1,47,30,2,33
24-11-2019,19,39,12,37,27,7
24-11-2019,2,27,40,19,5,44
27-11-2019,43,27,6,24,17,2
27-11-2019,3,48,11,34,29,31
01-12-2019,19,35,31,20,29,15
01-12-2019,29,5,23,35,34,7
04-12-2019,42,21,1,16,3,26
04-12-2019,21,40,26,38,7,39
08-12-2019,13,45,48,15,11,19
08-12-2019,20,42,1,14,23,8
11-12-2019,14,17,11,13,32,42
11-12-2019,11,45,35,28,19,27
15-12-2019,3,23,8,29,17,14
15-12-2019,33,25,47,26,13,36
18-12-2019,15,27,22,17,46,45
18-12-2019,38,31,47,40,14,23
22-12-2019,30,2,41,14,33,1
22-12-2019,37,32,14,22,48,38
26-12-2019,44,38,7,14,29,21
26-12-2019,37,25,16,30,22,46
29-12-2019,3,9,45,17,6,42
29-12-2019,3,8,33,5,25,2
02-01-2020,37,28,39,4,27,40
02-01-2020,11,23,36,20,31,15
05-01-2020,5,38,10,41,11,48
05-01-2020,31,13,36,25,47,43
08-01-2020,35,3,28,36,20,8
08-01-2020,36,15,45,24,26,11
12-01-2020,29,5,31,48,23,40
12-01-2020,11,45,36,40,7,27
15-01-2020,40,13,10,48,37,11
15-01-2020,13,27,26,33,36,4
19-01-2020,40,38,37,32,46,22
19-01-2020,46,32,10,38,14,13
22-01-2020,13,25,12,37,46,34
22-01-2020,37,48,19,44,30,24
26-01-2020,5,44,6,8,32,10
26-01-2020,23,12,48,34,10,8
29-01-2020,10,3,12,23,32,41
29-01-2020,11,48,42,28,30,22
02-02-2020,30,24,11,34,28,40
02-02-2020,4,20,30,21,1,15
05-02-2020,43,1,41,19,13,24
05-02-2020,21,37,30,6,20,43
09-02-2020,16,24,38,6,9,18
09-02-2020,24,22,41,34,36,32
12-02-2020,49,26,22,40,13,19
12-02-2020,24,12,17,22,1,5
16-02-2020,8,37,28,5,40,43
16-02-2020,10,21,19,27,26,28
19-02-2020,33,29,39,20,34,22
19-02-2020,23,24,42,7,19,17
23-02-2020,21,22,38,36,31,4
23-02-2020,6,41,45,28,21,14
26-02-2020,41,1,14,4,48,38
26-02-2020,28,12,17,21,46,23
01-03-2020,20,31,42,43,5,16
01-03-2020,38,21,7,47,15,22
04-03-2020,13,32,43,47,45,34
04-03-2020,26,27,25,20,30,49
08-03-2020,44,17,47,2,7,36
08-03-2020,18,25,32,14,42,17
11-03-2020,9,30,29,35,4,45
11-03-2020,33,31,26,1,2,11
15-03-2020,16,10,12,21,36,47
15-03-2020,7,13,12,28,5,48
18-03-2020,46,37,1,24,30,31
18-03-2020,4,44,32,23,41,46
22-03-2020,15,26,19,45,27,13
22-03-2020,29,28,32,11,2,24
25-03-2020,23,39,26,11,27,15
25-03-2020,38,18,24,28,30,26
29-03-2020,28,11,6,32,3,23
29-03-2020,5,7,42,36,4,25
01-04-2020,17,30,13,44,9,12
01-04-2020,44,42,7,2,17,5
05-04-2020,26,38,47,46,16,14
05-04-2020,28,29,44,31,34,9
08-04-2020,35,28,42,31,25,16
08-04-2020,29,25,15,14,2,45
12-04-2020,39,1,33,43,28,19
12-04-2020,40,24,6,20,1,45
15-04-2020,46,16,29,19,40,14
15-04-2020,31,38,21,24,15,22
19-04-2020,38,40,3,14,28,13
19-04-2020,19,17,48,16,42,30
22-04-2020,32,5,25,39,4,40
22-04-2020,14,8,29,13,49,32
26-04-2020,13,41,43,6,49,27
26-04-2020,27,1,18,25,39,46
29-04-2020,3,20,25,38,34,1
29-04-2020,2,5,4,13,21,37
03-05-2020,36,24,27,5,15,7
03-05-2020,13,26,6,41,23,46
06-05-2020,9,30,22,48,18,39
06-05-2020,19,38,30,49,33,5
10-05-2020,9,16,19,21,20,3
10-05-2020,20,15,29,6,22,42
13-05-2020,30,46,21,29,19,2
13-05-2020,24,14,30,16,32,41
17-05-2020,40,31,7,45,6,34
17-05-2020,28,2,4,14,3,35
20-05-2020,11,6,23,39,10,47
20-05-2020,39,35,9,49,40,48
24-05-2020,17,39,29,6,32,13
24-05-2020,30,25,33,16,2,27
27-05-2020,46,42,26,24,11,30
27-05-2020,30,5,29,47,15,36
31-05-2020,11,43,2,1,6,45
31-05-2020,34,17,30,35,28,4
03-06-2020,4,34,10,16,45,15
03-06-2020,15,31,49,47,36,27
07-06-2020,11,32,30,1,47,6
07-06-2020,20,47,5,42,18,2
10-06-2020,14,29,44,6,30,13
10-06-2020,37,31,43,44,4,21
14-06-2020,17,29,44,25,20,9
14-06-2020,42,26,32,14,41,47
17-06-2020,9,2,45,24,17,12
17-06-2020,15,36,19,4,9,20
21-06-2020,22,1,45,24,26,42
21-06-2020,17,33,45,42,39,41
24-06-2020,40,42,33,23,1,11
24-06-2020,18,31,25,4,41,40
28-06-2020,7,35,44,34,32,39
28-06-2020,4,43,38,40,37,10
01-07-2020,18,6,39,31,10,30
01-07-2020,2,47,44,36,5,35
05-07-2020,19,3,32,28,36,24
05-07-2020,46,6,12,22,17,8
08-07-2020,35,23,37,5,4,19
08-07-2020,46,29,40,37,2,43
12-07-2020,26,10,20,7,30,14
12-07-2020,1,21,22,40,3,31
15-07-2020,11,18,1,5,15,38
15-07-2020,15,45,47,10,49,7
19-07-2020,22,33,31,21,10,43
19-07-2020,12,40,37,15,43,36
22-07-2020,1,21,24,49,45,17
22-07-2020,3,10,23,45,35,42
26-07-2020,6,48,21,40,18,3
26-07-2020,19,36,11,9,44,7
29-07-2020,48,41,19,24,33,27
29-07-2020,37,33,38,31,17,5
02-08-2020,25,34,21,8,20,26
02-08-2020,26,44,11,30,21,33
05-08-2020,20,16,26,6,8,48
05-08-2020,29,40,39,14,38,31
09-08-2020,10,41,6,5,33,44
09-08-2020,42,23,8,47,15,39
12-08-2020,45,40,36,37,26,12
12-08-2020,46,16,20,3,45,39
16-08-2020,19,29,24,10,7,1
16-08-2020,31,5,30,42,18,37
19-08-2020,9,33,27,4,10,16
19-08-2020,46,6,37,23,12,42
23-08-2020,26,45,20,35,38,31
23-08-2020,32,43,44,42,33,45
26-08-2020,24,45,1,33,12,44
26-08-2020,1,4,31,10,14,6
30-08-2020,7,5,36,2,46,6
30-08-2020,17,43,26,7,37,22
02-09-2020,40,13,22,10,23,18
02-09-2020,41,49,33,31,35,37
06-09-2020,34,5,9,47,18,20
06-09-2020,5,28,33,9,31,13
09-09-2020,33,32,12,46,25,39
09-09-2020,23,33,37,48,20,44
13-09-2020,10,36,8,44,2,34
13-09-2020,15,10,36,19,3,14
16-09-2020,17,7,8,34,22,18
16-09-2020,1,19,24,38,11,21
20-09-2020,14,45,24,18,2,30
20-09-2020,8,19,46,26,12,30
23-09-2020,1,40,27,13,42,29
23-09-2020,7,32,37,21,40,42
27-09-2020,40,32,48,39,11,14
27-09-2020,47,36,30,37,42,35
30-09-2020,41,4,34,3,11,43
30-09-2020,37,32,39,19,15,2
04-10-2020,28,42,24,48,43,40
04-10-2020,49,26,27,9,34,12
07-10-2020,45,2,8,40,43,29
07-10-2020,2,16,35,4,25,5
11-10-2020,13,38,49,29,14,17
11-10-2020,14,45,49,4,42,7
14-10-2020,11,13,24,36,21,41
14-10-2020,22,14,3,8,2,5
18-10-2020,11,46,28,44,23,42
18-10-2020,3,40,44,5,33,45
21-10-2020,31,26,6,41,1,27
21-10-2020,44,3,36,40,49,14
25-10-2020,18,17,33,45,43,7
25-10-2020,3,49,10,18,33,46
28-10-2020,5,9,2,24,13,10
28-10-2020,16,45,9,26,13,8
01-11-2020,31,48,8,1,40,32
01-11-2020,22,39,6,10,28,24
04-11-2020,5,48,7,44,24,34
04-11-2020,14,19,23,5,31,18
08-11-2020,5,39,34,35,49,13
08-11-2020,17,11,21,12,41,9
11-11-2020,18,38,30,49,2,5
11-11-2020,26,19,7,1,31,48
15-11-2020,37,6,26,2,10,39
15-11-2020,23,11,6,10,44,8
18-11-2020,12,5,24,47,7,36
18-11-2020,4,11,40,33,37,36
22-11-2020,1,23,47,25,19,34
22-11-2020,10,26,45,29,24,28
25-11-2020,5,41,26,48,23,21
25-11-2020,41,10,26,31,11,29
29-11-2020,23,41,42,27,3,34
29-11-2020,7,2,35,37,48,9
02-12-2020,43,37,2,35,47,3
02-12-2020,13,41,46,7,31,24
06-12-2020,34,41,47,12,49,17
06-12-2020,26,48,39,44,32,30
09-12-2020,13,41,16,10,48,34
09-12-2020,45,39,15,7,43,18
13-12-2020,41,38,34,4,11,44
13-12-2020,30,4,34,32,26,14
16-12-2020,10,33,45,31,29,39
16-12-2020,43,25,39,46,35,11
20-12-2020,28,32,35,1,11,45
20-12-2020,35,19,39,4,38,15
23-12-2020,12,45,39,32,49,3
23-12-2020,18,3,40,9,5,24
27-12-2020,15,31,27,37,38,4
27-12-2020,31,26,18,35,42,29
30-12-2020,30,12,40,9,14,49
30-12-2020,6,15,10,14,45,16
03-01-2021,8,22,31,49,12,5
03-01-2021,38,8,46,10,30,5
06-01-2021,11,9,38,25,41,1
06-01-2021,19,17,11,15,34,23
10-01-2021,18,25,39,7,48,12
10-01-2021,40,37,39,11,43,48
13-01-2021,16,2,48,17,35,22
13-01-2021,41,1,37,10,35,22
17-01-2021,19,24,12,38,42,5
17-01-2021,32,7,36,19,11,33
20-01-2021,37,6,43,26,19,1
20-01-2021,19,41,35,8,33,14
24-01-2021,20,6,18,24,9,46
24-01-2021,47,23,26,17,4,33
27-01-2021,10,32,22,11,43,26
27-01-2021,30,6,29,24,26,23
31-01-2021,18,24,39,1,27,32
31-01-2021,21,3,6,8,18,27
03-02-2021,18,10,13,37,24,38
03-02-2021,45,25,13,22,4,24
07-02-2021,12,1,36,18,26,8
07-02-2021,32,17,35,43,39,37
10-02-2021,23,14,16,39,37,8
10-02-2021,38,18,32,1,31,29
14-02-2021,6,41,14,9,33,27
14-02-2021,40,30,27,4,49,23
17-02-2021,25,14,10,20,11,22
17-02-2021,42,49,15,13,24,19
21-02-2021,29,16,44,26,1,6
21-02-2021,33,3,36,49,20,10
24-02-2021,45,15,39,3,18,40
24-02-2021,35,37,33,36,25,4
28-02-2021,8,31,45,32,36,16
28-02-2021,12,16,14,18,40,22
03-03-2021,40,27,34,22,18,3
03-03-2021,1,11,33,35,3,23
07-03-2021,14,20,19,32,33,27
07-03-2021,21,20,18,40,4,15
10-03-2021,42,45,37,13,21,3
10-03-2021,9,22,26,10,6,37
14-03-2021,19,6,13,12,39,20
14-03-2021,4,21,11,29,18,38
17-03-2021,22,48,14,10,9,20
17-03-2021,31,30,43,1,35,34
21-03-2021,46,22,35,13,17,2
21-03-2021,33,29,26,20,37,8
24-03-2021,30,49,8,28,25,5
24-03-2021,36,35,30,43,6,38
28-03-2021,47,9,30,42,2,6
28-03-2021,37,10,48,26,23,4
31-03-2021,18,17,25,12,8,46
31-03-2021,1,29,43,7,35,6
04-04-2021,12,8,47,43,32,15
04-04-2021,14,20,39,32,27,37
07-04-2021,32,19,15,26,7,25
07-04-2021,42,22,19,24,43,25
11-04-2021,21,46,45,47,5,43
11-04-2021,37,38,15,7,45,33
14-04-2021,33,49,28,45,34,3
14-04-2021,12,2,38,28,11,47
18-04-2021,29,37,44,42,35,15
18-04-2021,3,38,5,13,28,48
21-04-2021,22,31,20,40,38,27
21-04-2021,44,27,35,49,2,39
25-04-2021,8,33,7,22,25,31
25-04-2021,42,45,14,13,12,37
28-04-2021,39,47,15,13,22,11
28-04-2021,45,1,42,32,13,31
02-05-2021,35,32,3,40,10,20
02-05-2021,39,24,43,35,12,13
05-05-2021,21,23,18,30,17,44
05-05-2021,40,49,46,45,6,43
09-05-2021,45,47,13,8,23,25
09-05-2021,47,36,33,22,6,3
12-05-2021,44,16,7,17,31,4
12-05-2021,15,7,5,28,27,49
16-05-2021,42,34,1,8,37,20
16-05-2021,46,15,21,20,18,34
19-05-2021,2,36,14,18,29,49
19-05-2021,36,10,3,5,23,7
23-05-2021,18,11,38,42,45,13
23-05-2021,28,18,32,44,34,39
26-05-2021,29,46,17,32,18,3
26-05-2021,35,39,21,45,44,32
30-05-2021,10,29,26,24,9,28
30-05-2021,17,1,36,47,2,22
02-06-2021,24,22,12,29,35,2
02-06-2021,4,11,21,37,41,12
06-06-2021,19,22,27,17,29,15
06-06-2021,46,5,1,34,41,39
09-06-2021,8,25,18,20,33,35
09-06-2021,12,10,42,34,45,18
13-06-2021,12,39,7,11,15,21
13-06-2021,41,14,31,44,38,13
16-06-2021,13,40,6,32,43,4
16-06-2021,26,44,8,48,3,38
20-06-2021,10,38,28,5,33,2
20-06-2021,1,14,21,28,22,34
23-06-2021,11,24,6,3,8,25
23-06-2021,20,45,18,28,22,23
27-06-2021,43,29,2,37,10,20
27-06-2021,26,43,24,49,2,38
30-06-2021,43,49,41,26,28,22
30-06-2021,39,5,23,11,6,15
04-07-2021,39,17,5,6,27,1
04-07-2021,4,33,47,8,3,1
07-07-2021,8,25,26,18,4,28
07-07-2021,34,16,35,31,38,42
11-07-2021,18,12,38,1,29,47
11-07-2021,42,33,49,8,45,18
14-07-2021,37,44,12,5,43,48
14-07-2021,8,29,13,36,33,43
18-07-2021,40,1,17,47,25,49
18-07-2021,19,46,45,1,2,16
21-07-2021,48,38,13,35,6,31
21-07-2021,9,48,46,1,3,21
25-07-2021,4,33,35,18,36,3
25-07-2021,26,18,14,6,16,28
28-07-2021,45,27,12,36,42,40
28-07-2021,33,40,9,35,20,32
01-08-2021,35,5,33,44,13,31
01-08-2021,17,28,14,44,36,15
04-08-2021,47,2,19,29,12,4
04-08-2021,49,34,41,46,21,14
08-08-2021,26,1,7,47,13,23
08-08-2021,8,41,3,28,14,15
11-08-2021,32,23,13,41,39,28
11-08-2021,28,18,44,47,12,11
15-08-2021,47,7,20,41,8,25
15-08-2021,29,39,1,47,10,49
18-08-2021,34,12,32,10,21,28
18-08-2021,27,40,46,30,41,19
22-08-2021,28,18,4,44,11,35
22-08-2021,32,49,28,38,26,22
25-08-2021,41,31,32,11,25,18
25-08-2021,5,2,41,42,15,17
29-08-2021,7,17,49,19,3,1
29-08-2021,27,48,38,15,4,40
01-09-2021,44,7,38,24,47,40
01-09-2021,23,10,32,7,42,3
05-09-2021,39,26,24,43,17,46
05-09-2021,48,31,36,38,26,41
08-09-2021,36,42,11,34,38,1
08-09-2021,45,34,49,20,25,2
12-09-2021,45,32,40,8,42,5
12-09-2021,33,32,24,12,44,36
15-09-2021,44,31,1,41,24,6
15-09-2021,8,34,6,22,10,16
19-09-2021,1,21,26,38,18,33
19-09-2021,33,9,48,49,11,5
22-09-2021,14,40,34,38,31,37
22-09-2021,11,10,44,16,14,35
26-09-2021,5,46,25,4,21,29
26-09-2021,6,28,25,35,9,42
29-09-2021,10,14,18,16,19,13
29-09-2021,19,44,42,43,26,9
03-10-2021,45,40,16,37,2,3
03-10-2021,45,24,37,3,14,46
06-10-2021,22,3,48,34,20,9
06-10-2021,6,11,31,37,34,49
10-10-2021,11,5,23,37,31,18
10-10-2021,12,47,29,2,30,5
13-10-2021,38,18,21,35,19,20
13-10-2021,48,11,12,14,32,13
17-10-2021,48,33,3,42,12,44
17-10-2021,26,13,10,7,39,47
20-10-2021,41,9,24,7,20,12
20-10-2021,32,5,17,4,34,40
24-10-2021,44,6,24,47,26,32
24-10-2021,15,5,22,28,45,8
27-10-2021,44,31,45,14,5,16
27-10-2021,6,42,46,15,34,22
31-10-2021,23,45,8,17,22,12
31-10-2021,38,6,25,41,20,15
03-11-2021,45,29,36,23,2,34
03-11-2021,6,34,39,38,3,20
07-11-2021,11,5,13,47,23,4
07-11-2021,29,10,47,11,24,39
10-11-2021,29,4,6,21,18,14
10-11-2021,43,9,44,42,5,16
14-11-2021,5,3,26,47,32,40
14-11-2021,39,20,36,18,3,1
17-11-2021,45,12,9,32,22,36
17-11-2021,31,36,3,39,20,28
21-11-2021,7,47,9,37,46,20
21-11-2021,43,37,38,30,16,22
24-11-2021,6,49,23,8,17,14
24-11-2021,23,38,7,8,30,28
28-11-2021,44,14,46,47,15,48
28-11-2021,34,37,13,23,40,26
01-12-2021,31,20,42,2,43,7
01-12-2021,2,5,30,36,7,28
05-12-2021,3,29,41,6,22,26
05-12-2021,20,3,45,8,49,6
08-12-2021,23,22,42,5,44,49
08-12-2021,30,46,33,23,13,21
12-12-2021,33,32,7,29,21,24
12-12-2021,49,7,44,17,1,16
15-12-2021,8,11,48,26,5,10
15-12-2021,24,1,20,43,16,12
19-12-2021,21,11,29,35,17,5
19-12-2021,17,8,2,33,6,7
22-12-2021,38,37,32,29,8,1
22-12-2021,40,3,43,11,2,30
26-12-2021,43,19,12,22,7,38
26-12-2021,47,22,14,3,21,12
29-12-2021,20,13,22,11,17,44
29-12-2021,45,10,31,25,42,3
02-01-2022,49,43,24,19,7,1
02-01-2022,26,18,33,1,7,47
05-01-2022,15,46,31,11,34,17
05-01-2022,9,14,26,22,48,5
09-01-2022,36,32,30,49,38,18
09-01-2022,34,8,9,41,20,3
12-01-2022,48,37,30,7,46,38
12-01-2022,17,48,40,5,44,24
16-01-2022,22,3,7,30,19,48
16-01-2022,13,34,24,21,32,5
19-01-2022,8,23,26,29,15,6
19-01-2022,40,4,24,32,27,37
23-01-2022,49,29,3,21,31,45
23-01-2022,29,8,25,23,3,33
26-01-2022,35,23,3,44,48,17
26-01-2022,3,14,7,15,36,12
30-01-2022,34,4,13,30,35,3
30-01-2022,14,6,34,39,22,5
02-02-2022,46,13,3,27,4,45
02-02-2022,7,32,42,26,48,33
06-02-2022,1,10,32,9,49,33
06-02-2022,20,48,5,36,30,24
09-02-2022,18,38,20,26,43,36
09-02-2022,3,44,32,15,48,8
13-02-2022,28,15,10,23,34,44
13-02-2022,25,34,45,47,7,26
16-02-2022,34,26,7,10,28,6
16-02-2022,8,19,33,5,30,37
20-02-2022,18,35,32,20,34,21
20-02-2022,31,41,27,35,7,45
23-02-2022,26,18,43,10,6,44
23-02-2022,44,21,45,49,41,14
27-02-2022,42,25,23,44,1,30
27-02-2022,14,49,22,27,10,47
02-03-2022,26,37,45,42,21,31
02-03-2022,31,10,15,35,7,14
06-03-2022,29,5,12,39,18,48
06-03-2022,14,34,35,26,6,29
09-03-2022,18,16,35,41,12,21
09-03-2022,33,30,35,12,1,18
13-03-2022,10,7,48,47,30,11
13-03-2022,27,18,11,7,36,37
16-03-2022,6,17,41,19,13,46
16-03-2022,24,43,38,5,3,18
20-03-2022,14,35,47,42,49,7
20-03-2022,7,10,30,4,26,37
23-03-2022,9,34,15,22,18,45
23-03-2022,8,35,3,26,23,24
27-03-2022,16,26,20,25,49,31
27-03-2022,4,15,2,46,23,16
30-03-2022,9,14,49,39,25,3
30-03-2022,24,40,26,37,20,34
03-04-2022,9,46,44,30,19,23
03-04-2022,26,45,38,28,44,29
06-04-2022,20,19,29,16,5,11
06-04-2022,1,29,45,49,6,30
10-04-2022,8,6,5,49,13,22
10-04-2022,34,17,10,46,2,15
13-04-2022,13,33,7,45,19,6
13-04-2022,18,37,6,41,36,48
17-04-2022,15,25,22,17,39,49
17-04-2022,37,14,2,44,31,25
20-04-2022,18,6,9,44,26,48
20-04-2022,36,16,6,39,40,31
24-04-2022,17,23,10,4,42,48
24-04-2022,44,28,17,45,13,7
27-04-2022,20,24,10,9,35,5
27-04-2022,45,25,46,5,16,1
01-05-2022,27,5,48,32,39,47
01-05-2022,47,29,21,6,17,13
04-05-2022,40,49,11,25,23,24
04-05-2022,26,35,9,24,19,33
08-05-2022,45,32,44,31,20,25
08-05-2022,23,20,33,43,39,19
11-05-2022,41,10,36,33,18,28
11-05-2022,9,10,40,14,36,11
15-05-2022,16,36,4,15,2,5
15-05-2022,34,12,44,1,13,39
18-05-2022,18,25,47,2,1,42
18-05-2022,36,48,10,4,30,32
22-05-2022,26,36,29,39,12,27
22-05-2022,45,13,23,38,31,5
25-05-2022,2,34,28,26,45,46
25-05-2022,6,16,42,28,14,23
29-05-2022,31,41,1,11,22,34
29-05-2022,26,36,38,17,45,13
01-06-2022,8,26,36,39,28,19
01-06-2022,10,47,42,36,21,38
05-06-2022,33,37,18,30,24,42
05-06-2022,24,16,15,46,38,49
08-06-2022,49,37,40,48,14,47
08-06-2022,45,42,38,10,1,48
12-06-2022,25,38,39,3,30,35
12-06-2022,37,43,2,25,39,38
15-06-2022,13,42,6,18,38,22
15-06-2022,10,1,35,8,41,23
19-06-2022,41,38,7,17,31,29
19-06-2022,25,9,46,44,19,34
22-06-2022,10,43,9,26,28,5
22-06-2022,38,48,12,43,21,44
26-06-2022,37,46,31,12,14,42
26-06-2022,11,13,17,31,15,45
29-06-2022,21,42,43,8,34,11
29-06-2022,22,14,28,18,25,46
03-07-2022,25,47,33,48,27,35
03-07-2022,43,41,31,36,48,23
06-07-2022,5,14,16,34,27,7
06-07-2022,22,33,35,4,15,44
10-07-2022,44,14,12,35,47,33
10-07-2022,39,23,9,11,14,34
13-07-2022,26,13,15,37,28,30
13-07-2022,33,34,4,48,18,8
17-07-2022,15,8,18,21,27,6
17-07-2022,2,12,14,42,34,25
20-07-2022,7,35,38,15,48,33
20-07-2022,28,2,42,30,1,17
24-07-2022,2,5,43,4,47,30
24-07-2022,25,13,26,44,27,5
27-07-2022,25,42,37,3,10,32
27-07-2022,19,48,12,45,11,38
31-07-2022,42,20,49,19,7,43
31-07-2022,3,36,15,39,44,4
03-08-2022,3,10,16,30,1,35
03-08-2022,33,21,34,16,27,25
07-08-2022,15,45,35,46,31,33
07-08-2022,27,20,35,5,12,16
10-08-2022,28,16,35,5,43,12
10-08-2022,28,47,1,40,15,3
14-08-2022,22,42,49,14,19,5
14-08-2022,1,36,26,48,25,49
17-08-2022,2,16,41,3,46,39
17-08-2022,16,2,7,13,48,29
21-08-2022,18,40,21,5,32,44
21-08-2022,27,23,40,47,2,13
24-08-2022,25,28,8,39,47,45
24-08-2022,12,35,41,42,9,39
28-08-2022,24,12,20,49,8,45
28-08-2022,13,10,28,8,5,7
31-08-2022,3,8,32,20,31,40
31-08-2022,37,33,9,43,32,22
04-09-2022,22,4,26,28,35,30
04-09-2022,33,4,43,19,27,14
07-09-2022,47,2,12,29,5,43
07-09-2022,47,36,15,33,14,16
11-09-2022,34,18,39,14,6,28
11-09-2022,23,2,7,28,6,42
14-09-2022,22,4,11,2,43,45
14-09-2022,28,21,18,40,35,41
18-09-2022,10,36,30,19,37,44
18-09-2022,30,21,46,6,44,47
21-09-2022,37,39,7,24,47,43
21-09-2022,16,37,48,25,3,21
25-09-2022,33,37,30,36,20,24
25-09-2022,37,27,6,29,49,8
28-09-2022,44,6,31,40,1,5
28-09-2022,8,38,49,39,17,3
02-10-2022,25,24,14,7,23,10
02-10-2022,49,44,48,2,4,12
05-10-2022,36,46,43,2,29,30
05-10-2022,27,1,8,45,30,29
09-10-2022,6,40,34,31,17,13
09-10-2022,1,31,4,42,7,19
12-10-2022,2,46,29,36,25,40
12-10-2022,33,31,19,5,21,43
16-10-2022,40,12,29,27,39,37
16-10-2022,12,41,30,31,25,47
19-10-2022,22,9,24,21,30,17
19-10-2022,5,39,22,30,11,15
23-10-2022,8,3,21,30,43,1
23-10-2022,27,40,11,37,30,42
26-10-2022,33,2,17,14,28,21
26-10-2022,49,47,48,4,31,46
30-10-2022,26,44,20,7,35,11
30-10-2022,22,49,6,17,29,45
02-11-2022,24,15,20,48,16,12
02-11-2022,42,17,26,19,47,1
06-11-2022,42,44,17,47,21,14
06-11-2022,40,34,12,23,45,6
09-11-2022,4,19,3,20,41,24
09-11-2022,3,31,29,35,2,24
13-11-2022,5,2,15,28,14,26
13-11-2022,12,45,15,16,37,25
16-11-2022,13,49,46,25,3,18
16-11-2022,34,45,39,8,29,4
20-11-2022,8,39,27,16,35,31
20-11-2022,21,34,24,45,48,17
23-11-2022,8,45,12,27,1,49
23-11-2022,8,31,44,49,39,40
27-11-2022,36,31,1,4,35,28
27-11-2022,23,26,25,28,1,14
30-11-2022,38,5,33,16,12,28
30-11-2022,31,36,28,29,15,47
04-12-2022,14,11,23,37,36,44
04-12-2022,14,48,1,25,32,34
07-12-2022,39,15,6,43,7,46
07-12-2022,14,46,7,2,12,18
11-12-2022,3,10,29,45,25,16
11-12-2022,9,8,33,3,31,25
14-12-2022,12,14,44,43,15,3
14-12-2022,19,29,15,30,27,37
18-12-2022,32,17,39,35,21,20
18-12-2022,49,10,24,43,11,48
21-12-2022,3,22,5,7,40,46
21-12-2022,12,3,4,31,10,32
26-12-2022,16,39,17,13,44,28
26-12-2022,9,12,3,25,26,7
28-12-2022,14,47,4,33,30,23
28-12-2022,49,27,25,17,16,33
01-01-2023,24,6,22,10,28,32
01-01-2023,47,21,35,16,18,46
04-01-2023,2,14,49,3,28,43
04-01-2023,44,27,5,45,14,3
08-01-2023,2,12,35,34,4,20
08-01-2023,36,27,2,47,6,42
11-01-2023,13,31,11,47,15,23
11-01-2023,1,27,11,10,33,9
13-01-2023,29,18,2,35,39,26
13-01-2023,20,39,7,45,22,46
15-01-2023,32,1,40,23,37,17
15-01-2023,20,36,47,4,48,9
18-01-2023,34,10,9,15,17,3
18-01-2023,39,42,28,15,31,25
22-01-2023,33,17,6,37,1,39
22-01-2023,28,8,5,10,42,45
25-01-2023,25,19,22,23,48,29
25-01-2023,49,2,9,22,42,37
29-01-2023,48,39,19,44,7,46
29-01-2023,32,38,24,10,2,4
01-02-2023,27,17,18,25,35,41
01-02-2023,8,14,29,16,38,39
05-02-2023,4,34,49,10,30,18
05-02-2023,34,25,48,46,27,41
08-02-2023,30,1,26,27,41,15
08-02-2023,5,34,46,2,47,48
12-02-2023,13,29,27,38,49,15
12-02-2023,46,34,28,40,9,27
15-02-2023,39,46,37,23,1,38
15-02-2023,5,4,21,45,6,2
19-02-2023,40,43,26,32,34,28
19-02-2023,35,34,31,46,41,22
22-02-2023,25,35,38,9,28,41
22-02-2023,25,28,41,10,49,47
26-02-2023,16,10,38,9,26,17
26-02-2023,6,19,25,49,26,2
01-03-2023,16,45,46,43,18,23
01-03-2023,25,12,26,18,22,45
05-03-2023,36,21,2,16,14,25
05-03-2023,47,32,45,22,29,10
08-03-2023,38,4,28,8,47,31
08-03-2023,2,13,35,20,24,26
12-03-2023,24,37,10,28,15,49
12-03-2023,12,29,16,18,44,14
15-03-2023,49,29,14,6,39,34
15-03-2023,29,32,47,12,15,13
19-03-2023,26,23,16,12,5,18
19-03-2023,17,14,26,29,16,44
22-03-2023,44,34,17,22,1,8
22-03-2023,38,1,31,45,23,24
26-03-2023,1,8,35,10,36,46
26-03-2023,39,47,42,44,27,10
29-03-2023,16,24,7,43,17,36
29-03-2023,12,30,48,19,36,21
02-04-2023,13,19,4,33,6,31
02-04-2023,17,41,32,24,6,46
05-04-2023,48,12,46,17,38,31
05-04-2023,1,40,33,12,5,4
09-04-2023,35,9,34,44,22,43
09-04-2023,16,33,40,6,12,10
12-04-2023,43,22,8,23,35,17
12-04-2023,8,17,15,24,28,32
16-04-2023,17,4,46,41,47,35
16-04-2023,2,7,25,36,12,19
19-04-2023,29,47,38,7,9,15
19-04-2023,49,25,12,11,26,17
23-04-2023,2,8,47,24,25,27
23-04-2023,21,45,39,18,40,3
26-04-2023,18,17,36,38,30,4
26-04-2023,5,1,33,15,10,11
30-04-2023,47,14,42,7,26,20
30-04-2023,46,21,19,3,41,7
03-05-2023,46,42,18,8,11,13
03-05-2023,6,35,41,21,29,45
07-05-2023,3,16,9,13,6,48
07-05-2023,47,26,5,15,32,14
10-05-2023,47,36,39,5,42,37
10-05-2023,45,33,43,49,30,4
13-05-2023,13,46,21,2,15,43
13-05-2023,20,27,41,3,17,33
14-05-2023,5,49,32,21,33,35
14-05-2023,47,17,9,45,19,31
17-05-2023,47,26,9,49,25,27
17-05-2023,25,20,11,40,22,21
21-05-2023,15,23,48,26,39,8
21-05-2023,12,32,15,1,49,19
24-05-2023,44,30,13,6,12,41
24-05-2023,8,16,4,26,38,36
28-05-2023,44,17,13,45,42,37
28-05-2023,16,39,44,24,29,4
31-05-2023,27,28,30,34,5,37
31-05-2023,21,25,8,28,6,19
04-06-2023,20,27,26,2,32,23
04-06-2023,21,18,19,17,49,3
07-06-2023,19,26,32,44,28,29
07-06-2023,37,35,24,8,49,25
11-06-2023,46,21,29,11,40,44
11-06-2023,1,18,7,33,41,49
14-06-2023,26,30,37,18,36,9
14-06-2023,32,41,42,18,22,49
18-06-2023,32,46,13,35,49,14
18-06-2023,36,13,7,18,1,33
21-06-2023,28,49,21,20,30,36
21-06-2023,12,47,41,28,19,32
25-06-2023,30,32,28,47,3,35
25-06-2023,22,25,41,29,8,34
28-06-2023,47,31,22,41,30,3
28-06-2023,16,43,17,31,25,35
02-07-2023,42,24,47,19,3,4
02-07-2023,9,45,30,31,25,46
05-07-2023,38,20,30,45,47,26
05-07-2023,1,28,2,36,7,13
09-07-2023,26,3,13,45,18,39
09-07-2023,43,14,45,3,30,1
12-07-2023,2,29,44,39,26,41
12-07-2023,9,28,44,40,39,48
16-07-2023,45,14,41,2,46,47
16-07-2023,2,18,32,21,47,5
19-07-2023,9,18,26,8,1,19
19-07-2023,26,48,25,28,22,43
23-07-2023,14,13,32,44,23,48
23-07-2023,7,49,10,26,24,41
26-07-2023,40,16,4,32,10,48
26-07-2023,48,44,43,34,2,23
30-07-2023,13,4,27,26,23,31
30-07-2023,21,4,25,26,19,16
02-08-2023,46,14,26,40,23,2
02-08-2023,21,8,44,11,38,29
06-08-2023,8,13,16,33,12,32
06-08-2023,25,26,9,37,19,7
09-08-2023,19,44,40,24,48,43
09-08-2023,3,32,13,21,2,23
13-08-2023,37,43,17,42,22,39
13-08-2023,34,39,41,25,6,36
16-08-2023,1,2,5,41,47,6
16-08-2023,9,28,5,43,29,16
20-08-2023,34,36,48,39,7,19
20-08-2023,16,3,4,21,37,20
23-08-2023,24,45,31,32,14,21
23-08-2023,3,1,37,17,40,27
27-08-2023,39,9,27,23,24,5
27-08-2023,48,34,40,22,33,35
30-08-2023,10,15,25,18,41,43
30-08-2023,39,26,48,24,3,30
03-09-2023,42,17,47,4,7,46
03-09-2023,9,25,48,15,3,5
06-09-2023,11,33,49,37,35,4
06-09-2023,22,1,3,17,9,41
10-09-2023,40,10,24,8,13,25
10-09-2023,30,21,13,42,3,10
13-09-2023,28,20,17,2,1,12
13-09-2023,35,2,30,28,49,27
17-09-2023,13,38,48,35,33,5
17-09-2023,6,5,34,1,21,43
20-09-2023,27,34,11,32,28,48
20-09-2023,20,31,33,45,41,35
24-09-2023,7,27,39,38,19,33
24-09-2023,11,40,18,37,15,5
27-09-2023,49,35,3,36,20,1
27-09-2023,23,25,2,3,36,41
01-10-2023,10,29,25,35,39,38
01-10-2023,23,20,26,22,42,6
04-10-2023,10,6,14,26,31,29
04-10-2023,6,40,16,7,24,15
08-10-2023,29,34,14,43,35,32
08-10-2023,24,10,29,39,28,17
11-10-2023,25,20,13,11,29,27
11-10-2023,14,7,36,13,6,37
13-10-2023,33,7,8,12,37,39
13-10-2023,19,18,40,32,24,11
15-10-2023,10,29,39,18,1,14
15-10-2023,25,27,28,24,42,39
18-10-2023,26,44,20,9,7,45
18-10-2023,32,11,47,13,21,26
22-10-2023,10,3,49,21,41,28
22-10-2023,44,3,27,48,37,23
25-10-2023,4,3,18,24,41,10
25-10-2023,12,35,20,3,37,23
29-10-2023,27,21,47,24,13,15
29-10-2023,11,22,49,40,29,13
01-11-2023,16,27,18,13,44,1
01-11-2023,5,31,41,47,39,15
05-11-2023,45,13,12,36,6,27
05-11-2023,21,12,42,49,11,30
08-11-2023,32,30,2,36,38,9
08-11-2023,9,24,21,14,23,36
12-11-2023,11,13,44,4,1,49
12-11-2023,43,10,42,3,22,29
15-11-2023,48,36,34,42,13,30
15-11-2023,21,28,46,17,24,27
19-11-2023,45,6,22,44,29,12
19-11-2023,11,23,43,41,10,22
22-11-2023,4,6,30,26,40,13
22-11-2023,48,3,41,4,40,27
26-11-2023,31,9,48,11,29,10
26-11-2023,15,36,29,9,38,40
29-11-2023,23,35,29,30,18,47
29-11-2023,11,43,7,31,9,6
03-12-2023,26,3,22,24,33,17
03-12-2023,28,22,41,24,43,16
06-12-2023,8,23,3,33,28,11
06-12-2023,3,10,41,43,16,6
10-12-2023,11,7,15,17,24,1
10-12-2023,3,13,44,34,28,24
13-12-2023,11,1,20,40,29,38
13-12-2023,4,17,11,14,19,39
17-12-2023,40,16,36,6,38,25
17-12-2023,31,6,15,42,9,4
20-12-2023,8,14,27,10,44,35
20-12-2023,49,29,10,23,28,39
23-12-2023,41,19,14,30,47,31
23-12-2023,44,45,20,7,1,43
27-12-2023,10,23,31,8,32,35
27-12-2023,9,46,6,2,39,47
31-12-2023,36,34,45,15,16,10
31-12-2023,32,49,20,24,28,23
03-01-2024,25,2,13,38,23,28
03-01-2024,40,45,25,2,15,17
07-01-2024,33,2,40,27,35,46
07-01-2024,48,33,15,11,35,34
10-01-2024,12,24,48,34,17,29
10-01-2024,37,23,20,5,17,47
14-01-2024,26,37,16,28,43,48
14-01-2024,17,2,27,7,18,37
17-01-2024,49,18,21,42,7,19
17-01-2024,26,7,29,14,16,43
21-01-2024,23,35,42,48,5,30
21-01-2024,29,40,10,32,23,3
24-01-2024,21,5,17,38,42,41
24-01-2024,27,18,19,2,35,25
28-01-2024,11,19,32,21,48,27
28-01-2024,47,21,11,46,43,39
31-01-2024,13,3,41,36,5,10
31-01-2024,32,31,22,44,1,35
04-02-2024,7,33,34,29,42,24
04-02-2024,6,30,10,37,43,45
07-02-2024,5,23,9,14,40,33
07-02-2024,1,22,2,6,21,44
11-02-2024,26,22,3,24,27,34
11-02-2024,14,40,3,11,43,27
14-02-2024,28,42,9,31,23,17
14-02-2024,1,13,17,2,25,16
18-02-2024,44,29,41,20,8,23
18-02-2024,7,26,32,10,24,9
21-02-2024,11,9,31,37,4,28
21-02-2024,41,44,17,37,2,4
25-02-2024,44,35,9,30,33,14
25-02-2024,42,4,41,24,37,25
28-02-2024,22,5,49,14,9,30
28-02-2024,36,49,1,39,38,31
03-03-2024,20,22,3,25,46,9
03-03-2024,35,22,19,41,10,49
06-03-2024,17,18,1,35,19,2
06-03-2024,42,3,35,49,12,11
10-03-2024,31,19,10,24,28,1
10-03-2024,10,22,38,36,35,20
13-03-2024,34,27,21,22,10,30
13-03-2024,8,3,39,32,37,48
17-03-2024,2,9,38,43,30,37
17-03-2024,10,31,37,42,32,28
20-03-2024,30,49,28,38,37,1
20-03-2024,49,8,35,15,5,6
24-03-2024,26,4,30,22,8,7
24-03-2024,2,45,13,42,44,1
27-03-2024,27,14,2,42,13,37
27-03-2024,44,31,25,17,39,7
31-03-2024,9,24,4,28,11,31
31-03-2024,20,32,30,8,46,42
03-04-2024,30,11,16,34,23,36
03-04-2024,7,1,21,28,18,29
07-04-2024,9,30,38,46,12,21
07-04-2024,16,49,20,43,45,12
10-04-2024,44,32,35,2,30,24
10-04-2024,20,28,11,7,39,47
14-04-2024,10,47,12,17,4,32
14-04-2024,15,36,13,35,12,25
17-04-2024,3,7,46,29,34,16
17-04-2024,11,30,37,14,23,42
21-04-2024,30,31,26,19,20,7
21-04-2024,30,7,29,17,35,24
24-04-2024,32,5,37,24,25,10
24-04-2024,17,45,41,11,25,22
28-04-2024,42,47,3,2,40,35
28-04-2024,29,12,9,17,20,13
01-05-2024,42,36,4,26,16,2
01-05-2024,12,31,14,24,21,28
05-05-2024,25,7,42,10,29,48
05-05-2024,35,5,11,34,31,37
08-05-2024,4,29,5,48,47,6
08-05-2024,14,34,13,35,18,30
12-05-2024,22,12,14,17,6,19
12-05-2024,48,29,36,39,4,13
15-05-2024,42,39,5,34,18,17
15-05-2024,2,34,20,25,15,1
19-05-2024,23,9,48,19,45,15
19-05-2024,47,12,13,22,25,16
22-05-2024,3,17,49,43,8,45
22-05-2024,38,32,46,40,24,37
26-05-2024,45,34,47,28,4,38
26-05-2024,5,31,44,18,23,1
29-05-2024,45,32,39,4,24,37
29-05-2024,7,39,49,26,29,31
02-06-2024,42,10,48,33,44,15
02-06-2024,2,16,9,13,32,22
05-06-2024,26,3,4,27,40,19
05-06-2024,26,2,4,15,17,49
09-06-2024,10,27,36,33,23,31
09-06-2024,9,35,31,22,14,26
12-06-2024,13,31,38,17,4,48
12-06-2024,14,4,40,25,35,39
16-06-2024,29,8,12,42,31,41
16-06-2024,2,8,9,34,35,13
19-06-2024,25,39,2,29,13,3
19-06-2024,24,6,39,15,23,41
23-06-2024,5,39,34,33,46,22
23-06-2024,47,27,39,9,1,28
26-06-2024,47,8,37,4,30,46
26-06-2024,7,24,45,14,2,33
30-06-2024,14,22,23,13,39,8
30-06-2024,16,37,48,24,3,19
03-07-2024,43,48,16,39,2,36
03-07-2024,9,34,4,12,15,40
07-07-2024,36,8,30,33,47,4
07-07-2024,1,45,15,14,32,25
10-07-2024,9,27,5,2,43,13
10-07-2024,1,41,32,26,11,2
14-07-2024,3,25,8,7,10,23
14-07-2024,46,48,30,14,13,11
17-07-2024,13,44,45,11,35,47
17-07-2024,28,9,12,15,11,49
21-07-2024,7,9,13,31,43,14
21-07-2024,48,18,17,47,3,20
24-07-2024,2,49,18,19,7,46
24-07-2024,3,39,43,49,31,34
28-07-2024,22,14,6,46,24,44
28-07-2024,24,15,48,32,12,27
31-07-2024,11,10,22,33,39,48
31-07-2024,45,41,18,1,42,30
04-08-2024,10,23,13,28,11,8
04-08-2024,42,2,22,19,28,1
07-08-2024,34,16,14,35,25,26
07-08-2024,45,22,12,1,16,4
11-08-2024,25,6,4,38,30,20
11-08-2024,10,43,11,42,31,19
14-08-2024,33,11,24,31,29,3
14-08-2024,13,16,10,40,44,32
18-08-2024,22,7,49,31,24,42
18-08-2024,49,14,25,24,27,33
21-08-2024,37,24,31,3,7,14
21-08-2024,36,2,38,25,15,33
25-08-2024,5,31,9,45,28,25
25-08-2024,43,9,7,6,8,47
28-08-2024,11,38,12,25,4,9
28-08-2024,32,28,7,3,47,38
01-09-2024,19,7,38,41,43,35
01-09-2024,45,47,43,15,40,46
04-09-2024,39,11,23,27,29,14
04-09-2024,7,10,26,42,45,25
08-09-2024,22,5,28,40,10,11
08-09-2024,3,15,16,12,47,46
11-09-2024,26,5,35,30,42,47
11-09-2024,26,3,17,2,33,9
13-09-2024,20,40,46,5,48,23
13-09-2024,19,5,25,38,18,28
15-09-2024,43,32,24,12,17,42
15-09-2024,9,22,5,46,7,28
18-09-2024,43,13,47,34,26,28
18-09-2024,4,46,30,16,22,11
22-09-2024,41,14,3,19,18,29
22-09-2024,11,29,1,49,26,43
25-09-2024,1,14,46,22,21,13
25-09-2024,36,14,33,3,34,7
29-09-2024,13,38,3,47,19,33
29-09-2024,35,4,5,12,30,38
02-10-2024,6,46,33,44,2,5
02-10-2024,15,32,28,7,43,16
06-10-2024,12,21,44,5,32,13
06-10-2024,26,18,40,13,27,1
09-10-2024,4,31,36,40,1,29
09-10-2024,11,3,10,35,14,5
13-10-2024,43,1,31,7,9,17
13-10-2024,47,19,37,33,20,39
16-10-2024,25,39,38,48,40,16
16-10-2024,11,33,14,29,25,40
20-10-2024,28,40,33,25,34,21
20-10-2024,28,21,30,34,46,12
23-10-2024,7,24,34,13,26,18
23-10-2024,7,18,49,48,30,20
27-10-2024,16,12,34,29,18,40
27-10-2024,33,21,6,46,4,49
30-10-2024,20,22,48,1,38,17
30-10-2024,21,11,37,47,43,16
03-11-2024,25,44,7,20,48,38
03-11-2024,15,20,12,16,46,24
06-11-2024,20,45,21,38,10,23
06-11-2024,4,11,7,9,20,22
10-11-2024,34,22,11,49,35,33
10-11-2024,21,37,14,46,32,34
13-11-2024,13,37,24,32,23,26
13-11-2024,21,2,9,19,25,46
17-11-2024,9,23,37,47,1,24
17-11-2024,6,23,11,18,41,3
20-11-2024,44,40,3,41,9,24
20-11-2024,31,26,30,4,43,1
24-11-2024,44,25,14,48,23,49
24-11-2024,46,3,12,30,39,42
27-11-2024,25,32,36,23,28,20
27-11-2024,26,9,35,28,48,30
01-12-2024,17,3,9,6,21,18
01-12-2024,47,25,12,10,26,41
04-12-2024,10,24,21,42,13,6
04-12-2024,34,32,19,13,35,18
08-12-2024,24,27,1,44,20,45
08-12-2024,22,23,8,47,12,34
11-12-2024,35,6,34,1,26,21
11-12-2024,17,22,30,9,18,14
13-12-2024,6,24,30,10,45,18
13-12-2024,20,15,18,2,27,44
15-12-2024,17,6,26,22,29,40
15-12-2024,30,7,3,9,29,32
18-12-2024,37,39,2,32,23,18
18-12-2024,39,16,2,37,20,26
22-12-2024,22,17,47,35,27,25
22-12-2024,35,38,43,12,17,11
26-12-2024,42,44,40,43,17,48
26-12-2024,30,12,20,26,39,37
29-12-2024,36,17,29,45,25,16
29-12-2024,41,8,45,37,22,34
01-01-2025,43,39,41,16,11,44
01-01-2025,24,40,47,18,9,25
05-01-2025,3,9,4,34,43,12
05-01-2025,1,5,10,14,11,25
08-01-2025,3,38,45,44,21,37
08-01-2025,31,23,13,36,5,18
12-01-2025,15,36,39,35,26,48
12-01-2025,14,2,1,22,21,19
15-01-2025,26,22,21,8,28,6
15-01-2025,37,2,8,15,32,41
19-01-2025,22,31,45,24,1,42
19-01-2025,40,46,44,9,2,26
22-01-2025,48,15,40,21,44,19
22-01-2025,44,30,15,48,24,19
26-01-2025,28,49,35,30,41,18
26-01-2025,2,5,23,18,34,10
29-01-2025,28,23,3,26,7,46
29-01-2025,13,9,1,19,28,49
02-02-2025,32,12,13,1,9,38
02-02-2025,33,14,23,49,48,36
05-02-2025,10,29,11,33,9,32
05-02-2025,40,18,9,14,29,38
09-02-2025,23,4,11,40,6,22
09-02-2025,1,14,3,40,36,22
12-02-2025,8,21,13,9,19,3
12-02-2025,1,46,35,17,41,26
16-02-2025,27,7,11,40,21,28
16-02-2025,16,33,41,6,32,10
19-02-2025,48,43,38,21,18,41
19-02-2025,3,2,9,41,30,12
23-02-2025,6,41,18,12,5,37
23-02-2025,1,6,49,8,38,29
26-02-2025,34,17,48,9,37,18
26-02-2025,7,36,9,48,22,5
02-03-2025,30,7,42,33,9,22
02-03-2025,19,11,20,12,17,28
05-03-2025,14,27,7,44,40,32
05-03-2025,24,29,37,25,36,26
07-03-2025,25,23,43,19,8,14
07-03-2025,23,39,14,17,27,31
09-03-2025,5,40,31,26,27,20
09-03-2025,48,49,23,32,27,47
12-03-2025,14,11,30,29,21,47
12-03-2025,37,42,6,13,41,28
14-03-2025,32,23,42,47,26,18
14-03-2025,11,37,19,20,9,18
16-03-2025,1,47,2,4,38,26
16-03-2025,39,19,49,37,8,30
19-03-2025,35,47,2,38,15,36
19-03-2025,11,26,39,37,23,6
21-03-2025,15,18,41,8,3,43
21-03-2025,15,48,34,1,24,33
23-03-2025,32,23,33,17,40,11
23-03-2025,3,28,29,22,36,34
26-03-2025,31,37,47,7,6,32
26-03-2025,16,4,5,43,11,13
28-03-2025,25,17,20,43,18,10
28-03-2025,38,10,3,18,2,20
30-03-2025,6,11,16,13,27,3
30-03-2025,20,25,46,31,27,42
02-04-2025,38,11,16,23,6,35
02-04-2025,4,40,27,23,10,45
04-04-2025,28,24,35,6,41,13
04-04-2025,16,23,27,6,46,31
06-04-2025,43,27,15,14,26,48
06-04-2025,26,4,24,33,5,9
09-04-2025,28,34,45,27,29,16
09-04-2025,23,39,33,21,26,14
11-04-2025,19,37,42,12,20,46
11-04-2025,9,31,37,44,12,33
13-04-2025,15,5,41,49,17,14
13-04-2025,35,38,27,2,44,41
16-04-2025,17,39,10,32,42,48
16-04-2025,42,16,27,43,3,32
20-04-2025,31,33,22,19,11,32
20-04-2025,48,37,40,4,49,35
23-04-2025,16,45,19,23,22,6
23-04-2025,42,18,30,7,35,45
25-04-2025,12,21,4,8,26,22
25-04-2025,45,21,25,28,20,4
27-04-2025,43,3,34,10,16,48
27-04-2025,34,3,43,12,47,42
30-04-2025,40,24,35,48,37,44
30-04-2025,11,40,42,10,35,48
02-05-2025,17,34,43,33,38,7
02-05-2025,35,49,32,45,23,43
04-05-2025,30,16,17,32,8,46
04-05-2025,21,33,18,37,14,9
07-05-2025,3,25,14,35,27,10
07-05-2025,46,32,18,34,16,12
09-05-2025,30,10,9,38,29,8
09-05-2025,35,7,39,32,36,1
11-05-2025,43,31,41,35,34,47
11-05-2025,26,42,19,28,27,32
14-05-2025,17,33,22,29,28,21
14-05-2025,33,42,27,31,40,25
16-05-2025,13,44,48,34,43,1
16-05-2025,29,10,21,12,31,45
18-05-2025,21,12,31,27,26,11
18-05-2025,12,33,14,32,43,37
21-05-2025,9,23,15,47,30,20
21-05-2025,9,20,42,41,43,32
23-05-2025,39,30,36,28,9,44
23-05-2025,27,25,32,48,35,30
25-05-2025,36,47,45,26,4,6
25-05-2025,14,34,12,7,35,3
28-05-2025,43,13,31,28,30,35
28-05-2025,35,16,8,49,38,47
30-05-2025,10,13,18,49,42,40
30-05-2025,31,40,24,46,19,18
01-06-2025,44,19,26,4,24,48
01-06-2025,2,24,20,32,13,5
04-06-2025,33,12,7,49,18,39
04-06-2025,46,5,41,17,40,7
06-06-2025,16,27,21,4,23,19
06-06-2025,8,12,10,7,37,2
08-06-2025,48,30,11,31,21,1
08-06-2025,11,17,46,14,41,10
11-06-2025,44,35,5,23,30,1
11-06-2025,31,14,47,29,13,48
13-06-2025,44,14,1,10,12,32
13-06-2025,16,43,12,29,8,19
15-06-2025,48,29,45,16,22,11
15-06-2025,29,27,44,6,46,9
18-06-2025,24,14,46,16,33,13
18-06-2025,4,1,27,26,19,31
20-06-2025,24,42,38,43,39,17
20-06-2025,6,26,40,2,22,12
22-06-2025,42,46,35,9,2,48
22-06-2025,28,8,30,7,46,47
25-06-2025,4,26,10,43,32,13
25-06-2025,45,3,20,23,48,12
27-06-2025,33,29,13,45,32,47
27-06-2025,10,46,44,15,1,35
29-06-2025,37,30,1,28,33,35
29-06-2025,4,38,17,9,8,48
02-07-2025,21,38,23,11,46,28
02-07-2025,5,43,13,29,46,8
04-07-2025,3,35,34,22,47,15
04-07-2025,16,23,13,26,4,7
06-07-2025,42,16,38,1,26,4
06-07-2025,24,42,25,10,40,30
09-07-2025,7,37,46,8,29,18
09-07-2025,43,1,19,3,36,33
11-07-2025,41,14,15,16,47,4
11-07-2025,47,7,23,42,12,35
13-07-2025,39,46,37,10,13,3
13-07-2025,2,7,42,37,38,31
16-07-2025,7,44,47,28,9,18
16-07-2025,26,39,30,36,11,17
18-07-2025,36,30,32,43,48,23
18-07-2025,29,34,31,23,21,48
20-07-2025,17,45,35,42,13,30
20-07-2025,8,5,23,36,46,44
23-07-2025,36,21,20,28,17,29
23-07-2025,30,23,48,47,28,19
25-07-2025,17,1,15,19,10,4
25-07-2025,37,30,13,36,33,23
27-07-2025,45,43,3,29,15,32
27-07-2025,47,40,39,26,17,10
30-07-2025,30,37,12,32,26,42
30-07-2025,4,18,30,13,15,23
01-08-2025,36,48,10,12,40,43
01-08-2025,26,8,17,43,23,32
03-08-2025,26,23,4,1,21,24
03-08-2025,29,44,14,3,40,38
06-08-2025,19,13,8,42,22,1
06-08-2025,2,25,8,45,15,40
08-08-2025,49,2,25,5,46,21
08-08-2025,43,38,7,16,10,1
10-08-2025,47,12,19,13,16,31
10-08-2025,37,18,2,30,35,8
13-08-2025,22,26,18,29,10,24
13-08-2025,35,38,44,29,1,22
15-08-2025,9,48,35,26,33,4
15-08-2025,17,44,1,32,28,7
17-08-2025,48,38,34,12,28,18
17-08-2025,41,8,18,42,25,31
20-08-2025,41,27,8,25,42,1
20-08-2025,38,3,15,35,27,22
22-08-2025,37,39,4,25,20,5
22-08-2025,4,28,38,25,13,42
24-08-2025,8,4,30,9,18,34
24-08-2025,26,37,38,34,29,8
27-08-2025,15,2,41,30,18,8
27-08-2025,31,16,44,8,36,34
29-08-2025,20,39,3,38,2,49
29-08-2025,45,16,41,42,34,38
31-08-2025,12,44,17,35,21,27
31-08-2025,38,22,28,32,20,13
03-09-2025,30,16,31,19,42,43
03-09-2025,4,23,20,27,13,5
05-09-2025,12,34,16,41,31,46
05-09-2025,26,31,34,2,41,37
07-09-2025,20,35,38,49,31,19
07-09-2025,32,4,5,43,9,34
10-09-2025,6,10,5,22,36,30
10-09-2025,36,35,13,1,43,42
12-09-2025,37,27,34,20,33,14
12-09-2025,5,40,38,15,21,10
14-09-2025,14,5,26,33,42,45
14-09-2025,3,31,21,2,33,1
17-09-2025,32,38,29,4,21,31
17-09-2025,7,1,36,18,25,28
19-09-2025,33,43,37,13,40,23
19-09-2025,46,49,7,28,29,17
21-09-2025,48,47,9,31,41,25
21-09-2025,30,39,16,25,2,24
24-09-2025,1,44,11,28,46,8
24-09-2025,12,47,35,23,29,24
26-09-2025,11,36,2,21,1,44
26-09-2025,3,30,13,27,34,49
28-09-2025,35,31,48,45,41,16
28-09-2025,30,41,18,31,26,13
01-10-2025,23,22,14,48,15,12
01-10-2025,12,28,47,24,23,20
03-10-2025,24,2,12,48,4,33
03-10-2025,36,45,2,48,34,27
05-10-2025,4,6,48,21,15,36
05-10-2025,20,39,22,31,7,5
08-10-2025,26,33,31,9,4,34
08-10-2025,14,26,36,31,41,49
10-10-2025,10,26,30,42,7,24
10-10-2025,37,49,29,31,17,34
12-10-2025,19,45,6,39,38,42
12-10-2025,39,11,29,4,28,33
15-10-2025,12,11,1,37,47,26
15-10-2025,40,29,44,47,15,20
17-10-2025,40,1,3,21,29,5
17-10-2025,20,36,12,14,7,26
19-10-2025,27,19,21,35,38,34
19-10-2025,36,30,12,42,28,13
22-10-2025,31,12,26,11,32,40
22-10-2025,1,6,23,7,11,30
24-10-2025,42,48,13,44,4,32
24-10-2025,10,6,21,8,12,24
26-10-2025,49,23,1,31,42,35
26-10-2025,43,7,34,2,26,24
29-10-2025,42,1,4,22,3,15
29-10-2025,24,30,15,49,10,6
31-10-2025,41,44,30,32,40,14
31-10-2025,34,18,40,42,14,13
02-11-2025,23,21,5,46,25,8
02-11-2025,16,24,8,45,26,10
05-11-2025,43,46,4,3,45,13
05-11-2025,41,19,38,21,26,4
07-11-2025,5,26,16,15,45,34
07-11-2025,10,26,22,4,35,12
09-11-2025,1,3,4,17,33,14
09-11-2025,49,16,4,15,36,48
12-11-2025,38,41,40,15,7,25
12-11-2025,18,12,35,17,34,15
14-11-2025,1,34,33,4,5,14
14-11-2025,34,6,39,2,1,10
16-11-2025,24,28,27,21,44,39
16-11-2025,15,35,8,40,37,46
19-11-2025,45,3,25,26,40,27
19-11-2025,31,1,17,41,39,23
21-11-2025,1,29,49,16,5,20
21-11-2025,16,7,34,11,19,22
23-11-2025,20,34,26,33,16,32
23-11-2025,49,18,24,6,27,33
26-11-2025,22,37,7,18,9,8
26-11-2025,40,12,5,30,46,45
28-11-2025,4,32,43,18,9,29
28-11-2025,8,29,39,34,46,13
30-11-2025,45,48,9,44,37,29
30-11-2025,41,27,43,20,25,28
03-12-2025,33,11,9,29,39,35
03-12-2025,20,24,34,43,1,47
05-12-2025,13,25,9,47,6,15
05-12-2025,37,43,38,30,22,28
07-12-2025,28,8,37,38,46,21
07-12-2025,38,47,46,13,19,11
10-12-2025,34,28,33,40,9,15
10-12-2025,44,6,23,16,19,48
12-12-2025,26,18,12,17,19,42
12-12-2025,1,41,25,35,48,36
14-12-2025,35,25,36,46,39,38
14-12-2025,21,16,47,41,8,27
17-12-2025,13,37,4,18,11,17
17-12-2025,40,42,36,15,8,6
19-12-2025,11,23,27,31,29,46
19-12-2025,45,34,33,26,24,20
21-12-2025,16,4,7,10,25,21
21-12-2025,19,49,6,28,34,20
23-12-2025,11,24,19,14,18,26
23-12-2025,46,20,4,36,41,3
26-12-2025,47,10,24,19,12,48
26-12-2025,28,3,7,1,40,9
28-12-2025,45,32,47,23,16,2
28-12-2025,14,45,7,39,12,25
31-12-2025,37,11,22,34,38,2
31-12-2025,48,1,28,34,5,19
02-01-2026,10,18,30,45,12,36
02-01-2026,13,3,48,16,27,8
04-01-2026,23,4,45,41,16,10
04-01-2026,37,49,2,9,25,21
07-01-2026,37,17,13,20,4,14
07-01-2026,31,2,37,10,3,48
09-01-2026,1,12,7,30,17,21
09-01-2026,26,11,4,42,5,2
11-01-2026,45,27,32,42,36,28
11-01-2026,32,15,20,1,22,37
14-01-2026,23,18,28,33,39,47
14-01-2026,44,27,49,48,7,10
16-01-2026,34,2,3,12,22,41
16-01-2026,15,28,2,27,23,45
18-01-2026,48,12,13,45,43,26
18-01-2026,6,32,24,27,41,9
21-01-2026,23,12,17,15,22,9
21-01-2026,23,26,29,12,42,36
23-01-2026,44,9,33,18,25,42
23-01-2026,11,38,9,26,32,4
25-01-2026,29,43,7,10,37,19
25-01-2026,45,11,31,8,14,10
28-01-2026,25,5,39,12,29,43
28-01-2026,33,25,39,4,2,46
30-01-2026,18,45,8,44,31,3
30-01-2026,35,2,21,6,23,30
01-02-2026,35,24,28,13,41,9
01-02-2026,3,10,34,27,18,45
04-02-2026,14,33,28,10,47,30
04-02-2026,2,34,6,8,18,3
06-02-2026,43,5,41,32,49,17
06-02-2026,28,47,35,17,19,1
08-02-2026,13,3,12,48,38,36
08-02-2026,22,23,33,14,21,4
11-02-2026,43,44,36,15,2,48
11-02-2026,32,36,9,17,42,25
13-02-2026,19,45,28,29,41,34
13-02-2026,12,21,34,7,13,5
15-02-2026,9,30,35,36,20,18
15-02-2026,4,37,45,27,26,19
18-02-2026,8,22,15,45,9,3
18-02-2026,3,35,29,15,44,7
20-02-2026,20,13,18,43,8,44
20-02-2026,49,6,4,40,5,45
22-02-2026,20,3,35,46,4,29
22-02-2026,28,47,48,40,6,31
25-02-2026,49,20,1,18,15,17
25-02-2026,23,5,30,6,9,8
27-02-2026,39,36,15,32,43,22
27-02-2026,34,33,15,24,48,28
01-03-2026,35,25,38,26,45,33
01-03-2026,15,36,29,26,21,37
04-03-2026,39,46,31,3,41,49
04-03-2026,38,49,26,22,46,7
06-03-2026,23,7,4,46,19,33
06-03-2026,4,32,26,27,5,10
08-03-2026,9,2,24,18,28,46
08-03-2026,4,3,30,14,33,37
11-03-2026,22,30,46,40,3,43
11-03-2026,7,8,2,39,15,19
13-03-2026,36,26,38,46,32,49
13-03-2026,18,30,20,5,21,12
15-03-2026,37,19,45,43,3,47
15-03-2026,39,23,31,36,32,22
18-03-2026,11,25,7,14,27,20
18-03-2026,7,5,21,39,33,11
20-03-2026,2,3,31,30,1,34
20-03-2026,47,30,12,31,46,22
22-03-2026,43,25,37,33,19,38
22-03-2026,13,9,32,5,22,26
25-03-2026,31,36,6,45,40,26
25-03-2026,17,39,1,48,14,2
27-03-2026,40,13,31,26,15,47
27-03-2026,19,41,37,43,32,35
29-03-2026,33,24,38,31,11,3
29-03-2026,39,8,7,32,22,34
01-04-2026,26,17,39,21,36,44
01-04-2026,36,22,20,38,4,34
05-04-2026,17,42,20,28,26,44
05-04-2026,16,36,5,27,21,6
08-04-2026,20,31,40,43,7,42
08-04-2026,26,40,35,39,17,32
10-04-2026,3,8,5,39,42,35
10-04-2026,20,40,5,29,19,41
12-04-2026,26,38,42,18,7,45
12-04-2026,14,20,5,39,37,31
15-04-2026,4,32,28,3,41,14
15-04-2026,33,48,15,23,42,43
17-04-2026,11,43,31,30,34,2
17-04-2026,27,17,24,47,6,26
19-04-2026,29,42,43,19,39,9
19-04-2026,24,49,29,28,25,7
22-04-2026,22,29,16,39,23,8
22-04-2026,33,11,4,39,2,43
24-04-2026,30,27,17,5,25,20
24-04-2026,2,5,24,6,39,37
26-04-2026,1,17,11,12,4,10
26-04-2026,42,29,12,13,33,20
29-04-2026,2,21,49,25,14,22
29-04-2026,2,47,21,29,9,4
01-05-2026,9,4,37,5,25,33
01-05-2026,42,9,27,46,40,23
03-05-2026,44,8,2,17,26,5
03-05-2026,11,15,34,26,46,38
06-05-2026,46,2,5,15,23,21
06-05-2026,32,6,33,7,21,46
08-05-2026,47,7,25,34,17,33
08-05-2026,34,38,48,36,28,2
10-05-2026,19,35,23,7,20,17
10-05-2026,6,22,20,48,41,8
13-05-2026,11,49,5,33,7,15
13-05-2026,36,7,10,16,3,33
15-05-2026,41,7,14,45,6,40
15-05-2026,9,47,8,25,22,7
17-05-2026,20,37,14,30,5,49
17-05-2026,25,42,5,35,36,34
20-05-2026,10,6,38,40,49,34
20-05-2026,21,49,26,15,45,14
22-05-2026,33,25,12,40,19,10
22-05-2026,42,38,41,32,23,45
24-05-2026,39,15,23,17,10,25
24-05-2026,44,3,40,1,33,26
27-05-2026,48,20,35,14,1,17
27-05-2026,17,4,29,3,18,28
29-05-2026,11,19,33,48,9,10
29-05-2026,41,5,36,4,44,33
31-05-2026,35,26,19,4,49,13
31-05-2026,23,3,6,37,39,4
03-06-2026,40,7,32,33,22,26
03-06-2026,47,39,17,32,29,27
05-06-2026,49,8,29,30,13,42
05-06-2026,8,3,45,33,19,4
07-06-2026,26,16,22,43,18,46
07-06-2026,2,14,16,3,19,38
10-06-2026,34,33,14,47,17,29
10-06-2026,11,30,10,23,31,20
12-06-2026,13,48,20,25,27,4
12-06-2026,4,6,25,5,10,23
14-06-2026,9,12,22,1,46,26
14-06-2026,13,17,19,14,10,24
17-06-2026,22,30,5,29,26,36
17-06-2026,22,5,2,35,27,37
19-06-2026,3,10,25,31,42,23
19-06-2026,40,9,3,23,47,11
21-06-2026,27,28,49,4,6,31
21-06-2026,43,2,16,15,7,44
24-06-2026,35,47,43,16,24,34
24-06-2026,14,43,33,12,24,1
26-06-2026,42,20,14,38,48,16
26-06-2026,33,30,40,43,4,1
28-06-2026,35,10,13,21,16,23
28-06-2026,31,14,29,43,8,33
01-07-2026,3,40,48,45,18,38
01-07-2026,16,25,6,8,22,4
03-07-2026,30,45,37,43,15,7
03-07-2026,1,23,31,19,21,41
05-07-2026,6,24,18,20,45,37
05-07-2026,42,19,5,13,20,10
08-07-2026,14,31,16,47,39,43
08-07-2026,44,27,46,11,12,33
10-07-2026,29,22,28,10,32,30
10-07-2026,19,25,32,13,45,11
12-07-2026,21,33,3,35,26,23
12-07-2026,20,37,2,15,26,42
15-07-2026,11,49,8,15,1,40
15-07-2026,26,3,7,22,35,18
17-07-2026,47,38,18,7,6,30
17-07-2026,28,31,11,12,16,26
19-07-2026,48,27,34,13,9,8
19-07-2026,45,23,3,44,25,20
22-07-2026,11,6,35,9,18,41
22-07-2026,41,9,23,22,26,30
24-07-2026,37,32,47,46,11,15
24-07-2026,35,34,10,13,16,14
26-07-2026,48,10,46,34,29,20
26-07-2026,33,28,48,22,4,9
29-07-2026,46,2,45,15,35,14
29-07-2026,16,2,26,39,15,5
31-07-2026,3,15,16,1,34,11
31-07-2026,25,26,17,5,32,43
02-08-2026,6,21,38,41,22,44
02-08-2026,18,8,31,1,29,27
05-08-2026,11,44,40,39,4,48
05-08-2026,45,20,22,16,37,21
07-08-2026,40,25,44,41,11,34
07-08-2026,3,7,6,38,31,1
09-08-2026,24,21,26,18,33,38
09-08-2026,3,47,18,27,9,28
12-08-2026,3,15,31,6,48,25
12-08-2026,25,6,20,32,42,29
14-08-2026,32,5,15,10,24,12
14-08-2026,23,42,6,38,15,17
16-08-2026,23,9,21,30,44,49
16-08-2026,9,43,36,27,31,25
19-08-2026,33,31,10,3,32,38
19-08-2026,16,4,32,20,13,26
21-08-2026,35,39,29,37,12,27
21-08-2026,26,14,22,37,15,19
23-08-2026,35,1,33,38,25,18
23-08-2026,41,43,21,49,20,1
26-08-2026,18,14,28,27,17,20
26-08-2026,15,19,29,4,33,13
28-08-2026,9,18,11,36,45,32
28-08-2026,33,9,12,46,42,32
30-08-2026,29,8,24,45,36,14
30-08-2026,46,39,8,47,48,7
02-09-2026,40,6,1,7,18,38
02-09-2026,44,4,10,16,41,33
04-09-2026,27,16,45,12,30,22
04-09-2026,21,23,30,11,26,47
06-09-2026,44,21,5,35,28,41
06-09-2026,13,44,31,32,30,41
09-09-2026,24,47,49,44,22,15
09-09-2026,25,34,6,22,18,16
11-09-2026,3,28,38,36,27,37
11-09-2026,27,25,42,8,17,44
13-09-2026,45,11,4,20,16,9
13-09-2026,38,42,48,17,26,37
16-09-2026,19,3,15,1,48,14
16-09-2026,43,12,42,36,21,9
18-09-2026,20,35,6,39,33,2
18-09-2026,32,40,17,44,19,35
20-09-2026,7,18,23,30,3,40
20-09-2026,32,47,24,39,23,30
23-09-2026,3,17,48,28,30,19
23-09-2026,36,39,1,23,17,46
25-09-2026,23,27,15,37,22,34
25-09-2026,14,4,24,3,1,47
27-09-2026,28,7,10,5,18,3
27-09-2026,2,48,36,40,16,37
30-09-2026,7,8,47,10,45,23
30-09-2026,43,40,32,29,23,25
02-10-2026,13,33,32,18,14,11
02-10-2026,49,17,42,45,29,26
04-10-2026,25,4,15,24,14,2
04-10-2026,41,10,20,12,26,17
07-10-2026,40,18,14,4,49,42
07-10-2026,20,19,44,18,30,15
09-10-2026,36,13,16,14,5,4
09-10-2026,49,6,5,24,28,31
