date,n1,n2,n3,n4,n5,n6
17-10-1985,3,11,13,15,34,35
24-10-1985,5,16,18,29,43,44
31-10-1985,10,14,29,33,46,48
07-11-1985,2,9,14,19,34,43
14-11-1985,19,22,34,36,37,43
21-11-1985,6,15,35,44,46,48
28-11-1985,9,17,20,34,41,47
05-12-1985,4,14,23,27,30,40
12-12-1985,2,5,7,43,48,49
19-12-1985,5,28,30,34,39,44
02-01-1986,16,18,38,43,44,47
09-01-1986,2,6,8,10,30,48
16-01-1986,2,14,32,36,41,48
23-01-1986,9,17,35,37,38,46
30-01-1986,20,25,35,42,45,46
06-02-1986,13,14,23,41,47,48
13-02-1986,5,18,21,28,35,48
20-02-1986,15,18,39,42,43,49
27-02-1986,3,26,28,31,46,49
06-03-1986,4,10,15,34,35,36
13-03-1986,1,4,12,13,38,45
20-03-1986,11,25,31,35,41,45
27-03-1986,11,20,22,40,41,46
03-04-1986,1,7,16,20,36,38
10-04-1986,6,12,21,23,35,41
17-04-1986,6,12,26,33,35,45
24-04-1986,11,21,34,36,41,44
01-05-1986,1,6,22,35,47,49
08-05-1986,2,20,21,31,36,49
15-05-1986,5,10,15,30,36,37
22-05-1986,2,9,16,18,44,46
29-05-1986,1,12,15,25,44,45
05-06-1986,2,5,18,21,30,31
12-06-1986,1,8,13,15,32,36
19-06-1986,1,11,26,36,45,47
26-06-1986,9,14,15,25,36,38
03-07-1986,8,14,19,41,44,45
10-07-1986,1,29,30,34,38,48
17-07-1986,16,19,24,37,38,49
24-07-1986,3,19,33,41,47,48
31-07-1986,12,14,15,21,35,43
07-08-1986,3,5,16,35,45,46
14-08-1986,30,34,38,43,47,48
21-08-1986,15,21,22,30,34,37
28-08-1986,3,24,25,28,37,41
04-09-1986,4,9,18,27,37,39
11-09-1986,2,3,20,24,30,43
18-09-1986,15,25,31,35,36,43
25-09-1986,8,21,28,38,43,46
02-10-1986,2,11,25,40,41,43
09-10-1986,7,11,23,26,35,46
16-10-1986,16,21,34,37,42,49
23-10-1986,2,12,21,30,35,48
30-10-1986,1,10,26,34,42,48
06-11-1986,17,22,28,40,42,46
13-11-1986,1,6,26,30,41,43
20-11-1986,3,4,10,19,23,30
27-11-1986,4,20,25,37,41,46
04-12-1986,2,6,9,10,24,48
11-12-1986,5,25,39,41,43,45
18-12-1986,10,16,17,22,39,48
01-01-1987,3,7,9,24,28,41
08-01-1987,13,15,16,21,33,46
15-01-1987,7,8,23,28,29,42
22-01-1987,28,33,34,35,44,45
29-01-1987,6,16,24,26,36,42
05-02-1987,12,15,18,25,31,33
12-02-1987,2,4,7,16,24,38
19-02-1987,2,14,15,17,22,37
26-02-1987,6,15,19,20,38,45
05-03-1987,5,12,17,19,28,32
12-03-1987,6,11,19,36,41,48
19-03-1987,4,6,8,14,30,49
26-03-1987,3,12,18,25,26,49
02-04-1987,10,13,19,27,38,43
09-04-1987,4,22,26,31,36,38
16-04-1987,8,9,24,25,41,46
23-04-1987,9,24,26,33,40,44
30-04-1987,12,14,16,32,41,48
07-05-1987,12,33,34,36,39,40
14-05-1987,1,6,32,33,46,47
21-05-1987,6,12,21,25,37,38
28-05-1987,1,2,7,21,32,33
04-06-1987,3,8,21,24,44,45
11-06-1987,10,20,29,31,38,45
18-06-1987,1,3,7,24,29,48
25-06-1987,12,13,15,22,24,44
02-07-1987,11,15,21,25,36,39
09-07-1987,15,16,19,32,36,38
16-07-1987,8,18,25,26,29,47
23-07-1987,4,5,25,29,34,44
30-07-1987,4,15,27,37,47,49
06-08-1987,13,19,35,42,43,49
13-08-1987,6,23,34,39,45,48
20-08-1987,9,13,21,24,35,38
27-08-1987,2,3,4,6,38,43
03-09-1987,7,9,26,36,44,48
10-09-1987,19,24,29,34,38,48
17-09-1987,8,9,23,35,45,47
24-09-1987,5,11,30,39,41,47
01-10-1987,8,12,25,33,48,49
08-10-1987,4,7,10,30,41,46
15-10-1987,6,12,22,28,32,45
22-10-1987,3,15,30,35,40,43
29-10-1987,16,17,24,26,40,41
05-11-1987,5,15,22,35,37,49
12-11-1987,11,20,24,31,32,41
19-11-1987,2,21,30,33,35,41
26-11-1987,7,13,14,21,42,47
03-12-1987,5,7,8,12,21,27
10-12-1987,2,5,12,22,24,42
17-12-1987,18,30,35,40,46,49
24-12-1987,1,4,11,15,16,49
31-12-1987,8,11,18,27,33,38
07-01-1988,1,4,38,39,41,43
14-01-1988,3,5,10,14,36,41
21-01-1988,2,3,10,24,38,43
28-01-1988,1,14,16,25,28,41
04-02-1988,5,8,17,18,45,47
11-02-1988,13,19,25,41,48,49
18-02-1988,3,27,38,39,42,45
25-02-1988,4,6,16,36,40,45
03-03-1988,1,2,11,13,23,40
10-03-1988,6,9,21,27,28,47
17-03-1988,10,12,17,19,31,39
24-03-1988,11,19,22,23,36,40
31-03-1988,4,17,26,28,31,32
07-04-1988,6,8,20,24,28,47
14-04-1988,5,9,10,36,37,44
21-04-1988,10,14,17,27,32,48
28-04-1988,9,11,13,19,43,44
05-05-1988,8,9,17,21,29,48
12-05-1988,7,29,34,35,42,45
19-05-1988,22,28,38,42,44,45
26-05-1988,4,11,24,31,37,43
02-06-1988,4,12,23,29,32,44
09-06-1988,14,15,19,42,47,48
16-06-1988,2,10,11,37,40,46
23-06-1988,1,4,7,24,39,45
30-06-1988,26,29,35,36,41,43
07-07-1988,15,22,25,28,34,44
14-07-1988,5,7,11,20,32,35
21-07-1988,2,8,9,16,43,47
28-07-1988,5,13,26,32,39,42
04-08-1988,4,7,12,13,30,40
11-08-1988,19,23,31,36,39,45
18-08-1988,5,7,12,14,21,32
25-08-1988,1,4,6,19,23,27
01-09-1988,7,12,15,18,22,46
08-09-1988,23,25,28,39,42,47
15-09-1988,12,19,23,38,39,41
22-09-1988,12,14,24,30,39,46
29-09-1988,5,9,33,35,43,47
06-10-1988,2,3,9,16,19,41
13-10-1988,3,13,22,33,43,46
20-10-1988,5,15,25,26,36,46
27-10-1988,1,4,22,26,29,48
03-11-1988,9,17,20,30,35,39
10-11-1988,8,9,24,26,35,41
17-11-1988,1,6,7,22,40,48
24-11-1988,10,17,18,19,24,49
01-12-1988,5,8,19,21,22,40
08-12-1988,8,18,31,36,45,49
15-12-1988,4,10,11,25,37,38
22-12-1988,24,26,27,32,38,42
29-12-1988,13,17,36,39,46,48
05-01-1989,21,27,37,39,42,44
12-01-1989,11,16,20,29,41,45
19-01-1989,4,17,20,27,34,36
26-01-1989,11,19,23,31,33,47
02-02-1989,4,17,19,20,25,31
09-02-1989,1,6,18,20,23,26
16-02-1989,3,4,13,18,26,48
23-02-1989,9,35,43,45,47,49
02-03-1989,9,13,15,29,41,46
09-03-1989,1,3,7,17,18,32
16-03-1989,16,19,23,32,38,39
23-03-1989,22,28,31,32,34,47
30-03-1989,6,16,20,23,24,32
06-04-1989,5,6,8,9,21,43
13-04-1989,20,21,36,39,40,45
20-04-1989,4,8,9,30,37,48
27-04-1989,1,16,20,26,47,49
04-05-1989,22,24,35,38,40,42
11-05-1989,6,18,20,40,42,44
18-05-1989,9,23,25,33,37,39
25-05-1989,1,3,17,20,34,41
01-06-1989,13,19,23,27,31,46
08-06-1989,14,18,29,36,37,42
15-06-1989,19,21,23,24,32,43
22-06-1989,1,15,22,27,45,46
29-06-1989,20,21,23,41,43,45
06-07-1989,1,2,4,5,13,31
13-07-1989,5,28,41,45,46,47
20-07-1989,22,23,30,35,37,41
27-07-1989,8,12,17,28,34,36
03-08-1989,3,7,14,23,24,28
10-08-1989,5,16,31,34,39,40
17-08-1989,2,4,7,25,28,45
24-08-1989,11,18,19,22,25,30
31-08-1989,2,20,22,35,43,44
07-09-1989,1,5,18,24,33,39
14-09-1989,6,22,24,25,38,42
21-09-1989,12,26,31,37,40,45
28-09-1989,16,21,23,30,35,45
05-10-1989,1,2,5,16,33,49
12-10-1989,3,5,23,24,38,47
19-10-1989,3,5,6,23,24,34
26-10-1989,1,27,37,40,41,47
02-11-1989,5,6,7,16,19,29
09-11-1989,4,6,33,37,41,48
16-11-1989,3,11,18,25,32,34
23-11-1989,1,19,24,30,33,34
30-11-1989,18,20,21,27,46,47
07-12-1989,13,26,30,39,41,47
14-12-1989,11,15,18,19,20,21
21-12-1989,9,15,21,39,42,47
28-12-1989,7,20,21,30,31,44
04-01-1990,3,18,23,31,36,48
11-01-1990,8,9,14,16,23,38
18-01-1990,6,22,30,32,45,47
25-01-1990,9,11,12,23,36,44
01-02-1990,16,21,25,26,37,49
08-02-1990,17,19,26,29,38,49
15-02-1990,11,12,17,22,23,30
22-02-1990,12,14,16,29,33,38
01-03-1990,7,17,33,39,45,47
08-03-1990,2,10,20,22,28,40
15-03-1990,12,24,32,40,41,46
22-03-1990,1,3,8,11,39,43
29-03-1990,2,14,19,34,36,37
05-04-1990,5,20,23,40,42,46
12-04-1990,2,4,19,27,31,40
19-04-1990,6,15,22,28,32,33
26-04-1990,14,20,29,31,37,45
03-05-1990,16,28,30,36,40,47
10-05-1990,5,13,25,31,33,48
17-05-1990,11,19,34,36,39,44
19-05-1990,16,23,25,26,43,49
24-05-1990,2,11,17,30,40,45
26-05-1990,1,11,25,33,37,40
31-05-1990,12,22,32,37,39,47
02-06-1990,11,31,38,43,46,47
07-06-1990,20,23,25,27,34,49
09-06-1990,2,4,13,22,38,48
14-06-1990,15,22,25,28,44,45
16-06-1990,12,18,23,25,33,35
21-06-1990,10,13,22,23,33,34
23-06-1990,3,11,15,22,34,38
28-06-1990,8,16,19,23,38,43
30-06-1990,6,17,19,20,34,46
05-07-1990,3,10,14,24,25,38
07-07-1990,3,4,6,16,26,40
12-07-1990,8,24,25,36,39,42
14-07-1990,17,24,27,30,31,41
19-07-1990,15,18,22,30,37,40
21-07-1990,12,14,18,26,40,44
26-07-1990,15,17,37,39,41,43
28-07-1990,2,7,11,32,33,34
02-08-1990,8,10,25,28,35,37
04-08-1990,6,13,23,27,29,38
09-08-1990,9,13,16,17,27,38
11-08-1990,6,12,18,23,45,48
16-08-1990,1,4,23,37,38,43
18-08-1990,6,9,26,29,41,46
23-08-1990,8,11,13,18,27,34
25-08-1990,22,23,24,29,35,38
30-08-1990,12,19,34,38,41,46
06-09-1990,11,12,30,39,44,45
13-09-1990,26,27,29,37,48,49
20-09-1990,7,13,15,19,28,46
27-09-1990,5,16,26,37,39,46
04-10-1990,4,7,19,33,35,44
11-10-1990,27,30,33,39,40,43
18-10-1990,7,13,22,34,40,42
25-10-1990,4,10,38,39,43,47
01-11-1990,1,5,21,28,35,37
08-11-1990,6,8,38,41,43,46
15-11-1990,19,22,23,27,28,29
22-11-1990,5,9,22,24,36,40
29-11-1990,9,23,25,27,34,40
06-12-1990,5,14,29,30,41,45
13-12-1990,14,15,22,25,28,32
20-12-1990,12,17,22,31,37,44
27-12-1990,5,14,20,21,22,28
03-01-1991,5,6,13,25,41,48
10-01-1991,13,24,28,29,36,42
17-01-1991,23,31,35,41,43,49
24-01-1991,6,7,11,33,35,44
31-01-1991,2,20,25,33,38,45
07-02-1991,2,5,14,21,27,38
14-02-1991,4,5,14,26,34,40
21-02-1991,9,13,17,38,39,43
28-02-1991,4,18,29,31,32,46
07-03-1991,5,13,21,43,46,47
14-03-1991,2,29,31,38,42,45
21-03-1991,11,12,20,36,39,45
28-03-1991,6,8,19,34,46,47
04-04-1991,3,4,15,20,34,38
11-04-1991,1,8,16,19,22,37
18-04-1991,12,13,22,25,31,37
25-04-1991,3,15,19,26,31,35
02-05-1991,3,12,23,25,31,43
09-05-1991,14,21,23,26,37,44
16-05-1991,3,5,23,36,37,49
23-05-1991,22,32,36,40,41,43
30-05-1991,18,21,25,29,30,45
06-06-1991,5,10,18,22,28,39
13-06-1991,6,16,21,25,32,46
15-06-1991,23,27,32,36,39,42
20-06-1991,2,14,22,33,47,48
22-06-1991,12,17,31,39,47,49
27-06-1991,17,22,27,31,34,39
29-06-1991,3,4,18,27,44,46
04-07-1991,1,3,12,20,21,47
06-07-1991,11,21,26,28,46,47
11-07-1991,5,13,15,25,42,49
13-07-1991,5,12,19,31,39,44
18-07-1991,8,13,14,24,30,32
20-07-1991,1,6,13,17,24,38
25-07-1991,3,20,26,29,30,37
27-07-1991,2,8,18,20,22,29
01-08-1991,5,8,25,28,34,47
03-08-1991,1,15,20,27,28,34
08-08-1991,4,10,13,15,35,37
10-08-1991,1,7,8,12,15,18
15-08-1991,14,15,26,31,36,43
17-08-1991,15,17,23,27,28,42
22-08-1991,5,10,22,24,33,36
24-08-1991,13,16,17,22,25,34
29-08-1991,15,17,20,23,41,48
31-08-1991,16,19,20,29,38,48
05-09-1991,6,15,23,26,41,47
07-09-1991,11,30,33,39,45,49
12-09-1991,1,22,30,39,46,47
14-09-1991,4,14,31,38,41,44
19-09-1991,1,9,10,15,24,36
21-09-1991,5,17,27,34,37,44
26-09-1991,6,11,13,18,24,43
28-09-1991,14,22,23,38,40,43
03-10-1991,2,19,24,38,39,44
05-10-1991,7,9,23,40,47,48
10-10-1991,11,16,17,20,25,42
12-10-1991,2,11,12,22,33,40
17-10-1991,8,19,25,33,34,38
19-10-1991,8,10,23,37,41,47
24-10-1991,16,26,41,43,44,46
26-10-1991,5,12,25,26,33,49
31-10-1991,1,7,12,21,42,45
02-11-1991,6,12,23,30,35,37
07-11-1991,8,15,16,18,22,34
09-11-1991,1,11,16,37,48,49
14-11-1991,7,15,23,36,37,45
16-11-1991,2,11,14,33,37,49
21-11-1991,8,18,27,30,33,35
23-11-1991,2,9,10,13,34,46
28-11-1991,1,4,9,29,40,47
30-11-1991,6,9,19,23,37,44
05-12-1991,2,11,12,24,43,48
07-12-1991,9,14,16,26,44,47
12-12-1991,2,7,17,35,39,41
14-12-1991,6,26,29,35,42,46
19-12-1991,5,8,22,36,40,41
21-12-1991,4,10,19,29,30,38
26-12-1991,14,18,29,30,32,37
28-12-1991,13,23,35,42,44,47
02-01-1992,11,18,34,42,48,49
04-01-1992,12,16,17,30,43,44
09-01-1992,3,14,17,24,27,38
11-01-1992,2,14,21,35,39,41
16-01-1992,1,4,5,8,32,41
18-01-1992,4,22,25,30,37,39
23-01-1992,2,6,9,11,37,47
25-01-1992,3,8,16,19,23,33
30-01-1992,13,15,18,29,30,36
01-02-1992,10,12,17,40,43,46
06-02-1992,5,8,32,42,45,49
08-02-1992,7,14,15,29,31,49
13-02-1992,2,6,30,33,36,43
15-02-1992,16,19,29,36,42,44
20-02-1992,2,3,9,14,38,47
22-02-1992,1,2,27,28,42,48
27-02-1992,4,18,23,40,42,48
29-02-1992,5,9,15,30,31,37
05-03-1992,2,3,18,26,29,36
07-03-1992,4,18,28,38,41,43
12-03-1992,7,12,22,29,38,43
14-03-1992,15,25,26,29,33,44
19-03-1992,4,6,35,40,46,47
21-03-1992,4,13,22,28,38,42
26-03-1992,12,26,27,39,42,49
28-03-1992,3,6,14,19,37,41
02-04-1992,4,15,24,27,39,41
04-04-1992,14,21,25,31,42,46
09-04-1992,2,6,31,39,43,44
11-04-1992,5,19,23,25,31,46
16-04-1992,4,13,22,27,39,41
18-04-1992,11,16,27,35,39,48
23-04-1992,12,16,28,30,40,49
25-04-1992,15,16,17,39,41,47
30-04-1992,1,8,9,10,25,35
02-05-1992,6,11,14,31,39,47
07-05-1992,2,17,18,29,42,44
09-05-1992,5,9,21,24,25,38
14-05-1992,4,10,21,28,41,46
16-05-1992,3,19,23,32,33,38
21-05-1992,3,6,34,35,40,47
23-05-1992,4,5,15,21,25,39
28-05-1992,8,9,14,32,40,49
30-05-1992,8,11,12,18,21,26
04-06-1992,13,26,31,33,42,45
06-06-1992,8,11,15,23,25,38
11-06-1992,9,14,32,38,39,47
13-06-1992,4,12,25,37,44,49
18-06-1992,1,4,21,22,24,32
20-06-1992,13,24,29,30,37,42
25-06-1992,2,14,22,27,34,48
27-06-1992,5,8,17,31,41,47
02-07-1992,8,9,11,32,38,39
04-07-1992,9,12,18,19,43,47
09-07-1992,3,4,19,33,45,47
11-07-1992,3,13,27,38,42,44
16-07-1992,15,19,21,30,31,44
18-07-1992,10,22,23,28,31,38
23-07-1992,8,9,14,33,42,48
25-07-1992,27,33,40,41,45,46
30-07-1992,7,14,16,25,31,47
01-08-1992,1,7,26,32,42,46
06-08-1992,23,25,29,40,42,44
08-08-1992,8,12,28,30,31,49
13-08-1992,10,15,16,17,22,39
15-08-1992,3,6,16,26,27,41
20-08-1992,1,16,21,23,26,35
22-08-1992,7,19,26,30,43,49
27-08-1992,5,7,31,37,40,43
29-08-1992,17,23,30,40,46,47
03-09-1992,1,8,13,21,38,46
05-09-1992,2,6,9,19,25,49
10-09-1992,6,8,13,20,32,35
12-09-1992,1,2,5,16,25,26
17-09-1992,13,14,15,29,39,41
19-09-1992,25,28,33,38,43,44
24-09-1992,17,18,31,33,42,45
26-09-1992,10,15,29,35,44,46
01-10-1992,4,20,22,31,37,47
03-10-1992,5,10,26,27,28,44
08-10-1992,11,13,18,19,41,47
10-10-1992,3,16,17,24,30,39
15-10-1992,5,6,23,28,34,40
17-10-1992,15,20,27,40,45,49
22-10-1992,11,30,34,37,41,44
24-10-1992,12,13,15,19,21,48
29-10-1992,3,9,30,34,38,40
31-10-1992,6,15,16,18,24,49
05-11-1992,8,14,23,28,29,47
07-11-1992,4,8,25,26,32,37
12-11-1992,11,14,20,33,45,48
14-11-1992,2,10,29,33,36,46
19-11-1992,10,16,18,30,46,49
21-11-1992,2,3,5,21,32,45
26-11-1992,7,16,34,37,39,49
28-11-1992,5,14,22,27,29,45
03-12-1992,3,14,17,20,35,47
05-12-1992,6,18,21,28,33,45
10-12-1992,1,25,34,39,46,48
12-12-1992,5,9,16,27,28,31
17-12-1992,14,16,20,24,36,47
19-12-1992,9,36,37,42,44,49
24-12-1992,2,17,29,35,42,44
26-12-1992,2,3,20,29,42,44
31-12-1992,13,16,39,43,45,47
02-01-1993,7,15,19,28,29,36
07-01-1993,7,10,12,15,20,36
09-01-1993,4,6,28,36,45,48
14-01-1993,12,21,35,40,41,47
16-01-1993,5,13,14,31,36,40
21-01-1993,1,10,13,17,19,45
23-01-1993,5,6,15,27,36,47
28-01-1993,23,26,38,42,43,45
30-01-1993,4,10,15,22,25,47
04-02-1993,1,7,10,17,27,39
06-02-1993,1,11,21,26,33,49
11-02-1993,1,8,12,33,40,46
13-02-1993,9,16,18,23,31,46
18-02-1993,20,22,28,29,31,41
20-02-1993,1,4,7,17,20,44
25-02-1993,5,20,24,32,35,39
27-02-1993,14,18,30,40,45,49
04-03-1993,1,14,20,29,40,45
06-03-1993,4,12,32,37,39,47
11-03-1993,9,26,28,45,46,49
13-03-1993,10,13,27,34,35,46
18-03-1993,4,18,20,35,45,46
20-03-1993,4,18,27,38,43,47
25-03-1993,4,7,13,15,19,44
27-03-1993,3,16,17,30,47,48
01-04-1993,12,27,28,43,45,47
03-04-1993,4,9,14,27,40,41
08-04-1993,13,19,24,35,36,48
10-04-1993,3,17,28,31,33,47
15-04-1993,30,36,37,40,41,49
17-04-1993,11,16,22,34,36,48
22-04-1993,7,9,13,15,40,47
24-04-1993,7,25,26,27,42,44
29-04-1993,9,16,35,38,41,48
01-05-1993,3,4,31,37,39,49
06-05-1993,6,7,16,28,43,45
08-05-1993,6,12,13,17,36,37
13-05-1993,4,6,17,19,44,47
15-05-1993,10,17,26,38,39,41
20-05-1993,1,5,10,40,46,48
22-05-1993,12,15,21,25,42,46
27-05-1993,7,9,30,35,36,46
29-05-1993,12,28,31,38,45,49
03-06-1993,3,5,7,8,26,33
05-06-1993,14,25,28,29,38,41
10-06-1993,3,8,18,24,36,48
12-06-1993,7,18,23,33,37,40
17-06-1993,6,7,14,20,35,39
19-06-1993,1,10,12,14,17,34
24-06-1993,1,9,26,33,42,48
26-06-1993,8,16,18,20,23,46
01-07-1993,17,18,22,35,40,45
03-07-1993,9,21,29,32,36,42
08-07-1993,26,39,41,42,44,49
10-07-1993,2,3,5,17,26,35
15-07-1993,2,4,5,8,9,42
17-07-1993,9,16,19,33,41,48
22-07-1993,13,20,23,30,39,47
24-07-1993,5,11,17,23,27,33
29-07-1993,4,7,12,15,30,39
31-07-1993,6,28,43,47,48,49
05-08-1993,6,8,21,25,29,30
07-08-1993,15,16,20,26,31,41
12-08-1993,2,13,14,24,32,49
14-08-1993,24,28,31,36,38,48
19-08-1993,3,5,10,19,36,48
21-08-1993,10,11,15,21,39,46
26-08-1993,1,17,27,33,36,38
28-08-1993,12,20,23,29,32,38
02-09-1993,7,10,15,18,19,21
04-09-1993,20,22,27,31,38,39
09-09-1993,7,9,28,35,36,45
11-09-1993,7,11,12,35,46,47
16-09-1993,1,5,33,40,43,47
18-09-1993,18,21,22,26,30,44
23-09-1993,9,14,22,27,34,43
25-09-1993,5,8,12,13,43,47
30-09-1993,2,21,22,27,39,47
02-10-1993,6,7,11,28,32,49
07-10-1993,3,11,16,21,34,35
09-10-1993,3,5,7,12,24,26
14-10-1993,9,10,22,26,38,43
16-10-1993,8,20,23,25,26,43
21-10-1993,5,13,20,22,37,49
23-10-1993,14,28,29,32,45,49
28-10-1993,13,23,24,25,26,38
30-10-1993,9,23,31,38,40,46
04-11-1993,21,23,26,31,37,40
06-11-1993,5,10,14,17,24,33
11-11-1993,2,7,18,30,39,40
13-11-1993,8,11,27,33,34,46
18-11-1993,7,13,20,26,39,46
20-11-1993,2,21,24,26,27,47
25-11-1993,7,14,23,26,27,28
27-11-1993,4,6,22,23,32,43
02-12-1993,1,9,17,30,37,40
04-12-1993,2,11,13,29,32,38
09-12-1993,7,10,14,19,35,44
11-12-1993,5,23,25,41,44,47
16-12-1993,11,19,20,35,37,42
18-12-1993,5,25,33,36,43,44
23-12-1993,2,5,6,18,34,45
25-12-1993,2,6,13,30,42,44
30-12-1993,4,5,18,30,31,44
01-01-1994,8,23,25,32,38,47
06-01-1994,7,8,18,35,43,49
08-01-1994,20,25,27,40,44,49
13-01-1994,3,13,15,16,39,43
15-01-1994,1,8,17,35,43,49
20-01-1994,5,7,14,34,40,42
22-01-1994,9,15,16,22,34,36
27-01-1994,18,28,29,33,38,41
29-01-1994,5,10,11,42,45,46
03-02-1994,1,3,17,20,39,40
05-02-1994,3,14,15,31,47,48
10-02-1994,3,4,14,16,33,49
12-02-1994,9,16,22,42,48,49
17-02-1994,3,26,30,43,46,47
19-02-1994,5,11,12,16,22,35
24-02-1994,11,26,30,31,34,45
26-02-1994,1,15,22,33,35,41
03-03-1994,5,16,17,35,40,45
05-03-1994,2,14,21,32,33,44
10-03-1994,6,10,11,13,23,32
12-03-1994,7,10,26,34,42,43
17-03-1994,9,10,21,24,45,48
19-03-1994,14,24,25,28,33,45
24-03-1994,7,13,22,40,44,45
26-03-1994,21,31,34,40,48,49
31-03-1994,3,4,13,27,31,45
02-04-1994,10,14,19,24,27,42
07-04-1994,18,25,35,38,40,42
09-04-1994,6,15,19,39,43,46
14-04-1994,8,13,29,32,38,42
16-04-1994,2,11,24,28,38,48
21-04-1994,4,8,34,39,41,45
23-04-1994,3,13,22,38,42,48
28-04-1994,3,9,19,22,39,40
30-04-1994,6,9,12,18,21,40
05-05-1994,6,21,25,27,35,40
07-05-1994,7,12,25,31,41,43
12-05-1994,8,20,22,28,30,41
14-05-1994,9,10,13,39,43,49
19-05-1994,5,9,22,29,33,42
21-05-1994,7,12,13,24,41,48
26-05-1994,9,20,32,34,35,39
28-05-1994,10,11,13,15,25,29
02-06-1994,5,6,15,20,23,27
04-06-1994,18,29,33,39,43,48
09-06-1994,2,12,22,26,27,41
11-06-1994,1,7,21,28,29,34
16-06-1994,4,15,29,39,42,43
18-06-1994,2,7,9,11,14,16
23-06-1994,1,12,23,35,40,45
25-06-1994,3,8,22,27,33,41
30-06-1994,5,9,33,40,46,47
02-07-1994,1,10,14,40,48,49
07-07-1994,8,15,17,20,29,36
09-07-1994,16,21,24,39,44,46
14-07-1994,12,14,15,25,43,47
16-07-1994,11,15,26,33,38,45
21-07-1994,10,13,28,31,34,38
23-07-1994,16,30,38,39,42,44
28-07-1994,11,22,35,39,46,48
30-07-1994,3,16,26,28,37,41
04-08-1994,30,33,42,44,46,47
06-08-1994,8,13,17,33,45,47
11-08-1994,8,11,19,32,37,39
13-08-1994,7,8,27,30,37,45
18-08-1994,5,9,20,24,25,45
20-08-1994,19,24,28,32,41,47
25-08-1994,2,10,12,18,19,43
27-08-1994,11,13,22,24,25,39
01-09-1994,1,2,9,13,19,20
03-09-1994,3,13,16,33,44,49
08-09-1994,26,27,39,40,41,49
10-09-1994,1,15,20,32,41,48
15-09-1994,12,17,21,23,29,35
17-09-1994,26,28,31,40,46,47
22-09-1994,12,14,30,40,42,49
24-09-1994,7,8,17,25,32,35
29-09-1994,2,19,27,29,45,49
01-10-1994,3,10,12,15,26,33
06-10-1994,15,22,26,29,33,35
08-10-1994,1,4,23,30,31,32
13-10-1994,3,10,12,26,30,38
15-10-1994,11,14,17,22,23,48
20-10-1994,9,14,28,29,42,44
22-10-1994,3,8,10,14,19,49
27-10-1994,9,15,27,32,47,49
29-10-1994,2,6,9,18,28,33
03-11-1994,4,6,10,17,32,45
05-11-1994,18,22,23,33,40,42
10-11-1994,6,7,25,36,41,43
12-11-1994,1,6,21,29,33,43
17-11-1994,1,6,17,26,30,32
19-11-1994,15,18,23,27,32,41
24-11-1994,8,15,20,46,47,48
26-11-1994,4,17,25,26,30,49
01-12-1994,4,14,38,43,44,48
03-12-1994,1,20,23,26,32,36
08-12-1994,3,17,18,23,25,42
10-12-1994,17,28,33,34,36,41
15-12-1994,2,15,25,34,35,36
17-12-1994,7,23,25,27,29,49
22-12-1994,1,5,26,45,47,48
24-12-1994,2,8,15,27,34,39
29-12-1994,3,15,18,36,40,44
31-12-1994,1,3,7,18,21,42
05-01-1995,1,9,16,17,20,31
07-01-1995,1,2,10,31,33,49
12-01-1995,5,8,11,35,40,49
14-01-1995,1,5,7,16,21,27
19-01-1995,18,25,37,38,44,49
21-01-1995,4,7,9,21,31,38
26-01-1995,1,11,30,35,45,47
28-01-1995,6,17,32,33,35,41
02-02-1995,7,14,18,39,43,47
04-02-1995,6,10,15,16,38,43
09-02-1995,2,9,20,25,40,43
11-02-1995,5,11,15,19,29,32
16-02-1995,5,15,17,22,32,40
18-02-1995,7,8,12,36,38,44
23-02-1995,7,13,14,20,23,48
25-02-1995,7,8,11,28,30,32
02-03-1995,1,15,19,26,46,47
04-03-1995,2,14,24,25,33,44
09-03-1995,1,12,16,26,46,47
11-03-1995,10,16,29,42,43,48
16-03-1995,6,8,26,33,35,49
18-03-1995,18,19,31,33,35,42
23-03-1995,5,18,24,36,43,47
25-03-1995,9,21,25,37,38,39
30-03-1995,15,25,43,44,46,48
01-04-1995,3,15,18,29,43,47
06-04-1995,3,12,19,37,38,48
08-04-1995,12,18,24,27,33,39
13-04-1995,1,14,16,19,21,42
15-04-1995,4,6,13,15,21,48
20-04-1995,6,11,22,31,34,41
22-04-1995,8,10,28,36,37,47
27-04-1995,1,3,21,25,26,40
29-04-1995,2,6,7,28,44,45
04-05-1995,11,17,20,23,38,45
06-05-1995,2,9,16,21,39,44
11-05-1995,3,9,16,17,40,47
13-05-1995,1,8,9,27,34,39
18-05-1995,5,23,24,37,41,48
20-05-1995,3,19,24,27,34,39
25-05-1995,2,5,6,45,46,47
27-05-1995,21,26,28,34,39,42
01-06-1995,2,13,14,15,33,36
03-06-1995,3,8,9,10,14,22
08-06-1995,2,8,9,21,26,33
10-06-1995,12,13,16,21,22,42
15-06-1995,10,11,38,40,42,47
17-06-1995,13,17,35,38,42,48
22-06-1995,8,14,16,21,26,49
24-06-1995,1,16,26,28,29,41
29-06-1995,11,12,25,35,36,37
01-07-1995,2,23,28,37,44,48
06-07-1995,8,11,19,34,36,42
08-07-1995,5,10,14,22,30,47
13-07-1995,12,22,28,34,39,48
15-07-1995,4,14,20,22,27,45
20-07-1995,1,11,18,29,33,49
22-07-1995,1,29,31,36,45,46
27-07-1995,1,21,30,31,41,48
29-07-1995,5,6,7,16,40,43
03-08-1995,5,7,12,29,34,35
05-08-1995,7,16,25,33,37,47
10-08-1995,9,11,13,27,37,42
12-08-1995,4,8,11,16,31,37
17-08-1995,5,7,28,33,35,47
19-08-1995,16,34,35,38,45,46
24-08-1995,8,9,19,30,34,48
26-08-1995,4,16,18,22,36,48
31-08-1995,4,9,13,29,39,46
02-09-1995,4,15,17,20,25,32
07-09-1995,7,14,19,22,23,35
09-09-1995,1,2,3,8,42,45
14-09-1995,9,11,17,26,32,39
16-09-1995,19,22,26,30,37,41
21-09-1995,3,4,18,19,25,44
23-09-1995,1,15,24,33,40,41
28-09-1995,10,15,36,38,44,45
30-09-1995,1,4,12,16,31,42
05-10-1995,2,5,10,14,18,48
07-10-1995,17,20,27,33,39,47
12-10-1995,12,20,26,32,33,47
14-10-1995,4,7,13,27,34,36
19-10-1995,4,12,14,32,37,48
21-10-1995,2,4,10,24,27,46
26-10-1995,6,32,39,40,41,47
28-10-1995,5,16,24,26,28,33
02-11-1995,2,10,19,23,32,35
04-11-1995,6,13,22,24,31,34
09-11-1995,17,21,32,34,35,41
11-11-1995,2,4,6,11,20,48
16-11-1995,1,9,11,17,32,36
18-11-1995,4,9,10,29,35,40
23-11-1995,2,9,28,34,35,41
25-11-1995,7,9,12,28,35,41
30-11-1995,3,7,10,30,31,37
02-12-1995,6,7,10,13,28,35
07-12-1995,3,14,16,24,32,39
09-12-1995,7,8,26,37,39,41
14-12-1995,24,25,31,39,41,45
16-12-1995,9,20,21,22,42,44
21-12-1995,8,10,28,35,42,46
23-12-1995,5,15,17,20,24,29
28-12-1995,3,6,20,31,36,42
30-12-1995,1,19,31,32,36,43
04-01-1996,6,8,23,32,33,42
06-01-1996,5,31,33,40,47,49
11-01-1996,6,12,13,31,40,45
13-01-1996,2,3,4,25,41,46
18-01-1996,9,29,32,36,40,41
20-01-1996,9,17,20,21,26,37
25-01-1996,2,5,10,30,34,35
27-01-1996,4,10,31,39,42,47
01-02-1996,3,11,14,18,29,36
03-02-1996,1,30,32,37,40,45
08-02-1996,21,22,27,29,40,48
10-02-1996,1,4,5,7,36,45
15-02-1996,2,6,8,23,26,31
17-02-1996,4,14,33,36,39,43
22-02-1996,1,5,12,24,34,42
24-02-1996,24,29,37,38,39,45
29-02-1996,13,23,33,36,42,47
02-03-1996,1,10,23,24,29,47
07-03-1996,7,11,14,19,25,47
09-03-1996,4,17,20,24,34,47
14-03-1996,4,5,29,31,36,47
16-03-1996,17,38,39,44,45,47
21-03-1996,3,13,20,23,31,36
23-03-1996,1,14,17,25,43,48
28-03-1996,7,13,14,20,29,38
30-03-1996,1,2,21,30,41,46
04-04-1996,2,10,12,22,36,49
06-04-1996,6,14,16,18,27,39
11-04-1996,7,8,12,16,31,44
13-04-1996,3,6,16,24,39,49
18-04-1996,6,13,17,21,25,26
20-04-1996,8,14,17,19,24,49
25-04-1996,1,15,21,30,40,47
27-04-1996,3,23,36,44,47,49
02-05-1996,13,14,23,28,38,41
04-05-1996,10,13,26,37,38,45
09-05-1996,6,11,13,14,23,44
11-05-1996,6,14,28,30,45,49
16-05-1996,1,5,6,10,45,49
18-05-1996,7,16,17,29,30,48
23-05-1996,6,16,19,20,38,49
25-05-1996,27,33,39,41,44,46
30-05-1996,5,12,25,27,43,46
01-06-1996,6,14,18,30,46,48
06-06-1996,3,4,10,19,25,46
08-06-1996,12,20,31,34,36,45
13-06-1996,4,36,43,46,47,49
15-06-1996,7,25,27,38,40,41
20-06-1996,6,11,16,37,40,48
22-06-1996,7,8,13,19,26,33
27-06-1996,10,14,16,20,36,46
29-06-1996,1,39,43,45,46,49
04-07-1996,7,11,13,27,32,47
06-07-1996,12,17,18,19,22,32
11-07-1996,1,21,42,43,44,45
13-07-1996,8,10,12,30,35,46
18-07-1996,12,21,29,35,42,44
20-07-1996,2,11,29,36,44,47
25-07-1996,1,3,12,19,29,44
27-07-1996,6,16,18,30,37,40
01-08-1996,1,11,24,27,40,46
03-08-1996,6,32,33,34,38,47
08-08-1996,17,19,22,26,41,42
10-08-1996,14,17,19,21,41,43
15-08-1996,4,12,32,36,47,48
17-08-1996,9,13,21,22,33,40
22-08-1996,5,14,35,36,37,40
24-08-1996,3,7,10,14,23,43
29-08-1996,1,9,20,23,29,34
31-08-1996,2,5,6,33,35,40
05-09-1996,14,25,28,35,36,38
07-09-1996,2,29,35,39,44,45
12-09-1996,3,14,15,30,38,48
14-09-1996,6,9,21,29,37,43
19-09-1996,2,13,14,19,24,36
21-09-1996,7,17,23,26,47,49
26-09-1996,5,16,20,38,43,45
28-09-1996,11,21,27,34,41,48
03-10-1996,3,11,17,29,41,45
05-10-1996,1,5,6,13,18,36
10-10-1996,6,11,15,29,35,47
12-10-1996,1,5,16,17,39,45
17-10-1996,7,10,11,24,26,48
19-10-1996,1,7,16,23,37,49
24-10-1996,6,8,10,33,40,43
26-10-1996,1,5,9,11,18,25
31-10-1996,1,16,23,32,34,43
02-11-1996,14,18,33,36,45,48
07-11-1996,4,9,12,13,24,42
09-11-1996,18,26,27,37,44,49
14-11-1996,2,3,5,15,28,32
16-11-1996,4,14,19,20,29,45
21-11-1996,3,6,12,24,33,37
23-11-1996,3,9,23,37,38,44
28-11-1996,7,9,38,39,40,43
30-11-1996,4,13,26,27,32,43
05-12-1996,2,16,17,31,36,37
07-12-1996,5,6,22,34,39,44
12-12-1996,13,17,26,28,29,33
14-12-1996,17,19,23,26,31,32
19-12-1996,6,24,26,34,44,47
21-12-1996,8,10,20,21,24,38
26-12-1996,3,5,18,27,39,46
28-12-1996,3,10,15,32,38,49
02-01-1997,8,25,29,36,38,48
04-01-1997,1,11,12,18,26,40
09-01-1997,12,24,29,30,31,48
11-01-1997,2,27,30,32,40,45
16-01-1997,8,10,12,23,39,40
18-01-1997,7,19,25,28,29,37
23-01-1997,6,32,37,41,42,45
25-01-1997,2,8,11,21,28,44
30-01-1997,3,4,11,12,15,31
01-02-1997,9,21,31,39,44,47
06-02-1997,3,6,10,19,20,28
08-02-1997,5,21,29,35,40,42
13-02-1997,8,11,19,20,27,29
15-02-1997,7,10,18,20,23,44
20-02-1997,3,6,16,21,35,48
22-02-1997,11,20,42,45,48,49
27-02-1997,8,9,13,23,31,37
01-03-1997,7,18,27,43,46,47
06-03-1997,6,9,16,27,39,45
08-03-1997,9,16,32,41,42,49
13-03-1997,5,7,9,29,34,47
15-03-1997,20,24,29,32,37,47
20-03-1997,8,13,19,23,27,30
22-03-1997,1,3,21,25,34,41
27-03-1997,2,3,21,24,35,45
29-03-1997,3,13,22,28,34,44
03-04-1997,12,21,23,35,37,42
05-04-1997,22,29,33,38,44,49
10-04-1997,19,21,22,25,38,41
12-04-1997,6,12,18,20,23,27
17-04-1997,5,6,8,15,25,46
19-04-1997,6,19,30,32,42,49
24-04-1997,6,7,23,29,35,36
26-04-1997,4,13,18,37,40,44
01-05-1997,13,15,25,30,37,43
03-05-1997,2,6,13,14,33,43
08-05-1997,10,13,27,30,34,38
10-05-1997,3,4,21,27,29,38
15-05-1997,4,9,12,19,44,45
17-05-1997,4,23,28,38,46,47
22-05-1997,1,4,10,12,15,32
24-05-1997,16,22,26,32,38,41
29-05-1997,11,14,16,20,28,47
31-05-1997,10,20,23,32,46,48
05-06-1997,20,24,33,34,43,46
07-06-1997,11,13,17,21,30,37
12-06-1997,6,25,29,35,36,43
14-06-1997,3,23,27,32,39,40
19-06-1997,18,31,37,39,40,42
21-06-1997,4,14,22,26,27,43
26-06-1997,1,24,25,27,45,49
28-06-1997,1,21,31,41,44,48
03-07-1997,1,10,20,21,25,35
05-07-1997,5,27,30,37,38,48
10-07-1997,3,20,22,23,44,46
12-07-1997,20,28,29,32,48,49
17-07-1997,19,20,22,26,35,42
19-07-1997,4,7,18,31,35,38
24-07-1997,1,2,8,10,33,44
26-07-1997,10,15,23,27,28,29
31-07-1997,17,33,37,38,42,44
02-08-1997,19,22,31,32,45,46
07-08-1997,8,21,22,26,28,48
09-08-1997,27,30,34,38,45,47
14-08-1997,9,13,18,19,28,33
16-08-1997,7,13,19,26,40,48
21-08-1997,15,20,21,24,26,28
23-08-1997,5,6,13,37,40,45
28-08-1997,10,13,18,25,33,35
30-08-1997,10,14,30,36,39,40
04-09-1997,2,3,25,26,32,49
06-09-1997,3,8,18,26,38,42
11-09-1997,3,14,18,30,37,40
13-09-1997,1,6,10,26,36,41
18-09-1997,3,19,25,27,38,47
20-09-1997,2,21,25,29,46,47
25-09-1997,7,10,12,19,25,41
27-09-1997,21,26,34,37,38,49
02-10-1997,5,7,17,24,25,38
04-10-1997,13,14,19,30,39,47
09-10-1997,10,15,17,25,27,47
11-10-1997,3,13,16,35,38,44
16-10-1997,10,14,16,20,32,43
18-10-1997,5,18,23,28,34,49
23-10-1997,17,23,25,30,41,45
25-10-1997,3,7,8,36,42,45
30-10-1997,5,6,23,26,34,40
01-11-1997,1,22,23,27,32,42
06-11-1997,5,12,13,18,30,45
08-11-1997,8,9,25,34,37,44
13-11-1997,17,28,33,36,40,45
15-11-1997,2,6,16,42,44,48
20-11-1997,23,35,40,41,42,43
22-11-1997,1,7,23,25,30,49
27-11-1997,6,11,19,26,36,45
29-11-1997,6,19,30,35,38,40
04-12-1997,4,8,14,19,34,47
06-12-1997,1,8,21,38,41,49
11-12-1997,5,6,15,30,40,48
13-12-1997,6,13,16,20,21,36
18-12-1997,7,24,25,35,37,41
20-12-1997,10,17,24,34,35,37
25-12-1997,3,15,26,30,34,47
27-12-1997,3,5,13,19,40,42
01-01-1998,2,11,30,39,44,48
03-01-1998,13,18,21,23,37,39
08-01-1998,1,9,17,26,29,37
10-01-1998,5,11,12,18,42,46
15-01-1998,8,14,15,16,22,25
17-01-1998,13,14,24,27,31,32
22-01-1998,3,4,14,22,25,41
24-01-1998,7,14,15,30,31,38
29-01-1998,3,7,15,26,37,44
31-01-1998,1,9,18,26,27,37
05-02-1998,3,7,9,14,36,45
07-02-1998,1,8,13,27,40,41
12-02-1998,14,19,28,34,39,49
14-02-1998,11,14,23,25,31,45
19-02-1998,3,15,20,23,27,33
21-02-1998,17,18,23,29,33,47
26-02-1998,21,22,24,29,34,46
28-02-1998,2,6,14,15,17,29
05-03-1998,12,13,15,21,37,43
07-03-1998,9,17,22,26,44,45
12-03-1998,8,13,15,32,36,42
14-03-1998,11,12,30,36,39,41
19-03-1998,1,4,10,19,37,40
21-03-1998,11,16,20,35,40,47
26-03-1998,24,26,32,33,34,46
28-03-1998,8,9,13,18,23,43
02-04-1998,12,25,26,30,33,35
04-04-1998,7,13,14,30,32,34
09-04-1998,13,17,19,34,37,40
11-04-1998,7,8,11,32,37,45
16-04-1998,4,23,31,35,41,42
18-04-1998,6,12,37,39,40,46
23-04-1998,26,32,33,39,40,41
25-04-1998,25,31,32,36,38,39
30-04-1998,17,18,23,26,37,49
02-05-1998,16,22,23,24,25,29
07-05-1998,1,3,4,28,40,43
09-05-1998,5,17,27,30,35,47
14-05-1998,5,8,11,18,21,48
16-05-1998,1,2,12,34,44,47
21-05-1998,3,35,40,42,44,48
23-05-1998,7,10,12,14,22,31
28-05-1998,12,17,23,39,47,49
30-05-1998,14,15,16,25,26,45
04-06-1998,10,17,20,29,43,45
06-06-1998,6,14,25,26,36,38
11-06-1998,13,14,29,43,44,49
13-06-1998,9,16,22,24,29,45
18-06-1998,18,21,30,31,40,41
20-06-1998,1,4,16,25,28,41
25-06-1998,2,8,27,31,44,47
27-06-1998,2,16,22,30,34,48
02-07-1998,9,10,18,31,34,38
04-07-1998,2,3,5,7,8,25
09-07-1998,27,30,41,43,44,49
11-07-1998,1,6,28,30,44,45
16-07-1998,2,14,21,31,40,42
18-07-1998,3,8,36,39,46,47
23-07-1998,17,27,38,41,42,44
25-07-1998,9,15,19,32,33,38
30-07-1998,24,28,32,36,42,48
01-08-1998,2,6,11,22,34,38
06-08-1998,6,18,39,46,47,49
08-08-1998,1,16,24,36,43,46
13-08-1998,8,12,16,35,46,47
15-08-1998,7,11,28,30,35,45
20-08-1998,1,4,18,25,36,43
22-08-1998,3,4,11,16,23,35
27-08-1998,3,9,12,14,33,38
29-08-1998,5,6,19,37,38,47
03-09-1998,3,6,7,14,16,35
05-09-1998,3,9,11,33,42,45
10-09-1998,1,15,20,37,38,45
12-09-1998,13,17,20,22,25,38
17-09-1998,4,6,11,15,17,24
19-09-1998,7,19,22,31,33,39
24-09-1998,17,19,22,35,38,45
26-09-1998,12,15,31,33,34,45
01-10-1998,8,9,12,21,23,33
03-10-1998,12,15,19,22,34,37
08-10-1998,1,3,11,18,44,46
10-10-1998,10,11,14,23,36,39
15-10-1998,17,20,32,36,39,48
17-10-1998,5,17,22,27,29,41
22-10-1998,1,5,27,33,35,44
24-10-1998,2,19,28,31,38,47
29-10-1998,2,16,19,26,41,46
31-10-1998,6,7,8,15,21,47
05-11-1998,23,28,31,34,44,49
07-11-1998,8,10,16,17,21,29
12-11-1998,3,6,10,28,31,49
14-11-1998,10,15,31,36,42,44
19-11-1998,7,19,24,28,36,46
21-11-1998,4,15,17,21,32,34
26-11-1998,2,5,8,14,26,45
28-11-1998,4,13,18,22,33,39
03-12-1998,5,20,22,35,42,45
05-12-1998,9,11,24,29,30,40
10-12-1998,11,14,25,36,45,48
12-12-1998,8,13,18,32,34,44
17-12-1998,6,10,32,33,34,40
19-12-1998,5,26,35,39,45,49
24-12-1998,17,23,27,31,35,39
26-12-1998,14,17,20,21,33,38
31-12-1998,1,3,27,34,37,38
02-01-1999,1,7,11,23,34,47
07-01-1999,7,8,11,24,30,35
09-01-1999,1,6,16,28,38,43
14-01-1999,4,22,31,38,47,49
16-01-1999,26,28,30,33,37,49
21-01-1999,21,22,26,40,43,48
23-01-1999,10,24,28,37,43,44
28-01-1999,1,6,10,34,38,39
30-01-1999,1,11,17,22,24,42
04-02-1999,23,27,28,41,43,48
06-02-1999,1,6,24,27,31,38
11-02-1999,12,14,16,35,46,48
13-02-1999,6,19,28,29,31,45
18-02-1999,9,10,17,35,36,48
20-02-1999,5,6,7,8,16,31
25-02-1999,3,8,21,36,39,44
27-02-1999,7,16,18,21,32,42
04-03-1999,4,6,21,27,29,31
06-03-1999,5,10,25,32,36,45
11-03-1999,15,22,26,27,35,40
13-03-1999,11,12,18,24,28,37
18-03-1999,2,6,14,16,31,46
20-03-1999,3,5,6,36,37,48
25-03-1999,2,4,7,8,12,20
27-03-1999,4,8,14,31,33,34
01-04-1999,6,8,11,12,14,42
03-04-1999,3,17,20,23,39,45
08-04-1999,22,30,32,34,38,39
10-04-1999,14,23,31,35,44,49
15-04-1999,10,16,23,29,32,36
17-04-1999,7,16,27,36,42,49
22-04-1999,9,28,29,38,45,46
24-04-1999,8,15,16,37,38,43
29-04-1999,3,17,21,26,31,44
01-05-1999,9,10,20,26,29,37
06-05-1999,12,36,39,41,42,45
08-05-1999,4,5,7,31,38,44
13-05-1999,1,7,15,24,26,48
15-05-1999,1,15,21,29,31,39
20-05-1999,3,4,5,9,22,46
22-05-1999,3,8,20,36,45,49
27-05-1999,5,16,35,38,46,47
29-05-1999,6,15,30,33,42,46
03-06-1999,3,27,29,32,39,42
05-06-1999,2,7,30,32,45,46
10-06-1999,4,16,18,23,36,49
12-06-1999,7,8,14,27,42,48
17-06-1999,3,4,7,17,22,29
19-06-1999,6,19,23,31,33,39
24-06-1999,5,10,23,39,41,42
26-06-1999,1,4,16,30,47,48
01-07-1999,10,21,23,25,32,36
03-07-1999,6,11,13,27,36,47
08-07-1999,9,10,15,30,36,38
10-07-1999,21,29,34,37,38,48
15-07-1999,1,22,28,32,39,48
17-07-1999,9,22,25,29,33,43
22-07-1999,29,36,40,42,47,48
24-07-1999,2,17,28,37,47,49
29-07-1999,1,7,21,27,41,43
31-07-1999,16,23,30,32,36,42
05-08-1999,12,27,35,37,39,42
07-08-1999,2,4,12,16,19,32
12-08-1999,5,21,31,33,41,49
14-08-1999,2,16,32,42,43,46
19-08-1999,6,9,14,29,30,34
21-08-1999,7,18,22,34,45,48
26-08-1999,1,3,11,16,48,49
28-08-1999,8,15,16,23,38,39
02-09-1999,12,13,14,27,29,30
04-09-1999,6,21,30,39,44,48
09-09-1999,6,9,14,17,22,46
11-09-1999,11,20,23,32,40,45
16-09-1999,4,11,20,33,39,49
18-09-1999,3,9,31,39,43,45
23-09-1999,2,13,14,27,37,49
25-09-1999,1,15,19,21,24,34
30-09-1999,7,20,22,25,29,32
02-10-1999,10,16,29,30,32,41
07-10-1999,3,21,26,30,34,39
09-10-1999,1,7,19,22,28,41
14-10-1999,10,16,32,35,39,48
16-10-1999,2,3,10,16,34,46
21-10-1999,11,16,24,28,35,40
23-10-1999,7,11,19,25,33,41
28-10-1999,12,19,23,24,29,41
30-10-1999,3,13,35,36,46,48
04-11-1999,6,13,21,32,35,49
06-11-1999,6,7,20,40,43,45
11-11-1999,18,23,30,31,42,48
13-11-1999,3,16,20,24,35,48
18-11-1999,1,3,12,29,34,38
20-11-1999,9,23,29,45,47,49
25-11-1999,11,15,17,22,23,49
27-11-1999,2,6,14,17,30,41
02-12-1999,3,24,25,31,34,36
04-12-1999,6,12,23,30,38,41
09-12-1999,10,17,34,36,41,43
11-12-1999,15,16,18,23,30,48
16-12-1999,1,5,6,21,25,41
18-12-1999,6,10,12,14,35,43
23-12-1999,2,4,14,25,26,40
25-12-1999,6,8,9,12,36,46
30-12-1999,1,7,17,21,25,48
01-01-2000,3,8,14,26,28,29
06-01-2000,15,19,29,31,40,46
08-01-2000,6,10,12,28,32,41
13-01-2000,5,15,31,36,45,47
15-01-2000,5,7,10,30,37,47
20-01-2000,6,9,18,22,39,48
22-01-2000,3,18,19,24,36,42
27-01-2000,11,25,26,30,34,39
29-01-2000,10,11,15,19,38,41
03-02-2000,14,22,32,34,47,49
05-02-2000,14,15,18,19,45,49
10-02-2000,9,10,25,26,27,31
12-02-2000,1,11,16,17,30,45
17-02-2000,5,21,36,38,41,44
19-02-2000,15,31,32,35,38,44
24-02-2000,9,10,18,21,34,42
26-02-2000,4,8,18,19,21,36
02-03-2000,7,14,16,28,36,48
04-03-2000,7,10,16,26,38,39
09-03-2000,1,2,20,34,39,42
11-03-2000,6,19,20,25,34,46
16-03-2000,7,9,11,31,35,46
18-03-2000,4,9,14,25,26,39
23-03-2000,4,9,10,17,19,37
25-03-2000,4,13,22,27,28,35
30-03-2000,5,15,31,42,45,47
01-04-2000,3,7,8,24,28,44
06-04-2000,4,10,13,15,22,30
08-04-2000,3,21,29,33,34,36
13-04-2000,2,13,27,41,42,47
15-04-2000,14,23,27,28,38,43
20-04-2000,3,6,16,42,45,48
22-04-2000,3,12,15,25,32,49
27-04-2000,10,12,24,35,44,48
29-04-2000,4,13,26,32,36,38
04-05-2000,9,14,21,23,39,48
06-05-2000,5,28,34,35,40,41
11-05-2000,3,23,37,38,47,48
13-05-2000,4,13,22,33,34,43
18-05-2000,2,14,19,29,30,33
20-05-2000,2,7,23,40,46,47
25-05-2000,2,8,20,22,26,45
27-05-2000,9,12,30,31,34,38
01-06-2000,6,14,17,23,24,41
03-06-2000,3,5,21,28,34,40
08-06-2000,18,22,31,32,34,45
10-06-2000,24,30,34,44,46,49
15-06-2000,8,29,32,37,40,49
17-06-2000,11,20,27,42,44,46
22-06-2000,18,25,27,36,41,42
24-06-2000,15,22,28,36,44,46
29-06-2000,8,9,25,44,47,48
01-07-2000,3,35,37,41,44,46
06-07-2000,4,10,22,29,36,48
08-07-2000,3,25,27,31,37,48
13-07-2000,9,10,11,17,30,39
15-07-2000,1,7,15,24,25,42
20-07-2000,6,9,18,21,37,47
22-07-2000,4,14,20,35,45,46
27-07-2000,10,27,32,39,42,44
29-07-2000,16,17,40,42,45,47
03-08-2000,3,15,18,19,34,46
05-08-2000,10,14,24,25,32,47
10-08-2000,3,6,11,35,41,43
12-08-2000,1,15,20,33,37,49
17-08-2000,2,12,20,24,31,47
19-08-2000,20,22,25,30,37,48
24-08-2000,3,5,9,17,35,38
26-08-2000,9,10,11,29,44,49
31-08-2000,8,13,24,33,35,38
02-09-2000,21,24,25,32,36,40
07-09-2000,6,9,11,30,41,46
09-09-2000,9,13,23,28,29,36
14-09-2000,2,26,31,36,39,46
16-09-2000,4,5,16,19,21,23
21-09-2000,6,15,22,42,46,48
23-09-2000,5,12,19,22,43,48
28-09-2000,4,7,10,11,23,48
30-09-2000,2,11,32,41,43,45
05-10-2000,8,10,16,30,32,44
07-10-2000,10,27,36,39,43,47
12-10-2000,4,11,13,21,23,45
14-10-2000,11,20,22,25,27,36
19-10-2000,1,4,5,18,27,49
21-10-2000,9,14,17,30,39,43
26-10-2000,8,19,21,23,25,37
28-10-2000,1,5,11,34,39,49
02-11-2000,8,9,11,35,37,45
04-11-2000,1,24,28,31,46,47
09-11-2000,4,17,23,27,34,36
11-11-2000,2,7,12,17,35,36
16-11-2000,4,7,13,19,22,28
18-11-2000,6,9,17,18,22,34
23-11-2000,7,11,27,30,37,47
25-11-2000,9,10,26,29,43,48
30-11-2000,18,20,26,28,47,48
02-12-2000,12,15,21,32,36,43
07-12-2000,2,29,33,39,40,47
09-12-2000,1,3,14,18,32,45
14-12-2000,2,10,15,26,27,29
16-12-2000,5,9,14,17,28,47
21-12-2000,19,22,24,37,39,44
23-12-2000,11,18,21,38,44,47
28-12-2000,1,4,14,32,39,44
30-12-2000,4,24,28,38,39,46
04-01-2001,2,3,12,19,25,31
06-01-2001,6,13,18,28,40,45
11-01-2001,1,9,20,22,38,48
13-01-2001,1,9,13,15,42,45
18-01-2001,2,8,13,22,24,41
20-01-2001,2,6,25,27,30,37
25-01-2001,10,15,20,30,37,45
27-01-2001,14,18,27,29,44,45
01-02-2001,11,19,30,31,39,44
03-02-2001,1,17,20,27,28,30
08-02-2001,9,26,27,29,30,41
10-02-2001,4,6,15,18,22,23
15-02-2001,10,14,19,28,41,46
17-02-2001,4,31,34,43,44,48
22-02-2001,3,11,15,19,38,48
24-02-2001,2,15,17,21,34,40
01-03-2001,17,28,30,34,37,48
03-03-2001,14,27,28,30,36,47
08-03-2001,5,13,15,27,40,42
10-03-2001,13,20,25,29,33,37
15-03-2001,6,8,17,18,28,44
17-03-2001,6,16,18,20,23,47
22-03-2001,9,10,15,42,44,49
24-03-2001,12,15,25,41,45,49
29-03-2001,9,21,32,41,42,45
31-03-2001,12,13,17,19,43,44
05-04-2001,19,24,27,35,39,48
07-04-2001,4,18,23,28,33,38
12-04-2001,3,4,12,13,22,39
14-04-2001,8,13,28,36,40,49
19-04-2001,17,20,33,40,42,43
21-04-2001,12,21,27,29,37,46
26-04-2001,14,33,35,43,47,49
28-04-2001,1,2,3,34,38,39
03-05-2001,2,6,14,33,43,44
05-05-2001,10,17,19,23,27,38
10-05-2001,9,13,17,19,21,46
12-05-2001,5,15,17,32,44,49
17-05-2001,4,6,9,27,38,46
19-05-2001,4,9,13,18,25,32
24-05-2001,12,14,32,37,39,46
26-05-2001,17,20,34,42,43,45
31-05-2001,7,12,32,38,46,47
02-06-2001,4,7,15,17,29,33
07-06-2001,7,13,23,29,30,33
09-06-2001,6,21,24,29,31,39
14-06-2001,3,24,25,42,47,49
16-06-2001,10,11,15,30,31,48
21-06-2001,17,22,27,34,36,49
23-06-2001,2,28,35,36,45,48
28-06-2001,15,18,23,30,34,41
30-06-2001,5,18,20,34,38,40
05-07-2001,2,22,33,34,36,49
07-07-2001,12,18,21,26,27,42
12-07-2001,1,8,24,33,39,49
14-07-2001,7,17,23,29,34,46
19-07-2001,5,6,7,10,14,19
21-07-2001,12,14,15,34,41,44
26-07-2001,1,27,32,33,34,39
28-07-2001,12,15,24,27,37,42
02-08-2001,6,18,29,32,37,41
04-08-2001,2,10,13,33,36,43
09-08-2001,6,10,11,25,29,40
11-08-2001,6,8,12,19,30,34
16-08-2001,2,26,27,34,39,40
18-08-2001,2,23,34,35,48,49
23-08-2001,7,8,9,17,18,42
25-08-2001,11,12,15,20,27,38
30-08-2001,17,18,28,34,43,49
01-09-2001,10,11,31,35,40,44
06-09-2001,10,24,31,35,36,45
08-09-2001,3,4,18,22,31,43
13-09-2001,10,23,30,35,44,47
15-09-2001,3,9,15,23,38,43
20-09-2001,4,14,19,26,30,47
22-09-2001,10,26,32,33,41,47
27-09-2001,3,14,31,37,42,46
29-09-2001,19,37,39,41,46,48
04-10-2001,16,17,18,23,40,44
06-10-2001,5,20,28,35,38,49
11-10-2001,8,24,30,31,37,49
13-10-2001,1,13,27,36,39,41
18-10-2001,2,4,5,15,29,33
20-10-2001,11,24,29,37,40,42
25-10-2001,3,9,16,21,29,31
27-10-2001,5,7,20,24,25,35
01-11-2001,3,9,28,29,35,42
03-11-2001,19,21,22,25,33,49
08-11-2001,6,22,23,27,32,43
10-11-2001,8,9,10,23,29,43
15-11-2001,5,7,26,33,35,46
17-11-2001,2,3,4,40,46,47
22-11-2001,12,13,19,21,27,44
24-11-2001,15,18,28,32,33,49
29-11-2001,5,7,26,28,39,42
01-12-2001,7,10,13,21,30,42
06-12-2001,20,36,38,40,42,46
08-12-2001,1,13,25,28,45,46
13-12-2001,5,9,14,21,27,39
15-12-2001,11,23,34,36,40,48
20-12-2001,2,13,22,27,35,40
22-12-2001,4,5,10,17,33,36
27-12-2001,4,19,22,25,43,46
29-12-2001,1,11,26,40,45,48
03-01-2002,2,3,10,27,28,42
05-01-2002,4,9,17,35,41,43
10-01-2002,14,15,16,25,26,30
12-01-2002,2,7,11,16,17,34
17-01-2002,4,11,21,27,37,44
19-01-2002,1,15,23,32,37,41
24-01-2002,8,15,22,26,31,36
26-01-2002,11,23,32,37,40,43
31-01-2002,3,10,30,36,37,42
02-02-2002,5,6,20,25,32,39
07-02-2002,17,24,29,35,48,49
09-02-2002,35,36,39,42,43,49
14-02-2002,7,15,18,25,29,48
16-02-2002,10,18,29,33,34,39
21-02-2002,5,8,11,16,37,45
23-02-2002,9,13,14,25,32,43
28-02-2002,2,6,17,22,27,30
02-03-2002,5,9,23,26,31,43
07-03-2002,4,18,21,30,35,38
09-03-2002,11,15,23,27,31,37
14-03-2002,6,18,24,28,35,41
16-03-2002,11,28,29,36,37,44
21-03-2002,9,13,18,33,39,46
23-03-2002,11,29,40,41,47,49
28-03-2002,4,8,10,14,29,31
30-03-2002,5,26,27,42,43,44
04-04-2002,10,14,16,19,25,26
06-04-2002,3,4,5,10,20,34
11-04-2002,3,5,6,8,24,32
13-04-2002,12,14,23,29,39,48
18-04-2002,25,35,36,41,43,46
20-04-2002,2,9,21,45,46,48
25-04-2002,11,12,14,39,40,47
27-04-2002,3,10,11,27,30,37
02-05-2002,2,4,6,14,21,33
04-05-2002,15,22,24,26,30,40
09-05-2002,5,6,12,28,37,42
11-05-2002,8,9,23,31,33,38
16-05-2002,3,23,26,30,32,33
18-05-2002,1,4,13,17,38,39
23-05-2002,1,12,29,33,35,43
25-05-2002,7,8,27,28,42,43
30-05-2002,13,29,40,42,45,46
01-06-2002,9,20,31,37,38,40
06-06-2002,12,27,28,37,41,48
08-06-2002,1,10,24,25,32,34
13-06-2002,3,4,31,32,39,45
15-06-2002,5,9,16,27,36,47
20-06-2002,7,8,31,37,42,45
22-06-2002,7,12,24,35,42,46
27-06-2002,8,19,23,30,38,46
29-06-2002,5,17,25,31,34,43
04-07-2002,9,26,31,39,45,49
06-07-2002,17,18,34,37,46,47
11-07-2002,5,7,18,38,39,40
13-07-2002,18,27,34,37,42,47
18-07-2002,5,8,24,28,41,42
20-07-2002,3,16,28,41,46,48
25-07-2002,3,5,10,19,34,45
27-07-2002,9,17,18,32,42,43
01-08-2002,8,22,25,36,41,45
03-08-2002,22,34,35,38,45,48
08-08-2002,5,6,15,22,32,49
10-08-2002,5,6,21,23,34,37
15-08-2002,18,22,28,32,40,48
17-08-2002,8,11,12,25,32,49
22-08-2002,13,21,24,26,32,34
24-08-2002,3,12,14,27,38,46
29-08-2002,11,17,24,30,32,48
31-08-2002,1,3,4,5,17,40
05-09-2002,6,11,19,26,28,36
07-09-2002,15,23,27,39,45,48
12-09-2002,5,6,8,9,12,31
14-09-2002,6,12,15,35,42,49
19-09-2002,1,2,6,12,29,45
21-09-2002,2,21,27,32,40,43
26-09-2002,3,18,19,23,41,47
28-09-2002,8,10,15,27,44,46
03-10-2002,13,18,20,42,46,48
05-10-2002,12,29,31,37,44,45
10-10-2002,3,8,36,39,42,49
12-10-2002,10,19,22,24,43,44
17-10-2002,8,15,16,18,35,41
19-10-2002,1,10,26,31,42,48
24-10-2002,2,16,22,29,30,40
26-10-2002,10,24,30,32,35,41
31-10-2002,11,16,24,26,46,48
02-11-2002,8,11,14,37,43,44
07-11-2002,4,23,26,29,47,48
09-11-2002,2,3,23,26,33,41
14-11-2002,11,30,35,37,44,47
16-11-2002,15,20,22,35,40,42
21-11-2002,7,10,18,19,21,31
23-11-2002,5,7,8,13,35,36
28-11-2002,1,9,10,16,17,25
30-11-2002,15,21,29,43,44,45
05-12-2002,2,4,21,31,41,45
07-12-2002,18,19,27,30,38,44
12-12-2002,2,3,25,35,41,44
14-12-2002,4,16,21,34,36,39
19-12-2002,11,22,43,46,48,49
21-12-2002,7,11,12,26,43,47
26-12-2002,5,12,27,40,45,48
28-12-2002,5,18,22,23,34,46
02-01-2003,14,30,37,39,40,47
04-01-2003,24,30,35,38,43,45
09-01-2003,9,15,16,20,23,25
11-01-2003,3,15,16,26,44,45
16-01-2003,12,14,15,16,25,26
18-01-2003,19,21,22,32,36,48
23-01-2003,13,14,19,30,42,43
25-01-2003,19,26,38,43,47,49
30-01-2003,8,21,22,25,41,46
01-02-2003,12,19,27,36,43,45
06-02-2003,2,10,35,37,40,48
08-02-2003,11,18,27,41,45,46
13-02-2003,1,12,18,30,48,49
15-02-2003,7,27,33,42,45,48
20-02-2003,3,4,8,9,11,47
22-02-2003,7,17,28,32,38,43
27-02-2003,1,6,7,11,43,47
01-03-2003,13,21,23,33,37,43
06-03-2003,1,7,18,19,28,33
08-03-2003,1,15,37,38,48,49
13-03-2003,14,35,38,39,47,48
15-03-2003,13,15,29,32,36,49
20-03-2003,5,9,18,32,34,35
22-03-2003,5,10,17,30,39,42
27-03-2003,1,17,31,43,48,49
29-03-2003,7,8,23,25,30,47
03-04-2003,1,5,21,32,39,48
05-04-2003,2,19,25,26,43,48
10-04-2003,7,14,22,39,42,45
12-04-2003,6,18,23,27,41,43
17-04-2003,15,23,24,26,33,47
19-04-2003,15,28,30,34,46,47
24-04-2003,20,25,29,37,38,46
26-04-2003,6,18,21,22,32,46
01-05-2003,10,15,16,29,33,41
03-05-2003,1,5,12,16,22,30
08-05-2003,5,17,22,26,37,44
10-05-2003,31,33,34,35,36,42
15-05-2003,3,4,8,15,29,36
17-05-2003,1,14,35,36,37,49
22-05-2003,19,20,24,33,35,48
24-05-2003,31,35,36,45,47,49
29-05-2003,6,20,32,34,35,43
31-05-2003,1,2,29,38,39,46
05-06-2003,2,8,9,22,31,43
07-06-2003,4,6,13,23,33,43
12-06-2003,7,8,10,28,46,49
14-06-2003,7,23,45,46,48,49
19-06-2003,2,14,24,33,37,38
21-06-2003,15,23,31,38,46,47
26-06-2003,9,11,15,17,35,38
28-06-2003,1,15,31,37,40,43
03-07-2003,3,4,19,31,43,49
05-07-2003,22,25,34,35,37,47
10-07-2003,3,16,31,33,37,39
12-07-2003,3,16,27,33,39,42
17-07-2003,3,22,31,41,46,47
19-07-2003,9,10,11,22,24,33
24-07-2003,2,10,13,25,36,40
26-07-2003,2,5,12,13,22,30
31-07-2003,6,11,13,27,40,49
02-08-2003,2,17,22,24,26,42
07-08-2003,1,9,25,28,34,37
09-08-2003,11,14,19,22,29,47
14-08-2003,4,8,13,17,30,46
16-08-2003,3,19,30,32,33,44
21-08-2003,18,19,24,28,36,42
23-08-2003,3,6,20,24,31,48
28-08-2003,4,5,11,17,21,33
30-08-2003,2,7,10,22,29,46
04-09-2003,7,8,27,31,42,45
06-09-2003,7,13,19,38,39,46
11-09-2003,13,14,15,29,44,46
13-09-2003,9,13,20,28,33,46
18-09-2003,15,23,26,28,36,40
20-09-2003,10,12,13,21,34,42
25-09-2003,1,2,7,20,23,46
27-09-2003,6,16,21,22,28,38
02-10-2003,3,24,26,31,43,48
04-10-2003,3,17,24,37,44,48
09-10-2003,18,21,22,29,36,37
11-10-2003,6,36,37,41,45,48
16-10-2003,3,11,18,29,39,48
18-10-2003,8,15,17,22,28,46
23-10-2003,1,6,12,13,46,48
25-10-2003,11,29,37,41,46,47
30-10-2003,6,27,32,36,38,47
01-11-2003,20,22,27,34,35,49
06-11-2003,7,13,16,29,45,48
08-11-2003,19,21,26,29,43,48
13-11-2003,6,24,42,44,46,47
15-11-2003,2,10,12,26,32,42
20-11-2003,3,5,10,12,14,39
22-11-2003,6,21,24,30,31,36
27-11-2003,8,14,32,35,42,46
29-11-2003,1,12,14,16,35,38
04-12-2003,1,26,34,37,45,46
06-12-2003,2,8,9,35,38,40
11-12-2003,8,13,26,33,35,42
13-12-2003,12,20,35,36,40,45
18-12-2003,1,5,8,10,22,41
20-12-2003,2,21,28,32,46,48
25-12-2003,10,11,15,24,41,47
27-12-2003,10,16,21,24,35,39
01-01-2004,2,8,10,25,38,47
03-01-2004,9,10,15,16,25,45
08-01-2004,5,27,38,41,44,47
10-01-2004,6,25,39,42,44,49
15-01-2004,4,9,12,15,29,45
17-01-2004,3,9,19,21,38,46
22-01-2004,7,11,26,36,41,48
24-01-2004,21,22,25,30,31,44
29-01-2004,2,5,9,11,26,42
31-01-2004,4,6,16,20,24,42
05-02-2004,6,14,15,20,29,36
07-02-2004,7,19,23,30,36,42
12-02-2004,12,18,22,23,25,46
14-02-2004,8,13,15,39,41,46
19-02-2004,4,12,16,31,38,45
21-02-2004,6,7,11,25,32,44
26-02-2004,11,17,18,19,34,40
28-02-2004,15,20,25,31,37,49
04-03-2004,5,6,13,14,26,40
06-03-2004,1,5,14,32,40,44
11-03-2004,23,26,31,34,37,42
13-03-2004,3,9,21,27,35,39
18-03-2004,1,17,23,30,38,46
20-03-2004,1,5,7,10,20,26
25-03-2004,3,11,26,27,35,43
27-03-2004,5,9,20,28,31,34
01-04-2004,14,19,22,26,33,35
03-04-2004,5,7,19,21,45,48
08-04-2004,7,10,17,21,39,46
10-04-2004,3,13,16,28,30,39
15-04-2004,5,24,35,39,40,41
17-04-2004,19,25,26,30,32,34
22-04-2004,17,26,31,36,41,47
24-04-2004,7,32,42,43,44,45
29-04-2004,3,13,26,34,36,41
01-05-2004,1,5,15,22,25,28
06-05-2004,3,11,26,43,44,46
08-05-2004,6,11,32,41,45,47
13-05-2004,2,9,11,16,37,41
15-05-2004,10,18,19,37,41,46
20-05-2004,4,7,23,39,45,48
22-05-2004,29,30,31,40,47,48
27-05-2004,11,12,21,32,37,38
29-05-2004,5,29,37,41,44,45
03-06-2004,1,3,4,10,29,35
05-06-2004,2,27,28,34,44,47
10-06-2004,27,31,33,37,45,46
12-06-2004,13,27,31,32,33,36
17-06-2004,18,21,23,27,33,49
19-06-2004,9,15,20,28,42,43
24-06-2004,10,22,24,30,31,45
26-06-2004,5,23,29,30,36,43
01-07-2004,6,11,19,22,34,48
03-07-2004,6,7,14,26,29,36
08-07-2004,5,11,15,19,25,44
10-07-2004,19,35,37,39,48,49
15-07-2004,17,21,28,31,34,40
17-07-2004,11,16,20,34,45,47
22-07-2004,4,13,18,22,26,35
24-07-2004,2,5,7,12,22,24
29-07-2004,14,27,28,31,33,41
31-07-2004,2,13,16,24,29,48
05-08-2004,4,22,32,37,38,39
07-08-2004,4,13,15,29,40,42
12-08-2004,5,23,32,33,34,41
14-08-2004,1,12,15,33,39,41
19-08-2004,5,18,23,29,34,46
21-08-2004,15,21,26,42,44,49
26-08-2004,2,7,11,16,17,27
28-08-2004,1,6,12,13,16,47
02-09-2004,24,29,38,45,47,49
04-09-2004,1,12,14,21,42,48
09-09-2004,8,26,34,36,42,46
11-09-2004,4,6,8,19,41,47
16-09-2004,3,10,13,29,32,49
18-09-2004,6,7,44,46,47,49
23-09-2004,4,26,34,45,46,49
25-09-2004,14,15,18,21,34,38
30-09-2004,4,5,11,21,33,36
02-10-2004,9,11,25,31,35,39
07-10-2004,11,26,27,36,46,48
09-10-2004,1,5,22,24,35,48
14-10-2004,6,23,24,32,42,43
16-10-2004,2,5,7,17,34,39
21-10-2004,3,13,15,26,29,49
23-10-2004,2,3,15,38,41,45
28-10-2004,6,10,16,39,42,47
30-10-2004,18,29,37,41,43,44
04-11-2004,17,18,21,27,34,42
06-11-2004,2,8,28,32,33,45
11-11-2004,13,28,30,33,41,47
13-11-2004,7,9,12,36,39,43
18-11-2004,3,5,11,20,29,43
20-11-2004,21,32,35,39,41,42
25-11-2004,2,17,32,37,43,44
27-11-2004,1,6,11,14,24,36
02-12-2004,4,5,10,21,33,37
04-12-2004,16,24,26,38,44,45
09-12-2004,9,14,16,18,28,36
11-12-2004,1,2,3,21,23,49
16-12-2004,1,5,9,16,18,45
18-12-2004,3,22,24,39,43,49
23-12-2004,1,9,21,24,31,43
25-12-2004,3,13,16,42,43,46
30-12-2004,1,11,12,32,38,45
01-01-2005,6,13,17,22,41,46
06-01-2005,8,23,32,36,37,49
08-01-2005,9,11,21,30,34,40
13-01-2005,3,7,9,15,20,42
15-01-2005,4,26,31,37,40,44
20-01-2005,3,32,39,41,42,43
22-01-2005,5,13,27,34,38,47
27-01-2005,3,10,13,31,42,48
29-01-2005,7,10,14,22,42,45
03-02-2005,13,21,22,29,36,48
05-02-2005,3,16,20,36,41,49
10-02-2005,18,22,28,31,48,49
12-02-2005,3,7,14,17,40,43
17-02-2005,6,7,14,26,27,48
19-02-2005,3,10,24,34,39,49
24-02-2005,5,21,28,40,44,45
26-02-2005,29,30,34,37,43,48
03-03-2005,13,24,29,32,33,35
05-03-2005,2,12,27,30,34,37
10-03-2005,7,12,26,31,34,43
12-03-2005,6,10,12,27,33,45
17-03-2005,9,16,18,27,37,43
19-03-2005,16,18,21,31,35,48
24-03-2005,2,13,27,31,34,46
26-03-2005,6,9,11,19,28,38
31-03-2005,10,18,29,46,48,49
02-04-2005,1,4,22,24,36,42
07-04-2005,6,13,15,31,40,43
09-04-2005,2,5,8,29,33,39
14-04-2005,3,8,32,36,38,47
16-04-2005,9,12,14,24,38,46
21-04-2005,10,16,19,24,45,48
23-04-2005,12,29,31,42,43,44
28-04-2005,4,26,27,31,39,41
30-04-2005,6,10,20,23,34,40
05-05-2005,1,16,20,22,23,33
07-05-2005,2,7,19,39,44,48
12-05-2005,10,14,15,30,36,39
14-05-2005,4,13,35,38,46,48
19-05-2005,5,16,21,26,32,44
21-05-2005,5,20,25,27,42,49
26-05-2005,2,16,17,19,39,49
28-05-2005,7,11,17,26,28,36
02-06-2005,3,4,8,19,29,31
04-06-2005,5,11,20,29,33,49
09-06-2005,2,21,25,28,34,38
11-06-2005,7,12,29,37,40,42
16-06-2005,10,16,24,25,27,47
18-06-2005,15,16,20,30,32,42
23-06-2005,8,13,16,24,25,40
25-06-2005,3,6,11,14,33,47
30-06-2005,13,19,24,38,39,48
02-07-2005,9,10,16,25,26,35
07-07-2005,10,17,18,20,24,43
09-07-2005,8,21,25,39,42,45
14-07-2005,6,7,8,41,42,49
16-07-2005,4,5,20,24,25,39
21-07-2005,6,16,26,27,31,48
23-07-2005,4,13,16,36,37,45
28-07-2005,11,31,33,40,41,49
30-07-2005,7,14,15,18,47,49
04-08-2005,19,25,28,39,41,44
06-08-2005,3,15,18,28,37,45
11-08-2005,2,19,20,30,33,46
13-08-2005,2,15,16,21,22,43
18-08-2005,3,6,13,14,32,43
20-08-2005,18,22,23,29,30,35
25-08-2005,4,29,37,38,47,49
27-08-2005,13,25,39,42,44,46
01-09-2005,16,27,35,43,46,47
03-09-2005,3,5,7,13,36,40
08-09-2005,5,9,15,26,35,47
10-09-2005,16,25,30,36,38,44
15-09-2005,11,18,29,43,44,48
17-09-2005,16,22,26,30,44,49
22-09-2005,13,15,20,42,47,49
24-09-2005,3,11,21,30,41,49
29-09-2005,9,28,30,32,34,48
01-10-2005,2,18,23,35,37,48
06-10-2005,5,8,22,26,29,38
08-10-2005,31,33,34,39,44,46
13-10-2005,11,13,26,29,30,37
15-10-2005,8,10,14,38,39,43
20-10-2005,1,13,28,32,37,39
22-10-2005,3,10,14,15,25,30
27-10-2005,1,17,18,33,38,39
29-10-2005,6,14,16,18,39,48
03-11-2005,1,21,24,28,33,38
05-11-2005,4,8,18,19,23,30
10-11-2005,6,11,21,33,34,42
12-11-2005,6,10,17,19,24,42
17-11-2005,7,17,21,41,45,46
19-11-2005,5,6,27,37,41,43
24-11-2005,18,21,24,29,35,38
26-11-2005,8,19,21,25,44,47
01-12-2005,1,10,16,31,47,48
03-12-2005,4,14,18,24,27,47
08-12-2005,3,9,19,33,34,44
10-12-2005,4,27,37,39,41,44
15-12-2005,12,24,27,35,36,44
17-12-2005,6,9,20,27,32,37
22-12-2005,23,24,34,39,40,42
24-12-2005,1,16,28,45,46,48
29-12-2005,4,10,20,23,46,48
31-12-2005,6,14,30,33,38,45
05-01-2006,8,10,12,19,27,40
07-01-2006,4,5,28,31,32,35
12-01-2006,17,19,20,25,44,46
14-01-2006,5,8,13,24,25,31
19-01-2006,15,17,25,26,33,43
21-01-2006,2,11,23,26,41,48
26-01-2006,9,10,14,21,34,46
28-01-2006,1,15,23,25,32,34
02-02-2006,2,8,12,13,18,31
04-02-2006,6,10,21,23,24,37
09-02-2006,1,11,12,16,28,43
11-02-2006,3,4,5,28,33,49
16-02-2006,4,29,39,42,47,49
18-02-2006,3,30,37,42,43,49
23-02-2006,9,30,37,39,40,44
25-02-2006,1,2,10,21,23,28
02-03-2006,10,18,23,39,44,46
04-03-2006,5,10,17,25,33,48
09-03-2006,3,12,13,20,24,32
11-03-2006,9,16,20,21,41,45
16-03-2006,19,22,26,27,32,46
18-03-2006,5,14,15,26,45,46
23-03-2006,11,23,29,36,43,48
25-03-2006,13,18,28,30,40,48
30-03-2006,18,34,38,41,46,47
01-04-2006,9,16,22,28,34,37
06-04-2006,1,3,12,30,31,38
08-04-2006,1,19,23,35,42,47
13-04-2006,8,24,26,28,37,47
15-04-2006,6,21,35,36,41,42
20-04-2006,2,17,30,34,37,38
22-04-2006,2,6,10,14,15,41
27-04-2006,3,15,17,32,36,45
29-04-2006,27,28,31,34,35,42
04-05-2006,1,7,20,21,32,38
06-05-2006,5,7,19,20,29,40
11-05-2006,3,6,32,33,38,42
13-05-2006,6,13,25,27,42,43
18-05-2006,16,30,36,41,45,46
20-05-2006,1,12,15,19,35,36
25-05-2006,5,7,12,20,27,35
27-05-2006,2,7,9,10,13,47
01-06-2006,17,18,19,26,41,43
03-06-2006,14,21,22,26,39,44
08-06-2006,3,6,17,41,47,48
10-06-2006,2,3,10,21,30,46
15-06-2006,3,5,10,13,25,43
17-06-2006,9,10,15,21,25,49
22-06-2006,9,17,42,45,46,48
24-06-2006,18,26,31,39,46,47
29-06-2006,29,32,34,35,41,46
01-07-2006,14,16,27,31,39,46
06-07-2006,1,9,17,29,34,44
08-07-2006,15,29,32,34,35,40
13-07-2006,3,4,9,10,45,49
15-07-2006,4,6,7,17,27,48
20-07-2006,5,18,22,23,27,44
22-07-2006,7,11,21,27,28,42
27-07-2006,12,15,21,31,37,39
29-07-2006,1,3,18,20,39,44
03-08-2006,4,15,16,19,44,46
05-08-2006,3,10,22,29,40,43
10-08-2006,4,8,20,23,27,33
12-08-2006,7,10,18,19,26,42
17-08-2006,6,17,19,29,37,41
19-08-2006,3,5,24,31,38,48
24-08-2006,2,11,13,19,31,44
26-08-2006,3,7,34,42,43,47
31-08-2006,6,7,14,17,33,34
02-09-2006,12,13,24,25,45,47
07-09-2006,1,8,9,16,39,44
09-09-2006,12,16,24,42,47,48
14-09-2006,23,30,34,37,39,40
16-09-2006,10,22,24,28,36,44
21-09-2006,5,13,18,33,34,41
23-09-2006,10,17,25,34,37,44
28-09-2006,4,11,19,28,31,47
30-09-2006,6,13,14,35,41,42
05-10-2006,3,9,12,39,47,48
07-10-2006,2,4,5,6,20,36
12-10-2006,7,15,20,23,41,44
14-10-2006,8,9,13,23,31,41
19-10-2006,1,7,16,20,27,39
21-10-2006,11,20,25,29,31,44
26-10-2006,1,12,16,23,34,37
28-10-2006,4,19,23,24,34,41
02-11-2006,2,9,12,30,31,44
04-11-2006,12,19,21,31,32,33
09-11-2006,15,20,28,32,38,41
11-11-2006,1,7,28,33,37,48
16-11-2006,14,15,29,32,35,40
18-11-2006,13,27,29,31,42,43
23-11-2006,2,10,13,15,24,36
25-11-2006,1,35,37,39,40,41
30-11-2006,1,5,10,17,31,37
02-12-2006,20,27,32,38,41,42
07-12-2006,6,21,22,31,36,46
09-12-2006,6,15,32,41,43,48
14-12-2006,9,10,20,22,27,41
16-12-2006,19,23,26,35,39,41
21-12-2006,4,7,8,27,31,33
23-12-2006,18,28,38,44,47,48
28-12-2006,21,24,31,34,35,44
30-12-2006,1,9,25,27,44,45
04-01-2007,25,33,38,41,45,47
06-01-2007,15,18,19,30,38,39
11-01-2007,12,17,19,23,25,42
13-01-2007,1,3,7,19,23,26
18-01-2007,1,2,11,30,36,48
20-01-2007,6,28,30,35,40,42
25-01-2007,11,12,17,32,35,44
27-01-2007,6,22,30,36,44,49
01-02-2007,6,11,16,29,48,49
03-02-2007,13,19,34,36,43,47
08-02-2007,7,9,12,24,37,47
10-02-2007,17,21,23,28,33,44
15-02-2007,11,20,27,35,41,43
17-02-2007,1,5,14,16,24,41
22-02-2007,3,20,21,23,30,46
24-02-2007,7,8,14,18,25,44
01-03-2007,14,24,36,38,40,49
03-03-2007,11,12,13,34,38,47
08-03-2007,2,20,21,29,38,39
10-03-2007,3,22,25,41,42,45
15-03-2007,22,38,41,42,45,49
17-03-2007,2,10,25,37,38,40
22-03-2007,5,16,17,20,38,43
24-03-2007,4,11,18,31,42,47
29-03-2007,4,7,26,31,48,49
31-03-2007,11,12,17,22,26,31
05-04-2007,3,8,17,29,39,48
07-04-2007,2,3,7,11,18,23
12-04-2007,13,15,22,23,39,45
14-04-2007,3,9,18,24,29,31
19-04-2007,1,2,4,8,9,24
21-04-2007,17,25,28,32,38,42
26-04-2007,2,22,24,25,46,47
28-04-2007,10,19,28,39,40,46
03-05-2007,5,10,20,22,36,38
05-05-2007,13,20,21,28,41,46
10-05-2007,11,23,33,40,42,47
12-05-2007,4,19,24,30,31,42
17-05-2007,2,5,18,23,37,46
19-05-2007,4,9,12,15,20,44
24-05-2007,4,6,10,13,33,38
26-05-2007,6,19,25,35,37,40
31-05-2007,1,7,8,17,30,47
02-06-2007,14,24,39,40,45,48
07-06-2007,2,28,34,39,46,49
09-06-2007,2,4,11,20,35,47
14-06-2007,17,19,40,41,44,48
16-06-2007,14,18,19,23,28,42
21-06-2007,21,25,28,36,41,44
23-06-2007,3,17,23,27,42,48
28-06-2007,20,25,30,34,42,43
30-06-2007,8,22,29,32,35,44
05-07-2007,10,13,15,32,47,49
07-07-2007,12,26,34,44,46,47
12-07-2007,5,23,36,41,45,48
14-07-2007,5,10,11,13,35,39
19-07-2007,1,7,16,22,28,45
21-07-2007,15,17,18,36,41,46
26-07-2007,20,29,35,41,46,47
28-07-2007,4,10,18,39,41,42
02-08-2007,1,19,20,34,38,40
04-08-2007,1,12,13,15,36,43
09-08-2007,2,5,14,16,25,37
11-08-2007,16,19,20,32,37,47
16-08-2007,1,6,25,32,38,40
18-08-2007,4,25,26,37,46,48
23-08-2007,8,22,28,33,36,48
25-08-2007,2,5,8,14,46,47
30-08-2007,4,6,16,20,22,41
01-09-2007,13,18,19,35,39,43
06-09-2007,6,11,25,26,37,45
08-09-2007,8,12,16,20,29,42
13-09-2007,3,14,18,22,23,41
15-09-2007,1,19,26,27,30,35
20-09-2007,4,6,12,21,36,49
22-09-2007,1,21,29,32,35,45
27-09-2007,6,30,32,33,46,48
29-09-2007,1,4,17,28,29,33
04-10-2007,4,19,23,24,31,41
06-10-2007,4,11,17,27,34,36
11-10-2007,2,30,36,42,44,45
13-10-2007,4,6,15,22,27,44
18-10-2007,26,29,32,38,42,46
20-10-2007,24,27,28,29,40,44
25-10-2007,10,11,25,36,39,47
27-10-2007,2,11,22,24,41,43
01-11-2007,3,29,36,43,45,47
03-11-2007,3,5,12,19,29,39
08-11-2007,9,16,25,38,40,48
10-11-2007,4,8,9,30,33,38
15-11-2007,7,24,25,27,32,48
17-11-2007,3,34,36,38,42,48
22-11-2007,3,6,25,41,42,46
24-11-2007,15,24,29,34,35,47
29-11-2007,14,18,23,26,37,48
01-12-2007,19,22,25,39,48,49
06-12-2007,5,23,27,30,32,35
08-12-2007,14,32,33,39,43,47
13-12-2007,1,2,10,23,32,37
15-12-2007,16,26,28,35,38,48
20-12-2007,10,13,19,27,33,41
22-12-2007,5,11,13,34,35,40
27-12-2007,1,10,36,37,47,48
29-12-2007,3,20,22,25,27,45
03-01-2008,3,17,21,36,46,48
05-01-2008,5,11,12,16,27,39
10-01-2008,3,15,33,38,48,49
12-01-2008,13,16,22,26,27,28
17-01-2008,3,23,29,47,48,49
19-01-2008,12,14,19,24,32,36
24-01-2008,12,20,35,38,39,42
26-01-2008,6,11,23,36,41,45
31-01-2008,3,4,10,28,39,48
02-02-2008,15,19,30,36,42,45
07-02-2008,5,28,34,44,47,48
09-02-2008,8,12,17,41,42,48
14-02-2008,8,11,20,23,48,49
16-02-2008,8,14,22,30,36,43
21-02-2008,5,9,15,16,35,41
23-02-2008,9,12,13,15,37,39
28-02-2008,14,17,20,28,34,43
01-03-2008,2,5,17,25,28,30
06-03-2008,2,14,18,19,25,33
08-03-2008,1,3,22,29,33,40
13-03-2008,7,8,9,25,41,43
15-03-2008,5,8,17,32,36,49
20-03-2008,3,4,19,32,35,49
22-03-2008,1,3,10,14,15,45
27-03-2008,5,8,26,43,46,49
29-03-2008,4,6,7,11,16,23
03-04-2008,10,17,20,25,38,41
05-04-2008,3,7,15,29,36,40
10-04-2008,4,25,29,34,45,47
12-04-2008,6,17,20,23,28,29
17-04-2008,3,4,11,24,37,47
19-04-2008,9,17,24,35,37,44
24-04-2008,7,24,29,34,40,49
26-04-2008,10,14,23,25,38,41
01-05-2008,2,17,23,35,41,45
03-05-2008,6,19,22,28,29,44
08-05-2008,3,5,32,35,41,44
10-05-2008,1,17,19,36,45,49
15-05-2008,13,19,23,28,40,44
17-05-2008,10,11,23,28,29,40
22-05-2008,21,26,29,40,41,44
24-05-2008,2,7,10,22,26,46
29-05-2008,17,23,27,29,38,41
31-05-2008,12,27,31,38,48,49
05-06-2008,2,4,9,11,26,38
07-06-2008,4,7,10,33,38,40
12-06-2008,11,13,21,22,30,48
14-06-2008,1,3,11,14,15,18
19-06-2008,2,19,20,23,28,47
21-06-2008,2,9,12,13,27,30
26-06-2008,16,17,26,27,34,38
28-06-2008,2,23,26,32,38,46
03-07-2008,1,10,30,31,36,37
05-07-2008,24,29,32,33,41,46
10-07-2008,12,18,20,23,27,47
12-07-2008,1,2,9,11,16,36
17-07-2008,23,27,33,40,43,47
19-07-2008,6,9,17,19,23,29
24-07-2008,5,17,45,47,48,49
26-07-2008,13,17,21,23,27,28
31-07-2008,3,4,29,31,34,35
02-08-2008,10,20,24,25,30,48
07-08-2008,2,12,13,20,38,44
09-08-2008,14,17,24,34,37,45
14-08-2008,1,4,9,25,37,44
16-08-2008,7,9,19,23,27,41
21-08-2008,1,4,7,18,30,31
23-08-2008,12,17,28,32,40,46
28-08-2008,9,26,29,34,44,47
30-08-2008,7,21,22,30,40,47
04-09-2008,4,13,15,28,30,39
06-09-2008,3,4,6,8,28,31
11-09-2008,3,15,22,24,33,39
13-09-2008,7,17,25,27,39,49
18-09-2008,5,32,33,39,41,48
20-09-2008,4,5,19,23,42,47
25-09-2008,20,25,30,37,39,40
27-09-2008,2,5,7,17,47,48
02-10-2008,2,13,24,38,45,47
04-10-2008,4,7,14,16,20,24
09-10-2008,2,11,16,22,31,32
11-10-2008,4,14,23,28,31,42
16-10-2008,13,20,21,23,32,45
18-10-2008,3,33,34,37,38,45
23-10-2008,3,15,19,29,42,49
25-10-2008,7,22,32,34,39,46
30-10-2008,1,6,11,15,38,40
01-11-2008,2,21,33,36,38,48
06-11-2008,5,8,20,23,24,32
08-11-2008,4,21,26,39,43,47
13-11-2008,2,5,7,16,19,32
15-11-2008,4,8,17,27,30,48
20-11-2008,7,16,22,29,34,36
22-11-2008,3,4,6,8,11,16
27-11-2008,12,16,20,25,37,38
29-11-2008,8,20,27,28,35,46
04-12-2008,1,4,9,26,37,49
06-12-2008,13,16,21,29,39,45
11-12-2008,3,9,14,37,42,45
13-12-2008,7,8,10,20,30,36
18-12-2008,1,12,17,26,33,41
20-12-2008,8,22,33,34,36,46
25-12-2008,7,16,17,31,34,43
27-12-2008,5,14,34,39,42,45
01-01-2009,4,8,12,25,34,46
03-01-2009,9,11,21,30,31,44
08-01-2009,7,17,27,28,29,44
10-01-2009,1,16,27,28,41,46
15-01-2009,2,4,12,15,17,41
17-01-2009,5,12,19,22,45,46
22-01-2009,2,3,28,33,47,48
24-01-2009,3,11,19,24,27,38
29-01-2009,1,9,16,30,42,44
31-01-2009,8,12,26,36,47,49
05-02-2009,3,8,13,19,20,27
07-02-2009,5,9,10,17,36,49
12-02-2009,5,8,24,35,41,49
14-02-2009,6,10,25,29,33,44
19-02-2009,4,8,16,20,38,39
21-02-2009,2,3,22,24,34,46
26-02-2009,6,14,30,40,45,46
28-02-2009,12,19,40,42,48,49
05-03-2009,4,7,29,44,45,46
07-03-2009,4,18,22,34,37,43
12-03-2009,4,9,12,19,36,48
14-03-2009,1,15,28,34,44,45
19-03-2009,5,27,29,32,41,45
21-03-2009,14,17,25,41,45,47
26-03-2009,8,12,17,23,29,34
28-03-2009,12,14,23,36,40,49
02-04-2009,1,3,9,14,24,39
04-04-2009,2,19,28,31,37,40
09-04-2009,6,15,27,35,37,47
11-04-2009,2,6,18,28,31,38
16-04-2009,8,11,14,19,20,47
18-04-2009,3,5,7,9,16,31
23-04-2009,13,21,23,24,34,40
25-04-2009,1,8,17,21,39,48
30-04-2009,4,11,16,31,42,44
02-05-2009,4,7,11,15,16,49
07-05-2009,7,17,21,30,34,40
09-05-2009,3,5,13,23,39,43
14-05-2009,9,14,23,29,40,43
16-05-2009,8,26,28,29,32,34
21-05-2009,3,5,16,26,36,49
23-05-2009,5,6,17,22,41,47
28-05-2009,1,17,31,39,44,48
30-05-2009,3,9,11,13,17,22
04-06-2009,4,10,14,25,41,46
06-06-2009,2,17,28,32,42,47
11-06-2009,17,32,33,39,40,41
13-06-2009,2,10,18,24,36,44
18-06-2009,10,12,18,29,39,46
20-06-2009,8,13,17,23,33,37
25-06-2009,11,16,17,21,27,29
27-06-2009,1,22,23,36,43,45
02-07-2009,2,15,24,29,41,42
04-07-2009,8,12,13,14,16,37
09-07-2009,2,7,13,20,27,30
11-07-2009,1,11,35,36,43,47
16-07-2009,2,5,8,14,34,44
18-07-2009,5,14,22,28,30,38
23-07-2009,2,3,10,19,47,49
25-07-2009,4,10,18,25,27,29
30-07-2009,9,27,38,39,44,45
01-08-2009,6,20,25,41,44,49
06-08-2009,12,17,18,19,31,48
08-08-2009,2,6,13,19,31,35
13-08-2009,3,14,22,25,35,45
15-08-2009,13,17,26,39,42,48
20-08-2009,9,15,24,36,38,39
22-08-2009,3,8,14,22,37,49
27-08-2009,3,25,40,44,45,49
29-08-2009,6,11,28,32,37,41
03-09-2009,2,6,8,11,13,37
05-09-2009,8,9,11,29,37,40
10-09-2009,7,10,11,13,14,15
12-09-2009,12,17,24,25,26,43
17-09-2009,33,35,36,38,41,42
19-09-2009,1,2,3,16,22,31
24-09-2009,4,5,12,14,27,44
26-09-2009,11,32,35,43,45,48
01-10-2009,5,15,20,29,38,39
03-10-2009,3,20,27,35,42,47
08-10-2009,7,22,28,29,39,46
10-10-2009,3,9,14,18,20,35
15-10-2009,3,6,18,23,39,41
17-10-2009,3,15,31,44,46,49
22-10-2009,15,17,30,33,42,44
24-10-2009,7,16,21,25,27,28
29-10-2009,1,14,28,33,38,40
31-10-2009,2,19,24,34,42,46
05-11-2009,3,10,14,18,34,36
07-11-2009,15,30,33,40,47,48
12-11-2009,5,16,18,23,34,36
14-11-2009,6,21,30,31,36,47
19-11-2009,14,22,30,31,34,46
21-11-2009,14,15,17,21,42,48
26-11-2009,30,40,46,47,48,49
28-11-2009,9,10,38,45,46,47
03-12-2009,5,7,9,36,46,48
05-12-2009,2,8,9,13,16,44
10-12-2009,13,21,24,26,32,34
12-12-2009,4,10,21,23,28,48
17-12-2009,7,16,28,32,42,46
19-12-2009,9,25,42,43,44,49
24-12-2009,8,27,30,38,42,43
26-12-2009,2,5,26,34,38,45
31-12-2009,17,19,20,30,34,37
02-01-2010,1,4,15,24,43,48
07-01-2010,19,24,25,38,43,49
09-01-2010,13,26,29,30,31,43
14-01-2010,1,2,4,20,33,48
16-01-2010,5,8,19,34,35,47
21-01-2010,7,8,14,18,43,44
23-01-2010,9,11,13,28,33,40
28-01-2010,16,17,18,19,21,32
30-01-2010,1,5,8,26,40,48
04-02-2010,1,11,19,26,35,47
06-02-2010,5,7,17,19,21,42
11-02-2010,6,10,25,28,32,37
13-02-2010,6,15,17,19,20,30
18-02-2010,26,30,34,38,39,41
20-02-2010,13,14,18,20,33,45
25-02-2010,2,3,4,5,13,44
27-02-2010,3,7,22,24,27,44
04-03-2010,4,23,24,30,33,48
06-03-2010,7,14,20,29,31,32
11-03-2010,11,16,24,25,31,35
13-03-2010,8,11,22,31,33,47
18-03-2010,8,11,14,37,39,40
20-03-2010,4,10,14,22,37,46
25-03-2010,2,14,15,17,23,48
27-03-2010,1,5,15,23,25,28
01-04-2010,2,5,8,20,40,43
03-04-2010,3,12,21,27,39,43
08-04-2010,1,11,26,34,42,49
10-04-2010,5,28,29,38,44,45
15-04-2010,1,17,20,29,38,39
17-04-2010,3,13,18,21,27,37
22-04-2010,5,6,9,16,33,36
24-04-2010,2,3,5,11,38,39
29-04-2010,1,4,10,28,29,40
01-05-2010,4,10,28,36,39,42
06-05-2010,5,23,36,38,39,47
08-05-2010,1,5,13,14,24,28
13-05-2010,6,29,36,45,47,48
15-05-2010,10,26,27,35,36,42
20-05-2010,5,7,9,15,22,46
22-05-2010,5,12,15,39,48,49
27-05-2010,21,28,31,33,37,46
29-05-2010,9,22,33,37,43,48
03-06-2010,13,15,17,24,33,41
05-06-2010,3,12,20,28,41,42
10-06-2010,11,17,23,29,31,47
12-06-2010,1,8,15,20,25,36
17-06-2010,4,14,21,28,30,46
19-06-2010,3,7,18,20,34,37
24-06-2010,1,12,15,21,26,41
26-06-2010,6,12,15,19,33,43
01-07-2010,14,15,29,30,32,43
03-07-2010,6,11,12,13,20,31
08-07-2010,1,7,16,22,31,36
10-07-2010,23,32,34,38,42,45
15-07-2010,2,14,18,30,31,36
17-07-2010,14,18,25,27,29,46
22-07-2010,3,16,32,36,40,43
24-07-2010,2,8,17,28,37,42
29-07-2010,26,31,38,41,47,49
31-07-2010,13,15,24,27,29,43
05-08-2010,16,24,27,41,48,49
07-08-2010,10,13,15,20,28,30
12-08-2010,8,13,22,25,28,46
14-08-2010,14,22,28,37,40,41
19-08-2010,2,5,21,22,26,39
21-08-2010,2,7,8,10,39,49
26-08-2010,7,24,35,36,46,49
28-08-2010,14,18,32,38,40,44
02-09-2010,3,10,12,18,19,22
04-09-2010,2,15,27,33,45,49
09-09-2010,2,26,39,40,45,47
11-09-2010,2,8,18,25,30,41
16-09-2010,11,14,24,28,45,48
18-09-2010,6,10,21,36,44,48
23-09-2010,3,12,34,40,41,43
25-09-2010,2,11,34,43,47,49
30-09-2010,11,24,26,33,40,44
02-10-2010,11,18,25,27,35,48
07-10-2010,1,22,24,25,26,32
09-10-2010,12,15,20,36,37,44
14-10-2010,12,25,35,36,38,44
16-10-2010,9,11,14,26,39,48
21-10-2010,1,4,17,25,29,37
23-10-2010,7,8,10,20,30,40
28-10-2010,2,24,28,38,46,48
30-10-2010,6,16,22,32,33,49
04-11-2010,18,34,41,43,44,45
06-11-2010,3,7,15,22,28,31
11-11-2010,2,14,15,25,44,49
13-11-2010,8,25,26,36,42,47
18-11-2010,11,19,22,32,40,44
20-11-2010,2,7,8,26,30,40
25-11-2010,12,19,21,35,37,40
27-11-2010,2,6,7,9,22,35
02-12-2010,9,14,16,21,26,47
04-12-2010,6,8,22,27,33,38
09-12-2010,4,12,14,40,41,44
11-12-2010,3,7,18,26,37,44
16-12-2010,1,29,33,39,40,45
18-12-2010,7,19,20,23,28,45
23-12-2010,11,21,25,27,42,45
25-12-2010,8,11,21,22,37,44
30-12-2010,8,12,23,28,32,33
01-01-2011,6,9,10,21,23,25
06-01-2011,1,11,21,33,34,44
08-01-2011,6,7,11,18,38,42
13-01-2011,6,9,22,42,43,49
15-01-2011,11,13,14,15,16,36
20-01-2011,12,18,19,29,30,40
22-01-2011,5,13,19,26,38,49
27-01-2011,5,7,29,30,33,48
29-01-2011,2,17,29,30,37,40
03-02-2011,11,21,22,26,37,40
05-02-2011,2,11,13,20,27,30
10-02-2011,1,4,5,28,45,49
12-02-2011,17,29,35,46,47,48
17-02-2011,11,16,25,39,40,47
19-02-2011,5,6,16,24,43,49
24-02-2011,5,7,16,18,26,49
26-02-2011,5,6,30,32,44,45
03-03-2011,9,26,28,37,43,46
05-03-2011,3,24,34,35,36,48
10-03-2011,9,10,12,21,24,46
12-03-2011,2,14,30,33,38,45
17-03-2011,5,8,25,27,43,45
19-03-2011,1,10,15,17,34,49
24-03-2011,2,25,26,36,37,40
26-03-2011,10,28,35,43,44,45
31-03-2011,4,16,31,33,34,45
02-04-2011,8,10,14,34,39,48
07-04-2011,3,17,20,38,41,47
09-04-2011,7,18,19,32,33,45
14-04-2011,3,8,9,20,32,45
16-04-2011,12,17,29,36,37,45
21-04-2011,3,14,20,24,30,34
23-04-2011,18,22,27,37,44,47
28-04-2011,7,9,13,14,18,37
30-04-2011,3,18,22,23,34,49
05-05-2011,1,8,9,27,29,43
07-05-2011,2,23,24,30,31,37
12-05-2011,12,20,32,33,43,47
14-05-2011,4,11,27,36,39,40
19-05-2011,17,28,39,44,45,47
21-05-2011,11,19,23,35,47,48
26-05-2011,9,21,24,31,33,34
28-05-2011,12,14,18,20,32,44
02-06-2011,15,27,31,40,47,49
04-06-2011,4,5,22,32,34,46
09-06-2011,3,6,10,25,42,49
11-06-2011,2,35,40,42,43,45
16-06-2011,1,2,20,22,28,47
18-06-2011,4,11,21,22,40,41
23-06-2011,8,16,28,29,30,33
25-06-2011,11,17,20,28,31,39
30-06-2011,14,16,26,31,43,46
02-07-2011,1,3,13,21,34,35
07-07-2011,10,14,18,22,25,26
09-07-2011,4,6,15,22,30,40
14-07-2011,2,16,19,26,46,49
16-07-2011,16,19,32,33,35,38
21-07-2011,5,21,30,33,39,47
23-07-2011,3,12,13,24,30,34
28-07-2011,5,9,18,20,35,49
30-07-2011,6,18,27,29,35,44
04-08-2011,21,22,25,30,44,48
06-08-2011,15,16,31,43,45,49
11-08-2011,5,12,14,16,26,46
13-08-2011,2,5,9,15,38,47
18-08-2011,4,9,30,32,39,48
20-08-2011,7,19,24,39,46,47
25-08-2011,10,23,28,35,38,39
27-08-2011,7,20,24,29,39,49
01-09-2011,4,5,8,12,15,43
03-09-2011,1,3,8,21,32,33
08-09-2011,5,7,12,19,38,46
10-09-2011,3,8,22,30,45,47
15-09-2011,11,17,20,36,38,40
17-09-2011,2,6,12,24,25,33
22-09-2011,8,22,32,33,35,39
24-09-2011,6,27,30,34,42,44
29-09-2011,7,27,29,31,37,47
01-10-2011,9,10,33,37,38,46
06-10-2011,4,14,18,27,36,43
08-10-2011,17,23,40,42,47,49
13-10-2011,18,19,25,31,40,41
15-10-2011,4,16,18,29,31,32
20-10-2011,1,18,30,32,42,44
22-10-2011,16,19,30,32,36,47
27-10-2011,8,9,11,20,24,32
29-10-2011,13,18,26,35,47,49
03-11-2011,11,21,27,33,40,41
05-11-2011,7,11,23,30,32,34
10-11-2011,8,11,37,39,41,45
12-11-2011,5,33,35,40,45,46
17-11-2011,5,13,16,28,45,46
19-11-2011,9,10,13,21,24,28
24-11-2011,6,8,23,31,33,40
26-11-2011,18,24,29,32,39,49
01-12-2011,2,15,18,26,32,45
03-12-2011,10,11,13,19,25,49
08-12-2011,11,15,18,22,30,49
10-12-2011,1,30,31,44,46,48
15-12-2011,1,5,9,10,23,44
17-12-2011,6,21,32,41,46,47
22-12-2011,3,10,20,31,39,44
24-12-2011,16,22,23,27,43,44
29-12-2011,22,23,33,40,41,43
31-12-2011,13,15,17,21,44,47
05-01-2012,4,22,25,28,37,46
07-01-2012,12,17,19,29,38,41
12-01-2012,2,5,10,19,24,31
14-01-2012,18,27,33,40,47,48
19-01-2012,18,22,26,30,31,43
21-01-2012,25,32,35,38,46,48
26-01-2012,15,23,29,33,39,47
28-01-2012,2,11,22,25,44,47
02-02-2012,3,9,13,24,40,46
04-02-2012,9,12,21,38,45,47
09-02-2012,3,20,24,28,32,49
11-02-2012,6,7,9,16,19,34
16-02-2012,9,14,22,28,35,42
18-02-2012,5,19,21,30,34,48
23-02-2012,1,23,30,33,46,47
25-02-2012,2,3,11,27,41,45
01-03-2012,26,29,31,35,38,39
03-03-2012,13,18,23,32,39,49
08-03-2012,1,6,17,21,36,46
10-03-2012,10,19,22,23,30,35
15-03-2012,2,7,17,23,34,46
17-03-2012,10,24,25,28,30,37
22-03-2012,1,4,10,18,26,31
24-03-2012,8,18,29,31,43,47
29-03-2012,4,10,13,26,39,48
31-03-2012,8,12,17,18,34,36
05-04-2012,4,9,11,20,28,41
07-04-2012,10,17,24,28,38,42
12-04-2012,3,9,20,22,35,48
14-04-2012,5,6,10,18,40,46
19-04-2012,7,8,23,30,35,45
21-04-2012,11,18,24,31,35,41
26-04-2012,18,27,30,40,41,45
28-04-2012,7,15,19,23,43,45
03-05-2012,1,5,7,22,35,43
05-05-2012,15,19,23,26,33,49
10-05-2012,1,11,17,24,37,48
12-05-2012,5,13,19,25,27,44
17-05-2012,2,6,15,39,40,45
19-05-2012,1,7,13,42,44,49
24-05-2012,13,17,42,43,45,48
26-05-2012,1,2,16,27,30,33
31-05-2012,4,6,38,40,48,49
02-06-2012,6,7,21,26,33,44
07-06-2012,4,17,26,28,31,37
09-06-2012,6,9,22,31,42,44
14-06-2012,7,9,14,21,26,42
16-06-2012,4,6,7,20,35,44
21-06-2012,32,33,35,37,39,41
23-06-2012,7,14,17,21,26,40
28-06-2012,14,25,29,40,42,47
30-06-2012,10,17,24,37,40,43
05-07-2012,10,12,16,20,26,29
07-07-2012,3,15,31,34,38,44
12-07-2012,21,31,40,42,47,49
14-07-2012,4,7,9,40,41,45
19-07-2012,12,13,19,29,36,40
21-07-2012,6,10,21,30,37,40
26-07-2012,10,25,28,30,31,48
28-07-2012,16,18,24,27,30,49
02-08-2012,1,3,4,14,28,30
04-08-2012,1,6,10,16,18,20
09-08-2012,18,19,31,39,40,43
11-08-2012,1,14,17,20,31,44
16-08-2012,1,11,14,25,28,47
18-08-2012,11,16,27,39,40,48
23-08-2012,3,10,13,20,24,48
25-08-2012,17,19,34,39,41,45
30-08-2012,1,2,12,15,23,39
01-09-2012,10,18,34,40,43,45
06-09-2012,3,21,24,37,41,44
08-09-2012,5,7,8,10,44,49
13-09-2012,7,9,11,12,33,40
15-09-2012,1,3,27,42,47,48
20-09-2012,5,6,12,29,35,38
22-09-2012,16,20,31,33,34,45
27-09-2012,2,5,10,31,42,45
29-09-2012,2,9,23,34,38,45
04-10-2012,5,6,7,27,43,47
06-10-2012,5,6,9,15,26,41
11-10-2012,9,15,16,23,31,40
13-10-2012,2,13,14,24,35,38
18-10-2012,1,2,5,9,17,31
20-10-2012,3,6,29,41,43,44
25-10-2012,7,14,20,26,30,44
27-10-2012,1,25,26,38,41,49
01-11-2012,7,8,12,29,34,36
03-11-2012,4,10,18,19,21,39
08-11-2012,5,7,12,23,38,43
10-11-2012,3,10,12,15,21,46
15-11-2012,9,18,20,29,33,47
17-11-2012,1,6,10,30,42,49
22-11-2012,10,17,18,42,45,47
24-11-2012,8,9,14,19,22,32
29-11-2012,2,11,16,20,23,41
01-12-2012,6,19,22,24,30,31
06-12-2012,4,10,12,14,15,29
08-12-2012,7,8,17,21,33,37
13-12-2012,13,15,26,39,41,43
15-12-2012,4,8,34,36,37,44
20-12-2012,12,21,22,36,47,49
22-12-2012,2,27,29,34,35,40
27-12-2012,2,5,31,33,43,49
29-12-2012,2,3,7,10,21,38
03-01-2013,3,15,23,26,34,38
05-01-2013,1,4,9,11,38,48
10-01-2013,29,32,34,42,44,46
12-01-2013,2,3,19,20,29,37
17-01-2013,1,23,30,41,43,49
19-01-2013,5,8,25,34,37,44
24-01-2013,1,16,24,29,31,43
26-01-2013,10,22,32,35,36,47
31-01-2013,3,9,13,24,32,49
02-02-2013,7,8,31,33,34,47
07-02-2013,2,6,12,24,44,47
09-02-2013,1,3,15,24,43,44
14-02-2013,1,2,22,34,35,39
16-02-2013,4,15,16,22,30,41
21-02-2013,13,14,17,36,38,41
23-02-2013,6,16,38,44,45,46
28-02-2013,14,22,23,26,27,29
02-03-2013,4,6,7,12,18,39
07-03-2013,23,25,29,36,37,48
09-03-2013,5,8,22,24,28,44
14-03-2013,10,15,24,30,39,45
16-03-2013,1,7,12,13,15,17
21-03-2013,7,13,15,27,37,44
23-03-2013,16,17,31,32,41,42
28-03-2013,13,15,18,33,39,45
30-03-2013,1,9,13,24,29,39
04-04-2013,1,3,9,11,29,31
06-04-2013,1,16,20,30,38,43
11-04-2013,4,6,21,26,33,40
13-04-2013,9,12,14,16,38,46
18-04-2013,6,22,29,32,38,40
20-04-2013,4,10,17,22,35,48
25-04-2013,4,5,21,32,35,47
27-04-2013,1,6,10,16,23,36
02-05-2013,8,16,21,32,40,42
04-05-2013,2,10,12,21,37,40
09-05-2013,12,15,16,44,45,46
11-05-2013,9,14,21,25,26,42
16-05-2013,12,18,24,28,38,48
18-05-2013,9,16,17,34,44,45
23-05-2013,3,14,31,36,38,44
25-05-2013,9,24,30,37,42,49
30-05-2013,3,10,13,34,38,39
01-06-2013,6,7,12,18,26,42
06-06-2013,6,21,30,31,36,39
08-06-2013,10,17,26,38,39,47
13-06-2013,11,16,27,41,45,49
15-06-2013,1,10,30,35,39,44
20-06-2013,14,18,35,37,46,47
22-06-2013,1,13,28,30,35,39
27-06-2013,3,4,19,20,21,36
29-06-2013,4,9,17,23,34,38
04-07-2013,4,12,14,16,39,41
06-07-2013,8,10,14,27,35,36
11-07-2013,5,26,29,36,38,45
13-07-2013,1,2,4,17,23,31
18-07-2013,20,34,35,36,40,45
20-07-2013,4,22,26,27,31,33
25-07-2013,8,10,11,23,28,38
27-07-2013,6,7,23,26,31,49
01-08-2013,10,21,26,33,40,45
03-08-2013,1,2,3,7,14,20
08-08-2013,8,16,22,23,32,48
10-08-2013,4,12,21,29,35,38
15-08-2013,1,17,32,37,43,45
17-08-2013,13,15,20,25,28,49
22-08-2013,1,3,8,9,29,36
24-08-2013,3,7,9,11,15,18
29-08-2013,6,12,33,35,38,45
31-08-2013,7,30,31,34,35,46
05-09-2013,7,10,37,45,47,49
07-09-2013,1,8,14,25,30,36
12-09-2013,10,24,27,38,45,48
14-09-2013,11,17,19,34,35,41
19-09-2013,14,15,30,34,37,48
21-09-2013,6,10,21,24,33,36
26-09-2013,20,23,28,29,36,37
28-09-2013,4,28,29,33,42,47
03-10-2013,8,17,20,29,35,37
05-10-2013,6,7,12,23,37,49
10-10-2013,5,6,40,45,46,48
12-10-2013,7,13,19,30,33,41
17-10-2013,2,11,14,21,30,48
19-10-2013,20,22,29,32,45,48
24-10-2013,10,22,34,37,38,47
26-10-2013,8,9,12,20,34,41
31-10-2013,7,33,35,36,39,40
02-11-2013,5,7,26,32,44,45
07-11-2013,28,30,32,33,37,42
09-11-2013,2,11,27,32,35,40
14-11-2013,2,9,20,39,42,48
16-11-2013,1,10,31,32,34,45
21-11-2013,7,9,34,43,44,47
23-11-2013,7,12,15,23,39,46
28-11-2013,12,15,28,37,42,49
30-11-2013,17,20,28,34,35,45
05-12-2013,1,2,4,5,26,36
07-12-2013,12,15,16,19,20,39
12-12-2013,13,24,28,30,43,44
14-12-2013,12,16,23,27,28,41
19-12-2013,16,23,33,38,47,49
21-12-2013,4,9,37,38,40,43
26-12-2013,12,25,31,32,36,49
28-12-2013,1,19,33,38,43,47
02-01-2014,21,33,35,37,41,42
04-01-2014,11,13,16,18,43,45
09-01-2014,13,15,30,32,41,45
11-01-2014,9,16,27,35,43,46
16-01-2014,7,9,12,13,29,48
18-01-2014,1,3,24,27,36,46
23-01-2014,5,24,34,45,47,49
25-01-2014,3,6,7,21,34,49
30-01-2014,2,3,18,33,36,41
01-02-2014,9,13,27,28,31,34
06-02-2014,4,23,32,36,37,46
08-02-2014,4,7,22,29,30,40
13-02-2014,1,15,18,34,45,46
15-02-2014,17,31,35,36,48,49
20-02-2014,1,4,17,27,34,49
22-02-2014,4,15,25,30,39,44
27-02-2014,10,29,31,36,38,46
01-03-2014,2,17,19,20,21,26
06-03-2014,2,12,27,33,38,41
08-03-2014,11,20,23,28,31,43
13-03-2014,3,12,22,23,25,43
15-03-2014,5,13,14,19,20,37
20-03-2014,4,7,12,14,15,49
22-03-2014,7,12,18,27,32,34
27-03-2014,5,11,22,29,32,37
29-03-2014,6,14,30,41,43,49
03-04-2014,13,15,18,22,41,48
05-04-2014,9,13,30,36,37,45
10-04-2014,5,6,12,17,24,32
12-04-2014,4,13,19,22,24,27
17-04-2014,9,11,14,23,28,47
19-04-2014,11,17,27,29,40,45
24-04-2014,3,12,19,26,42,48
26-04-2014,1,2,9,18,38,48
01-05-2014,9,23,27,33,38,44
03-05-2014,4,5,14,16,45,49
08-05-2014,11,14,22,26,38,44
10-05-2014,5,15,17,23,33,37
15-05-2014,3,14,18,23,28,45
17-05-2014,3,7,33,37,47,49
22-05-2014,7,13,22,26,36,49
24-05-2014,21,33,36,38,45,47
29-05-2014,3,5,12,34,46,49
31-05-2014,4,12,14,30,42,43
05-06-2014,10,15,16,19,20,48
07-06-2014,13,17,19,20,22,29
12-06-2014,24,30,31,32,43,47
14-06-2014,5,6,19,40,41,43
19-06-2014,2,8,9,12,44,47
21-06-2014,3,6,35,36,39,49
26-06-2014,5,14,17,41,42,49
28-06-2014,15,18,30,39,45,46
03-07-2014,1,6,7,15,35,39
05-07-2014,3,6,14,41,43,45
10-07-2014,11,17,18,29,38,40
12-07-2014,9,11,12,20,27,43
17-07-2014,4,18,23,26,28,37
19-07-2014,3,12,21,37,42,47
24-07-2014,10,21,26,33,34,47
26-07-2014,2,6,9,16,17,45
31-07-2014,2,18,40,42,43,46
02-08-2014,2,32,37,44,45,49
07-08-2014,16,20,28,36,40,44
09-08-2014,2,4,8,22,24,39
14-08-2014,16,19,25,26,33,46
16-08-2014,7,19,38,41,43,46
21-08-2014,2,6,8,21,26,43
23-08-2014,3,18,27,28,32,45
28-08-2014,23,27,30,37,39,46
30-08-2014,9,12,19,24,32,40
04-09-2014,17,23,29,30,31,37
06-09-2014,2,12,22,31,33,44
11-09-2014,2,5,7,9,20,24
13-09-2014,3,12,13,18,38,44
18-09-2014,5,17,24,26,30,44
20-09-2014,8,14,24,28,33,49
25-09-2014,8,12,18,37,47,49
27-09-2014,1,10,13,14,18,24
02-10-2014,17,24,29,31,33,43
04-10-2014,10,11,24,28,30,39
09-10-2014,4,7,14,38,39,42
11-10-2014,5,8,30,34,39,41
16-10-2014,15,24,29,31,36,41
18-10-2014,25,26,28,30,31,40
23-10-2014,4,15,22,30,32,41
25-10-2014,8,15,23,35,36,37
30-10-2014,10,22,28,34,39,41
01-11-2014,20,26,33,38,40,48
06-11-2014,3,5,18,22,25,30
08-11-2014,4,17,32,33,35,37
13-11-2014,2,3,31,32,34,39
15-11-2014,2,11,30,42,48,49
20-11-2014,9,28,31,36,43,46
22-11-2014,8,9,10,25,26,31
27-11-2014,2,8,22,33,37,42
29-11-2014,2,8,25,29,32,37
04-12-2014,9,18,22,23,34,35
06-12-2014,3,10,11,15,21,37
11-12-2014,2,16,36,38,44,49
13-12-2014,1,25,27,36,39,42
18-12-2014,8,18,31,36,41,43
20-12-2014,12,20,22,26,34,40
25-12-2014,6,30,32,37,39,44
27-12-2014,1,10,21,23,33,47
01-01-2015,11,16,23,32,34,49
03-01-2015,1,21,22,25,28,30
08-01-2015,2,3,10,38,40,43
10-01-2015,18,27,37,41,42,49
15-01-2015,4,12,13,24,35,43
17-01-2015,13,20,22,29,30,48
22-01-2015,14,18,20,25,38,44
24-01-2015,7,14,16,36,37,47
29-01-2015,6,11,12,25,31,43
31-01-2015,8,13,23,38,42,48
05-02-2015,4,7,32,34,46,49
07-02-2015,12,21,28,30,38,42
12-02-2015,13,29,35,37,41,49
14-02-2015,1,4,12,33,44,47
19-02-2015,11,13,20,24,35,38
21-02-2015,9,12,14,24,37,40
26-02-2015,5,18,20,22,30,37
28-02-2015,7,8,22,23,30,48
05-03-2015,2,5,21,24,28,44
07-03-2015,1,8,9,20,43,45
12-03-2015,18,19,30,34,43,45
14-03-2015,8,9,32,34,39,47
19-03-2015,1,11,15,23,27,30
21-03-2015,4,5,11,23,40,44
26-03-2015,11,23,35,38,46,49
28-03-2015,1,2,7,17,38,49
02-04-2015,5,14,18,30,46,48
04-04-2015,11,15,16,21,27,33
09-04-2015,4,8,13,16,39,46
11-04-2015,9,23,24,28,35,41
16-04-2015,7,31,32,37,38,47
18-04-2015,4,6,17,18,36,38
23-04-2015,2,14,16,23,31,49
25-04-2015,3,29,33,43,47,48
30-04-2015,1,8,10,32,38,40
02-05-2015,7,13,36,39,48,49
07-05-2015,9,11,14,35,45,47
09-05-2015,6,20,30,36,41,49
14-05-2015,3,8,12,22,29,49
16-05-2015,2,18,20,35,43,44
21-05-2015,8,9,18,30,33,49
23-05-2015,2,4,6,31,39,42
28-05-2015,16,36,41,47,48,49
30-05-2015,17,20,27,29,35,40
04-06-2015,3,10,13,30,33,47
06-06-2015,3,28,30,31,36,41
11-06-2015,11,15,21,25,38,44
13-06-2015,24,37,40,41,43,46
18-06-2015,11,14,19,24,39,43
20-06-2015,9,17,21,31,34,41
25-06-2015,1,2,7,8,11,42
27-06-2015,1,8,10,16,26,32
02-07-2015,18,21,32,36,45,46
04-07-2015,18,19,28,45,46,49
09-07-2015,6,7,14,15,25,43
11-07-2015,12,20,22,23,30,44
16-07-2015,2,3,4,7,21,38
18-07-2015,1,24,30,41,45,46
23-07-2015,12,20,28,36,39,45
25-07-2015,4,6,12,16,25,43
30-07-2015,4,8,13,19,32,46
01-08-2015,1,9,16,20,28,31
06-08-2015,10,14,17,33,39,46
08-08-2015,3,9,13,15,25,28
13-08-2015,11,19,25,26,29,30
15-08-2015,12,19,24,39,40,42
20-08-2015,3,10,12,23,35,39
22-08-2015,1,16,25,28,33,38
27-08-2015,8,13,24,32,39,42
29-08-2015,1,6,41,47,48,49
03-09-2015,3,7,15,37,38,46
05-09-2015,5,17,21,23,42,46
10-09-2015,11,19,22,26,28,30
12-09-2015,9,14,19,43,44,48
17-09-2015,16,17,23,24,39,42
19-09-2015,2,3,12,16,29,37
24-09-2015,5,11,19,27,34,46
26-09-2015,18,19,26,35,46,49
01-10-2015,11,17,30,39,45,49
03-10-2015,1,19,21,28,45,48
08-10-2015,12,14,21,30,37,40
10-10-2015,7,11,22,23,26,30
15-10-2015,1,7,21,27,38,46
17-10-2015,1,2,11,21,22,44
22-10-2015,2,3,8,21,27,41
24-10-2015,1,15,20,33,46,47
29-10-2015,25,27,33,36,41,45
31-10-2015,13,16,24,30,38,48
05-11-2015,1,6,25,35,36,41
07-11-2015,3,4,20,24,29,49
12-11-2015,10,23,25,31,40,46
14-11-2015,13,14,15,32,40,49
19-11-2015,11,15,25,40,47,48
21-11-2015,2,6,29,38,40,46
26-11-2015,1,13,18,19,39,45
28-11-2015,6,20,22,30,46,47
03-12-2015,12,20,23,24,44,48
05-12-2015,2,11,13,14,28,46
10-12-2015,21,22,32,33,38,42
12-12-2015,10,22,30,36,45,47
17-12-2015,11,28,34,38,46,49
19-12-2015,7,8,15,16,34,35
24-12-2015,3,18,26,37,39,42
26-12-2015,12,15,20,41,43,47
31-12-2015,5,30,33,37,41,42
02-01-2016,5,6,8,10,29,37
07-01-2016,15,24,31,38,41,46
09-01-2016,4,10,12,14,17,47
14-01-2016,4,11,19,40,46,49
16-01-2016,12,17,19,27,32,48
21-01-2016,4,15,17,19,24,37
23-01-2016,6,10,24,27,32,45
28-01-2016,6,23,30,33,37,44
30-01-2016,2,6,11,33,37,46
04-02-2016,3,5,22,33,39,40
06-02-2016,6,11,20,26,38,46
11-02-2016,2,12,18,34,37,46
13-02-2016,27,30,34,43,46,49
18-02-2016,3,10,28,35,47,49
20-02-2016,3,11,17,41,45,47
25-02-2016,11,13,17,26,34,48
27-02-2016,5,11,20,32,35,43
03-03-2016,2,13,14,29,43,45
05-03-2016,6,7,11,28,38,45
10-03-2016,3,8,24,31,32,49
12-03-2016,12,17,23,27,37,40
17-03-2016,8,11,12,18,36,44
19-03-2016,1,12,21,35,44,45
24-03-2016,1,12,13,23,40,43
26-03-2016,19,21,28,32,43,48
31-03-2016,1,8,10,12,26,27
02-04-2016,6,7,15,27,32,40
07-04-2016,1,11,22,28,38,44
09-04-2016,1,17,25,29,30,40
14-04-2016,2,11,27,29,31,48
16-04-2016,2,3,12,16,32,40
21-04-2016,1,2,6,25,31,44
23-04-2016,5,6,8,26,39,40
28-04-2016,3,10,33,35,43,44
30-04-2016,4,13,31,41,43,48
05-05-2016,8,26,42,46,48,49
07-05-2016,4,5,16,18,21,36
12-05-2016,18,22,23,25,42,44
14-05-2016,5,10,12,22,34,35
19-05-2016,1,30,40,43,45,48
21-05-2016,7,10,13,15,35,38
26-05-2016,3,11,13,23,32,47
28-05-2016,20,28,30,36,41,46
02-06-2016,27,35,38,45,46,47
04-06-2016,1,11,14,16,20,41
09-06-2016,2,9,10,14,25,41
11-06-2016,17,26,36,37,38,46
16-06-2016,8,9,15,19,21,49
18-06-2016,2,10,14,16,27,44
23-06-2016,9,16,20,21,33,41
25-06-2016,6,19,21,22,34,37
30-06-2016,1,6,30,31,41,43
02-07-2016,4,14,15,16,18,40
07-07-2016,7,15,20,23,29,34
09-07-2016,4,5,37,40,41,45
14-07-2016,3,10,17,26,36,41
16-07-2016,12,16,28,32,43,45
21-07-2016,4,5,22,36,42,47
23-07-2016,6,11,12,25,36,46
28-07-2016,2,6,10,20,38,40
30-07-2016,11,24,28,30,32,34
04-08-2016,5,8,12,14,21,28
06-08-2016,12,17,30,39,43,47
11-08-2016,11,13,20,31,34,40
13-08-2016,10,13,24,33,40,45
18-08-2016,9,14,22,33,37,39
20-08-2016,2,11,17,26,34,40
25-08-2016,7,10,16,26,35,40
27-08-2016,6,9,14,32,36,45
01-09-2016,17,19,21,31,35,48
03-09-2016,4,14,30,31,34,44
08-09-2016,4,5,7,29,42,46
10-09-2016,24,28,34,38,39,44
15-09-2016,7,14,24,34,35,40
17-09-2016,8,14,20,22,28,32
22-09-2016,9,15,18,42,43,49
24-09-2016,4,9,21,42,45,48
29-09-2016,8,14,28,39,40,42
01-10-2016,2,7,16,20,35,42
06-10-2016,3,19,23,26,30,41
08-10-2016,4,9,20,29,41,49
13-10-2016,1,5,18,21,32,36
15-10-2016,1,22,27,42,43,49
20-10-2016,5,7,15,18,20,21
22-10-2016,12,13,15,31,32,43
27-10-2016,2,4,22,23,32,35
29-10-2016,4,14,16,26,38,47
03-11-2016,12,21,29,30,44,46
05-11-2016,4,7,14,30,46,49
10-11-2016,2,8,15,22,28,48
12-11-2016,5,22,26,33,47,48
17-11-2016,2,9,16,21,30,31
19-11-2016,6,14,15,39,46,48
24-11-2016,1,6,10,14,34,46
26-11-2016,3,14,15,19,20,28
01-12-2016,22,30,33,40,42,45
03-12-2016,3,5,8,13,21,43
08-12-2016,7,12,13,21,44,46
10-12-2016,9,15,25,37,47,49
15-12-2016,16,17,21,26,31,38
17-12-2016,11,18,31,34,35,45
22-12-2016,17,28,31,39,47,49
24-12-2016,26,29,31,34,36,40
29-12-2016,7,19,28,33,38,45
31-12-2016,2,3,14,29,36,40
05-01-2017,3,9,12,23,27,49
07-01-2017,12,28,32,33,36,49
12-01-2017,6,10,32,34,36,48
14-01-2017,2,3,6,10,25,43
19-01-2017,1,6,23,32,39,48
21-01-2017,4,9,15,29,37,45
26-01-2017,13,15,20,24,32,38
28-01-2017,8,10,22,24,35,47
02-02-2017,4,5,17,24,27,28
04-02-2017,8,26,31,32,39,42
09-02-2017,5,18,30,33,37,45
11-02-2017,4,22,36,40,43,47
16-02-2017,3,16,25,29,35,40
18-02-2017,5,15,19,21,29,39
23-02-2017,11,12,17,27,42,48
25-02-2017,2,9,13,27,36,48
02-03-2017,22,25,29,41,42,43
04-03-2017,8,17,25,26,38,48
09-03-2017,3,4,24,30,36,44
11-03-2017,1,22,28,37,39,43
16-03-2017,4,38,39,41,45,49
18-03-2017,3,5,14,21,28,43
23-03-2017,16,25,29,35,39,49
25-03-2017,7,11,35,36,37,40
30-03-2017,13,20,33,35,42,48
01-04-2017,6,8,18,22,26,36
06-04-2017,7,15,16,25,28,29
08-04-2017,3,19,40,44,47,48
13-04-2017,2,14,20,24,41,47
15-04-2017,6,14,24,30,35,48
20-04-2017,11,16,21,22,28,46
22-04-2017,1,11,16,26,45,47
27-04-2017,10,11,26,32,33,44
29-04-2017,3,12,22,24,35,46
04-05-2017,9,11,17,23,28,36
06-05-2017,1,22,26,27,31,34
11-05-2017,6,19,20,28,31,39
13-05-2017,3,9,28,29,41,42
18-05-2017,8,15,16,19,27,47
20-05-2017,10,24,25,31,32,36
25-05-2017,18,21,28,32,34,42
27-05-2017,18,25,26,29,30,39
01-06-2017,7,10,26,29,33,37
03-06-2017,9,12,13,22,23,43
08-06-2017,19,20,25,32,33,34
10-06-2017,18,19,22,29,35,45
15-06-2017,3,7,11,20,22,30
17-06-2017,3,13,16,21,28,43
22-06-2017,3,15,30,37,38,41
24-06-2017,11,14,21,30,39,40
29-06-2017,1,11,20,35,40,49
01-07-2017,12,22,26,27,30,31
06-07-2017,3,5,9,20,29,49
08-07-2017,3,16,21,25,26,39
13-07-2017,1,6,8,12,27,40
15-07-2017,11,23,32,42,46,47
20-07-2017,3,5,22,35,43,46
22-07-2017,18,21,27,37,38,40
27-07-2017,1,2,5,27,39,49
29-07-2017,20,23,35,43,44,47
03-08-2017,13,17,20,27,33,34
05-08-2017,6,10,17,26,44,49
10-08-2017,6,9,20,26,38,45
12-08-2017,9,17,19,25,29,46
17-08-2017,8,17,19,45,48,49
19-08-2017,2,17,35,37,43,48
24-08-2017,7,10,12,35,38,40
26-08-2017,7,19,23,28,42,49
31-08-2017,4,15,20,35,39,41
02-09-2017,1,4,18,37,40,49
07-09-2017,1,14,18,19,26,37
09-09-2017,1,10,20,21,37,44
14-09-2017,4,7,16,18,23,36
16-09-2017,1,5,7,10,25,44
21-09-2017,14,15,20,23,26,48
23-09-2017,9,15,18,23,37,41
28-09-2017,13,18,28,29,30,33
30-09-2017,4,6,31,33,35,42
05-10-2017,5,12,23,26,33,48
07-10-2017,1,20,23,41,45,47
12-10-2017,7,9,20,31,37,47
14-10-2017,16,23,26,35,45,47
19-10-2017,7,11,16,31,41,42
21-10-2017,5,6,17,22,34,40
26-10-2017,2,6,17,25,37,49
28-10-2017,3,17,21,35,37,38
02-11-2017,12,19,34,45,47,48
04-11-2017,19,25,27,42,47,48
09-11-2017,1,9,10,12,27,49
11-11-2017,6,8,22,24,43,45
16-11-2017,5,10,11,13,23,41
18-11-2017,3,7,12,29,31,44
23-11-2017,3,9,11,35,43,45
25-11-2017,21,29,31,32,34,46
30-11-2017,5,6,9,20,29,30
02-12-2017,3,11,16,19,22,47
07-12-2017,1,3,4,7,14,45
09-12-2017,5,32,33,38,40,47
14-12-2017,25,28,31,35,44,48
16-12-2017,16,19,28,45,48,49
21-12-2017,3,15,27,35,36,45
23-12-2017,4,24,26,30,39,46
28-12-2017,3,5,21,26,28,34
30-12-2017,8,9,11,21,42,44
04-01-2018,6,9,13,24,35,42
06-01-2018,19,28,33,40,42,48
11-01-2018,15,24,29,32,36,46
13-01-2018,6,7,22,31,38,44
18-01-2018,11,12,22,28,37,49
20-01-2018,15,23,28,36,39,47
25-01-2018,3,6,25,31,32,40
27-01-2018,7,8,10,14,27,48
01-02-2018,1,4,38,42,46,49
03-02-2018,1,9,11,26,33,40
08-02-2018,12,18,19,24,32,42
10-02-2018,7,10,12,19,22,45
15-02-2018,1,2,21,22,27,47
17-02-2018,9,18,19,22,31,38
22-02-2018,4,8,11,23,34,35
24-02-2018,4,5,12,27,43,45
01-03-2018,6,9,17,22,28,36
03-03-2018,5,14,24,28,36,49
08-03-2018,2,9,12,15,26,31
10-03-2018,4,18,20,25,30,49
15-03-2018,5,9,11,20,22,29
17-03-2018,8,21,35,36,37,43
22-03-2018,1,7,24,34,36,48
24-03-2018,17,18,21,23,27,48
29-03-2018,2,15,17,19,26,38
31-03-2018,14,22,24,26,31,41
05-04-2018,11,16,23,31,47,49
07-04-2018,24,25,34,40,41,43
12-04-2018,7,12,18,34,35,41
14-04-2018,3,17,20,22,24,34
19-04-2018,10,19,33,43,45,46
21-04-2018,8,17,19,29,42,43
26-04-2018,4,11,25,36,40,49
28-04-2018,7,25,31,35,37,39
03-05-2018,2,17,18,28,35,40
05-05-2018,1,19,26,32,33,34
10-05-2018,1,11,22,23,38,39
12-05-2018,3,9,15,23,27,37
17-05-2018,23,24,25,26,32,35
19-05-2018,5,8,20,31,32,33
24-05-2018,1,28,31,34,35,40
26-05-2018,13,26,30,35,36,39
31-05-2018,2,7,11,16,17,44
02-06-2018,7,10,12,32,38,41
07-06-2018,1,9,17,25,28,44
09-06-2018,2,9,13,26,29,35
14-06-2018,7,18,35,40,41,49
16-06-2018,9,11,18,29,30,43
21-06-2018,1,12,34,38,46,48
23-06-2018,7,8,9,21,24,25
28-06-2018,15,28,31,32,38,49
30-06-2018,5,14,16,30,37,44
05-07-2018,11,13,31,32,47,49
07-07-2018,6,9,10,11,42,44
12-07-2018,10,20,25,26,32,47
14-07-2018,2,12,16,18,27,40
19-07-2018,4,5,9,22,39,49
21-07-2018,2,18,24,28,33,36
26-07-2018,13,25,31,32,38,40
28-07-2018,2,10,12,20,43,46
02-08-2018,10,18,25,37,38,49
04-08-2018,6,15,35,37,45,48
09-08-2018,4,12,15,17,37,46
11-08-2018,10,13,15,16,24,43
16-08-2018,2,4,5,13,30,38
18-08-2018,7,25,35,37,41,42
23-08-2018,2,9,12,40,45,48
25-08-2018,8,17,18,34,41,49
30-08-2018,8,11,27,38,40,44
01-09-2018,4,7,19,37,44,45
06-09-2018,3,11,21,27,28,34
08-09-2018,9,16,30,38,40,41
13-09-2018,2,11,23,24,43,49
15-09-2018,4,21,24,26,34,36
20-09-2018,4,24,26,34,36,46
22-09-2018,9,16,19,31,32,48
27-09-2018,4,10,17,18,21,42
29-09-2018,7,8,22,34,39,45
04-10-2018,19,28,34,36,41,47
06-10-2018,1,11,19,26,27,34
11-10-2018,2,18,24,26,27,30
13-10-2018,3,11,15,17,21,40
18-10-2018,5,9,16,28,41,43
20-10-2018,3,12,19,20,24,39
25-10-2018,7,12,13,19,31,42
27-10-2018,8,15,16,34,40,42
01-11-2018,13,21,28,36,37,40
03-11-2018,1,8,16,23,36,43
08-11-2018,16,22,26,30,35,39
10-11-2018,20,21,22,24,40,46
15-11-2018,6,26,36,39,40,45
17-11-2018,2,14,23,29,30,39
22-11-2018,9,22,39,43,45,47
24-11-2018,2,10,14,19,24,35
29-11-2018,8,18,26,40,44,49
01-12-2018,2,12,19,39,44,45
06-12-2018,19,20,32,37,42,49
08-12-2018,8,9,12,19,24,41
13-12-2018,2,10,41,42,44,45
15-12-2018,6,9,10,24,26,32
20-12-2018,8,24,25,31,43,46
22-12-2018,8,11,32,41,44,45
27-12-2018,1,23,29,31,35,42
29-12-2018,7,15,20,28,32,42
03-01-2019,7,13,23,40,41,49
05-01-2019,19,21,29,37,41,49
10-01-2019,6,10,13,14,15,28
12-01-2019,3,6,7,32,41,43
17-01-2019,8,19,24,26,30,47
19-01-2019,7,8,24,32,36,41
24-01-2019,2,5,14,18,35,49
26-01-2019,8,24,34,37,43,48
31-01-2019,5,7,23,25,33,42
02-02-2019,8,21,25,27,43,47
07-02-2019,7,8,27,37,41,45
09-02-2019,27,30,35,36,40,49
14-02-2019,3,10,28,34,40,42
16-02-2019,8,19,24,25,29,49
21-02-2019,4,13,26,40,41,48
23-02-2019,7,15,28,29,38,48
28-02-2019,2,20,22,29,34,36
02-03-2019,3,5,19,35,40,47
07-03-2019,4,6,15,21,26,40
09-03-2019,3,23,25,37,43,46
14-03-2019,10,16,17,23,27,43
16-03-2019,6,17,19,29,31,38
21-03-2019,17,22,38,44,47,49
23-03-2019,3,8,20,25,30,38
28-03-2019,1,7,10,23,38,47
30-03-2019,4,5,22,32,44,45
04-04-2019,6,16,17,25,36,37
06-04-2019,1,10,14,33,39,44
11-04-2019,3,22,36,39,45,47
13-04-2019,15,18,21,29,40,47
18-04-2019,18,19,25,29,32,41
20-04-2019,2,4,19,40,44,45
25-04-2019,4,15,16,21,28,42
27-04-2019,5,8,27,30,47,49
02-05-2019,3,6,11,15,22,24
04-05-2019,9,21,34,35,47,48
09-05-2019,11,21,24,26,35,38
11-05-2019,7,15,17,28,45,47
16-05-2019,1,15,27,29,31,33
18-05-2019,3,16,19,30,36,47
23-05-2019,11,14,16,18,39,41
25-05-2019,4,17,19,36,38,48
30-05-2019,2,15,21,39,44,48
01-06-2019,14,21,22,26,44,49
06-06-2019,6,11,17,21,36,45
08-06-2019,5,23,25,28,30,42
13-06-2019,12,15,21,30,44,47
15-06-2019,12,15,18,21,32,43
20-06-2019,7,9,14,35,39,48
22-06-2019,1,2,3,12,18,27
27-06-2019,8,13,17,27,32,49
29-06-2019,7,14,23,27,31,45
04-07-2019,2,13,19,32,34,49
06-07-2019,9,14,15,22,26,48
11-07-2019,12,13,26,30,39,46
13-07-2019,7,14,29,31,43,46
18-07-2019,18,23,24,33,45,48
20-07-2019,15,21,22,26,28,35
25-07-2019,7,15,16,35,37,38
27-07-2019,1,9,17,19,38,43
01-08-2019,6,11,21,22,28,41
03-08-2019,10,13,27,29,37,45
08-08-2019,9,21,31,35,43,47
10-08-2019,9,19,22,29,37,44
15-08-2019,3,5,10,21,26,49
17-08-2019,1,9,14,25,28,29
22-08-2019,21,24,38,39,45,46
24-08-2019,3,27,29,36,37,47
29-08-2019,1,2,3,28,40,43
31-08-2019,8,11,12,27,41,44
05-09-2019,3,10,11,13,19,31
07-09-2019,25,31,37,39,44,49
12-09-2019,3,10,16,27,34,37
14-09-2019,16,32,34,36,45,46
19-09-2019,10,20,29,30,33,41
21-09-2019,10,14,22,26,27,36
26-09-2019,10,16,28,37,39,40
28-09-2019,10,15,21,22,42,43
03-10-2019,10,19,20,25,39,42
05-10-2019,2,7,21,24,30,42
10-10-2019,11,20,22,26,27,43
12-10-2019,8,20,26,27,47,48
17-10-2019,2,16,28,36,38,43
19-10-2019,3,10,17,26,39,49
24-10-2019,5,13,19,38,39,42
26-10-2019,2,6,23,36,37,46
31-10-2019,5,7,15,29,42,44
02-11-2019,5,18,26,28,46,47
07-11-2019,10,12,23,26,41,46
09-11-2019,1,24,29,42,44,45
14-11-2019,2,16,19,25,37,43
16-11-2019,9,26,33,34,36,44
21-11-2019,3,5,11,27,34,37
23-11-2019,5,7,8,9,17,42
28-11-2019,7,11,21,41,43,46
30-11-2019,2,4,7,9,16,41
05-12-2019,1,17,18,40,41,43
07-12-2019,2,13,34,36,41,42
12-12-2019,2,13,31,32,33,40
14-12-2019,6,16,18,30,32,41
19-12-2019,19,31,32,37,40,48
21-12-2019,8,11,37,38,42,45
26-12-2019,13,35,43,45,46,47
28-12-2019,5,7,27,39,42,48
02-01-2020,11,25,32,40,44,46
04-01-2020,1,2,22,27,30,44
09-01-2020,3,19,34,36,44,48
11-01-2020,13,14,15,23,24,41
16-01-2020,1,12,17,18,30,46
18-01-2020,7,12,17,23,33,37
23-01-2020,2,17,18,19,38,40
25-01-2020,3,20,27,28,44,46
30-01-2020,19,25,28,29,34,42
01-02-2020,13,15,36,39,40,41
06-02-2020,14,16,28,33,45,47
08-02-2020,4,20,25,28,46,49
13-02-2020,4,12,20,36,40,45
15-02-2020,3,7,9,30,44,45
20-02-2020,3,15,18,23,31,39
22-02-2020,7,12,25,31,37,44
27-02-2020,16,18,24,25,34,42
29-02-2020,3,17,28,36,41,47
05-03-2020,5,15,19,27,46,49
07-03-2020,3,5,16,22,29,33
12-03-2020,13,15,16,27,38,49
14-03-2020,9,20,31,34,37,45
21-05-2020,2,5,9,21,34,49
23-05-2020,1,8,9,14,21,23
28-05-2020,18,24,28,31,42,49
30-05-2020,2,4,15,17,36,40
04-06-2020,9,12,16,21,22,23
06-06-2020,3,7,9,28,30,48
11-06-2020,1,3,28,30,38,40
13-06-2020,13,14,16,19,31,38
18-06-2020,9,15,17,18,37,46
20-06-2020,8,9,24,28,42,47
25-06-2020,27,30,32,35,42,47
27-06-2020,18,28,33,38,46,49
02-07-2020,9,13,14,32,34,49
04-07-2020,4,7,12,15,36,41
09-07-2020,4,11,22,24,27,36
11-07-2020,6,7,14,18,25,34
16-07-2020,13,15,26,42,45,47
18-07-2020,4,13,38,39,40,42
23-07-2020,7,13,34,36,43,45
25-07-2020,3,16,33,37,43,45
30-07-2020,3,13,33,34,45,47
01-08-2020,1,13,24,35,44,48
06-08-2020,18,23,33,35,36,41
08-08-2020,3,9,12,14,15,46
13-08-2020,1,4,6,17,23,26
15-08-2020,5,10,27,34,36,38
20-08-2020,4,7,14,22,45,47
22-08-2020,10,12,14,31,33,40
27-08-2020,9,16,35,42,47,49
29-08-2020,1,6,11,20,24,35
03-09-2020,10,11,13,26,44,45
05-09-2020,7,12,14,21,34,38
10-09-2020,23,29,30,36,37,43
12-09-2020,5,18,25,28,35,46
17-09-2020,8,18,19,20,36,40
19-09-2020,7,17,19,35,42,44
24-09-2020,3,10,13,15,31,48
26-09-2020,7,10,14,15,26,46
01-10-2020,4,6,10,25,29,41
03-10-2020,5,12,13,27,42,48
08-10-2020,1,6,9,11,21,39
10-10-2020,1,4,16,27,36,44
15-10-2020,1,10,13,23,42,48
17-10-2020,1,7,39,40,41,46
22-10-2020,13,17,31,36,39,43
24-10-2020,9,17,24,41,42,47
29-10-2020,1,22,27,34,47,49
31-10-2020,2,13,21,32,41,43
05-11-2020,1,4,10,22,31,41
07-11-2020,2,6,9,20,22,48
12-11-2020,3,21,27,36,37,46
14-11-2020,5,9,16,33,36,43
19-11-2020,3,6,12,30,44,46
21-11-2020,8,15,17,32,36,45
26-11-2020,17,22,26,29,31,44
28-11-2020,2,4,13,21,25,28
03-12-2020,2,14,19,30,32,49
05-12-2020,3,14,28,31,40,49
10-12-2020,9,12,13,18,22,36
12-12-2020,11,16,26,27,40,44
17-12-2020,3,11,24,38,40,43
19-12-2020,4,6,9,11,19,23
24-12-2020,4,6,11,32,36,43
26-12-2020,16,20,23,31,38,43
31-12-2020,4,5,7,15,24,38
02-01-2021,6,13,19,37,38,43
07-01-2021,18,24,32,33,35,46
09-01-2021,8,13,19,25,29,38
14-01-2021,10,12,14,39,41,45
16-01-2021,1,28,30,34,48,49
21-01-2021,8,14,31,42,43,44
23-01-2021,5,11,22,28,30,42
28-01-2021,3,26,31,35,46,49
30-01-2021,13,14,26,33,36,40
04-02-2021,5,9,11,33,46,49
06-02-2021,7,15,22,37,41,42
11-02-2021,2,3,8,10,39,48
13-02-2021,9,10,25,35,37,40
18-02-2021,1,3,9,29,36,41
20-02-2021,2,5,7,38,43,44
25-02-2021,13,25,30,33,36,43
27-02-2021,14,19,29,34,42,48
04-03-2021,2,7,8,13,32,42
06-03-2021,3,5,11,16,17,40
11-03-2021,1,2,17,28,36,42
13-03-2021,1,12,27,32,40,48
18-03-2021,2,26,28,44,45,47
20-03-2021,11,13,23,24,41,42
25-03-2021,5,18,19,26,39,49
27-03-2021,7,22,34,44,46,47
01-04-2021,6,11,20,24,36,41
03-04-2021,1,8,10,17,27,31
08-04-2021,10,18,26,35,41,48
10-04-2021,6,8,12,30,40,41
15-04-2021,14,19,20,23,24,29
17-04-2021,1,6,13,21,26,40
22-04-2021,8,15,19,23,27,33
24-04-2021,2,26,32,37,40,43
29-04-2021,1,4,36,37,42,43
01-05-2021,15,23,29,33,37,41
06-05-2021,1,14,21,26,35,49
08-05-2021,4,7,10,18,27,31
13-05-2021,3,14,23,29,35,48
15-05-2021,3,8,19,20,44,45
20-05-2021,2,13,15,17,32,40
22-05-2021,17,19,24,33,41,46
27-05-2021,12,14,37,39,41,47
29-05-2021,6,7,19,21,31,42
03-06-2021,1,2,9,19,30,49
05-06-2021,1,25,26,28,34,45
10-06-2021,2,19,26,29,41,42
12-06-2021,1,19,23,31,38,48
17-06-2021,8,15,21,25,37,42
19-06-2021,8,15,19,29,38,48
24-06-2021,1,9,12,26,28,34
26-06-2021,1,4,22,35,39,40
01-07-2021,1,2,6,22,29,34
03-07-2021,5,10,18,19,34,35
08-07-2021,2,5,16,21,34,35
10-07-2021,15,20,21,25,32,42
15-07-2021,5,19,23,34,36,37
17-07-2021,1,5,14,26,27,29
22-07-2021,6,7,12,27,28,41
24-07-2021,11,26,31,32,43,45
29-07-2021,12,24,32,33,36,45
31-07-2021,6,11,17,25,30,43
05-08-2021,3,11,19,30,33,35
07-08-2021,2,3,15,22,36,40
12-08-2021,20,27,35,36,41,42
14-08-2021,16,19,26,31,33,40
19-08-2021,4,13,18,28,33,40
21-08-2021,1,4,5,14,19,45
26-08-2021,2,3,18,30,35,47
28-08-2021,4,10,15,16,34,49
02-09-2021,10,17,22,26,29,49
04-09-2021,2,4,8,23,33,44
09-09-2021,7,24,30,39,44,48
11-09-2021,3,7,12,22,24,39
16-09-2021,4,13,14,19,41,44
18-09-2021,3,28,31,34,43,46
23-09-2021,12,20,23,27,29,42
25-09-2021,10,14,23,38,42,48
30-09-2021,2,10,14,23,36,44
02-10-2021,10,21,25,33,42,43
07-10-2021,3,14,24,34,41,46
09-10-2021,6,14,18,29,45,46
14-10-2021,4,8,19,21,24,33
16-10-2021,6,10,21,42,43,47
21-10-2021,9,10,18,20,30,46
23-10-2021,1,3,12,15,29,47
28-10-2021,5,8,15,17,34,45
30-10-2021,6,13,29,37,38,45
04-11-2021,22,24,25,31,45,47
06-11-2021,1,2,5,26,33,49
11-11-2021,14,27,37,43,46,49
13-11-2021,4,19,34,38,43,48
18-11-2021,12,15,22,27,28,43
20-11-2021,3,20,26,33,42,44
25-11-2021,17,18,28,29,36,49
27-11-2021,2,4,6,13,18,19
02-12-2021,1,5,10,18,28,30
04-12-2021,1,4,6,8,19,27
09-12-2021,2,3,4,27,28,37
11-12-2021,4,7,13,14,39,40
16-12-2021,4,10,14,15,22,45
18-12-2021,3,4,27,29,32,45
23-12-2021,15,17,23,32,44,45
25-12-2021,6,22,25,27,32,47
30-12-2021,12,24,32,36,37,43
01-01-2022,8,13,17,25,44,46
06-01-2022,11,18,34,40,47,48
08-01-2022,1,11,12,21,29,36
13-01-2022,12,16,17,18,40,45
15-01-2022,4,5,13,19,25,27
20-01-2022,3,11,17,18,39,46
22-01-2022,6,18,27,28,32,33
27-01-2022,5,9,25,31,33,49
29-01-2022,4,7,11,31,32,49
03-02-2022,11,15,17,22,27,37
05-02-2022,21,23,36,37,40,46
10-02-2022,5,6,11,19,34,44
12-02-2022,2,18,31,40,43,45
17-02-2022,4,5,13,16,26,29
19-02-2022,3,9,22,29,33,34
24-02-2022,9,24,39,40,41,47
26-02-2022,3,15,32,38,40,42
03-03-2022,3,10,15,20,22,48
05-03-2022,10,12,14,19,23,46
10-03-2022,9,23,25,31,45,48
12-03-2022,2,12,14,22,30,41
17-03-2022,4,13,19,22,30,47
19-03-2022,4,9,10,15,16,40
24-03-2022,4,13,18,22,36,46
26-03-2022,1,12,13,14,15,42
31-03-2022,1,7,8,26,39,46
02-04-2022,8,11,19,28,29,38
07-04-2022,10,20,26,39,44,48
09-04-2022,11,17,21,23,29,35
14-04-2022,1,18,29,40,41,48
16-04-2022,9,10,19,27,45,46
21-04-2022,1,2,9,11,27,41
23-04-2022,1,7,14,29,32,44
28-04-2022,18,20,28,32,37,47
30-04-2022,2,12,32,46,48,49
05-05-2022,3,8,21,22,26,40
07-05-2022,8,16,18,21,23,41
12-05-2022,1,8,38,39,45,48
14-05-2022,16,23,29,33,38,47
19-05-2022,6,25,32,38,43,47
21-05-2022,2,8,18,35,48,49
26-05-2022,2,18,30,31,34,43
28-05-2022,7,20,30,34,45,48
02-06-2022,1,10,19,21,24,32
04-06-2022,2,6,26,35,38,46
09-06-2022,1,17,22,31,38,45
11-06-2022,2,21,22,28,45,46
16-06-2022,5,11,23,25,29,46
18-06-2022,18,26,30,33,39,41
23-06-2022,1,13,23,29,37,47
25-06-2022,2,4,12,21,40,45
30-06-2022,12,21,23,30,40,49
02-07-2022,6,27,28,32,38,45
07-07-2022,1,6,11,12,16,26
09-07-2022,17,18,21,22,23,44
11-07-2022,8,10,19,25,38,39
14-07-2022,10,19,28,34,36,44
16-07-2022,19,24,37,43,45,47
18-07-2022,1,5,20,30,46,49
21-07-2022,8,20,29,39,43,45
23-07-2022,1,13,25,34,44,47
25-07-2022,2,5,19,30,42,43
28-07-2022,4,7,14,28,34,49
30-07-2022,1,10,28,30,31,35
01-08-2022,3,17,18,33,43,49
04-08-2022,5,7,20,22,38,40
06-08-2022,11,20,25,28,48,49
08-08-2022,9,15,16,20,22,36
11-08-2022,5,7,8,31,40,43
13-08-2022,18,25,27,29,38,39
15-08-2022,3,12,23,40,41,43
18-08-2022,8,26,27,30,37,45
20-08-2022,19,29,31,37,38,39
22-08-2022,6,11,14,15,19,22
25-08-2022,11,13,16,24,30,41
27-08-2022,4,5,34,40,43,45
29-08-2022,7,8,16,19,20,41
01-09-2022,8,10,14,29,30,46
03-09-2022,11,29,35,43,45,49
05-09-2022,8,9,25,38,42,48
08-09-2022,3,10,15,28,34,39
10-09-2022,16,21,35,38,47,48
12-09-2022,6,7,23,29,43,49
15-09-2022,5,12,24,30,46,47
17-09-2022,2,14,28,35,43,44
19-09-2022,12,32,35,37,39,43
22-09-2022,11,12,14,42,44,47
24-09-2022,3,5,7,14,47,48
26-09-2022,14,16,20,22,40,44
29-09-2022,5,14,17,21,27,40
01-10-2022,2,3,8,32,37,45
03-10-2022,13,23,24,32,35,39
06-10-2022,16,19,20,22,24,25
08-10-2022,8,17,24,28,35,38
10-10-2022,1,6,18,19,40,42
13-10-2022,1,31,32,36,39,43
15-10-2022,5,16,28,29,41,42
17-10-2022,23,29,32,39,40,41
20-10-2022,5,8,11,17,29,43
22-10-2022,4,15,16,24,26,28
24-10-2022,2,12,14,33,43,45
27-10-2022,1,6,8,29,30,33
29-10-2022,4,7,13,29,42,44
31-10-2022,1,16,21,35,38,47
03-11-2022,6,8,13,20,23,41
05-11-2022,14,16,26,35,39,40
07-11-2022,18,26,28,37,44,47
10-11-2022,10,15,16,25,28,30
12-11-2022,1,9,19,28,34,36
14-11-2022,5,20,25,36,47,48
17-11-2022,2,20,22,23,38,47
19-11-2022,6,11,12,15,22,32
21-11-2022,19,24,26,34,41,46
24-11-2022,1,2,27,28,39,46
26-11-2022,6,11,16,32,46,49
28-11-2022,1,15,16,21,30,40
01-12-2022,8,9,28,29,42,45
03-12-2022,5,14,30,33,34,47
05-12-2022,5,11,15,25,28,47
08-12-2022,5,17,28,30,36,46
10-12-2022,4,6,11,19,30,48
12-12-2022,11,20,25,31,38,41
15-12-2022,13,24,27,37,44,48
17-12-2022,12,18,35,39,43,48
19-12-2022,1,7,24,30,40,49
22-12-2022,3,16,20,23,40,41
24-12-2022,12,17,19,27,29,32
26-12-2022,3,17,30,40,41,49
29-12-2022,5,6,27,30,37,43
31-12-2022,7,8,20,22,23,47
02-01-2023,23,25,27,42,44,46
05-01-2023,11,20,30,32,37,42
07-01-2023,5,8,21,24,32,38
09-01-2023,15,16,24,25,33,34
12-01-2023,1,13,19,24,43,46
14-01-2023,2,15,24,34,36,43
16-01-2023,12,25,26,30,35,47
19-01-2023,15,23,27,36,39,48
21-01-2023,7,10,35,37,47,49
23-01-2023,8,9,17,20,33,37
26-01-2023,13,19,31,35,39,45
28-01-2023,1,3,8,11,29,37
30-01-2023,2,4,14,21,32,34
02-02-2023,2,8,10,18,20,33
04-02-2023,6,12,29,33,34,36
06-02-2023,5,18,20,25,26,29
09-02-2023,6,16,24,28,32,46
11-02-2023,8,15,26,29,33,37
13-02-2023,5,8,11,19,36,49
16-02-2023,2,24,25,32,33,40
18-02-2023,9,21,30,34,41,43
20-02-2023,3,13,22,29,38,42
23-02-2023,1,7,11,15,26,37
25-02-2023,13,19,20,22,24,45
27-02-2023,2,10,19,28,37,38
02-03-2023,16,17,23,37,44,48
04-03-2023,6,8,17,24,28,48
06-03-2023,1,6,16,18,21,43
09-03-2023,3,18,31,35,41,49
11-03-2023,3,16,19,23,37,44
13-03-2023,11,15,31,33,36,37
16-03-2023,14,23,28,40,42,45
18-03-2023,2,21,23,28,34,45
20-03-2023,21,24,27,37,41,42
23-03-2023,1,12,22,25,36,49
25-03-2023,5,9,21,36,41,46
27-03-2023,2,6,20,31,44,49
30-03-2023,3,9,12,14,26,45
01-04-2023,9,13,18,27,39,40
03-04-2023,5,12,15,24,28,29
06-04-2023,9,11,15,22,39,43
08-04-2023,19,23,30,37,42,47
10-04-2023,1,13,25,34,37,41
13-04-2023,9,23,24,26,36,42
15-04-2023,3,9,19,20,22,46
17-04-2023,1,7,11,21,26,43
20-04-2023,8,13,17,26,29,48
22-04-2023,1,4,7,8,43,44
24-04-2023,1,10,11,15,30,42
27-04-2023,4,7,8,46,47,48
29-04-2023,13,14,27,31,46,48
01-05-2023,6,31,34,39,40,41
04-05-2023,1,2,14,20,21,41
06-05-2023,4,16,17,28,37,44
08-05-2023,3,13,17,24,28,45
11-05-2023,14,24,34,38,42,45
13-05-2023,1,24,33,37,47,48
15-05-2023,3,6,16,25,34,42
18-05-2023,3,8,9,18,46,49
20-05-2023,15,25,28,33,38,47
22-05-2023,1,5,14,23,30,41
25-05-2023,5,9,10,11,16,48
27-05-2023,2,17,18,24,25,46
29-05-2023,1,10,13,26,33,43
01-06-2023,10,20,21,30,38,41
03-06-2023,19,27,28,30,31,36
05-06-2023,9,18,20,23,38,49
08-06-2023,1,9,15,17,39,42
10-06-2023,1,10,14,18,38,44
12-06-2023,15,17,32,33,44,45
15-06-2023,7,16,20,43,48,49
17-06-2023,12,28,37,38,40,49
19-06-2023,1,12,20,28,29,35
22-06-2023,1,8,9,24,29,32
24-06-2023,3,7,10,28,39,48
26-06-2023,3,5,18,32,34,36
29-06-2023,5,32,35,41,42,45
01-07-2023,11,13,27,33,40,48
03-07-2023,8,16,20,39,45,46
06-07-2023,17,19,33,34,37,43
08-07-2023,1,16,20,21,23,26
10-07-2023,11,16,26,30,43,44
13-07-2023,1,7,17,33,38,40
15-07-2023,5,11,16,35,37,43
17-07-2023,2,14,32,33,35,46
20-07-2023,11,15,27,30,40,47
22-07-2023,2,6,11,19,22,33
24-07-2023,5,13,15,23,29,35
27-07-2023,4,10,20,24,42,48
29-07-2023,16,23,26,33,40,41
31-07-2023,1,10,17,25,26,41
03-08-2023,3,8,12,13,29,31
05-08-2023,4,5,8,11,20,40
07-08-2023,16,25,26,31,45,47
10-08-2023,10,17,20,25,28,42
12-08-2023,12,13,15,28,40,42
14-08-2023,11,20,33,38,44,48
17-08-2023,2,8,11,12,16,18
19-08-2023,2,3,12,26,31,42
21-08-2023,11,15,17,20,37,46
24-08-2023,13,18,38,39,42,46
26-08-2023,7,10,21,28,30,33
28-08-2023,3,22,42,43,46,48
31-08-2023,12,17,28,32,41,45
02-09-2023,19,25,30,39,42,44
04-09-2023,19,23,28,37,41,46
07-09-2023,1,15,24,27,30,40
09-09-2023,8,11,13,20,27,42
11-09-2023,3,5,25,39,43,44
14-09-2023,16,24,33,36,44,46
16-09-2023,5,10,12,13,32,33
18-09-2023,2,7,10,20,31,40
21-09-2023,9,16,17,22,39,42
23-09-2023,20,21,26,37,42,49
25-09-2023,5,10,16,30,33,38
28-09-2023,1,14,23,32,39,47
30-09-2023,5,6,11,12,14,41
02-10-2023,2,3,7,21,34,39
05-10-2023,4,6,14,35,40,45
07-10-2023,9,17,24,30,38,45
09-10-2023,5,7,11,28,36,39
12-10-2023,1,3,22,24,31,44
14-10-2023,4,6,19,20,40,48
16-10-2023,4,5,8,10,27,36
19-10-2023,1,5,8,15,28,33
21-10-2023,6,20,22,35,47,48
23-10-2023,6,15,17,32,33,49
26-10-2023,12,13,21,32,38,46
28-10-2023,5,9,20,35,43,45
30-10-2023,7,18,21,40,45,49
02-11-2023,2,14,28,33,36,47
04-11-2023,7,13,14,27,40,49
06-11-2023,4,23,26,31,35,47
09-11-2023,27,31,32,38,39,45
11-11-2023,3,7,15,32,43,49
13-11-2023,5,12,15,36,41,43
16-11-2023,5,10,23,26,33,40
18-11-2023,7,8,14,18,36,43
20-11-2023,11,17,32,34,37,43
23-11-2023,9,14,19,20,27,38
25-11-2023,1,5,12,14,40,41
27-11-2023,1,15,24,30,38,49
30-11-2023,6,7,37,41,43,46
02-12-2023,12,17,20,33,35,49
04-12-2023,7,11,18,24,44,49
07-12-2023,1,3,21,22,27,29
09-12-2023,5,8,20,21,23,24
11-12-2023,5,11,17,25,34,39
14-12-2023,2,27,28,34,45,47
16-12-2023,12,14,18,19,36,40
18-12-2023,1,9,32,40,45,46
21-12-2023,11,15,29,43,46,48
23-12-2023,1,6,9,21,29,32
25-12-2023,12,13,22,31,33,44
28-12-2023,3,11,23,45,47,48
30-12-2023,14,31,34,36,38,48
01-01-2024,19,23,33,41,45,49
04-01-2024,3,7,8,17,18,35
06-01-2024,7,11,13,16,30,35
08-01-2024,13,14,27,37,39,48
11-01-2024,7,12,15,22,35,48
13-01-2024,1,11,14,22,37,38
15-01-2024,1,2,7,9,21,42
18-01-2024,12,17,19,20,43,44
20-01-2024,5,8,10,26,42,43
22-01-2024,12,21,26,28,43,44
25-01-2024,14,18,23,26,32,41
27-01-2024,10,19,34,36,45,46
29-01-2024,10,11,21,25,32,42
01-02-2024,8,14,23,33,35,42
03-02-2024,1,7,8,14,35,45
05-02-2024,3,5,15,34,39,42
08-02-2024,1,3,6,15,26,44
10-02-2024,6,7,16,19,27,32
12-02-2024,5,18,20,29,31,37
15-02-2024,10,13,23,33,36,45
17-02-2024,2,12,16,20,32,33
19-02-2024,3,13,18,31,33,35
22-02-2024,4,6,10,17,26,37
24-02-2024,1,14,20,30,47,49
26-02-2024,1,24,29,30,44,47
29-02-2024,4,18,21,25,35,45
02-03-2024,2,10,22,23,33,42
04-03-2024,4,8,30,43,47,48
07-03-2024,1,3,6,11,22,47
09-03-2024,2,9,12,15,17,33
11-03-2024,6,16,21,30,33,43
14-03-2024,1,7,10,18,41,43
16-03-2024,6,14,16,19,39,43
18-03-2024,1,16,24,29,40,41
21-03-2024,4,17,31,39,48,49
23-03-2024,5,23,27,30,32,46
25-03-2024,1,25,28,38,41,44
28-03-2024,6,7,16,26,36,49
30-03-2024,14,26,29,37,38,48
01-04-2024,5,7,14,21,34,44
04-04-2024,3,9,23,31,34,37
06-04-2024,7,10,28,31,34,44
08-04-2024,15,16,19,23,39,43
11-04-2024,4,9,18,38,41,47
13-04-2024,2,3,10,19,26,35
15-04-2024,18,21,23,24,30,32
18-04-2024,4,13,15,29,34,36
20-04-2024,10,12,28,40,43,44
22-04-2024,4,14,22,29,35,42
25-04-2024,1,21,22,29,41,44
27-04-2024,2,3,24,33,48,49
29-04-2024,1,11,24,35,42,43
02-05-2024,17,22,26,29,44,48
04-05-2024,4,5,8,14,17,18
06-05-2024,16,18,27,29,35,37
09-05-2024,11,16,22,31,37,42
11-05-2024,5,31,36,38,40,42
13-05-2024,10,15,19,20,27,49
16-05-2024,13,20,29,31,36,39
18-05-2024,6,20,26,32,38,40
20-05-2024,3,10,14,16,28,35
23-05-2024,1,9,11,36,38,45
25-05-2024,1,3,15,16,20,21
27-05-2024,9,14,31,41,42,43
30-05-2024,5,11,19,23,29,41
01-06-2024,8,12,19,20,24,35
03-06-2024,14,18,35,37,47,49
06-06-2024,5,14,15,42,44,49
08-06-2024,3,4,10,29,31,48
10-06-2024,2,5,12,19,28,43
13-06-2024,2,5,9,10,19,33
15-06-2024,18,31,37,39,45,47
17-06-2024,2,8,12,16,22,43
20-06-2024,2,27,31,39,47,48
22-06-2024,6,9,10,14,16,28
24-06-2024,6,12,22,34,36,44
27-06-2024,10,25,32,39,48,49
29-06-2024,2,5,8,13,29,48
01-07-2024,1,2,5,28,42,49
04-07-2024,1,10,22,38,45,48
06-07-2024,5,6,19,30,35,40
08-07-2024,4,5,12,21,39,48
11-07-2024,16,17,25,26,30,46
13-07-2024,5,6,7,13,23,48
15-07-2024,11,19,21,30,31,34
18-07-2024,2,7,12,14,25,35
20-07-2024,14,29,37,39,44,45
22-07-2024,2,4,11,18,38,48
25-07-2024,7,10,23,28,29,32
27-07-2024,1,5,13,32,42,44
29-07-2024,12,20,22,27,36,42
01-08-2024,2,10,11,15,34,48
03-08-2024,10,18,25,27,35,42
05-08-2024,11,18,36,41,44,49
08-08-2024,10,20,21,31,38,46
10-08-2024,3,26,38,43,46,49
12-08-2024,3,12,17,38,39,40
15-08-2024,13,16,22,32,39,45
17-08-2024,4,13,14,16,17,44
19-08-2024,5,7,16,35,37,41
22-08-2024,8,31,33,40,41,42
24-08-2024,1,8,15,17,27,46
26-08-2024,7,12,26,30,34,42
29-08-2024,1,9,13,18,26,48
31-08-2024,5,6,7,13,26,36
02-09-2024,15,16,34,35,38,39
05-09-2024,5,9,12,16,22,39
07-09-2024,1,10,12,23,33,41
09-09-2024,27,31,33,34,40,46
12-09-2024,8,10,22,36,44,45
14-09-2024,9,11,19,23,44,46
16-09-2024,1,9,11,34,35,44
19-09-2024,4,12,23,38,44,46
21-09-2024,5,12,13,38,39,47
23-09-2024,1,2,9,10,22,32
26-09-2024,5,13,15,17,19,47
28-09-2024,7,16,28,30,34,41
30-09-2024,4,8,17,25,30,36
03-10-2024,7,10,14,15,24,48
05-10-2024,7,11,21,28,35,41
07-10-2024,8,22,23,26,34,36
10-10-2024,1,5,35,39,40,44
12-10-2024,2,7,10,18,40,49
14-10-2024,2,5,6,21,47,49
17-10-2024,7,17,23,26,37,47
19-10-2024,7,14,15,17,36,49
21-10-2024,6,21,29,35,39,48
24-10-2024,9,19,21,28,41,43
26-10-2024,8,25,28,33,35,41
28-10-2024,8,12,14,29,31,33
31-10-2024,12,14,26,32,39,41
02-11-2024,6,14,23,32,35,49
04-11-2024,7,18,37,41,45,48
07-11-2024,18,32,40,45,46,49
09-11-2024,2,4,6,14,15,42
11-11-2024,6,14,22,35,36,37
14-11-2024,7,14,15,23,24,39
16-11-2024,1,7,20,29,39,40
18-11-2024,1,3,6,10,14,30
21-11-2024,7,8,21,29,37,38
23-11-2024,21,31,38,39,41,49
25-11-2024,21,25,31,32,44,48
28-11-2024,4,5,6,39,41,46
30-11-2024,12,22,32,35,44,49
02-12-2024,3,16,36,40,43,46
05-12-2024,2,7,10,31,42,44
07-12-2024,8,9,27,31,32,43
09-12-2024,1,3,9,27,28,43
12-12-2024,6,12,13,14,15,40
14-12-2024,13,31,32,33,35,43
16-12-2024,7,11,26,27,30,43
19-12-2024,1,23,36,38,40,41
21-12-2024,4,7,21,23,31,46
23-12-2024,1,4,10,12,25,49
26-12-2024,5,12,24,27,38,46
28-12-2024,13,20,26,35,36,46
30-12-2024,15,25,29,35,38,48
02-01-2025,6,8,10,14,31,47
04-01-2025,6,16,20,30,32,37
06-01-2025,6,24,27,31,33,34
09-01-2025,3,5,15,20,26,28
11-01-2025,10,12,16,29,45,49
13-01-2025,2,10,17,24,39,42
16-01-2025,5,11,15,37,41,48
18-01-2025,12,13,21,28,41,42
20-01-2025,6,15,21,26,30,44
23-01-2025,2,12,15,19,26,41
25-01-2025,2,12,15,22,31,47
27-01-2025,24,27,28,30,33,47
30-01-2025,6,7,19,21,29,33
01-02-2025,9,11,28,34,39,40
03-02-2025,13,14,18,20,40,42
06-02-2025,11,14,15,16,23,25
08-02-2025,7,12,18,24,25,26
10-02-2025,6,8,21,34,37,41
13-02-2025,7,20,22,28,42,48
15-02-2025,2,12,21,29,37,44
17-02-2025,13,21,27,29,35,46
20-02-2025,10,19,23,36,39,45
22-02-2025,13,20,30,37,40,41
24-02-2025,17,21,25,31,42,43
27-02-2025,1,14,18,35,45,49
01-03-2025,6,8,18,27,30,40
03-03-2025,8,24,38,39,46,48
06-03-2025,3,15,16,27,31,35
08-03-2025,6,17,24,31,37,47
10-03-2025,4,7,15,37,48,49
13-03-2025,11,18,28,33,43,47
15-03-2025,6,22,28,40,44,49
17-03-2025,5,9,11,28,30,31
20-03-2025,3,7,20,26,38,48
22-03-2025,3,13,36,38,41,44
24-03-2025,2,3,11,24,46,49
27-03-2025,8,10,24,31,44,45
29-03-2025,2,12,18,19,24,30
31-03-2025,6,12,21,26,27,34
03-04-2025,4,8,9,14,23,45
05-04-2025,1,7,17,19,21,37
07-04-2025,3,4,7,8,22,33
10-04-2025,4,14,15,39,45,46
12-04-2025,5,15,18,24,42,45
14-04-2025,1,22,23,32,34,35
17-04-2025,2,4,6,32,33,39
19-04-2025,2,4,17,30,34,46
21-04-2025,9,17,24,25,35,38
24-04-2025,10,20,23,30,37,39
26-04-2025,11,16,17,26,44,46
28-04-2025,2,13,17,39,43,46
01-05-2025,18,19,30,39,45,49
03-05-2025,1,4,16,25,33,37
05-05-2025,22,29,30,35,39,45
08-05-2025,18,27,30,31,32,40
10-05-2025,1,8,13,23,31,39
12-05-2025,5,10,33,35,44,48
15-05-2025,4,16,28,35,39,42
17-05-2025,1,16,23,24,29,44
19-05-2025,28,29,32,43,46,47
22-05-2025,1,15,16,18,23,41
24-05-2025,5,14,19,35,41,46
26-05-2025,4,13,28,33,41,43
29-05-2025,1,3,10,23,35,38
31-05-2025,5,6,14,24,35,45
02-06-2025,7,20,23,38,40,45
05-06-2025,17,18,24,34,37,39
07-06-2025,5,14,19,33,45,46
09-06-2025,4,6,13,15,31,35
12-06-2025,10,30,36,38,43,46
14-06-2025,4,6,8,18,28,42
16-06-2025,12,16,23,25,33,39
19-06-2025,7,13,21,38,41,46
21-06-2025,12,25,43,44,45,49
23-06-2025,22,25,29,35,39,41
26-06-2025,15,20,26,38,39,41
28-06-2025,5,6,9,30,32,36
30-06-2025,3,19,21,31,42,49
03-07-2025,3,23,24,25,43,45
05-07-2025,5,14,19,20,27,37
07-07-2025,4,9,34,36,37,43
10-07-2025,9,10,13,17,44,47
12-07-2025,9,23,28,38,44,47
14-07-2025,4,6,17,20,45,46
17-07-2025,12,16,30,32,41,47
19-07-2025,15,16,20,39,40,47
21-07-2025,1,6,16,23,30,40
24-07-2025,18,19,24,28,32,44
26-07-2025,10,16,22,29,44,47
28-07-2025,4,15,24,37,38,40
31-07-2025,8,14,18,24,33,38
02-08-2025,8,36,40,42,43,48
04-08-2025,4,18,32,34,43,46
07-08-2025,3,13,19,21,24,26
09-08-2025,10,19,20,25,27,33
11-08-2025,11,20,32,40,44,46
14-08-2025,7,11,12,16,36,43
16-08-2025,11,14,22,45,46,48
18-08-2025,5,6,8,23,46,47
21-08-2025,6,22,34,38,43,46
23-08-2025,14,25,31,40,43,49
25-08-2025,6,7,16,26,39,49
28-08-2025,2,11,12,19,38,45
30-08-2025,6,28,36,40,41,48
01-09-2025,8,9,15,29,39,46
04-09-2025,8,9,17,28,41,46
06-09-2025,9,12,19,22,29,40
08-09-2025,2,7,9,26,36,46
11-09-2025,19,23,32,35,36,45
13-09-2025,9,14,18,19,23,30
15-09-2025,1,5,8,10,16,28
18-09-2025,4,7,15,17,19,38
20-09-2025,20,32,34,35,38,39
22-09-2025,18,21,24,26,46,48
25-09-2025,6,14,28,29,33,38
27-09-2025,18,27,33,41,44,46
29-09-2025,1,8,14,25,34,49
02-10-2025,5,18,26,29,34,39
04-10-2025,10,12,25,39,41,46
06-10-2025,10,12,14,19,30,44
09-10-2025,9,11,16,27,29,45
11-10-2025,8,10,29,38,45,47
13-10-2025,1,4,20,25,31,36
16-10-2025,2,4,7,13,19,34
18-10-2025,6,15,20,21,28,49
20-10-2025,2,8,14,24,28,39
23-10-2025,7,15,17,34,47,49
25-10-2025,5,13,14,36,44,46
27-10-2025,13,23,24,38,42,45
30-10-2025,8,9,19,34,39,42
01-11-2025,4,10,16,17,36,47
03-11-2025,14,19,29,37,40,41
06-11-2025,11,16,18,37,45,46
08-11-2025,2,17,22,25,32,40
10-11-2025,6,8,17,18,25,28
13-11-2025,2,6,7,25,41,49
15-11-2025,23,31,32,39,41,48
17-11-2025,2,8,12,13,45,46
20-11-2025,2,3,7,31,41,49
22-11-2025,9,12,15,22,34,48
24-11-2025,12,19,22,26,29,38
27-11-2025,1,13,26,31,32,35
29-11-2025,20,31,35,36,37,46
01-12-2025,2,16,28,38,41,47
04-12-2025,1,2,8,12,40,47
06-12-2025,3,4,26,28,30,33
08-12-2025,3,12,17,34,40,43
11-12-2025,12,13,14,20,38,46
13-12-2025,1,2,6,10,11,43
15-12-2025,8,14,25,27,31,36
18-12-2025,8,12,21,23,27,43
20-12-2025,6,9,16,30,32,43
22-12-2025,2,10,17,23,29,46
25-12-2025,2,13,22,32,43,47
27-12-2025,8,12,16,17,40,46
29-12-2025,13,30,35,41,47,48
01-01-2026,7,16,30,36,39,40
03-01-2026,6,15,20,22,26,36
05-01-2026,2,3,17,21,33,34
08-01-2026,4,9,14,25,27,34
10-01-2026,4,7,8,22,40,49
12-01-2026,2,16,18,20,43,46
15-01-2026,9,14,17,18,36,44
17-01-2026,2,4,12,22,35,47
19-01-2026,15,16,23,27,37,39
22-01-2026,2,5,9,14,22,36
24-01-2026,3,20,24,31,45,49
26-01-2026,1,2,18,24,38,49
29-01-2026,2,21,23,39,44,47
31-01-2026,1,10,19,32,33,36
02-02-2026,4,5,13,29,30,36
05-02-2026,5,12,20,32,37,45
07-02-2026,18,19,25,32,35,36
09-02-2026,20,25,27,33,40,44
12-02-2026,13,14,28,30,31,36
14-02-2026,10,12,15,19,29,47
16-02-2026,3,24,25,28,44,47
19-02-2026,8,25,38,40,47,48
21-02-2026,15,17,20,34,35,41
23-02-2026,4,12,16,37,39,45
26-02-2026,3,9,13,15,25,39
28-02-2026,4,5,6,12,24,47
02-03-2026,11,15,18,20,30,46
05-03-2026,5,8,15,37,45,48
07-03-2026,4,13,17,32,42,49
09-03-2026,3,7,26,39,42,44
12-03-2026,5,12,16,22,29,36
14-03-2026,1,7,12,16,24,45
16-03-2026,5,8,23,28,40,44
19-03-2026,10,17,18,30,34,45
21-03-2026,18,32,37,39,42,47
23-03-2026,2,6,13,17,33,39
26-03-2026,3,15,25,38,44,46
28-03-2026,6,10,32,33,36,48
30-03-2026,3,12,16,23,28,36
02-04-2026,5,11,18,22,38,44
04-04-2026,14,30,38,39,43,46
06-04-2026,6,19,24,34,40,42
09-04-2026,4,23,24,30,38,40
11-04-2026,2,8,15,23,33,37
13-04-2026,26,29,37,43,44,49
16-04-2026,9,10,16,36,42,43
18-04-2026,4,23,27,28,41,43
20-04-2026,4,7,29,39,41,48
23-04-2026,11,13,20,26,27,34
25-04-2026,3,6,10,28,30,46
27-04-2026,6,21,26,31,40,48
30-04-2026,7,8,9,13,28,42
02-05-2026,16,25,30,31,34,40
04-05-2026,16,17,22,33,43,45
07-05-2026,1,6,7,13,25,48
09-05-2026,10,26,27,28,30,34
11-05-2026,6,16,22,32,34,41
14-05-2026,2,5,8,20,21,22
16-05-2026,14,17,34,36,40,43
18-05-2026,4,11,18,31,37,44
21-05-2026,9,12,18,33,37,49
23-05-2026,12,18,22,30,33,35
25-05-2026,5,7,22,36,42,43
28-05-2026,3,9,10,26,43,46
30-05-2026,2,12,32,34,48,49
01-06-2026,1,4,11,12,23,39
04-06-2026,16,25,32,35,38,40
06-06-2026,1,6,16,17,37,43
08-06-2026,2,11,13,21,33,48
11-06-2026,12,15,22,30,32,49
13-06-2026,18,20,21,23,33,41
15-06-2026,25,28,29,35,40,41
18-06-2026,1,10,13,25,27,38
20-06-2026,7,10,14,33,36,38
22-06-2026,11,12,14,30,39,43
25-06-2026,3,10,15,33,37,40
27-06-2026,1,5,18,36,37,42
29-06-2026,17,18,24,25,43,47
02-07-2026,5,12,14,33,35,40
04-07-2026,19,25,28,43,44,48
06-07-2026,13,22,28,32,33,48
09-07-2026,22,28,30,35,38,43
11-07-2026,12,17,20,24,27,34
13-07-2026,6,35,39,45,46,47
16-07-2026,1,6,11,27,31,38
18-07-2026,7,11,20,31,40,42
20-07-2026,7,11,14,22,41,44
23-07-2026,4,17,20,31,34,47
25-07-2026,28,37,38,40,43,48
27-07-2026,12,19,23,31,38,47
30-07-2026,7,16,28,31,34,41
01-08-2026,3,7,15,42,43,49
03-08-2026,6,16,28,33,38,45
06-08-2026,3,9,14,19,22,26
08-08-2026,12,21,25,26,43,49
10-08-2026,12,17,23,34,40,46
13-08-2026,21,27,33,41,48,49
15-08-2026,8,13,17,23,33,47
17-08-2026,2,4,19,28,46,48
20-08-2026,1,9,20,22,37,45
22-08-2026,5,22,30,34,45,49
24-08-2026,5,8,23,28,29,38
27-08-2026,2,8,9,33,36,38
29-08-2026,11,22,27,30,38,41
31-08-2026,5,17,20,23,31,41
03-09-2026,20,24,29,34,39,40
05-09-2026,3,12,19,31,45,47
07-09-2026,18,27,28,33,46,48
10-09-2026,17,26,35,44,45,48
12-09-2026,3,4,22,26,40,44
14-09-2026,3,15,32,35,39,40
17-09-2026,19,20,24,25,43,46
19-09-2026,7,10,40,44,45,46
21-09-2026,1,4,20,34,36,37
24-09-2026,6,9,21,32,38,45
26-09-2026,3,9,10,30,36,45
28-09-2026,2,10,20,29,34,49
