game,method,percentile,is_random,n_train,n_test,runtime_sec,family,avg_hits_topk,max_hits_topk,rate_4plus,rate_3plus,blacklist_size,cpu_pct_peak,cpu_pct_avg,ram_gb_peak,gpu_pct_peak,gpu_pct_avg,vram_mb_peak,blocks,failed,error,k6,k7,k8,k9,k10,k11,k12,k13,k14,k15,k16,k17,k18,k19,k20,k6_bl,k7_bl,k8_bl,k9_bl,k10_bl,k11_bl,k12_bl,k13_bl,k14_bl,k15_bl,k16_bl,k17_bl,k18_bl,k19_bl,k20_bl,rate_4plus_k6,rate_4plus_k7,rate_4plus_k8,rate_4plus_k9,rate_4plus_k10,rate_4plus_k11,rate_4plus_k12,rate_4plus_k13,rate_4plus_k14,rate_4plus_k15,rate_4plus_k16,rate_4plus_k17,rate_4plus_k18,rate_4plus_k19,rate_4plus_k20,rate_3plus_k6,rate_3plus_k7,rate_3plus_k8,rate_3plus_k9,rate_3plus_k10,rate_3plus_k11,rate_3plus_k12,rate_3plus_k13,rate_3plus_k14,rate_3plus_k15,rate_3plus_k16,rate_3plus_k17,rate_3plus_k18,rate_3plus_k19,rate_3plus_k20,k5,k5_bl,rate_4plus_k5,rate_3plus_k5
loto_6_49,frequency,10,False,2314,258,0.010158199991565198,baseline,0.7209302325581395,3,0.0,0.003875968992248062,4,0.0,0.0,19.09,0.0,0.0,0.0,1,False,,0.7209302325581395,0.8294573643410853,0.9457364341085271,1.0387596899224807,1.1744186046511629,1.313953488372093,1.426356589147287,1.5813953488372092,1.689922480620155,1.802325581395349,1.941860465116279,2.0775193798449614,2.1666666666666665,2.302325581395349,2.453488372093023,0.7209302325581395,0.8294573643410853,0.9457364341085271,1.0387596899224807,1.1744186046511629,1.313953488372093,1.426356589147287,1.5813953488372092,1.689922480620155,1.802325581395349,1.941860465116279,2.0775193798449614,2.1666666666666665,2.302325581395349,2.453488372093023,0.0,0.0,0.003875968992248062,0.007751937984496124,0.011627906976744186,0.015503875968992248,0.023255813953488372,0.04263565891472868,0.04263565891472868,0.050387596899224806,0.08139534883720931,0.09689922480620156,0.12403100775193798,0.14728682170542637,0.1937984496124031,0.003875968992248062,0.027131782945736434,0.03875968992248062,0.05426356589147287,0.08139534883720931,0.1124031007751938,0.13953488372093023,0.18604651162790697,0.23255813953488372,0.2596899224806202,0.32945736434108525,0.38372093023255816,0.4108527131782946,0.4418604651162791,0.4883720930232558,,,,
loto_6_49,frequency,10,True,2314,258,0.008588099997723475,baseline,0.7635658914728682,3,0.0,0.01937984496124031,10,0.0,0.0,19.18,0.0,0.0,0.0,1,False,,0.7635658914728682,0.8798449612403101,1.0348837209302326,1.1511627906976745,1.2751937984496124,1.3527131782945736,1.4767441860465116,1.62015503875969,1.7248062015503876,1.8449612403100775,1.9612403100775193,2.0736434108527133,2.2209302325581395,2.3372093023255816,2.4302325581395348,0.7325581395348837,0.8875968992248062,1.003875968992248,1.127906976744186,1.2054263565891472,1.3488372093023255,1.4534883720930232,1.569767441860465,1.682170542635659,1.8294573643410852,1.945736434108527,2.0387596899224807,2.1666666666666665,2.2868217054263567,2.387596899224806,0.0,0.003875968992248062,0.003875968992248062,0.007751937984496124,0.007751937984496124,0.015503875968992248,0.023255813953488372,0.03875968992248062,0.05426356589147287,0.06201550387596899,0.08527131782945736,0.09689922480620156,0.13565891472868216,0.17829457364341086,0.1937984496124031,0.01937984496124031,0.023255813953488372,0.046511627906976744,0.07364341085271318,0.10852713178294573,0.12403100775193798,0.1434108527131783,0.1821705426356589,0.20930232558139536,0.26356589147286824,0.3062015503875969,0.3488372093023256,0.3992248062015504,0.43023255813953487,0.46124031007751937,,,,
loto_6_49,frequency,30,False,1800,772,0.011862299987114966,baseline,0.7797927461139896,4,0.0012953367875647669,0.02072538860103627,10,0.0,0.0,19.12,0.0,0.0,0.0,1,False,,0.7797927461139896,0.9015544041450777,1.0090673575129534,1.1295336787564767,1.2590673575129534,1.3691709844559585,1.467616580310881,1.621761658031088,1.75,1.866580310880829,1.988341968911917,2.0867875647668392,2.221502590673575,2.339378238341969,2.4520725388601035,0.7564766839378239,0.8639896373056994,0.9844559585492227,1.1139896373056994,1.2240932642487046,1.322538860103627,1.4766839378238341,1.604922279792746,1.721502590673575,1.8432642487046633,1.9417098445595855,2.076424870466321,2.194300518134715,2.30699481865285,2.44300518134715,0.0012953367875647669,0.0012953367875647669,0.0025906735751295338,0.0051813471502590676,0.011658031088082901,0.018134715025906734,0.025906735751295335,0.03626943005181347,0.054404145077720206,0.06994818652849741,0.08808290155440414,0.10751295336787564,0.12694300518134716,0.15025906735751296,0.17098445595854922,0.02072538860103627,0.029792746113989636,0.04145077720207254,0.06735751295336788,0.09844559585492228,0.12305699481865284,0.14378238341968913,0.19300518134715025,0.23704663212435234,0.2772020725388601,0.31476683937823835,0.344559585492228,0.39248704663212436,0.4261658031088083,0.47150259067357514,,,,
loto_6_49,frequency,30,True,1800,772,0.015097199997399002,baseline,0.7746113989637305,4,0.0012953367875647669,0.02849740932642487,6,93.1,93.1,19.19,0.0,0.0,0.0,1,False,,0.7746113989637305,0.9196891191709845,1.049222797927461,1.1761658031088082,1.305699481865285,1.4313471502590673,1.572538860103627,1.677461139896373,1.7966321243523315,1.9235751295336787,2.0427461139896375,2.160621761658031,2.2694300518134716,2.393782383419689,2.5155440414507773,0.7746113989637305,0.9196891191709845,1.049222797927461,1.1761658031088082,1.305699481865285,1.4313471502590673,1.572538860103627,1.677461139896373,1.7966321243523315,1.9235751295336787,2.0427461139896375,2.160621761658031,2.2694300518134716,2.393782383419689,2.5155440414507773,0.0012953367875647669,0.0051813471502590676,0.009067357512953367,0.011658031088082901,0.02072538860103627,0.022020725388601035,0.034974093264248704,0.04533678756476684,0.06217616580310881,0.07772020725388601,0.09326424870466321,0.11658031088082901,0.14507772020725387,0.17487046632124353,0.2033678756476684,0.02849740932642487,0.03756476683937824,0.05569948186528497,0.08160621761658031,0.10751295336787564,0.14507772020725387,0.1878238341968912,0.21373056994818654,0.24870466321243523,0.3005181347150259,0.3316062176165803,0.3795336787564767,0.41580310880829013,0.46243523316062174,0.5025906735751295,,,,
loto_6_49,frequency,60,False,1028,1544,0.020485399989411235,baseline,0.7525906735751295,4,0.0012953367875647669,0.017487046632124352,5,0.0,0.0,19.15,0.0,0.0,0.0,1,False,,0.7525906735751295,0.8691709844559585,0.9818652849740933,1.096502590673575,1.2085492227979275,1.3354922279792747,1.4378238341968912,1.5796632124352332,1.7053108808290156,1.846502590673575,1.961139896373057,2.089378238341969,2.196243523316062,2.3257772020725387,2.444300518134715,0.7525906735751295,0.8691709844559585,0.9818652849740933,1.096502590673575,1.2085492227979275,1.3354922279792747,1.4378238341968912,1.5796632124352332,1.7208549222797926,1.8354922279792747,1.9637305699481866,2.0705958549222796,2.1891191709844557,2.3095854922279795,2.426813471502591,0.0012953367875647669,0.0019430051813471502,0.0025906735751295338,0.006476683937823834,0.010362694300518135,0.01683937823834197,0.02461139896373057,0.03173575129533679,0.04145077720207254,0.05893782383419689,0.07772020725388601,0.10362694300518134,0.12435233160621761,0.14702072538860103,0.17033678756476683,0.017487046632124352,0.029145077720207253,0.044689119170984455,0.06152849740932642,0.0822538860103627,0.10751295336787564,0.12823834196891193,0.16645077720207255,0.211139896373057,0.2610103626943005,0.30505181347150256,0.3477979274611399,0.3873056994818653,0.4378238341968912,0.48121761658031087,,,,
loto_6_49,frequency,60,True,1028,1544,0.0208433999796398,baseline,0.7487046632124352,4,0.0006476683937823834,0.022020725388601035,8,0.0,0.0,19.23,0.0,0.0,0.0,1,False,,0.7487046632124352,0.8678756476683938,1.003238341968912,1.1424870466321244,1.2648963730569949,1.3873056994818653,1.5155440414507773,1.6288860103626943,1.7286269430051813,1.8555699481865284,1.983160621761658,2.102979274611399,2.231217616580311,2.3503886010362693,2.476683937823834,0.7506476683937824,0.8860103626943006,1.025259067357513,1.1476683937823835,1.270077720207254,1.3983160621761659,1.511658031088083,1.61139896373057,1.7389896373056994,1.8588082901554404,1.9870466321243523,2.106217616580311,2.2325129533678756,2.3555699481865284,2.481865284974093,0.0006476683937823834,0.0012953367875647669,0.0012953367875647669,0.003238341968911917,0.009715025906735751,0.016191709844559584,0.025259067357512953,0.03367875647668394,0.04339378238341969,0.06282383419689119,0.0822538860103627,0.09715025906735751,0.11981865284974093,0.14378238341968913,0.17292746113989638,0.022020725388601035,0.03044041450777202,0.04987046632124352,0.08031088082901554,0.10362694300518134,0.13018134715025906,0.15997409326424872,0.19170984455958548,0.22409326424870465,0.2603626943005181,0.30569948186528495,0.3471502590673575,0.391839378238342,0.43911917098445596,0.4844559585492228,,,,
loto_6_49,frequency,100,False,80,2492,0.027585500007262453,baseline,0.7784911717495987,4,0.001203852327447833,0.02247191011235955,5,86.7,86.7,19.2,0.0,0.0,0.0,1,False,,0.7784911717495987,0.9004815409309791,1.024478330658106,1.1480738362760834,1.2592295345104334,1.3792134831460674,1.5060192616372392,1.6288121990369182,1.7596308186195826,1.8663723916532906,1.9875601926163724,2.105136436597111,2.225521669341894,2.3487158908507224,2.462680577849117,0.7784911717495987,0.9004815409309791,1.024478330658106,1.1480738362760834,1.2592295345104334,1.3792134831460674,1.5060192616372392,1.6288121990369182,1.7596308186195826,1.8663723916532906,1.9875601926163724,2.105136436597111,2.225521669341894,2.3487158908507224,2.462680577849117,0.001203852327447833,0.0020064205457463883,0.0040128410914927765,0.00882825040128411,0.011235955056179775,0.018057784911717497,0.028892455858747994,0.04052969502407704,0.05377207062600321,0.06500802568218299,0.08146067415730338,0.09831460674157304,0.12118780096308186,0.15048154093097912,0.1725521669341894,0.02247191011235955,0.033707865168539325,0.052969502407704656,0.07223113964686999,0.10112359550561797,0.12800963081861957,0.15850722311396467,0.19101123595505617,0.23595505617977527,0.26364365971107545,0.300561797752809,0.34269662921348315,0.3832263242375602,0.43218298555377205,0.47431781701444625,,,,
loto_6_49,frequency,100,True,80,2492,0.024619000003440306,baseline,0.7419743178170144,4,0.001203852327447833,0.019261637239165328,6,0.0,0.0,19.2,0.0,0.0,0.0,1,False,,0.7419743178170144,0.858346709470305,0.9779293739967897,1.0991171749598716,1.2195024077046548,1.339486356340289,1.4630818619582664,1.5878812199036918,1.7146869983948636,1.836677367576244,1.9486356340288924,2.076243980738363,2.1902086677367576,2.3097913322632424,2.443820224719101,0.7419743178170144,0.858346709470305,0.9779293739967897,1.0991171749598716,1.2195024077046548,1.339486356340289,1.4630818619582664,1.5878812199036918,1.7146869983948636,1.836677367576244,1.9486356340288924,2.076243980738363,2.1958266452648476,2.3298555377207064,2.457865168539326,0.001203852327447833,0.0020064205457463883,0.002407704654895666,0.006420545746388443,0.00882825040128411,0.014847512038523275,0.02126805778491172,0.028491171749598716,0.03932584269662921,0.05417335473515249,0.07343499197431781,0.09470304975922954,0.12158908507223114,0.14486356340288925,0.17174959871589085,0.019261637239165328,0.028491171749598716,0.044141252006420544,0.062199036918138044,0.08587479935794542,0.11396468699839486,0.14125200642054575,0.17576243980738362,0.21629213483146068,0.25601926163723915,0.29052969502407705,0.3346709470304976,0.3739967897271268,0.4229534510433387,0.47552166934189405,,,,
loto_6_49,random,10,False,2314,258,0.002383699989877641,baseline,0.7868217054263565,3,0.0,0.023255813953488372,4,0.0,0.0,19.24,0.0,0.0,0.0,1,False,,0.7868217054263565,0.8837209302325582,0.9767441860465116,1.073643410852713,1.1705426356589148,1.2596899224806202,1.3643410852713178,1.4883720930232558,1.624031007751938,1.7635658914728682,1.872093023255814,2.0271317829457365,2.147286821705426,2.255813953488372,2.391472868217054,0.7868217054263565,0.8837209302325582,0.9767441860465116,1.073643410852713,1.1627906976744187,1.2674418604651163,1.3914728682170543,1.5310077519379846,1.6395348837209303,1.7945736434108528,1.9147286821705427,2.050387596899225,2.147286821705426,2.2674418604651163,2.391472868217054,0.0,0.0,0.0,0.007751937984496124,0.007751937984496124,0.007751937984496124,0.007751937984496124,0.01937984496124031,0.027131782945736434,0.04263565891472868,0.05813953488372093,0.06589147286821706,0.08527131782945736,0.13178294573643412,0.15891472868217055,0.023255813953488372,0.031007751937984496,0.04263565891472868,0.05426356589147287,0.07364341085271318,0.07364341085271318,0.09302325581395349,0.12790697674418605,0.16666666666666666,0.2131782945736434,0.24806201550387597,0.31007751937984496,0.35271317829457366,0.38372093023255816,0.437984496124031,,,,
loto_6_49,random,10,True,2314,258,0.004125700012082234,baseline,0.7209302325581395,4,0.007751937984496124,0.023255813953488372,10,0.0,0.0,19.27,0.0,0.0,0.0,1,False,,0.7209302325581395,0.8953488372093024,1.0155038759689923,1.1085271317829457,1.2286821705426356,1.3449612403100775,1.4689922480620154,1.5852713178294573,1.693798449612403,1.8255813953488371,1.9806201550387597,2.0736434108527133,2.1744186046511627,2.372093023255814,2.5271317829457365,0.7829457364341085,0.9031007751937985,0.9961240310077519,1.1162790697674418,1.2325581395348837,1.3565891472868217,1.4728682170542635,1.5813953488372092,1.7131782945736433,1.8682170542635659,1.9612403100775193,2.062015503875969,2.25968992248062,2.4147286821705425,2.492248062015504,0.007751937984496124,0.007751937984496124,0.01937984496124031,0.023255813953488372,0.023255813953488372,0.023255813953488372,0.031007751937984496,0.03488372093023256,0.03875968992248062,0.06201550387596899,0.09302325581395349,0.11627906976744186,0.14728682170542637,0.1744186046511628,0.20155038759689922,0.023255813953488372,0.04263565891472868,0.07751937984496124,0.09302325581395349,0.11627906976744186,0.13565891472868216,0.1511627906976744,0.18992248062015504,0.22093023255813954,0.2596899224806202,0.29069767441860467,0.313953488372093,0.3372093023255814,0.41472868217054265,0.4883720930232558,,,,
loto_6_49,random,30,False,1800,772,0.009129899990512058,baseline,0.7642487046632125,3,0.0,0.022020725388601035,10,0.0,0.0,19.22,0.0,0.0,0.0,1,False,,0.7642487046632125,0.8691709844559585,0.9961139896373057,1.1062176165803108,1.238341968911917,1.371761658031088,1.5142487046632125,1.6126943005181347,1.7305699481865284,1.8510362694300517,1.9922279792746114,2.1010362694300517,2.2461139896373057,2.3588082901554404,2.5038860103626943,0.7487046632124352,0.8756476683937824,0.9857512953367875,1.1178756476683938,1.2512953367875648,1.3937823834196892,1.4922279792746114,1.6101036269430051,1.7305699481865284,1.871761658031088,1.9844559585492227,2.1295336787564767,2.2474093264248705,2.3691709844559585,2.5012953367875648,0.0,0.0012953367875647669,0.0038860103626943004,0.014248704663212436,0.019430051813471502,0.02461139896373057,0.03626943005181347,0.046632124352331605,0.05958549222797927,0.06735751295336788,0.08808290155440414,0.10621761658031088,0.13082901554404144,0.15155440414507773,0.18393782383419688,0.022020725388601035,0.04145077720207254,0.05958549222797927,0.06994818652849741,0.09844559585492228,0.13082901554404144,0.15803108808290156,0.18652849740932642,0.22538860103626943,0.2616580310880829,0.30569948186528495,0.34196891191709844,0.39248704663212436,0.42875647668393785,0.48186528497409326,,,,
loto_6_49,random,30,True,1800,772,0.009218799998052418,baseline,0.7383419689119171,3,0.0,0.019430051813471502,6,0.0,0.0,19.24,0.0,0.0,0.0,1,False,,0.7383419689119171,0.8678756476683938,0.9883419689119171,1.1139896373056994,1.2474093264248705,1.371761658031088,1.4896373056994818,1.5803108808290156,1.6955958549222798,1.8406735751295338,1.9637305699481866,2.104922279792746,2.2085492227979273,2.3134715025906734,2.433937823834197,0.7383419689119171,0.8678756476683938,0.9883419689119171,1.1139896373056994,1.2474093264248705,1.371761658031088,1.4896373056994818,1.5803108808290156,1.6955958549222798,1.8406735751295338,1.9637305699481866,2.104922279792746,2.209844559585492,2.3367875647668392,2.461139896373057,0.0,0.0,0.0025906735751295338,0.007772020725388601,0.010362694300518135,0.014248704663212436,0.019430051813471502,0.025906735751295335,0.038860103626943004,0.05699481865284974,0.07124352331606218,0.09067357512953368,0.10880829015544041,0.13989637305699482,0.16191709844559585,0.019430051813471502,0.031088082901554404,0.04792746113989637,0.07512953367875648,0.09196891191709844,0.11528497409326424,0.15155440414507773,0.16839378238341968,0.19300518134715025,0.23963730569948186,0.2849740932642487,0.33678756476683935,0.3873056994818653,0.4261658031088083,0.47538860103626945,,,,
loto_6_49,random,60,False,1028,1544,0.017080699995858595,baseline,0.707901554404145,4,0.0006476683937823834,0.022020725388601035,5,83.9,83.9,19.24,0.0,0.0,0.0,1,False,,0.707901554404145,0.8205958549222798,0.9371761658031088,1.0518134715025906,1.1865284974093264,1.3095854922279793,1.422279792746114,1.5369170984455958,1.6567357512953367,1.7778497409326426,1.900259067357513,2.026554404145078,2.1489637305699483,2.2797927461139897,2.4028497409326426,0.6949481865284974,0.8095854922279793,0.944300518134715,1.067357512953368,1.1800518134715026,1.2946891191709844,1.4145077720207253,1.535621761658031,1.6580310880829014,1.7843264248704662,1.9067357512953367,2.0375647668393784,2.160621761658031,2.281735751295337,2.4112694300518136,0.0006476683937823834,0.0019430051813471502,0.0038860103626943004,0.007772020725388601,0.011010362694300517,0.017487046632124352,0.02849740932642487,0.036917098445595854,0.04598445595854922,0.05569948186528497,0.0744818652849741,0.09067357512953368,0.11269430051813471,0.14378238341968913,0.16774611398963732,0.022020725388601035,0.02849740932642487,0.04015544041450777,0.06088082901554404,0.0822538860103627,0.1172279792746114,0.13924870466321243,0.16709844559585493,0.20207253886010362,0.24028497409326424,0.27396373056994816,0.3238341968911917,0.3698186528497409,0.4119170984455959,0.4585492227979275,,,,
loto_6_49,random,60,True,1028,1544,0.015585500019369647,baseline,0.7389896373056994,4,0.0012953367875647669,0.020077720207253884,8,0.0,0.0,19.24,0.0,0.0,0.0,1,False,,0.7389896373056994,0.8426165803108808,0.9598445595854922,1.0796632124352332,1.1994818652849741,1.3147668393782384,1.4319948186528497,1.5595854922279793,1.680699481865285,1.8018134715025906,1.932642487046632,2.0459844559585494,2.187823834196891,2.316062176165803,2.4417098445595853,0.7389896373056994,0.8426165803108808,0.9598445595854922,1.0796632124352332,1.1994818652849741,1.3270725388601037,1.4481865284974094,1.5790155440414508,1.692357512953368,1.83419689119171,1.9624352331606219,2.088082901554404,2.2169689119170983,2.356865284974093,2.4961139896373057,0.0012953367875647669,0.0025906735751295338,0.0045336787564766836,0.007124352331606218,0.012953367875647668,0.019430051813471502,0.023963730569948185,0.03044041450777202,0.04533678756476684,0.06023316062176166,0.08095854922279792,0.10038860103626943,0.12435233160621761,0.14507772020725387,0.17292746113989638,0.020077720207253884,0.03044041450777202,0.04792746113989637,0.06282383419689119,0.08873056994818652,0.11528497409326424,0.14248704663212436,0.18069948186528498,0.21696891191709844,0.2545336787564767,0.2920984455958549,0.3283678756476684,0.3788860103626943,0.4326424870466321,0.47733160621761656,,,,
loto_6_49,random,100,False,80,2492,0.022070499981055036,baseline,0.7536115569823435,4,0.0016051364365971107,0.01886035313001605,5,0.0,0.0,19.25,0.0,0.0,0.0,1,False,,0.7536115569823435,0.8603531300160514,0.985553772070626,1.1147672552166934,1.2339486356340288,1.3563402889245586,1.468298555377207,1.5890850722311396,1.7223113964686998,1.8463081861958266,1.9662921348314606,2.0742375601926164,2.203852327447833,2.3443017656500804,2.463884430176565,0.7435794542536116,0.872792937399679,0.9919743178170144,1.1143659711075442,1.2263242375601926,1.3471107544141252,1.4803370786516854,1.6043338683788122,1.7243178170144462,1.832263242375602,1.9618780096308186,2.102327447833066,2.2219101123595504,2.3430979133226324,2.457062600321027,0.0016051364365971107,0.0020064205457463883,0.004815409309791332,0.009229534510433388,0.014446227929373997,0.02126805778491172,0.026484751203852328,0.03410914927768861,0.04654895666131621,0.059791332263242375,0.07704654895666131,0.09550561797752809,0.12199036918138041,0.1492776886035313,0.17415730337078653,0.01886035313001605,0.029293739967897272,0.049357945425361156,0.07263242375601926,0.09470304975922954,0.12279293739967898,0.15168539325842698,0.18298555377207062,0.22592295345104335,0.26203852327447835,0.2981540930979133,0.34069020866773675,0.38603531300160515,0.43659711075441415,0.48314606741573035,,,,
loto_6_49,random,100,True,80,2492,0.02514129999326542,baseline,0.7231139646869984,4,0.0020064205457463883,0.02086677367576244,6,0.0,0.0,19.26,0.0,0.0,0.0,1,False,,0.7231139646869984,0.8575441412520064,0.9811396468699839,1.1075441412520064,1.2323434991974318,1.3523274478330658,1.471107544141252,1.5951043338683788,1.721107544141252,1.8350722311396468,1.9430176565008026,2.0658105939004816,2.187800963081862,2.3154093097913324,2.4357945425361156,0.7327447833065811,0.8591492776886035,0.9839486356340289,1.103932584269663,1.2227126805778492,1.346709470304976,1.4546548956661316,1.5774478330658106,1.699438202247191,1.8270465489566614,1.9474317817014446,2.0758426966292136,2.1954253611556984,2.326243980738363,2.445024077046549,0.0020064205457463883,0.0028089887640449437,0.004414125200642055,0.009229534510433388,0.013643659711075442,0.020465489566613163,0.029293739967897272,0.04012841091492777,0.0521669341894061,0.06380417335473515,0.07584269662921349,0.09670947030497593,0.12158908507223114,0.14686998394863562,0.1709470304975923,0.02086677367576244,0.03571428571428571,0.047752808988764044,0.06861958266452649,0.09751203852327447,0.12199036918138041,0.1476725521669342,0.18218298555377208,0.2195024077046549,0.25601926163723915,0.29213483146067415,0.3326645264847512,0.37279293739967895,0.4189406099518459,0.46629213483146065,,,,
loto_6_49,ml_logistic,10,False,2314,258,2.0333714000007603,ml-linear,0.5775193798449613,3,0.0,0.007751937984496124,4,100.0,79.4,20.4,0.0,0.0,0.0,1,False,,0.5775193798449613,0.7054263565891473,0.8217054263565892,0.9689922480620154,1.0813953488372092,1.2325581395348837,1.372093023255814,1.5271317829457365,1.6356589147286822,1.7713178294573644,1.875968992248062,2.0387596899224807,2.1744186046511627,2.2713178294573644,2.368217054263566,0.5775193798449613,0.7054263565891473,0.8217054263565892,0.9689922480620154,1.0813953488372092,1.2325581395348837,1.372093023255814,1.5271317829457365,1.6356589147286822,1.7713178294573644,1.875968992248062,2.0387596899224807,2.1744186046511627,2.2713178294573644,2.368217054263566,0.0,0.003875968992248062,0.003875968992248062,0.011627906976744186,0.015503875968992248,0.027131782945736434,0.03875968992248062,0.04263565891472868,0.05426356589147287,0.06589147286821706,0.07751937984496124,0.10465116279069768,0.12790697674418605,0.13565891472868216,0.15891472868217055,0.007751937984496124,0.015503875968992248,0.03488372093023256,0.05426356589147287,0.06589147286821706,0.09689922480620156,0.10465116279069768,0.13565891472868216,0.16666666666666666,0.18604651162790697,0.22093023255813954,0.2868217054263566,0.34108527131782945,0.3798449612403101,0.42248062015503873,,,,
loto_6_49,ml_logistic,10,True,2314,258,2.1052465999964625,ml-linear,0.748062015503876,3,0.0,0.03488372093023256,10,100.0,79.3,20.39,0.0,0.0,0.0,1,False,,0.748062015503876,0.8410852713178295,0.9573643410852714,1.1046511627906976,1.2248062015503876,1.3372093023255813,1.4534883720930232,1.558139534883721,1.6511627906976745,1.7286821705426356,1.813953488372093,1.9728682170542635,2.0813953488372094,2.2170542635658914,2.3372093023255816,0.7441860465116279,0.8643410852713178,0.9767441860465116,1.0930232558139534,1.197674418604651,1.2906976744186047,1.3682170542635659,1.4534883720930232,1.6124031007751938,1.7209302325581395,1.8565891472868217,1.9806201550387597,2.1550387596899223,2.2713178294573644,2.4031007751937983,0.0,0.003875968992248062,0.007751937984496124,0.007751937984496124,0.007751937984496124,0.011627906976744186,0.011627906976744186,0.01937984496124031,0.023255813953488372,0.03875968992248062,0.04263565891472868,0.06201550387596899,0.08527131782945736,0.10852713178294573,0.14728682170542637,0.03488372093023256,0.03875968992248062,0.050387596899224806,0.06201550387596899,0.10465116279069768,0.12015503875968993,0.15891472868217055,0.1821705426356589,0.20930232558139536,0.24031007751937986,0.26744186046511625,0.32170542635658916,0.375968992248062,0.41472868217054265,0.4418604651162791,,,,
loto_6_49,ml_logistic,30,False,1800,772,2.00850779999746,ml-linear,0.7357512953367875,4,0.0012953367875647669,0.02072538860103627,10,100.0,79.3,20.39,0.0,0.0,0.0,1,False,,0.7357512953367875,0.8432642487046632,0.9766839378238342,1.1088082901554404,1.2512953367875648,1.3963730569948187,1.5155440414507773,1.6360103626943006,1.7435233160621761,1.8484455958549222,1.9753886010362693,2.11139896373057,2.231865284974093,2.3678756476683938,2.5077720207253886,0.6981865284974094,0.8316062176165803,0.9637305699481865,1.1062176165803108,1.2512953367875648,1.3704663212435233,1.4909326424870466,1.5984455958549222,1.7033678756476685,1.8303108808290156,1.9663212435233162,2.1023316062176165,2.231865284974093,2.366580310880829,2.483160621761658,0.0012953367875647669,0.0025906735751295338,0.0038860103626943004,0.0051813471502590676,0.006476683937823834,0.015544041450777202,0.025906735751295335,0.03626943005181347,0.04404145077720207,0.06088082901554404,0.07642487046632124,0.09974093264248704,0.12046632124352331,0.14507772020725387,0.17357512953367876,0.02072538860103627,0.025906735751295335,0.042746113989637305,0.06088082901554404,0.09455958549222798,0.13730569948186527,0.17487046632124353,0.20984455958549222,0.24870466321243523,0.28367875647668395,0.31994818652849744,0.36528497409326427,0.39896373056994816,0.44559585492227977,0.5012953367875648,,,,
loto_6_49,ml_logistic,30,True,1800,772,2.0319100999913644,ml-linear,0.7318652849740933,4,0.0012953367875647669,0.02461139896373057,6,100.0,83.9,20.4,0.0,0.0,0.0,1,False,,0.7318652849740933,0.8652849740932642,0.9805699481865285,1.1075129533678756,1.2435233160621761,1.349740932642487,1.483160621761658,1.5854922279792747,1.7150259067357514,1.8562176165803108,1.9935233160621761,2.134715025906736,2.268134715025907,2.3976683937823835,2.5012953367875648,0.7318652849740933,0.8652849740932642,0.9805699481865285,1.1075129533678756,1.2435233160621761,1.349740932642487,1.483160621761658,1.5854922279792747,1.7150259067357514,1.8562176165803108,1.9935233160621761,2.134715025906736,2.268134715025907,2.3976683937823835,2.5427461139896375,0.0012953367875647669,0.0038860103626943004,0.009067357512953367,0.015544041450777202,0.022020725388601035,0.023316062176165803,0.03367875647668394,0.04404145077720207,0.05569948186528497,0.06735751295336788,0.08678756476683938,0.11398963730569948,0.13212435233160622,0.16062176165803108,0.1955958549222798,0.02461139896373057,0.034974093264248704,0.054404145077720206,0.06865284974093264,0.08808290155440414,0.10880829015544041,0.14637305699481865,0.17098445595854922,0.21632124352331605,0.27202072538860106,0.3134715025906736,0.35751295336787564,0.40932642487046633,0.46113989637305697,0.49222797927461137,,,,
loto_6_49,ml_logistic,60,False,1028,1544,2.070667099993443,ml-linear,0.7376943005181347,3,0.0,0.021373056994818652,5,100.0,79.2,20.4,0.0,0.0,0.0,1,False,,0.7376943005181347,0.8633419689119171,0.9857512953367875,1.1295336787564767,1.2402849740932642,1.3672279792746114,1.4825129533678756,1.6120466321243523,1.724740932642487,1.8322538860103628,1.952720207253886,2.0725388601036268,2.2072538860103625,2.3238341968911915,2.441062176165803,0.7376943005181347,0.8601036269430051,1.0038860103626943,1.1146373056994818,1.241580310880829,1.3568652849740932,1.4695595854922279,1.5770725388601037,1.697538860103627,1.817357512953368,1.9520725388601037,2.0686528497409324,2.1858808290155443,2.300518134715026,2.4417098445595853,0.0,0.003238341968911917,0.006476683937823834,0.009715025906735751,0.016191709844559584,0.025259067357512953,0.031088082901554404,0.03821243523316062,0.050518134715025906,0.06347150259067358,0.08095854922279792,0.09844559585492228,0.12564766839378239,0.14702072538860103,0.16839378238341968,0.021373056994818652,0.042746113989637305,0.05699481865284974,0.07966321243523317,0.10233160621761658,0.12953367875647667,0.1567357512953368,0.19170984455958548,0.21955958549222798,0.24870466321243523,0.2869170984455959,0.32966321243523317,0.3756476683937824,0.4216321243523316,0.4643782383419689,,,,
loto_6_49,ml_logistic,60,True,1028,1544,2.048980699997628,ml-linear,0.7480569948186528,4,0.0012953367875647669,0.023963730569948185,8,100.0,79.4,20.39,0.0,0.0,0.0,1,False,,0.7480569948186528,0.8678756476683938,0.9876943005181347,1.1055699481865284,1.2279792746113989,1.3685233160621761,1.483160621761658,1.6003886010362693,1.7286269430051813,1.8471502590673574,1.9734455958549222,2.113341968911917,2.2525906735751295,2.375,2.481865284974093,0.7480569948186528,0.8678756476683938,0.9876943005181347,1.1055699481865284,1.2279792746113989,1.3685233160621761,1.483160621761658,1.61139896373057,1.729922279792746,1.8562176165803108,1.9961139896373057,2.135362694300518,2.2577720207253886,2.364637305699482,2.496761658031088,0.0012953367875647669,0.003238341968911917,0.0051813471502590676,0.007124352331606218,0.012305699481865285,0.019430051813471502,0.029145077720207253,0.034974093264248704,0.046632124352331605,0.05893782383419689,0.0822538860103627,0.10297927461139897,0.12953367875647667,0.15284974093264247,0.17422279792746115,0.023963730569948185,0.03238341968911917,0.04533678756476684,0.0667098445595855,0.09261658031088082,0.12435233160621761,0.15220207253886012,0.1871761658031088,0.22085492227979275,0.2551813471502591,0.2979274611398964,0.35038860103626945,0.39896373056994816,0.44494818652849744,0.4876943005181347,,,,
loto_6_49,ml_logistic,100,False,80,2492,2.009943800017936,ml-linear,0.7439807383627608,4,0.0020064205457463883,0.02086677367576244,5,99.1,78.1,20.4,0.0,0.0,0.0,1,False,,0.7439807383627608,0.8651685393258427,1.0020064205457464,1.131621187800963,1.2556179775280898,1.3752006420545746,1.4951845906902086,1.619983948635634,1.7604333868378812,1.8784109149277688,1.9987961476725522,2.129614767255217,2.2363563402889244,2.3587479935794544,2.472712680577849,0.7439807383627608,0.8651685393258427,1.0020064205457464,1.131621187800963,1.2556179775280898,1.3752006420545746,1.4951845906902086,1.619983948635634,1.7604333868378812,1.8784109149277688,1.9987961476725522,2.129614767255217,2.2363563402889244,2.3587479935794544,2.472712680577849,0.0020064205457463883,0.0032102728731942215,0.006019261637239166,0.009630818619582664,0.014446227929373997,0.019662921348314606,0.026886035313001606,0.038523274478330656,0.05176565008025682,0.06500802568218299,0.08146067415730338,0.10553772070626004,0.12720706260032102,0.1581059390048154,0.18579454253611558,0.02086677367576244,0.03210272873194221,0.049357945425361156,0.07584269662921349,0.09911717495987159,0.12479935794542536,0.1528892455858748,0.18780096308186195,0.23354735152487963,0.27648475120385235,0.3198234349919743,0.3683788121990369,0.40369181380417335,0.4438202247191011,0.48635634028892455,,,,
loto_6_49,ml_logistic,100,True,80,2492,2.014602900017053,ml-linear,0.7191011235955056,4,0.0008025682182985554,0.018459069020866775,6,100.0,84.4,20.39,0.0,0.0,0.0,1,False,,0.7191011235955056,0.8386837881219904,0.9650882825040128,1.0878812199036918,1.2126805778491172,1.346709470304976,1.4715088282504012,1.5914927768860354,1.71107544141252,1.8298555377207062,1.9462279293739968,2.060593900481541,2.1785714285714284,2.306179775280899,2.426565008025682,0.7191011235955056,0.8386837881219904,0.9650882825040128,1.0878812199036918,1.2126805778491172,1.346709470304976,1.4715088282504012,1.5914927768860354,1.71107544141252,1.8298555377207062,1.9462279293739968,2.060593900481541,2.1785714285714284,2.306179775280899,2.426565008025682,0.0008025682182985554,0.0008025682182985554,0.0016051364365971107,0.00521669341894061,0.010032102728731942,0.014446227929373997,0.022873194221508828,0.033707865168539325,0.044542536115569825,0.06260032102728733,0.07624398073836276,0.10152487961476725,0.12158908507223114,0.14967897271268057,0.17897271268057785,0.018459069020866775,0.02768860353130016,0.044141252006420544,0.06340288924558588,0.08868378812199038,0.12038523274478331,0.14807383627608348,0.17857142857142858,0.21428571428571427,0.2552166934189406,0.29213483146067415,0.33025682182985555,0.3723916532905297,0.41813804173354735,0.45947030497592295,,,,
loto_6_49,cover_positional_bands,10,False,2314,258,0.009269700007280335,coverage,0.689922480620155,3,0.0,0.023255813953488372,4,0.0,0.0,19.35,0.0,0.0,0.0,1,False,,0.689922480620155,0.7829457364341085,0.9186046511627907,1.073643410852713,1.2054263565891472,1.3410852713178294,1.437984496124031,1.5465116279069768,1.678294573643411,1.817829457364341,1.9689922480620154,2.0852713178294575,2.189922480620155,2.310077519379845,2.4186046511627906,0.689922480620155,0.7829457364341085,0.9186046511627907,1.073643410852713,1.2054263565891472,1.3410852713178294,1.437984496124031,1.5465116279069768,1.686046511627907,1.8372093023255813,1.9534883720930232,2.058139534883721,2.1782945736434107,2.2868217054263567,2.39922480620155,0.0,0.003875968992248062,0.003875968992248062,0.011627906976744186,0.027131782945736434,0.031007751937984496,0.03875968992248062,0.046511627906976744,0.06201550387596899,0.06976744186046512,0.10465116279069768,0.1124031007751938,0.12403100775193798,0.16279069767441862,0.18604651162790697,0.023255813953488372,0.03488372093023256,0.050387596899224806,0.07364341085271318,0.09689922480620156,0.13953488372093023,0.15891472868217055,0.17829457364341086,0.22093023255813954,0.2751937984496124,0.3062015503875969,0.35658914728682173,0.40310077519379844,0.437984496124031,0.4844961240310077,,,,
loto_6_49,cover_positional_bands,10,True,2314,258,0.010129100002814084,coverage,0.7829457364341085,4,0.003875968992248062,0.027131782945736434,10,0.0,0.0,19.3,0.0,0.0,0.0,1,False,,0.7829457364341085,0.8875968992248062,1.0232558139534884,1.1472868217054264,1.2248062015503876,1.317829457364341,1.434108527131783,1.550387596899225,1.6666666666666667,1.810077519379845,1.934108527131783,2.050387596899225,2.1627906976744184,2.2829457364341086,2.4108527131782944,0.7403100775193798,0.875968992248062,1.0,1.0775193798449612,1.1705426356589148,1.2868217054263567,1.4031007751937985,1.5193798449612403,1.6627906976744187,1.7790697674418605,1.8914728682170543,2.0193798449612403,2.13953488372093,2.24031007751938,2.368217054263566,0.003875968992248062,0.003875968992248062,0.003875968992248062,0.003875968992248062,0.015503875968992248,0.015503875968992248,0.023255813953488372,0.03488372093023256,0.046511627906976744,0.08139534883720931,0.08914728682170543,0.09689922480620156,0.12790697674418605,0.1434108527131783,0.1744186046511628,0.027131782945736434,0.031007751937984496,0.05426356589147287,0.07751937984496124,0.08914728682170543,0.10852713178294573,0.1434108527131783,0.1744186046511628,0.20930232558139536,0.2364341085271318,0.27906976744186046,0.3449612403100775,0.37209302325581395,0.43023255813953487,0.4728682170542636,,,,
loto_6_49,cover_positional_bands,30,False,1800,772,0.014887400000588968,coverage,0.7953367875647669,4,0.0012953367875647669,0.027202072538860103,10,0.0,0.0,19.36,0.0,0.0,0.0,1,False,,0.7953367875647669,0.905440414507772,1.0038860103626943,1.11139896373057,1.233160621761658,1.3523316062176165,1.4689119170984455,1.5816062176165804,1.6968911917098446,1.805699481865285,1.927461139896373,2.0259067357512954,2.160621761658031,2.278497409326425,2.393782383419689,0.7603626943005182,0.8588082901554405,0.966321243523316,1.0880829015544042,1.2072538860103628,1.3238341968911918,1.4365284974093264,1.5518134715025906,1.6735751295336787,1.7720207253886011,1.9067357512953367,2.0246113989637307,2.160621761658031,2.2746113989637307,2.3821243523316062,0.0012953367875647669,0.0051813471502590676,0.009067357512953367,0.010362694300518135,0.015544041450777202,0.022020725388601035,0.029792746113989636,0.04145077720207254,0.05181347150259067,0.06347150259067358,0.07642487046632124,0.09326424870466321,0.11010362694300518,0.12953367875647667,0.15025906735751296,0.027202072538860103,0.038860103626943004,0.046632124352331605,0.06347150259067358,0.07772020725388601,0.10492227979274611,0.13730569948186527,0.16968911917098445,0.21243523316062177,0.24093264248704663,0.27979274611398963,0.3134715025906736,0.35751295336787564,0.4106217616580311,0.45984455958549225,,,,
loto_6_49,cover_positional_bands,30,True,1800,772,0.013746600016020238,coverage,0.7746113989637305,3,0.0,0.02072538860103627,6,0.0,0.0,19.36,0.0,0.0,0.0,1,False,,0.7746113989637305,0.8924870466321243,1.0336787564766838,1.1528497409326426,1.2577720207253886,1.3847150259067358,1.5103626943005182,1.6463730569948187,1.7746113989637307,1.8898963730569949,2.011658031088083,2.126943005181347,2.256476683937824,2.3860103626943006,2.4987046632124352,0.7746113989637305,0.8924870466321243,1.0336787564766838,1.1528497409326426,1.2577720207253886,1.3847150259067358,1.5103626943005182,1.6463730569948187,1.7746113989637307,1.8963730569948187,2.011658031088083,2.1411917098445596,2.2707253886010363,2.383419689119171,2.5129533678756477,0.0,0.0012953367875647669,0.0051813471502590676,0.009067357512953367,0.012953367875647668,0.02072538860103627,0.034974093264248704,0.04404145077720207,0.05958549222797927,0.07512953367875648,0.08678756476683938,0.11010362694300518,0.14248704663212436,0.17357512953367876,0.1955958549222798,0.02072538860103627,0.038860103626943004,0.06088082901554404,0.07901554404145078,0.10233160621761658,0.12694300518134716,0.16580310880829016,0.20595854922279794,0.24352331606217617,0.28756476683937826,0.32642487046632124,0.36787564766839376,0.40932642487046633,0.4494818652849741,0.4883419689119171,,,,
loto_6_49,cover_positional_bands,60,False,1028,1544,0.019875300000421703,coverage,0.711139896373057,4,0.0006476683937823834,0.009715025906735751,5,0.0,0.0,19.33,0.0,0.0,0.0,1,False,,0.711139896373057,0.8549222797927462,0.9818652849740933,1.1088082901554404,1.211139896373057,1.3231865284974094,1.4378238341968912,1.5446891191709844,1.6593264248704662,1.7778497409326426,1.907383419689119,2.0492227979274613,2.1748704663212437,2.316062176165803,2.4384715025906734,0.711139896373057,0.8549222797927462,0.9818652849740933,1.1088082901554404,1.211139896373057,1.3231865284974094,1.4378238341968912,1.5446891191709844,1.6593264248704662,1.7778497409326426,1.9196891191709844,2.0608808290155443,2.1832901554404147,2.305051813471503,2.4261658031088085,0.0006476683937823834,0.0019430051813471502,0.0025906735751295338,0.007124352331606218,0.013601036269430052,0.017487046632124352,0.02461139896373057,0.031088082901554404,0.04404145077720207,0.05375647668393782,0.06865284974093264,0.08484455958549222,0.1094559585492228,0.13471502590673576,0.16580310880829016,0.009715025906735751,0.031088082901554404,0.044689119170984455,0.06541450777202072,0.08031088082901554,0.10103626943005181,0.12823834196891193,0.16191709844559585,0.2033678756476684,0.23769430051813473,0.280440414507772,0.327720207253886,0.37629533678756477,0.43588082901554404,0.47797927461139894,,,,
loto_6_49,cover_positional_bands,60,True,1028,1544,0.020416199986357242,coverage,0.7396373056994818,4,0.0019430051813471502,0.017487046632124352,8,0.0,0.0,19.37,0.0,0.0,0.0,1,False,,0.7396373056994818,0.8588082901554405,0.9980569948186528,1.113341968911917,1.2318652849740932,1.3542746113989637,1.4540155440414508,1.586139896373057,1.721502590673575,1.849740932642487,1.9630829015544042,2.086139896373057,2.213082901554404,2.3406735751295336,2.481217616580311,0.741580310880829,0.8808290155440415,0.9993523316062176,1.121761658031088,1.221502590673575,1.3536269430051813,1.4889896373056994,1.6172279792746114,1.7305699481865284,1.8536269430051813,1.9812176165803108,2.121761658031088,2.241580310880829,2.3542746113989637,2.4825129533678756,0.0019430051813471502,0.003238341968911917,0.0045336787564766836,0.007124352331606218,0.010362694300518135,0.01683937823834197,0.023316062176165803,0.03173575129533679,0.04533678756476684,0.06023316062176166,0.07901554404145078,0.0939119170984456,0.1211139896373057,0.14766839378238342,0.18847150259067358,0.017487046632124352,0.023316062176165803,0.04598445595854922,0.07124352331606218,0.09326424870466321,0.12629533678756477,0.15284974093264247,0.19818652849740934,0.22992227979274613,0.26813471502590674,0.30310880829015546,0.3484455958549223,0.38924870466321243,0.4365284974093264,0.4838082901554404,,,,
loto_6_49,cover_positional_bands,100,False,80,2492,0.029446500004269183,coverage,0.7804975922953451,4,0.0016051364365971107,0.024478330658105937,5,0.0,0.0,19.37,0.0,0.0,0.0,1,False,,0.7804975922953451,0.891653290529695,1.0156500802568218,1.1452648475120386,1.264446227929374,1.3864365971107544,1.510032102728732,1.6235955056179776,1.7568218298555378,1.874398073836276,2.001203852327448,2.123996789727127,2.230738362760835,2.3487158908507224,2.4743178170144464,0.7804975922953451,0.891653290529695,1.0156500802568218,1.1452648475120386,1.264446227929374,1.3864365971107544,1.510032102728732,1.6235955056179776,1.7568218298555378,1.874398073836276,2.001203852327448,2.123996789727127,2.230738362760835,2.3487158908507224,2.4743178170144464,0.0016051364365971107,0.002407704654895666,0.00521669341894061,0.008025682182985553,0.013643659711075442,0.018459069020866775,0.026886035313001606,0.037319422150882825,0.051364365971107544,0.06621187800963081,0.08547351524879615,0.10593900481540931,0.11918138041733548,0.1440609951845907,0.18017656500802567,0.024478330658105937,0.038523274478330656,0.054975922953451044,0.0774478330658106,0.10152487961476725,0.13242375601926162,0.1637239165329053,0.1906099518459069,0.235553772070626,0.2696629213483146,0.3130016051364366,0.3575441412520064,0.3972712680577849,0.4373996789727127,0.4835473515248796,,,,
loto_6_49,cover_positional_bands,100,True,80,2492,0.029038700013188645,coverage,0.7411717495987159,4,0.0004012841091492777,0.021669341894060994,6,87.5,87.5,19.37,0.0,0.0,0.0,1,False,,0.7411717495987159,0.8659711075441413,0.9871589085072231,1.1035313001605136,1.2223113964686998,1.341091492776886,1.481139646869984,1.6079454253611556,1.7299357945425362,1.8575441412520064,1.9771268057784912,2.0975120385232744,2.2223113964687,2.3402889245585876,2.452247191011236,0.7411717495987159,0.8659711075441413,0.9871589085072231,1.1035313001605136,1.2223113964686998,1.341091492776886,1.481139646869984,1.6079454253611556,1.7299357945425362,1.8575441412520064,1.9771268057784912,2.0975120385232744,2.2223113964687,2.3402889245585876,2.452247191011236,0.0004012841091492777,0.0020064205457463883,0.004414125200642055,0.006420545746388443,0.009630818619582664,0.016452648475120384,0.024478330658105937,0.037319422150882825,0.047752808988764044,0.06019261637239166,0.0774478330658106,0.09309791332263243,0.11918138041733548,0.14285714285714285,0.17014446227929375,0.021669341894060994,0.03571428571428571,0.052969502407704656,0.07223113964686999,0.0971107544141252,0.12479935794542536,0.15770465489566612,0.1869983948635634,0.22271268057784913,0.26565008025682185,0.30136436597110755,0.3487158908507223,0.3936597110754414,0.43579454253611555,0.47913322632423755,,,,
loto_6_49,sum_affinity,10,False,2314,258,0.007631299988133833,geometric-sum,0.7286821705426356,4,0.003875968992248062,0.011627906976744186,4,81.8,81.8,19.37,0.0,0.0,0.0,1,False,,0.7286821705426356,0.8333333333333334,0.9689922480620154,1.065891472868217,1.2054263565891472,1.313953488372093,1.496124031007752,1.6007751937984496,1.7635658914728682,1.9108527131782946,2.046511627906977,2.1511627906976742,2.302325581395349,2.4069767441860463,2.5387596899224807,0.7286821705426356,0.8333333333333334,0.9302325581395349,1.069767441860465,1.178294573643411,1.3604651162790697,1.4651162790697674,1.627906976744186,1.7751937984496124,1.9108527131782946,2.0155038759689923,2.1666666666666665,2.2713178294573644,2.4031007751937983,2.5271317829457365,0.003875968992248062,0.003875968992248062,0.007751937984496124,0.007751937984496124,0.011627906976744186,0.015503875968992248,0.027131782945736434,0.03875968992248062,0.05426356589147287,0.07364341085271318,0.10077519379844961,0.11627906976744186,0.15503875968992248,0.18604651162790697,0.22093023255813954,0.011627906976744186,0.046511627906976744,0.05426356589147287,0.06589147286821706,0.09689922480620156,0.12790697674418605,0.16666666666666666,0.2054263565891473,0.27906976744186046,0.3372093023255814,0.3875968992248062,0.4069767441860465,0.4573643410852713,0.47674418604651164,0.5271317829457365,,,,
loto_6_49,sum_affinity,10,True,2314,258,0.00865250002243556,geometric-sum,0.8372093023255814,4,0.007751937984496124,0.027131782945736434,10,0.0,0.0,19.37,0.0,0.0,0.0,1,False,,0.8372093023255814,0.9612403100775194,1.1162790697674418,1.2093023255813953,1.310077519379845,1.3875968992248062,1.5077519379844961,1.6046511627906976,1.7209302325581395,1.8488372093023255,1.9728682170542635,2.0930232558139537,2.2364341085271318,2.352713178294574,2.4844961240310077,0.7751937984496124,0.8953488372093024,0.9922480620155039,1.1085271317829457,1.2364341085271318,1.3604651162790697,1.503875968992248,1.62015503875969,1.751937984496124,1.8604651162790697,1.9844961240310077,2.108527131782946,2.251937984496124,2.4108527131782944,2.5852713178294575,0.007751937984496124,0.007751937984496124,0.015503875968992248,0.015503875968992248,0.015503875968992248,0.01937984496124031,0.027131782945736434,0.027131782945736434,0.03875968992248062,0.06201550387596899,0.08527131782945736,0.10852713178294573,0.16279069767441862,0.18604651162790697,0.2131782945736434,0.027131782945736434,0.05813953488372093,0.07751937984496124,0.08914728682170543,0.1124031007751938,0.13178294573643412,0.17054263565891473,0.19767441860465115,0.2364341085271318,0.2751937984496124,0.3333333333333333,0.36046511627906974,0.38372093023255816,0.42248062015503873,0.4883720930232558,,,,
loto_6_49,sum_affinity,30,False,1800,772,0.01400870000361465,geometric-sum,0.7733160621761658,4,0.0025906735751295338,0.019430051813471502,10,0.0,0.0,19.37,0.0,0.0,0.0,1,False,,0.7733160621761658,0.8911917098445595,1.0103626943005182,1.1139896373056994,1.2435233160621761,1.3678756476683938,1.4896373056994818,1.6088082901554404,1.744818652849741,1.8652849740932642,1.9870466321243523,2.0971502590673574,2.2305699481865284,2.3290155440414506,2.4365284974093266,0.7733160621761658,0.8911917098445595,1.0207253886010363,1.145077720207254,1.266839378238342,1.3860103626943006,1.5220207253886011,1.6424870466321244,1.7642487046632125,1.8743523316062176,2.0077720207253886,2.106217616580311,2.2137305699481864,2.3303108808290154,2.459844559585492,0.0025906735751295338,0.0025906735751295338,0.006476683937823834,0.007772020725388601,0.01683937823834197,0.023316062176165803,0.02849740932642487,0.04015544041450777,0.05181347150259067,0.06347150259067358,0.08549222797927461,0.10233160621761658,0.12823834196891193,0.14766839378238342,0.17875647668393782,0.019430051813471502,0.042746113989637305,0.05829015544041451,0.07124352331606218,0.09715025906735751,0.12694300518134716,0.14766839378238342,0.1800518134715026,0.22797927461139897,0.2694300518134715,0.3121761658031088,0.33678756476683935,0.3873056994818653,0.41968911917098445,0.46632124352331605,,,,
loto_6_49,sum_affinity,30,True,1800,772,0.013534700003219768,geometric-sum,0.772020725388601,4,0.0038860103626943004,0.025906735751295335,6,0.0,0.0,19.37,0.0,0.0,0.0,1,False,,0.772020725388601,0.905440414507772,1.0297927461139897,1.1347150259067358,1.2370466321243523,1.36139896373057,1.4896373056994818,1.5803108808290156,1.7137305699481866,1.8329015544041452,1.9585492227979275,2.077720207253886,2.211139896373057,2.3406735751295336,2.465025906735751,0.772020725388601,0.905440414507772,1.0297927461139897,1.1347150259067358,1.2370466321243523,1.36139896373057,1.4896373056994818,1.5803108808290156,1.7137305699481866,1.8329015544041452,1.9585492227979275,2.077720207253886,2.211139896373057,2.3406735751295336,2.465025906735751,0.0038860103626943004,0.0038860103626943004,0.006476683937823834,0.010362694300518135,0.011658031088082901,0.02072538860103627,0.029792746113989636,0.038860103626943004,0.050518134715025906,0.06865284974093264,0.08419689119170984,0.11139896373056994,0.14248704663212436,0.15932642487046633,0.18911917098445596,0.025906735751295335,0.04533678756476684,0.05958549222797927,0.07901554404145078,0.09844559585492228,0.13212435233160622,0.16321243523316062,0.18911917098445596,0.22927461139896374,0.25906735751295334,0.3082901554404145,0.3393782383419689,0.37823834196891193,0.42487046632124353,0.4740932642487047,,,,
loto_6_49,sum_affinity,60,False,1028,1544,0.018365700001595542,geometric-sum,0.7558290155440415,4,0.0019430051813471502,0.022020725388601035,5,0.0,0.0,19.38,0.0,0.0,0.0,1,False,,0.7558290155440415,0.8788860103626943,1.0045336787564767,1.1068652849740932,1.2273316062176165,1.3503886010362693,1.4740932642487046,1.5816062176165804,1.7079015544041452,1.8374352331606219,1.9656735751295338,2.0822538860103625,2.213082901554404,2.327720207253886,2.439766839378238,0.7525906735751295,0.8549222797927462,0.9753886010362695,1.0984455958549222,1.2221502590673574,1.3296632124352332,1.455958549222798,1.5854922279792747,1.7137305699481866,1.8303108808290156,1.961139896373057,2.0757772020725387,2.187823834196891,2.298575129533679,2.41839378238342,0.0019430051813471502,0.0025906735751295338,0.007124352331606218,0.008419689119170985,0.015544041450777202,0.022020725388601035,0.02655440414507772,0.03432642487046632,0.046632124352331605,0.06023316062176166,0.08354922279792747,0.10103626943005181,0.125,0.14637305699481865,0.17422279792746115,0.022020725388601035,0.042746113989637305,0.05764248704663212,0.07383419689119171,0.09520725388601037,0.1211139896373057,0.14572538860103626,0.17681347150259066,0.21567357512953367,0.25777202072538863,0.3005181347150259,0.33419689119170987,0.38277202072538863,0.4261658031088083,0.47150259067357514,,,,
loto_6_49,sum_affinity,60,True,1028,1544,0.02067310002166778,geometric-sum,0.7590673575129534,4,0.0038860103626943004,0.021373056994818652,8,0.0,0.0,19.36,0.0,0.0,0.0,1,False,,0.7590673575129534,0.8821243523316062,0.9974093264248705,1.1185233160621761,1.2376943005181347,1.358160621761658,1.4792746113989637,1.5790155440414508,1.7053108808290156,1.8251295336787565,1.9520725388601037,2.0783678756476682,2.2059585492227978,2.334844559585492,2.454663212435233,0.7590673575129534,0.8821243523316062,1.003238341968912,1.1224093264248705,1.2428756476683938,1.342616580310881,1.4689119170984455,1.5887305699481866,1.7150259067357514,1.842616580310881,1.971502590673575,2.091321243523316,2.2033678756476682,2.324481865284974,2.465025906735751,0.0038860103626943004,0.0038860103626943004,0.007124352331606218,0.010362694300518135,0.013601036269430052,0.02072538860103627,0.025906735751295335,0.03432642487046632,0.04598445595854922,0.05764248704663212,0.07772020725388601,0.09585492227979274,0.1211139896373057,0.1483160621761658,0.17422279792746115,0.021373056994818652,0.03950777202072539,0.050518134715025906,0.06994818652849741,0.09132124352331607,0.12240932642487047,0.14961139896373057,0.172279792746114,0.20984455958549222,0.24870466321243523,0.29080310880829013,0.32966321243523317,0.37823834196891193,0.4255181347150259,0.4740932642487047,,,,
loto_6_49,sum_affinity,100,False,80,2492,0.02862480000476353,geometric-sum,0.7608346709470305,4,0.0008025682182985554,0.026484751203852328,5,0.0,0.0,19.36,0.0,0.0,0.0,1,False,,0.7608346709470305,0.8743980738362761,0.9911717495987159,1.109951845906902,1.2319422150882826,1.3551364365971108,1.4630818619582664,1.582263242375602,1.7086677367576244,1.8326645264847512,1.9574638844301766,2.086677367576244,2.20545746388443,2.332263242375602,2.443418940609952,0.7491974317817014,0.8711878009630819,0.9943820224719101,1.1023274478330658,1.2215088282504012,1.3479133226324238,1.4719101123595506,1.596709470304976,1.7259229534510434,1.8447030497592296,1.9715088282504012,2.082664526484751,2.205056179775281,2.338282504012841,2.457865168539326,0.0008025682182985554,0.0028089887640449437,0.00521669341894061,0.009229534510433388,0.014446227929373997,0.02086677367576244,0.02608346709470305,0.033707865168539325,0.045746388443017656,0.059791332263242375,0.0774478330658106,0.10232744783306581,0.12158908507223114,0.15208667736757625,0.17375601926163725,0.026484751203852328,0.04052969502407704,0.052969502407704656,0.0702247191011236,0.09309791332263243,0.11958266452648475,0.14526484751203853,0.17415730337078653,0.2158908507223114,0.25963081861958265,0.29213483146067415,0.33868378812199035,0.38242375601926165,0.42857142857142855,0.47431781701444625,,,,
loto_6_49,sum_affinity,100,True,80,2492,0.027345200011041015,geometric-sum,0.7512038523274478,4,0.002407704654895666,0.022070626003210272,6,95.8,95.8,19.37,0.0,0.0,0.0,1,False,,0.7512038523274478,0.8711878009630819,0.9851524879614767,1.1015248796147672,1.2267255216693418,1.3463081861958266,1.4650882825040128,1.5730337078651686,1.696629213483146,1.8206260032102728,1.952247191011236,2.0786516853932584,2.205056179775281,2.325040128410915,2.446227929373997,0.7512038523274478,0.8711878009630819,0.9875601926163724,1.112760834670947,1.2323434991974318,1.351123595505618,1.4747191011235956,1.5987158908507224,1.7303370786516854,1.8567415730337078,1.9831460674157304,2.104333868378812,2.225521669341894,2.359550561797753,2.487158908507223,0.002407704654895666,0.0028089887640449437,0.006420545746388443,0.009229534510433388,0.014446227929373997,0.02086677367576244,0.02608346709470305,0.03410914927768861,0.045746388443017656,0.059791332263242375,0.08146067415730338,0.10152487961476725,0.12720706260032102,0.15168539325842698,0.18057784911717495,0.022070626003210272,0.04012841091492777,0.05377207062600321,0.06902086677367576,0.09109149277688604,0.11797752808988764,0.1456661316211878,0.1725521669341894,0.2122792937399679,0.25642054574638845,0.30136436597110755,0.336677367576244,0.3828250401284109,0.42576243980738365,0.47030497592295345,,,,
loto_6_49,649_wilson_lb,10,False,2314,258,0.007829600013792515,math-649,0.7325581395348837,3,0.0,0.01937984496124031,4,0.0,0.0,19.37,0.0,0.0,0.0,1,False,,0.7325581395348837,0.8255813953488372,0.9224806201550387,1.0348837209302326,1.1744186046511629,1.310077519379845,1.445736434108527,1.5348837209302326,1.6395348837209303,1.755813953488372,1.9069767441860466,2.0193798449612403,2.1589147286821704,2.2674418604651163,2.364341085271318,0.7325581395348837,0.8255813953488372,0.9224806201550387,1.0348837209302326,1.1744186046511629,1.310077519379845,1.445736434108527,1.5348837209302326,1.6395348837209303,1.755813953488372,1.9069767441860466,2.0193798449612403,2.1589147286821704,2.2674418604651163,2.364341085271318,0.0,0.003875968992248062,0.003875968992248062,0.007751937984496124,0.011627906976744186,0.015503875968992248,0.015503875968992248,0.023255813953488372,0.04263565891472868,0.05426356589147287,0.08914728682170543,0.10077519379844961,0.13565891472868216,0.14728682170542637,0.16666666666666666,0.01937984496124031,0.031007751937984496,0.03875968992248062,0.05426356589147287,0.08527131782945736,0.10465116279069768,0.14728682170542637,0.18992248062015504,0.22868217054263565,0.26744186046511625,0.3062015503875969,0.3333333333333333,0.3953488372093023,0.43410852713178294,0.47674418604651164,,,,
loto_6_49,649_wilson_lb,10,True,2314,258,0.010332100006053224,math-649,0.7751937984496124,3,0.0,0.023255813953488372,10,0.0,0.0,19.39,0.0,0.0,0.0,1,False,,0.7751937984496124,0.9224806201550387,1.054263565891473,1.1705426356589148,1.2868217054263567,1.37984496124031,1.4844961240310077,1.5852713178294573,1.7286821705426356,1.875968992248062,1.9922480620155039,2.0697674418604652,2.244186046511628,2.39922480620155,2.5193798449612403,0.7751937984496124,0.9069767441860465,1.0232558139534884,1.1395348837209303,1.2325581395348837,1.3372093023255813,1.437984496124031,1.5813953488372092,1.7286821705426356,1.8449612403100775,1.9224806201550388,2.0968992248062017,2.251937984496124,2.372093023255814,2.5155038759689923,0.0,0.0,0.007751937984496124,0.007751937984496124,0.007751937984496124,0.011627906976744186,0.011627906976744186,0.031007751937984496,0.046511627906976744,0.07364341085271318,0.09689922480620156,0.11627906976744186,0.13953488372093023,0.1821705426356589,0.2131782945736434,0.023255813953488372,0.031007751937984496,0.050387596899224806,0.08139534883720931,0.10852713178294573,0.13178294573643412,0.17054263565891473,0.18992248062015504,0.2364341085271318,0.2713178294573643,0.29457364341085274,0.3178294573643411,0.39147286821705424,0.46124031007751937,0.5038759689922481,,,,
loto_6_49,649_wilson_lb,30,False,1800,772,0.01087940001161769,math-649,0.7694300518134715,3,0.0,0.018134715025906734,10,0.0,0.0,19.39,0.0,0.0,0.0,1,False,,0.7694300518134715,0.8886010362694301,0.9987046632124352,1.1062176165803108,1.2487046632124352,1.3730569948186528,1.5272020725388602,1.6398963730569949,1.7759067357512954,1.8743523316062176,1.9896373056994818,2.0971502590673574,2.2176165803108807,2.339378238341969,2.4559585492227978,0.7435233160621761,0.8536269430051814,0.961139896373057,1.1036269430051813,1.2279792746113989,1.3821243523316062,1.494818652849741,1.6308290155440415,1.7292746113989637,1.8367875647668395,1.9572538860103628,2.0790155440414506,2.1955958549222796,2.3095854922279795,2.444300518134715,0.0,0.0012953367875647669,0.0025906735751295338,0.0051813471502590676,0.009067357512953367,0.01683937823834197,0.025906735751295335,0.03756476683937824,0.05310880829015544,0.07124352331606218,0.08937823834196891,0.10362694300518134,0.133419689119171,0.16062176165803108,0.18911917098445596,0.018134715025906734,0.02849740932642487,0.046632124352331605,0.06735751295336788,0.10362694300518134,0.12823834196891193,0.16709844559585493,0.19818652849740934,0.23834196891191708,0.2694300518134715,0.31088082901554404,0.3484455958549223,0.3860103626943005,0.42487046632124353,0.47668393782383417,,,,
loto_6_49,649_wilson_lb,30,True,1800,772,0.015133500011870638,math-649,0.772020725388601,3,0.0,0.023316062176165803,6,0.0,0.0,19.39,0.0,0.0,0.0,1,False,,0.772020725388601,0.8976683937823834,1.0181347150259068,1.1632124352331605,1.2849740932642486,1.4119170984455958,1.5414507772020725,1.660621761658031,1.7797927461139897,1.895077720207254,2.0129533678756477,2.1541450777202074,2.27720207253886,2.3860103626943006,2.5038860103626943,0.772020725388601,0.8976683937823834,1.0427461139896372,1.1645077720207253,1.2914507772020725,1.4209844559585492,1.5401554404145077,1.6593264248704662,1.7746113989637307,1.8924870466321244,2.033678756476684,2.156735751295337,2.2655440414507773,2.3989637305699483,2.528497409326425,0.0,0.0012953367875647669,0.0012953367875647669,0.006476683937823834,0.012953367875647668,0.023316062176165803,0.03238341968911917,0.03626943005181347,0.050518134715025906,0.06606217616580311,0.08549222797927461,0.11010362694300518,0.13212435233160622,0.15155440414507773,0.19689119170984457,0.023316062176165803,0.042746113989637305,0.06347150259067358,0.09067357512953368,0.10492227979274611,0.13212435233160622,0.17098445595854922,0.20725388601036268,0.24093264248704663,0.27461139896373055,0.3121761658031088,0.36787564766839376,0.40932642487046633,0.45984455958549225,0.4896373056994819,,,,
loto_6_49,649_wilson_lb,60,False,1028,1544,0.022566600004211068,math-649,0.7247409326424871,3,0.0,0.014896373056994818,5,0.0,0.0,19.38,0.0,0.0,0.0,1,False,,0.7247409326424871,0.841321243523316,0.9682642487046632,1.0835492227979275,1.1962435233160622,1.325777202072539,1.444300518134715,1.572538860103627,1.694300518134715,1.836139896373057,1.9630829015544042,2.0835492227979273,2.198186528497409,2.324481865284974,2.4391191709844557,0.7247409326424871,0.841321243523316,0.9682642487046632,1.0835492227979275,1.1962435233160622,1.3147668393782384,1.4430051813471503,1.5647668393782384,1.7066062176165804,1.8335492227979275,1.9540155440414508,2.0686528497409324,2.194948186528497,2.3095854922279795,2.4164507772020727,0.0,0.0012953367875647669,0.003238341968911917,0.006476683937823834,0.009067357512953367,0.011010362694300517,0.018134715025906734,0.029145077720207253,0.044689119170984455,0.056347150259067356,0.07642487046632124,0.08808290155440414,0.10816062176165803,0.13082901554404144,0.15867875647668395,0.014896373056994818,0.027202072538860103,0.03626943005181347,0.054404145077720206,0.07577720207253887,0.10751295336787564,0.13730569948186527,0.1716321243523316,0.20660621761658032,0.25259067357512954,0.28886010362694303,0.33678756476683935,0.37370466321243523,0.4216321243523316,0.47603626943005184,,,,
loto_6_49,649_wilson_lb,60,True,1028,1544,0.021861899993382394,math-649,0.7474093264248705,3,0.0,0.015544041450777202,8,0.0,0.0,19.39,0.0,0.0,0.0,1,False,,0.7474093264248705,0.8795336787564767,1.0077720207253886,1.1347150259067358,1.2545336787564767,1.3808290155440415,1.5,1.613341968911917,1.7292746113989637,1.8490932642487046,1.9773316062176165,2.096502590673575,2.2189119170984455,2.3594559585492227,2.4870466321243523,0.7752590673575129,0.8950777202072538,1.0213730569948187,1.1405440414507773,1.2538860103626943,1.3737046632124352,1.5019430051813472,1.6211139896373057,1.7435233160621761,1.8840673575129534,2.011658031088083,2.1379533678756477,2.27720207253886,2.3996113989637307,2.5174870466321244,0.0,0.0006476683937823834,0.0025906735751295338,0.005829015544041451,0.011658031088082901,0.020077720207253884,0.02655440414507772,0.03950777202072539,0.05116580310880829,0.06476683937823834,0.08549222797927461,0.10492227979274611,0.12370466321243523,0.15025906735751296,0.18199481865284975,0.015544041450777202,0.034974093264248704,0.050518134715025906,0.07512953367875648,0.09585492227979274,0.12564766839378239,0.15997409326424872,0.18458549222797926,0.22020725388601037,0.25971502590673573,0.3011658031088083,0.344559585492228,0.38406735751295334,0.43523316062176165,0.48186528497409326,,,,
loto_6_49,649_wilson_lb,100,False,80,2492,0.02774610000778921,math-649,0.7122792937399679,4,0.0004012841091492777,0.018057784911717497,5,0.0,0.0,19.38,0.0,0.0,0.0,1,False,,0.7122792937399679,0.8527287319422151,0.9847512038523274,1.1067415730337078,1.2303370786516854,1.3515248796147672,1.4743178170144462,1.603932584269663,1.7271268057784912,1.8378812199036918,1.9582664526484752,2.082263242375602,2.2046548956661316,2.332263242375602,2.452648475120385,0.7122792937399679,0.8527287319422151,0.9847512038523274,1.1067415730337078,1.2303370786516854,1.3515248796147672,1.4743178170144462,1.603932584269663,1.7271268057784912,1.8475120385232744,1.9715088282504012,2.093900481540931,2.221508828250401,2.3334670947030496,2.451043338683788,0.0004012841091492777,0.0004012841091492777,0.001203852327447833,0.0036115569823434992,0.0072231139646869984,0.013242375601926164,0.02247191011235955,0.03210272873194221,0.0449438202247191,0.056581059390048156,0.07182985553772071,0.09510433386837881,0.1223916532905297,0.14606741573033707,0.17415730337078653,0.018057784911717497,0.034911717495987156,0.04975922953451043,0.06821829855537721,0.09189406099518459,0.11677367576243981,0.14285714285714285,0.1833868378812199,0.21910112359550563,0.25080256821829855,0.29373996789727125,0.33547351524879615,0.3828250401284109,0.43418940609951845,0.47953451043338685,,,,
loto_6_49,649_wilson_lb,100,True,80,2492,0.029441499995300546,math-649,0.7207062600321027,4,0.0008025682182985554,0.019662921348314606,6,0.0,0.0,19.38,0.0,0.0,0.0,1,False,,0.7207062600321027,0.8607544141252006,0.9727126805778491,1.0906902086677368,1.2102728731942216,1.3302568218298556,1.4642857142857142,1.583868378812199,1.7086677367576244,1.8274478330658106,1.9514446227929374,2.078250401284109,2.2046548956661316,2.332664526484751,2.451444622792937,0.7467897271268058,0.8587479935794543,0.9767255216693419,1.0963081861958266,1.2162921348314606,1.3503210272873194,1.4699036918138042,1.5947030497592296,1.7134831460674158,1.8374799357945426,1.9642857142857142,2.090690208667737,2.2186998394863564,2.3374799357945424,2.473916532905297,0.0008025682182985554,0.0016051364365971107,0.0036115569823434992,0.006019261637239166,0.011235955056179775,0.01886035313001605,0.024879614767255216,0.0377207062600321,0.04975922953451043,0.0702247191011236,0.08667736757624397,0.1043338683788122,0.12680577849117175,0.15168539325842698,0.18298555377207062,0.019662921348314606,0.03330658105939005,0.047752808988764044,0.06741573033707865,0.09069020866773676,0.12199036918138041,0.15609951845906903,0.18579454253611558,0.22512038523274477,0.25441412520064205,0.2965489566613162,0.3475120385232745,0.39446227929373995,0.43940609951845905,0.47431781701444625,,,,
loto_6_49,649_katz25_gap75_b,10,False,2314,258,0.019184500008122995,top649,0.6666666666666666,3,0.0,0.007751937984496124,4,100.0,100.0,19.38,0.0,0.0,0.0,1,False,,0.6666666666666666,0.7790697674418605,0.9069767441860465,1.054263565891473,1.2170542635658914,1.3643410852713178,1.4728682170542635,1.6085271317829457,1.7403100775193798,1.8604651162790697,1.9573643410852712,2.13953488372093,2.248062015503876,2.352713178294574,2.449612403100775,0.6666666666666666,0.7790697674418605,0.9069767441860465,1.054263565891473,1.2170542635658914,1.3643410852713178,1.4844961240310077,1.6666666666666667,1.7751937984496124,1.87984496124031,1.9767441860465116,2.0891472868217056,2.182170542635659,2.302325581395349,2.4263565891472867,0.0,0.0,0.0,0.0,0.007751937984496124,0.011627906976744186,0.01937984496124031,0.027131782945736434,0.031007751937984496,0.05426356589147287,0.06589147286821706,0.09302325581395349,0.10852713178294573,0.13565891472868216,0.15503875968992248,0.007751937984496124,0.015503875968992248,0.031007751937984496,0.050387596899224806,0.06589147286821706,0.12403100775193798,0.15503875968992248,0.2054263565891473,0.25193798449612403,0.2751937984496124,0.3023255813953488,0.35658914728682173,0.3992248062015504,0.42248062015503873,0.46511627906976744,,,,
loto_6_49,649_katz25_gap75_b,10,True,2314,258,0.017495100008090958,top649,0.7170542635658915,3,0.0,0.03488372093023256,10,90.6,90.6,19.38,0.0,0.0,0.0,1,False,,0.7170542635658915,0.8217054263565892,0.9418604651162791,1.062015503875969,1.2093023255813953,1.4069767441860466,1.550387596899225,1.7054263565891472,1.810077519379845,1.941860465116279,2.065891472868217,2.1589147286821704,2.251937984496124,2.3449612403100777,2.4728682170542635,0.810077519379845,0.9147286821705426,1.0465116279069768,1.1395348837209303,1.2674418604651163,1.3643410852713178,1.4573643410852712,1.5813953488372092,1.689922480620155,1.806201550387597,1.9224806201550388,2.0348837209302326,2.1666666666666665,2.2906976744186047,2.4069767441860463,0.0,0.0,0.011627906976744186,0.023255813953488372,0.027131782945736434,0.027131782945736434,0.04263565891472868,0.06589147286821706,0.07751937984496124,0.09302325581395349,0.1124031007751938,0.12790697674418605,0.13953488372093023,0.14728682170542637,0.18604651162790697,0.03488372093023256,0.046511627906976744,0.05813953488372093,0.06589147286821706,0.08914728682170543,0.14728682170542637,0.17054263565891473,0.19767441860465115,0.2248062015503876,0.27906976744186046,0.32558139534883723,0.35658914728682173,0.3875968992248062,0.43410852713178294,0.4573643410852713,,,,
loto_6_49,649_katz25_gap75_b,30,False,1800,772,0.019181699986802414,top649,0.7422279792746114,3,0.0,0.019430051813471502,10,0.0,0.0,19.38,0.0,0.0,0.0,1,False,,0.7422279792746114,0.8549222797927462,0.9766839378238342,1.0984455958549222,1.211139896373057,1.3562176165803108,1.4961139896373057,1.6152849740932642,1.733160621761658,1.8484455958549222,1.9844559585492227,2.093264248704663,2.1968911917098444,2.3186528497409324,2.4365284974093266,0.7487046632124352,0.866580310880829,1.0025906735751295,1.1243523316062176,1.2422279792746114,1.3756476683937824,1.5103626943005182,1.6152849740932642,1.7318652849740932,1.8562176165803108,1.988341968911917,2.115284974093264,2.2409326424870466,2.376943005181347,2.5194300518134716,0.0,0.0012953367875647669,0.006476683937823834,0.010362694300518135,0.014248704663212436,0.022020725388601035,0.02849740932642487,0.03626943005181347,0.04145077720207254,0.05310880829015544,0.07253886010362694,0.10103626943005181,0.12305699481865284,0.14637305699481865,0.16968911917098445,0.019430051813471502,0.031088082901554404,0.04145077720207254,0.05958549222797927,0.08160621761658031,0.11917098445595854,0.1489637305699482,0.18652849740932642,0.22409326424870465,0.2603626943005181,0.31865284974093266,0.3484455958549223,0.37823834196891193,0.4339378238341969,0.47538860103626945,,,,
loto_6_49,649_katz25_gap75_b,30,True,1800,772,0.021842800022568554,top649,0.7189119170984456,3,0.0,0.014248704663212436,6,0.0,0.0,19.38,0.0,0.0,0.0,1,False,,0.7189119170984456,0.8264248704663213,0.9533678756476683,1.0790155440414508,1.182642487046632,1.299222797927461,1.4196891191709844,1.5349740932642486,1.6645077720207253,1.7797927461139897,1.8976683937823835,2.0259067357512954,2.1593264248704664,2.2810880829015545,2.3989637305699483,0.7292746113989638,0.8549222797927462,0.9715025906735751,1.1010362694300517,1.2163212435233162,1.3445595854922279,1.4779792746113989,1.599740932642487,1.717616580310881,1.8367875647668395,1.955958549222798,2.0803108808290154,2.1865284974093266,2.319948186528497,2.4326424870466323,0.0,0.0,0.0,0.0051813471502590676,0.009067357512953367,0.012953367875647668,0.02072538860103627,0.027202072538860103,0.03756476683937824,0.046632124352331605,0.06994818652849741,0.08678756476683938,0.10751295336787564,0.12694300518134716,0.15284974093264247,0.014248704663212436,0.027202072538860103,0.04145077720207254,0.07253886010362694,0.08678756476683938,0.10880829015544041,0.12953367875647667,0.15414507772020725,0.19300518134715025,0.22409326424870465,0.2616580310880829,0.30569948186528495,0.3588082901554404,0.4067357512953368,0.45466321243523317,,,,
loto_6_49,649_katz25_gap75_b,60,False,1028,1544,0.026005799998529255,top649,0.7571243523316062,3,0.0,0.018134715025906734,5,0.0,0.0,19.38,0.0,0.0,0.0,1,False,,0.7571243523316062,0.8795336787564767,0.9941709844559585,1.096502590673575,1.2117875647668395,1.319300518134715,1.4604922279792747,1.5900259067357514,1.7150259067357514,1.8458549222797926,1.9585492227979275,2.0705958549222796,2.183937823834197,2.303756476683938,2.4455958549222796,0.7176165803108808,0.832901554404145,0.9404145077720207,1.0816062176165804,1.2066062176165804,1.3374352331606219,1.4494818652849741,1.5628238341968912,1.682642487046632,1.8244818652849741,1.9365284974093264,2.060233160621762,2.1774611398963732,2.292098445595855,2.415155440414508,0.0,0.0019430051813471502,0.0038860103626943004,0.006476683937823834,0.011010362694300517,0.015544041450777202,0.023963730569948185,0.03626943005181347,0.04792746113989637,0.06088082901554404,0.07642487046632124,0.09909326424870467,0.11981865284974093,0.14248704663212436,0.1716321243523316,0.018134715025906734,0.03756476683937824,0.05375647668393782,0.06930051813471502,0.08678756476683938,0.11269430051813471,0.15155440414507773,0.1800518134715026,0.2189119170984456,0.25971502590673573,0.2966321243523316,0.33678756476683935,0.37759067357512954,0.4177461139896373,0.46632124352331605,,,,
loto_6_49,649_katz25_gap75_b,60,True,1028,1544,0.026365600002463907,top649,0.7338082901554405,4,0.0012953367875647669,0.01683937823834197,8,0.0,0.0,19.39,0.0,0.0,0.0,1,False,,0.7338082901554405,0.8374352331606217,0.9637305699481865,1.086139896373057,1.2227979274611398,1.3510362694300517,1.4734455958549222,1.599740932642487,1.7266839378238341,1.8439119170984455,1.95919689119171,2.0990932642487046,2.2409326424870466,2.3672279792746114,2.4825129533678756,0.7260362694300518,0.8542746113989638,0.9766839378238342,1.1029792746113989,1.2428756476683938,1.3847150259067358,1.5110103626943006,1.6256476683937824,1.7376943005181347,1.8516839378238341,1.964378238341969,2.099740932642487,2.219559585492228,2.338082901554404,2.4572538860103625,0.0012953367875647669,0.0012953367875647669,0.0025906735751295338,0.006476683937823834,0.009067357512953367,0.020077720207253884,0.02655440414507772,0.033031088082901554,0.04598445595854922,0.05893782383419689,0.07772020725388601,0.09844559585492228,0.1211139896373057,0.15155440414507773,0.17616580310880828,0.01683937823834197,0.02655440414507772,0.042746113989637305,0.05893782383419689,0.08743523316062177,0.11269430051813471,0.14248704663212436,0.17616580310880828,0.21373056994818654,0.26295336787564766,0.29468911917098445,0.3432642487046632,0.4060880829015544,0.4520725388601036,0.4948186528497409,,,,
loto_6_49,649_katz25_gap75_b,100,False,80,2492,0.03350540000246838,top649,0.7375601926163724,4,0.0020064205457463883,0.02247191011235955,5,0.0,0.0,19.39,0.0,0.0,0.0,1,False,,0.7375601926163724,0.8575441412520064,0.9755216693418941,1.0995184590690208,1.2251203852327448,1.3370786516853932,1.4574638844301766,1.5778491171749598,1.6845906902086678,1.8138041733547352,1.942215088282504,2.061797752808989,2.1697431781701444,2.2865168539325844,2.411717495987159,0.7467897271268058,0.8647672552166934,0.9887640449438202,1.1143659711075442,1.2263242375601926,1.346709470304976,1.4534510433386838,1.5826645264847512,1.71107544141252,1.8306581059390048,1.9386035313001606,2.058186195826645,2.1809791332263244,2.298555377207063,2.4390048154093096,0.0020064205457463883,0.0036115569823434992,0.00521669341894061,0.008426966292134831,0.012439807383627608,0.018057784911717497,0.028491171749598716,0.04012841091492777,0.052969502407704656,0.06781701444622792,0.08507223113964688,0.10152487961476725,0.12319422150882825,0.14686998394863562,0.17415730337078653,0.02247191011235955,0.03290529695024077,0.044542536115569825,0.06340288924558588,0.08948635634028893,0.11195826645264847,0.14646869983948635,0.1833868378812199,0.20947030497592295,0.2463884430176565,0.28491171749598715,0.32985553772070625,0.3667736757624398,0.4097110754414125,0.45585874799357945,,,,
loto_6_49,649_katz25_gap75_b,100,True,80,2492,0.03224739999859594,top649,0.7219101123595506,4,0.0004012841091492777,0.016051364365971106,6,87.1,87.1,19.39,0.0,0.0,0.0,1,False,,0.7219101123595506,0.848314606741573,0.9827447833065811,1.0906902086677368,1.21669341894061,1.3567415730337078,1.4835473515248796,1.6143659711075442,1.728330658105939,1.8418940609951846,1.9618780096308186,2.0858747993579456,2.2223113964687,2.3302568218298556,2.441813804173355,0.7343499197431782,0.8743980738362761,1.0012038523274478,1.1320224719101124,1.245585874799358,1.3695826645264848,1.5060192616372392,1.6139646869983948,1.725521669341894,1.8418940609951846,1.96669341894061,2.087881219903692,2.215489566613162,2.335072231139647,2.453852327447833,0.0004012841091492777,0.0016051364365971107,0.0036115569823434992,0.0072231139646869984,0.01043338683788122,0.01886035313001605,0.027287319422150885,0.038523274478330656,0.049357945425361156,0.06581059390048154,0.08386837881219904,0.1043338683788122,0.13041733547351525,0.15369181380417335,0.17576243980738362,0.016051364365971106,0.027287319422150885,0.044141252006420544,0.0630016051364366,0.0898876404494382,0.11998394863563402,0.15529695024077048,0.19020866773675763,0.22592295345104335,0.25842696629213485,0.29414125200642055,0.34109149277688605,0.3832263242375602,0.42174959871589085,0.46348314606741575,,,,
loto_6_49,649_decade_hot,10,False,2314,258,0.00357659999281168,math-649,0.7170542635658915,3,0.0,0.011627906976744186,4,93.8,93.8,19.4,0.0,0.0,0.0,1,False,,0.7170542635658915,0.8217054263565892,0.9263565891472868,1.073643410852713,1.178294573643411,1.317829457364341,1.5,1.6627906976744187,1.7984496124031009,1.949612403100775,2.0813953488372094,2.2131782945736433,2.306201550387597,2.441860465116279,2.5348837209302326,0.7248062015503876,0.8294573643410853,0.9767441860465116,1.0813953488372092,1.2209302325581395,1.4031007751937985,1.565891472868217,1.7015503875968991,1.8527131782945736,1.9844961240310077,2.116279069767442,2.2093023255813953,2.3449612403100777,2.437984496124031,2.554263565891473,0.0,0.0,0.007751937984496124,0.007751937984496124,0.015503875968992248,0.01937984496124031,0.023255813953488372,0.04263565891472868,0.050387596899224806,0.06589147286821706,0.09302325581395349,0.11627906976744186,0.13953488372093023,0.1821705426356589,0.2054263565891473,0.011627906976744186,0.027131782945736434,0.04263565891472868,0.05813953488372093,0.06589147286821706,0.10077519379844961,0.16279069767441862,0.20930232558139536,0.25193798449612403,0.31007751937984496,0.3449612403100775,0.39147286821705424,0.4263565891472868,0.4728682170542636,0.5038759689922481,,,,
loto_6_49,649_decade_hot,10,True,2314,258,0.004062399995746091,math-649,0.6472868217054264,3,0.0,0.007751937984496124,10,0.0,0.0,19.4,0.0,0.0,0.0,1,False,,0.6472868217054264,0.751937984496124,0.8372093023255814,0.9689922480620154,1.0775193798449612,1.193798449612403,1.2984496124031009,1.4573643410852712,1.5813953488372092,1.689922480620155,1.806201550387597,1.926356589147287,2.054263565891473,2.1511627906976742,2.251937984496124,0.6472868217054264,0.751937984496124,0.8372093023255814,0.9689922480620154,1.0775193798449612,1.193798449612403,1.2984496124031009,1.4573643410852712,1.5813953488372092,1.689922480620155,1.806201550387597,1.934108527131783,2.0310077519379846,2.131782945736434,2.251937984496124,0.0,0.0,0.0,0.0,0.003875968992248062,0.007751937984496124,0.007751937984496124,0.027131782945736434,0.03875968992248062,0.050387596899224806,0.05426356589147287,0.06589147286821706,0.08527131782945736,0.10852713178294573,0.13178294573643412,0.007751937984496124,0.015503875968992248,0.027131782945736434,0.05426356589147287,0.07364341085271318,0.08527131782945736,0.11627906976744186,0.15503875968992248,0.18992248062015504,0.20930232558139536,0.2558139534883721,0.29069767441860467,0.32945736434108525,0.35658914728682173,0.3875968992248062,,,,
loto_6_49,649_decade_hot,30,False,1800,772,0.007496699981857091,math-649,0.7642487046632125,4,0.0012953367875647669,0.02461139896373057,10,0.0,0.0,19.4,0.0,0.0,0.0,1,False,,0.7642487046632125,0.8911917098445595,1.016839378238342,1.1191709844559585,1.238341968911917,1.378238341968912,1.4935233160621761,1.6256476683937824,1.7538860103626943,1.9080310880829014,2.0531088082901556,2.185233160621762,2.3031088082901556,2.422279792746114,2.5427461139896375,0.7875647668393783,0.9132124352331606,1.0155440414507773,1.1308290155440415,1.2629533678756477,1.3911917098445596,1.5453367875647668,1.677461139896373,1.7953367875647668,1.9145077720207253,2.034974093264249,2.180051813471503,2.3251295336787563,2.454663212435233,2.5531088082901556,0.0012953367875647669,0.0025906735751295338,0.006476683937823834,0.010362694300518135,0.012953367875647668,0.022020725388601035,0.02849740932642487,0.04533678756476684,0.05569948186528497,0.06994818652849741,0.09196891191709844,0.11658031088082901,0.13860103626943004,0.1645077720207254,0.19689119170984457,0.02461139896373057,0.03626943005181347,0.05569948186528497,0.07124352331606218,0.09455958549222798,0.13471502590673576,0.1645077720207254,0.19689119170984457,0.23186528497409326,0.28756476683937826,0.327720207253886,0.3756476683937824,0.4183937823834197,0.46243523316062174,0.5077720207253886,,,,
loto_6_49,649_decade_hot,30,True,1800,772,0.010382299980847165,math-649,0.7474093264248705,4,0.0025906735751295338,0.02849740932642487,6,0.0,0.0,19.4,0.0,0.0,0.0,1,False,,0.7474093264248705,0.8730569948186528,0.9935233160621761,1.1204663212435233,1.2292746113989637,1.3536269430051813,1.4585492227979275,1.5919689119170986,1.7137305699481866,1.8354922279792747,1.9727979274611398,2.116580310880829,2.2577720207253886,2.3639896373056994,2.488341968911917,0.7474093264248705,0.8730569948186528,1.0,1.1088082901554404,1.233160621761658,1.3380829015544042,1.471502590673575,1.5932642487046633,1.7150259067357514,1.8523316062176165,1.9961139896373057,2.1373056994818653,2.243523316062176,2.3678756476683938,2.4974093264248705,0.0025906735751295338,0.007772020725388601,0.014248704663212436,0.019430051813471502,0.02461139896373057,0.029792746113989636,0.03756476683937824,0.050518134715025906,0.05958549222797927,0.06865284974093264,0.08937823834196891,0.11917098445595854,0.15025906735751296,0.17746113989637305,0.20207253886010362,0.02849740932642487,0.04015544041450777,0.05958549222797927,0.08160621761658031,0.10751295336787564,0.13601036269430053,0.15803108808290156,0.20077720207253885,0.23316062176165803,0.27979274611398963,0.3160621761658031,0.3588082901554404,0.4106217616580311,0.44041450777202074,0.4805699481865285,,,,
loto_6_49,649_decade_hot,60,False,1028,1544,0.019987800013041124,math-649,0.741580310880829,4,0.0019430051813471502,0.02655440414507772,5,0.0,0.0,19.4,0.0,0.0,0.0,1,False,,0.741580310880829,0.8613989637305699,0.9760362694300518,1.1029792746113989,1.217616580310881,1.3419689119170986,1.4727979274611398,1.5900259067357514,1.7072538860103628,1.8367875647668395,1.947538860103627,2.062176165803109,2.178756476683938,2.3082901554404147,2.4158031088082903,0.741580310880829,0.8613989637305699,0.9760362694300518,1.1029792746113989,1.217616580310881,1.3419689119170986,1.45919689119171,1.5764248704663213,1.705958549222798,1.8167098445595855,1.9313471502590673,2.0479274611398965,2.1774611398963732,2.284974093264249,2.4158031088082903,0.0019430051813471502,0.0038860103626943004,0.007772020725388601,0.011010362694300517,0.018134715025906734,0.023963730569948185,0.031088082901554404,0.03950777202072539,0.05116580310880829,0.06606217616580311,0.08160621761658031,0.09650259067357513,0.11917098445595854,0.1489637305699482,0.17875647668393782,0.02655440414507772,0.03821243523316062,0.05375647668393782,0.0744818652849741,0.0977979274611399,0.12305699481865284,0.15025906735751296,0.17681347150259066,0.20854922279792745,0.24287564766839378,0.28432642487046633,0.33484455958549225,0.38212435233160624,0.43005181347150256,0.469559585492228,,,,
loto_6_49,649_decade_hot,60,True,1028,1544,0.016128200019011274,math-649,0.7454663212435233,4,0.0019430051813471502,0.021373056994818652,8,0.0,0.0,19.4,0.0,0.0,0.0,1,False,,0.7454663212435233,0.8711139896373057,1.0110103626943006,1.1237046632124352,1.2389896373056994,1.358160621761658,1.4792746113989637,1.6055699481865284,1.7325129533678756,1.8601036269430051,1.979922279792746,2.1010362694300517,2.219559585492228,2.34779792746114,2.465025906735751,0.7454663212435233,0.8711139896373057,1.0110103626943006,1.1237046632124352,1.2428756476683938,1.3691709844559585,1.496761658031088,1.616580310880829,1.7376943005181347,1.8562176165803108,1.9844559585492227,2.101683937823834,2.2325129533678756,2.3588082901554404,2.4721502590673574,0.0019430051813471502,0.0038860103626943004,0.007772020725388601,0.011658031088082901,0.015544041450777202,0.02072538860103627,0.025906735751295335,0.034974093264248704,0.050518134715025906,0.06994818652849741,0.086139896373057,0.10297927461139897,0.13018134715025906,0.1567357512953368,0.1878238341968912,0.021373056994818652,0.034974093264248704,0.05764248704663212,0.07577720207253887,0.09650259067357513,0.12240932642487047,0.14961139896373057,0.18523316062176165,0.22150259067357514,0.2655440414507772,0.30634715025906734,0.3536269430051813,0.3950777202072539,0.43976683937823835,0.47474093264248707,,,,
loto_6_49,649_decade_hot,100,False,80,2492,0.027862599992658943,math-649,0.7447833065810594,4,0.002407704654895666,0.024077046548956663,5,0.0,0.0,19.4,0.0,0.0,0.0,1,False,,0.7447833065810594,0.8643659711075441,0.992776886035313,1.1223916532905296,1.2363563402889246,1.3430979133226324,1.4650882825040128,1.5758426966292134,1.699438202247191,1.8198234349919744,1.9410112359550562,2.063804173354735,2.1757624398073836,2.296147672552167,2.4101123595505616,0.7447833065810594,0.8643659711075441,0.992776886035313,1.1223916532905296,1.2363563402889246,1.3430979133226324,1.4650882825040128,1.5886837881219904,1.7098715890850722,1.8326645264847512,1.9446227929373996,2.065008025682183,2.178972712680578,2.302969502407705,2.4209470304975924,0.002407704654895666,0.0040128410914927765,0.0072231139646869984,0.009630818619582664,0.016853932584269662,0.02126805778491172,0.02969502407704655,0.03812199036918138,0.047752808988764044,0.06139646869983949,0.07945425361155699,0.0934991974317817,0.11476725521669343,0.14285714285714285,0.16653290529695025,0.024077046548956663,0.036115569823434994,0.0521669341894061,0.0754414125200642,0.09751203852327447,0.11717495987158909,0.14325842696629212,0.17696629213483145,0.21308186195826645,0.24879614767255218,0.28651685393258425,0.329454253611557,0.3683788121990369,0.4121187800963082,0.45746388443017655,,,,
loto_6_49,649_decade_hot,100,True,80,2492,0.028102599986596033,math-649,0.7423756019261637,4,0.0016051364365971107,0.020465489566613163,6,0.0,0.0,19.4,0.0,0.0,0.0,1,False,,0.7423756019261637,0.8643659711075441,0.9951845906902087,1.1071428571428572,1.221107544141252,1.3459069020866774,1.473916532905297,1.5926966292134832,1.7186998394863564,1.8551364365971108,1.9951845906902086,2.129614767255217,2.2491974317817016,2.3776083467094704,2.495585874799358,0.7423756019261637,0.8643659711075441,0.9951845906902087,1.1071428571428572,1.2319422150882826,1.359951845906902,1.4787319422150882,1.6151685393258426,1.7552166934189406,1.8747993579454254,2.0032102728731944,2.121187800963082,2.2291332263242376,2.3519261637239164,2.4634831460674156,0.0016051364365971107,0.0036115569823434992,0.0072231139646869984,0.01043338683788122,0.014446227929373997,0.021669341894060994,0.028089887640449437,0.0377207062600321,0.049357945425361156,0.06460674157303371,0.08587479935794542,0.11075441412520064,0.1348314606741573,0.16091492776886035,0.18860353130016053,0.020465489566613163,0.03330658105939005,0.05176565008025682,0.06982343499197431,0.09189406099518459,0.12038523274478331,0.14807383627608348,0.18017656500802567,0.2174959871589085,0.2612359550561798,0.30858747993579455,0.3523274478330658,0.3940609951845907,0.44341894060995185,0.48796147672552165,,,,
loto_6_49,nmf_cooc,10,False,2314,258,1.8008955999976024,math-nmf,0.7209302325581395,3,0.0,0.01937984496124031,4,99.1,77.5,20.39,0.0,0.0,0.0,1,False,,0.7209302325581395,0.8488372093023255,1.003875968992248,1.1511627906976745,1.248062015503876,1.3449612403100775,1.437984496124031,1.558139534883721,1.7209302325581395,1.810077519379845,1.945736434108527,2.0697674418604652,2.1782945736434107,2.317829457364341,2.449612403100775,0.7209302325581395,0.8488372093023255,1.003875968992248,1.1511627906976745,1.248062015503876,1.3449612403100775,1.437984496124031,1.558139534883721,1.7209302325581395,1.810077519379845,1.945736434108527,2.0697674418604652,2.1782945736434107,2.317829457364341,2.449612403100775,0.0,0.0,0.0,0.011627906976744186,0.015503875968992248,0.023255813953488372,0.027131782945736434,0.046511627906976744,0.07364341085271318,0.08527131782945736,0.10077519379844961,0.10852713178294573,0.13565891472868216,0.17054263565891473,0.1937984496124031,0.01937984496124031,0.03488372093023256,0.05813953488372093,0.07364341085271318,0.09302325581395349,0.1124031007751938,0.13565891472868216,0.16666666666666666,0.2364341085271318,0.26744186046511625,0.3023255813953488,0.3372093023255814,0.3798449612403101,0.43410852713178294,0.49224806201550386,,,,
loto_6_49,nmf_cooc,10,True,2314,258,1.8097221999778412,math-nmf,0.748062015503876,4,0.003875968992248062,0.027131782945736434,10,99.1,77.4,20.4,0.0,0.0,0.0,1,False,,0.748062015503876,0.8682170542635659,0.9612403100775194,1.0775193798449612,1.2054263565891472,1.3255813953488371,1.4689922480620154,1.573643410852713,1.7286821705426356,1.8410852713178294,1.9612403100775193,2.0387596899224807,2.147286821705426,2.2713178294573644,2.364341085271318,0.7209302325581395,0.8410852713178295,0.9844961240310077,1.0891472868217054,1.244186046511628,1.3565891472868217,1.4767441860465116,1.554263565891473,1.6627906976744187,1.7868217054263567,1.87984496124031,1.9883720930232558,2.124031007751938,2.2790697674418605,2.4031007751937983,0.003875968992248062,0.007751937984496124,0.007751937984496124,0.015503875968992248,0.01937984496124031,0.027131782945736434,0.04263565891472868,0.050387596899224806,0.06976744186046512,0.08527131782945736,0.10465116279069768,0.12403100775193798,0.13565891472868216,0.16279069767441862,0.17829457364341086,0.027131782945736434,0.03488372093023256,0.050387596899224806,0.06589147286821706,0.08914728682170543,0.11627906976744186,0.15891472868217055,0.17829457364341086,0.2131782945736434,0.26356589147286824,0.32170542635658916,0.3449612403100775,0.375968992248062,0.4186046511627907,0.45348837209302323,,,,
loto_6_49,nmf_cooc,30,False,1800,772,1.822154599998612,math-nmf,0.7772020725388601,4,0.0012953367875647669,0.027202072538860103,10,99.1,77.6,20.4,0.0,0.0,0.0,1,False,,0.7772020725388601,0.8976683937823834,1.0129533678756477,1.1321243523316062,1.2305699481865284,1.349740932642487,1.4844559585492227,1.6023316062176165,1.744818652849741,1.8898963730569949,1.988341968911917,2.1010362694300517,2.22279792746114,2.339378238341969,2.4753886010362693,0.7474093264248705,0.866580310880829,0.9650259067357513,1.099740932642487,1.217616580310881,1.3601036269430051,1.505181347150259,1.6036269430051813,1.7163212435233162,1.8380829015544042,1.9546632124352332,2.0906735751295336,2.19300518134715,2.3031088082901556,2.4572538860103625,0.0012953367875647669,0.0051813471502590676,0.006476683937823834,0.007772020725388601,0.010362694300518135,0.015544041450777202,0.022020725388601035,0.029792746113989636,0.046632124352331605,0.06088082901554404,0.08290155440414508,0.09844559585492228,0.12694300518134716,0.15025906735751296,0.1955958549222798,0.027202072538860103,0.04015544041450777,0.05699481865284974,0.07253886010362694,0.08031088082901554,0.10362694300518134,0.14507772020725387,0.17746113989637305,0.22409326424870465,0.2772020725388601,0.30958549222797926,0.3536269430051813,0.3860103626943005,0.4326424870466321,0.47150259067357514,,,,
loto_6_49,nmf_cooc,30,True,1800,772,1.8154240000003483,math-nmf,0.8031088082901554,4,0.0038860103626943004,0.02461139896373057,6,99.1,77.6,20.4,0.0,0.0,0.0,1,False,,0.8031088082901554,0.9326424870466321,1.0595854922279793,1.1930051813471503,1.3264248704663213,1.4598445595854923,1.604922279792746,1.7305699481865284,1.8458549222797926,1.9546632124352332,2.08160621761658,2.1826424870466323,2.284974093264249,2.389896373056995,2.5310880829015545,0.8031088082901554,0.9326424870466321,1.0595854922279793,1.1930051813471503,1.3264248704663213,1.4598445595854923,1.604922279792746,1.7305699481865284,1.8458549222797926,1.9546632124352332,2.08160621761658,2.1826424870466323,2.284974093264249,2.389896373056995,2.5310880829015545,0.0038860103626943004,0.0038860103626943004,0.010362694300518135,0.014248704663212436,0.019430051813471502,0.03367875647668394,0.042746113989637305,0.05181347150259067,0.06994818652849741,0.08290155440414508,0.10103626943005181,0.12046632124352331,0.1411917098445596,0.15932642487046633,0.19689119170984457,0.02461139896373057,0.042746113989637305,0.07124352331606218,0.09196891191709844,0.11139896373056994,0.14766839378238342,0.18393782383419688,0.22538860103626943,0.2551813471502591,0.2849740932642487,0.3238341968911917,0.36139896373056996,0.39896373056994816,0.43523316062176165,0.48704663212435234,,,,
loto_6_49,nmf_cooc,60,False,1028,1544,1.88612650000141,math-nmf,0.7642487046632125,4,0.0006476683937823834,0.025906735751295335,5,99.2,77.2,20.41,0.0,0.0,0.0,1,False,,0.7642487046632125,0.8911917098445595,1.0181347150259068,1.1327720207253886,1.2746113989637307,1.3898963730569949,1.5194300518134716,1.630181347150259,1.744818652849741,1.8516839378238341,1.9689119170984455,2.099740932642487,2.223445595854922,2.368523316062176,2.489637305699482,0.7655440414507773,0.8924870466321243,1.0071243523316062,1.1489637305699483,1.2642487046632125,1.3937823834196892,1.5045336787564767,1.6191709844559585,1.7260362694300517,1.8432642487046633,1.9669689119170986,2.1120466321243523,2.233160621761658,2.3503886010362693,2.4624352331606216,0.0006476683937823834,0.0038860103626943004,0.007772020725388601,0.011010362694300517,0.015544041450777202,0.02266839378238342,0.029792746113989636,0.042746113989637305,0.05699481865284974,0.06800518134715026,0.08678756476683938,0.11139896373056994,0.13536269430051814,0.16515544041450778,0.19170984455958548,0.025906735751295335,0.03756476683937824,0.05569948186528497,0.0705958549222798,0.0977979274611399,0.13147668393782383,0.16774611398963732,0.1955958549222798,0.23056994818652848,0.26813471502590674,0.30505181347150256,0.344559585492228,0.39378238341968913,0.44430051813471505,0.49417098445595853,,,,
loto_6_49,nmf_cooc,60,True,1028,1544,1.8170657999871764,math-nmf,0.7331606217616581,4,0.0025906735751295338,0.019430051813471502,8,99.1,77.4,20.4,0.0,0.0,0.0,1,False,,0.7331606217616581,0.8607512953367875,0.9831606217616581,1.1062176165803108,1.2454663212435233,1.3575129533678756,1.4773316062176165,1.6172279792746114,1.7493523316062176,1.8756476683937824,2.0174870466321244,2.1444300518134716,2.2441709844559585,2.3626943005181347,2.4753886010362693,0.7435233160621761,0.8659326424870466,0.9889896373056994,1.128238341968912,1.2402849740932642,1.3601036269430051,1.5,1.6321243523316062,1.758419689119171,1.900259067357513,2.0,2.118523316062176,2.231217616580311,2.3620466321243523,2.483160621761658,0.0025906735751295338,0.0025906735751295338,0.006476683937823834,0.009067357512953367,0.014896373056994818,0.02072538860103627,0.02849740932642487,0.044689119170984455,0.06088082901554404,0.07966321243523317,0.10038860103626943,0.12176165803108809,0.13989637305699482,0.16580310880829016,0.19235751295336787,0.019430051813471502,0.034974093264248704,0.05116580310880829,0.07124352331606218,0.1016839378238342,0.12694300518134716,0.15349740932642486,0.1955958549222798,0.23639896373056996,0.27396373056994816,0.31541450777202074,0.36204663212435234,0.3957253886010363,0.4339378238341969,0.4676165803108808,,,,
loto_6_49,nmf_cooc,100,False,80,2492,1.8276908000116237,math-nmf,0.7600321027287319,3,0.0,0.021669341894060994,5,99.1,76.9,20.39,0.0,0.0,0.0,1,False,,0.7600321027287319,0.8667736757624398,0.9903691813804173,1.108346709470305,1.2315409309791332,1.36115569823435,1.4839486356340288,1.6059390048154094,1.7299357945425362,1.8575441412520064,1.9787319422150882,2.089486356340289,2.216292134831461,2.339486356340289,2.461878009630819,0.7600321027287319,0.8667736757624398,0.9903691813804173,1.108346709470305,1.2315409309791332,1.36115569823435,1.4839486356340288,1.6059390048154094,1.7299357945425362,1.8575441412520064,1.9787319422150882,2.10553772070626,2.2287319422150884,2.351123595505618,2.480337078651685,0.0,0.0,0.0020064205457463883,0.0036115569823434992,0.010032102728731942,0.016051364365971106,0.023274478330658106,0.033707865168539325,0.047752808988764044,0.060995184590690206,0.07584269662921349,0.09028892455858747,0.1115569823434992,0.1404494382022472,0.17495987158908508,0.021669341894060994,0.03170144462279294,0.048154093097913325,0.07062600321027288,0.09269662921348315,0.12640449438202248,0.15409309791332262,0.1853932584269663,0.22552166934189405,0.2664526484751204,0.30698234349919745,0.34470304975922955,0.38603531300160515,0.43097913322632425,0.47231139646869985,,,,
loto_6_49,nmf_cooc,100,True,80,2492,1.808252499991795,math-nmf,0.7395666131621188,3,0.0,0.016853932584269662,6,99.2,77.1,20.41,0.0,0.0,0.0,1,False,,0.7395666131621188,0.8591492776886035,0.9803370786516854,1.0922953451043338,1.2102728731942216,1.3350722311396468,1.4691011235955056,1.5878812199036918,1.7074638844301766,1.8274478330658106,1.953852327447833,2.0902889245585876,2.2090690208667736,2.3330658105939004,2.4598715890850724,0.7451845906902087,0.8663723916532905,0.978330658105939,1.0963081861958266,1.221107544141252,1.3551364365971108,1.473916532905297,1.5934991974317818,1.7134831460674158,1.8398876404494382,1.9763242375601926,2.095104333868379,2.2191011235955056,2.345906902086677,2.473916532905297,0.0,0.0016051364365971107,0.0036115569823434992,0.0072231139646869984,0.011235955056179775,0.016452648475120384,0.02247191011235955,0.034911717495987156,0.04975922953451043,0.0702247191011236,0.08747993579454254,0.1079454253611557,0.13764044943820225,0.1617174959871589,0.18579454253611558,0.016853932584269662,0.02969502407704655,0.04975922953451043,0.06701444622792938,0.09069020866773676,0.12078651685393259,0.15529695024077048,0.18739967897271267,0.22030497592295345,0.25441412520064205,0.29775280898876405,0.3471107544141252,0.38603531300160515,0.42937399678972715,0.4859550561797753,,,,
loto_6_49,649_mod7_hot,10,False,2314,258,0.009422499977517873,math-649,0.7403100775193798,4,0.003875968992248062,0.023255813953488372,4,100.0,100.0,20.41,0.0,0.0,0.0,1,False,,0.7403100775193798,0.8875968992248062,0.9922480620155039,1.1007751937984496,1.248062015503876,1.3604651162790697,1.5,1.6627906976744187,1.7984496124031009,1.949612403100775,2.0426356589147288,2.1589147286821704,2.2713178294573644,2.4031007751937983,2.511627906976744,0.7635658914728682,0.872093023255814,1.0193798449612403,1.1317829457364341,1.2713178294573644,1.434108527131783,1.569767441860465,1.7209302325581395,1.813953488372093,1.930232558139535,2.0426356589147288,2.1744186046511627,2.2713178294573644,2.36046511627907,2.4806201550387597,0.003875968992248062,0.003875968992248062,0.003875968992248062,0.007751937984496124,0.011627906976744186,0.011627906976744186,0.023255813953488372,0.03488372093023256,0.05426356589147287,0.06589147286821706,0.09302325581395349,0.1124031007751938,0.1434108527131783,0.15891472868217055,0.18992248062015504,0.023255813953488372,0.03875968992248062,0.046511627906976744,0.06201550387596899,0.08139534883720931,0.1124031007751938,0.14728682170542637,0.21705426356589147,0.2441860465116279,0.29457364341085274,0.32945736434108525,0.38372093023255816,0.42248062015503873,0.4883720930232558,0.5310077519379846,,,,
loto_6_49,649_mod7_hot,10,True,2314,258,0.006791499996325001,math-649,0.7558139534883721,3,0.0,0.023255813953488372,10,100.0,100.0,20.41,0.0,0.0,0.0,1,False,,0.7558139534883721,0.872093023255814,0.9961240310077519,1.1550387596899225,1.2325581395348837,1.37984496124031,1.5232558139534884,1.678294573643411,1.8255813953488371,1.9534883720930232,2.058139534883721,2.1550387596899223,2.352713178294574,2.4767441860465116,2.5930232558139537,0.751937984496124,0.875968992248062,1.0348837209302326,1.1124031007751938,1.255813953488372,1.4108527131782946,1.558139534883721,1.686046511627907,1.7906976744186047,1.8875968992248062,2.0852713178294575,2.2093023255813953,2.3255813953488373,2.4186046511627906,2.550387596899225,0.0,0.0,0.0,0.007751937984496124,0.011627906976744186,0.023255813953488372,0.03488372093023256,0.05813953488372093,0.06976744186046512,0.08914728682170543,0.10852713178294573,0.11627906976744186,0.15891472868217055,0.1821705426356589,0.2248062015503876,0.023255813953488372,0.03488372093023256,0.046511627906976744,0.07364341085271318,0.10077519379844961,0.12790697674418605,0.15891472868217055,0.2131782945736434,0.26356589147286824,0.29457364341085274,0.32945736434108525,0.36046511627906974,0.43023255813953487,0.4883720930232558,0.5271317829457365,,,,
loto_6_49,649_mod7_hot,30,False,1800,772,0.013093599991407245,math-649,0.7590673575129534,3,0.0,0.02072538860103627,10,100.0,100.0,20.4,0.0,0.0,0.0,1,False,,0.7590673575129534,0.9041450777202072,1.011658031088083,1.1321243523316062,1.2538860103626943,1.371761658031088,1.4909326424870466,1.6075129533678756,1.7357512953367875,1.8432642487046633,1.9598445595854923,2.0725388601036268,2.1813471502590676,2.300518134715026,2.4248704663212437,0.7590673575129534,0.8769430051813472,0.9935233160621761,1.121761658031088,1.2292746113989637,1.3458549222797926,1.4650259067357514,1.589378238341969,1.7163212435233162,1.8419689119170986,1.9637305699481866,2.0971502590673574,2.2124352331606216,2.3303108808290154,2.449481865284974,0.0,0.0012953367875647669,0.0012953367875647669,0.0038860103626943004,0.006476683937823834,0.014248704663212436,0.019430051813471502,0.03626943005181347,0.050518134715025906,0.06994818652849741,0.08290155440414508,0.09974093264248704,0.12564766839378239,0.13860103626943004,0.17098445595854922,0.02072538860103627,0.03756476683937824,0.05829015544041451,0.07124352331606218,0.09455958549222798,0.12176165803108809,0.15803108808290156,0.18652849740932642,0.23704663212435234,0.26424870466321243,0.3005181347150259,0.33031088082901555,0.3639896373056995,0.4209844559585492,0.4689119170984456,,,,
loto_6_49,649_mod7_hot,30,True,1800,772,0.013247299997601658,math-649,0.7512953367875648,3,0.0,0.019430051813471502,6,100.0,100.0,20.4,0.0,0.0,0.0,1,False,,0.7512953367875648,0.8795336787564767,0.9805699481865285,1.0984455958549222,1.2189119170984455,1.3639896373056994,1.483160621761658,1.5880829015544042,1.7098445595854923,1.8160621761658031,1.944300518134715,2.0686528497409324,2.1955958549222796,2.312176165803109,2.4533678756476682,0.7512953367875648,0.8795336787564767,0.9805699481865285,1.0984455958549222,1.2189119170984455,1.3639896373056994,1.483160621761658,1.5880829015544042,1.7098445595854923,1.8160621761658031,1.944300518134715,2.0686528497409324,2.1955958549222796,2.312176165803109,2.4533678756476682,0.0,0.0,0.0012953367875647669,0.007772020725388601,0.014248704663212436,0.02461139896373057,0.03238341968911917,0.034974093264248704,0.04404145077720207,0.05958549222797927,0.07512953367875648,0.08937823834196891,0.11658031088082901,0.15284974093264247,0.19041450777202074,0.019430051813471502,0.034974093264248704,0.04792746113989637,0.06476683937823834,0.08808290155440414,0.11010362694300518,0.12953367875647667,0.16580310880829016,0.20207253886010362,0.24352331606217617,0.28886010362694303,0.327720207253886,0.3756476683937824,0.41450777202072536,0.46243523316062174,,,,
loto_6_49,649_mod7_hot,60,False,1028,1544,0.025980999984312803,math-649,0.7046632124352331,4,0.0012953367875647669,0.012953367875647668,5,100.0,100.0,20.39,0.0,0.0,0.0,1,False,,0.7046632124352331,0.8465025906735751,0.9682642487046632,1.0990932642487046,1.2286269430051813,1.3737046632124352,1.5,1.6146373056994818,1.7558290155440415,1.8769430051813472,1.9941709844559585,2.101683937823834,2.2240932642487046,2.3523316062176165,2.483160621761658,0.7046632124352331,0.8465025906735751,0.9682642487046632,1.0977979274611398,1.2428756476683938,1.3691709844559585,1.4838082901554404,1.625,1.7461139896373057,1.863341968911917,1.9708549222797926,2.0990932642487046,2.229922279792746,2.3510362694300517,2.469559585492228,0.0012953367875647669,0.0012953367875647669,0.0019430051813471502,0.003238341968911917,0.007124352331606218,0.012953367875647668,0.021373056994818652,0.031088082901554404,0.04339378238341969,0.056347150259067356,0.0783678756476684,0.09650259067357513,0.11852331606217617,0.14572538860103626,0.17551813471502592,0.012953367875647668,0.025259067357512953,0.038860103626943004,0.06023316062176166,0.08873056994818652,0.12435233160621761,0.15220207253886012,0.18264248704663213,0.22538860103626943,0.2694300518134715,0.31088082901554404,0.3490932642487047,0.3898963730569948,0.43588082901554404,0.48704663212435234,,,,
loto_6_49,649_mod7_hot,60,True,1028,1544,0.03899040000396781,math-649,0.7564766839378239,4,0.0012953367875647669,0.018134715025906734,8,100.0,100.0,20.39,0.0,0.0,0.0,1,False,,0.7564766839378239,0.8886010362694301,1.0110103626943006,1.1515544041450778,1.2726683937823835,1.3853626943005182,1.505181347150259,1.6185233160621761,1.741580310880829,1.8568652849740932,1.979922279792746,2.1088082901554404,2.227979274611399,2.3471502590673574,2.4656735751295336,0.7571243523316062,0.8976683937823834,1.0187823834196892,1.1314766839378239,1.2512953367875648,1.3646373056994818,1.4876943005181347,1.616580310880829,1.7357512953367875,1.854922279792746,1.9734455958549222,2.1088082901554404,2.2124352331606216,2.3270725388601035,2.448186528497409,0.0012953367875647669,0.0012953367875647669,0.0045336787564766836,0.011010362694300517,0.015544041450777202,0.020077720207253884,0.027202072538860103,0.03756476683937824,0.04987046632124352,0.06476683937823834,0.0822538860103627,0.10621761658031088,0.13082901554404144,0.15284974093264247,0.17422279792746115,0.018134715025906734,0.03044041450777202,0.052461139896373056,0.07642487046632124,0.10492227979274611,0.12823834196891193,0.15544041450777202,0.19041450777202074,0.22927461139896374,0.26295336787564766,0.3018134715025907,0.34974093264248707,0.39313471502590674,0.44041450777202074,0.48639896373056996,,,,
loto_6_49,649_mod7_hot,100,False,80,2492,0.055525200004922226,math-649,0.7451845906902087,4,0.0008025682182985554,0.01886035313001605,5,100.0,100.0,20.39,0.0,0.0,0.0,1,False,,0.7451845906902087,0.877207062600321,0.9879614767255217,1.1019261637239166,1.2267255216693418,1.3519261637239166,1.471107544141252,1.6007223113964686,1.7411717495987158,1.8639646869983948,1.997191011235955,2.113964686998395,2.2275280898876404,2.34991974317817,2.469502407704655,0.7451845906902087,0.877207062600321,0.9911717495987159,1.1159711075441412,1.2351524879614768,1.3647672552166934,1.5052166934189406,1.6280096308186196,1.7612359550561798,1.8747993579454254,1.997191011235955,2.11677367576244,2.236757624398074,2.3587479935794544,2.479935794542536,0.0008025682182985554,0.0008025682182985554,0.0020064205457463883,0.0056179775280898875,0.011235955056179775,0.018057784911717497,0.022873194221508828,0.034911717495987156,0.051364365971107544,0.06821829855537721,0.08948635634028893,0.1079454253611557,0.12881219903691815,0.15048154093097912,0.18218298555377208,0.01886035313001605,0.03089887640449438,0.04373996789727127,0.0630016051364366,0.08467094703049759,0.11677367576243981,0.1472712680577849,0.18940609951845908,0.22873194221508827,0.2660513643659711,0.3057784911717496,0.3471107544141252,0.38563402889245585,0.4337881219903692,0.47552166934189405,,,,
loto_6_49,649_mod7_hot,100,True,80,2492,0.039371599996229634,math-649,0.7259229534510433,4,0.0028089887640449437,0.01725521669341894,6,100.0,100.0,20.39,0.0,0.0,0.0,1,False,,0.7259229534510433,0.843900481540931,0.9642857142857143,1.082263242375602,1.2018459069020866,1.3326645264847512,1.4590690208667736,1.5870786516853932,1.7154895666131622,1.838282504012841,1.9630818619582664,2.087078651685393,2.2235152487961476,2.347110754414125,2.461476725521669,0.7259229534510433,0.843900481540931,0.9642857142857143,1.082263242375602,1.2018459069020866,1.3326645264847512,1.4590690208667736,1.5870786516853932,1.7154895666131622,1.838282504012841,1.9630818619582664,2.087078651685393,2.2235152487961476,2.347110754414125,2.461476725521669,0.0028089887640449437,0.0036115569823434992,0.004815409309791332,0.010032102728731942,0.013242375601926164,0.021669341894060994,0.032504012841091494,0.04052969502407704,0.05016051364365971,0.06380417335473515,0.08025682182985554,0.09751203852327447,0.12319422150882825,0.14887640449438203,0.17897271268057785,0.01725521669341894,0.028892455858747994,0.04012841091492777,0.0593900481540931,0.08346709470304976,0.11396468699839486,0.14285714285714285,0.17536115569823435,0.2122792937399679,0.25240770465489565,0.2909309791332263,0.33747993579454255,0.3940609951845907,0.442215088282504,0.4835473515248796,,,,
loto_6_49,graph_community_strength,10,False,2314,258,0.015666199993574992,graph-community,0.6937984496124031,4,0.003875968992248062,0.011627906976744186,4,100.0,100.0,20.39,0.0,0.0,0.0,1,False,,0.6937984496124031,0.8449612403100775,0.9844961240310077,1.1085271317829457,1.2170542635658914,1.3255813953488371,1.4806201550387597,1.6007751937984496,1.7131782945736433,1.817829457364341,1.930232558139535,2.0348837209302326,2.131782945736434,2.2674418604651163,2.4069767441860463,0.6937984496124031,0.8449612403100775,0.9844961240310077,1.1085271317829457,1.2170542635658914,1.3255813953488371,1.4806201550387597,1.6007751937984496,1.7131782945736433,1.817829457364341,1.930232558139535,2.0348837209302326,2.131782945736434,2.2674418604651163,2.4069767441860463,0.003875968992248062,0.003875968992248062,0.003875968992248062,0.007751937984496124,0.011627906976744186,0.01937984496124031,0.031007751937984496,0.03875968992248062,0.05426356589147287,0.05426356589147287,0.07751937984496124,0.10852713178294573,0.12790697674418605,0.1511627906976744,0.17829457364341086,0.011627906976744186,0.031007751937984496,0.04263565891472868,0.06589147286821706,0.08527131782945736,0.09302325581395349,0.12403100775193798,0.17829457364341086,0.22868217054263565,0.27906976744186046,0.313953488372093,0.34108527131782945,0.36046511627906974,0.4108527131782946,0.46511627906976744,,,,
loto_6_49,graph_community_strength,10,True,2314,258,0.013961599994217977,graph-community,0.7248062015503876,3,0.0,0.027131782945736434,10,0.0,0.0,20.39,0.0,0.0,0.0,1,False,,0.7248062015503876,0.8449612403100775,0.9883720930232558,1.1046511627906976,1.2131782945736433,1.3333333333333333,1.445736434108527,1.569767441860465,1.6627906976744187,1.7403100775193798,1.8255813953488371,1.9534883720930232,2.1511627906976742,2.251937984496124,2.4263565891472867,0.7248062015503876,0.8682170542635659,0.9844961240310077,1.0930232558139534,1.2170542635658914,1.310077519379845,1.3875968992248062,1.4728682170542635,1.6007751937984496,1.7984496124031009,1.8992248062015504,2.0736434108527133,2.2286821705426356,2.3372093023255816,2.492248062015504,0.0,0.0,0.0,0.007751937984496124,0.007751937984496124,0.01937984496124031,0.027131782945736434,0.04263565891472868,0.05813953488372093,0.06976744186046512,0.08914728682170543,0.10465116279069768,0.12790697674418605,0.14728682170542637,0.17054263565891473,0.027131782945736434,0.046511627906976744,0.06976744186046512,0.08527131782945736,0.10852713178294573,0.13178294573643412,0.1511627906976744,0.1937984496124031,0.2054263565891473,0.2248062015503876,0.2441860465116279,0.29844961240310075,0.36046511627906974,0.39147286821705424,0.44573643410852715,,,,
loto_6_49,graph_community_strength,30,False,1800,772,0.01898069999879226,graph-community,0.7577720207253886,4,0.0012953367875647669,0.027202072538860103,10,0.0,0.0,20.39,0.0,0.0,0.0,1,False,,0.7577720207253886,0.8873056994818653,1.032383419689119,1.1683937823834196,1.3134715025906736,1.4352331606217616,1.5751295336787565,1.6968911917098446,1.7953367875647668,1.910621761658031,2.0440414507772022,2.1645077720207255,2.284974093264249,2.4132124352331608,2.5544041450777204,0.7577720207253886,0.8873056994818653,1.032383419689119,1.1683937823834196,1.3134715025906736,1.4352331606217616,1.5336787564766838,1.6489637305699483,1.782383419689119,1.9028497409326426,2.0310880829015545,2.172279792746114,2.2797927461139897,2.3963730569948187,2.506476683937824,0.0012953367875647669,0.0051813471502590676,0.007772020725388601,0.015544041450777202,0.023316062176165803,0.02849740932642487,0.034974093264248704,0.050518134715025906,0.06735751295336788,0.08808290155440414,0.10492227979274611,0.12953367875647667,0.16321243523316062,0.19041450777202074,0.2266839378238342,0.027202072538860103,0.04015544041450777,0.06476683937823834,0.08419689119170984,0.11917098445595854,0.1411917098445596,0.18393782383419688,0.2266839378238342,0.2551813471502591,0.3005181347150259,0.3432642487046632,0.37823834196891193,0.41450777202072536,0.4650259067357513,0.5090673575129534,,,,
loto_6_49,graph_community_strength,30,True,1800,772,0.019059999991441146,graph-community,0.7344559585492227,4,0.0012953367875647669,0.018134715025906734,6,0.0,0.0,20.39,0.0,0.0,0.0,1,False,,0.7344559585492227,0.8549222797927462,0.9805699481865285,1.0829015544041452,1.2072538860103628,1.3316062176165804,1.4766839378238341,1.58419689119171,1.7098445595854923,1.8432642487046633,1.961139896373057,2.0867875647668392,2.2059585492227978,2.3251295336787563,2.4624352331606216,0.7344559585492227,0.8549222797927462,0.9805699481865285,1.0829015544041452,1.2072538860103628,1.3316062176165804,1.4766839378238341,1.6023316062176165,1.7357512953367875,1.8536269430051813,1.9792746113989637,2.098445595854922,2.2176165803108807,2.354922279792746,2.4792746113989637,0.0012953367875647669,0.0012953367875647669,0.0038860103626943004,0.006476683937823834,0.014248704663212436,0.02072538860103627,0.027202072538860103,0.038860103626943004,0.050518134715025906,0.06735751295336788,0.08678756476683938,0.11010362694300518,0.12953367875647667,0.16062176165803108,0.18911917098445596,0.018134715025906734,0.03367875647668394,0.04533678756476684,0.06476683937823834,0.08419689119170984,0.11528497409326424,0.14248704663212436,0.17098445595854922,0.21632124352331605,0.24870466321243523,0.29015544041450775,0.34067357512953367,0.38471502590673573,0.42487046632124353,0.47150259067357514,,,,
loto_6_49,graph_community_strength,60,False,1028,1544,0.032010700000682846,graph-community,0.7480569948186528,4,0.0012953367875647669,0.022020725388601035,5,0.0,0.0,20.38,0.0,0.0,0.0,1,False,,0.7480569948186528,0.8737046632124352,1.0045336787564767,1.1172279792746114,1.2396373056994818,1.3626943005181347,1.4773316062176165,1.5848445595854923,1.7014248704663213,1.8199481865284974,1.9371761658031088,2.0582901554404147,2.1891191709844557,2.3095854922279795,2.4358808290155443,0.7480569948186528,0.8607512953367875,0.9838082901554405,1.0984455958549222,1.205958549222798,1.322538860103627,1.4410621761658031,1.5582901554404145,1.6794041450777202,1.8102331606217616,1.930699481865285,2.05699481865285,2.1716321243523318,2.3154145077720205,2.430051813471503,0.0012953367875647669,0.0038860103626943004,0.005829015544041451,0.007772020725388601,0.012305699481865285,0.019430051813471502,0.02849740932642487,0.03626943005181347,0.04792746113989637,0.06606217616580311,0.07772020725388601,0.09974093264248704,0.12176165803108809,0.15479274611398963,0.18264248704663213,0.022020725388601035,0.03367875647668394,0.06023316062176166,0.08095854922279792,0.11204663212435233,0.13860103626943004,0.16968911917098445,0.19753886010362695,0.23316062176165803,0.26424870466321243,0.30440414507772023,0.3432642487046632,0.3860103626943005,0.4261658031088083,0.4689119170984456,,,,
loto_6_49,graph_community_strength,60,True,1028,1544,0.025272700004279613,graph-community,0.7480569948186528,3,0.0,0.021373056994818652,8,100.0,100.0,20.38,0.0,0.0,0.0,1,False,,0.7480569948186528,0.8743523316062176,0.9974093264248705,1.1185233160621761,1.2357512953367875,1.358160621761658,1.4805699481865284,1.6029792746113989,1.7182642487046633,1.839378238341969,1.9604922279792747,2.0673575129533677,2.1936528497409324,2.3290155440414506,2.469559585492228,0.7480569948186528,0.8743523316062176,0.9967616580310881,1.1191709844559585,1.241580310880829,1.3626943005181347,1.4838082901554404,1.5906735751295338,1.7169689119170986,1.8523316062176165,1.9928756476683938,2.1159326424870466,2.2286269430051813,2.343264248704663,2.4617875647668392,0.0,0.0012953367875647669,0.0019430051813471502,0.0045336787564766836,0.009067357512953367,0.015544041450777202,0.022020725388601035,0.03173575129533679,0.04598445595854922,0.06217616580310881,0.08031088082901554,0.09650259067357513,0.11852331606217617,0.15090673575129535,0.19235751295336787,0.021373056994818652,0.03173575129533679,0.050518134715025906,0.07189119170984457,0.10233160621761658,0.12694300518134716,0.15479274611398963,0.18458549222797926,0.21437823834196892,0.25647668393782386,0.29922279792746115,0.33419689119170987,0.37694300518134716,0.42357512953367876,0.4740932642487047,,,,
loto_6_49,graph_community_strength,100,False,80,2492,0.04108780002570711,graph-community,0.7267255216693419,3,0.0,0.014044943820224719,5,0.0,0.0,20.38,0.0,0.0,0.0,1,False,,0.7267255216693419,0.8378812199036918,0.9598715890850722,1.0734349919743178,1.213884430176565,1.3330658105939004,1.4699036918138042,1.5922953451043338,1.7162921348314606,1.839486356340289,1.9462279293739968,2.0730337078651684,2.202648475120385,2.3202247191011236,2.4402086677367576,0.7271268057784912,0.8491171749598716,0.9626805778491172,1.1031300160513644,1.2223113964686998,1.3591492776886036,1.4815409309791332,1.60553772070626,1.7287319422150882,1.8354735152487962,1.9622792937399678,2.0918940609951844,2.209470304975923,2.329454253611557,2.455056179775281,0.0,0.001203852327447833,0.0020064205457463883,0.004414125200642055,0.00882825040128411,0.014847512038523275,0.025280898876404494,0.03210272873194221,0.045746388443017656,0.06019261637239166,0.0790529695024077,0.09991974317817015,0.12359550561797752,0.1440609951845907,0.17215088282504012,0.014044943820224719,0.026484751203852328,0.038523274478330656,0.05818619582664526,0.08667736757624397,0.10995184590690209,0.14446227929373998,0.1797752808988764,0.21789727126805777,0.2568218298555377,0.28370786516853935,0.329454253611557,0.3760032102728732,0.41773675762439805,0.4570626003210273,,,,
loto_6_49,graph_community_strength,100,True,80,2492,0.04021200002171099,graph-community,0.7251203852327448,3,0.0,0.01725521669341894,6,100.0,100.0,20.38,0.0,0.0,0.0,1,False,,0.7251203852327448,0.843900481540931,0.9634831460674157,1.0999197431781702,1.2199036918138042,1.3447030497592296,1.4650882825040128,1.583868378812199,1.718298555377207,1.8443017656500802,1.9707062600321028,2.0846709470304976,2.21107544141252,2.3254414125200644,2.448234349919743,0.7299357945425361,0.8495184590690209,0.9859550561797753,1.1059390048154094,1.2307383627608346,1.351123595505618,1.4699036918138042,1.5963081861958266,1.7227126805778492,1.8370786516853932,1.9598715890850722,2.090690208667737,2.2247191011235956,2.338282504012841,2.478330658105939,0.0,0.001203852327447833,0.0036115569823434992,0.004815409309791332,0.008426966292134831,0.013242375601926164,0.02086677367576244,0.03170144462279294,0.04373996789727127,0.06179775280898876,0.08306581059390049,0.10112359550561797,0.12479935794542536,0.1512841091492777,0.17897271268057785,0.01725521669341894,0.030497592295345103,0.04735152487961477,0.06380417335473515,0.09069020866773676,0.12038523274478331,0.14967897271268057,0.18298555377207062,0.22231139646869985,0.26163723916532905,0.300561797752809,0.33747993579454255,0.3796147672552167,0.42375601926163725,0.4674959871589085,,,,
loto_6_49,graph_neighbor_degree,10,False,2314,258,0.011032999987946823,graph-centrality,0.7713178294573644,4,0.003875968992248062,0.011627906976744186,4,100.0,100.0,20.38,0.0,0.0,0.0,1,False,,0.7713178294573644,0.8837209302325582,0.9806201550387597,1.1356589147286822,1.2403100775193798,1.375968992248062,1.5232558139534884,1.627906976744186,1.7674418604651163,1.9031007751937985,2.0426356589147288,2.1511627906976742,2.2829457364341086,2.4147286821705425,2.5426356589147288,0.7713178294573644,0.8837209302325582,0.9806201550387597,1.1356589147286822,1.2403100775193798,1.3875968992248062,1.4922480620155039,1.6317829457364341,1.7674418604651163,1.9069767441860466,2.0155038759689923,2.147286821705426,2.2790697674418605,2.4069767441860463,2.503875968992248,0.003875968992248062,0.007751937984496124,0.007751937984496124,0.011627906976744186,0.011627906976744186,0.015503875968992248,0.03488372093023256,0.046511627906976744,0.05813953488372093,0.06976744186046512,0.08527131782945736,0.10465116279069768,0.13953488372093023,0.1821705426356589,0.21705426356589147,0.011627906976744186,0.015503875968992248,0.03488372093023256,0.05813953488372093,0.08914728682170543,0.11627906976744186,0.15503875968992248,0.18604651162790697,0.2248062015503876,0.2751937984496124,0.3372093023255814,0.37209302325581395,0.4186046511627907,0.4573643410852713,0.5077519379844961,,,,
loto_6_49,graph_neighbor_degree,10,True,2314,258,0.011731100006727502,graph-centrality,0.7829457364341085,4,0.003875968992248062,0.027131782945736434,10,0.0,0.0,20.38,0.0,0.0,0.0,1,False,,0.7829457364341085,0.8953488372093024,1.0426356589147288,1.1627906976744187,1.2829457364341086,1.3604651162790697,1.4806201550387597,1.573643410852713,1.678294573643411,1.7713178294573644,1.8992248062015504,1.9883720930232558,2.108527131782946,2.2286821705426356,2.3449612403100777,0.7829457364341085,0.8604651162790697,0.9651162790697675,1.058139534883721,1.186046511627907,1.2751937984496124,1.3953488372093024,1.5116279069767442,1.6395348837209303,1.7364341085271318,1.8527131782945736,1.9651162790697674,2.065891472868217,2.1744186046511627,2.298449612403101,0.003875968992248062,0.011627906976744186,0.01937984496124031,0.023255813953488372,0.031007751937984496,0.03875968992248062,0.03875968992248062,0.046511627906976744,0.05426356589147287,0.05426356589147287,0.06976744186046512,0.08139534883720931,0.08914728682170543,0.1124031007751938,0.13953488372093023,0.027131782945736434,0.046511627906976744,0.06976744186046512,0.08914728682170543,0.11627906976744186,0.13178294573643412,0.14728682170542637,0.16666666666666666,0.20155038759689922,0.23255813953488372,0.2751937984496124,0.29844961240310075,0.32558139534883723,0.39147286821705424,0.437984496124031,,,,
loto_6_49,graph_neighbor_degree,30,False,1800,772,0.020173900004010648,graph-centrality,0.7577720207253886,3,0.0,0.023316062176165803,10,0.0,0.0,20.38,0.0,0.0,0.0,1,False,,0.7577720207253886,0.9002590673575129,1.0349740932642486,1.189119170984456,1.33419689119171,1.4598445595854923,1.604922279792746,1.7033678756476685,1.8160621761658031,1.9378238341968912,2.0673575129533677,2.183937823834197,2.301813471502591,2.423575129533679,2.5427461139896375,0.7797927461139896,0.9145077720207254,1.0686528497409327,1.194300518134715,1.339378238341969,1.4378238341968912,1.5505181347150259,1.672279792746114,1.8018134715025906,1.9183937823834196,2.0362694300518136,2.1580310880829017,2.27720207253886,2.4093264248704664,2.533678756476684,0.0,0.0038860103626943004,0.0051813471502590676,0.006476683937823834,0.012953367875647668,0.01683937823834197,0.03238341968911917,0.04015544041450777,0.04792746113989637,0.06606217616580311,0.08290155440414508,0.11010362694300518,0.12953367875647667,0.1567357512953368,0.18523316062176165,0.023316062176165803,0.034974093264248704,0.05569948186528497,0.08419689119170984,0.11658031088082901,0.14507772020725387,0.17357512953367876,0.20466321243523317,0.23963730569948186,0.2772020725388601,0.33031088082901555,0.37176165803108807,0.41580310880829013,0.46113989637305697,0.5090673575129534,,,,
loto_6_49,graph_neighbor_degree,30,True,1800,772,0.017181700008222833,graph-centrality,0.7487046632124352,4,0.0025906735751295338,0.014248704663212436,6,0.0,0.0,20.38,0.0,0.0,0.0,1,False,,0.7487046632124352,0.8860103626943006,1.0012953367875648,1.128238341968912,1.2577720207253886,1.3860103626943006,1.488341968911917,1.621761658031088,1.75,1.8588082901554404,1.9844559585492227,2.1139896373056994,2.231865284974093,2.3575129533678756,2.461139896373057,0.7487046632124352,0.8860103626943006,1.0129533678756477,1.1424870466321244,1.2707253886010363,1.3730569948186528,1.5064766839378239,1.6347150259067358,1.7435233160621761,1.8691709844559585,1.9987046632124352,2.116580310880829,2.2422279792746114,2.332901554404145,2.4533678756476682,0.0025906735751295338,0.0038860103626943004,0.0051813471502590676,0.006476683937823834,0.011658031088082901,0.015544041450777202,0.022020725388601035,0.034974093264248704,0.04792746113989637,0.06088082901554404,0.07642487046632124,0.11010362694300518,0.1411917098445596,0.17616580310880828,0.1955958549222798,0.014248704663212436,0.025906735751295335,0.038860103626943004,0.06994818652849741,0.09844559585492228,0.133419689119171,0.16321243523316062,0.19948186528497408,0.24481865284974094,0.27461139896373055,0.31476683937823835,0.3639896373056995,0.3950777202072539,0.43134715025906734,0.4650259067357513,,,,
loto_6_49,graph_neighbor_degree,60,False,1028,1544,0.031735399999888614,graph-centrality,0.7292746113989638,4,0.0012953367875647669,0.017487046632124352,5,0.0,0.0,20.38,0.0,0.0,0.0,1,False,,0.7292746113989638,0.8465025906735751,0.9637305699481865,1.104922279792746,1.2396373056994818,1.3639896373056994,1.4876943005181347,1.613341968911917,1.741580310880829,1.8639896373056994,1.9805699481865284,2.106217616580311,2.213082901554404,2.332901554404145,2.4540155440414506,0.7156735751295337,0.832901554404145,0.9740932642487047,1.1088082901554404,1.233160621761658,1.3568652849740932,1.4825129533678756,1.6107512953367875,1.733160621761658,1.849740932642487,1.9566062176165804,2.076424870466321,2.1975388601036268,2.3225388601036268,2.441062176165803,0.0012953367875647669,0.0025906735751295338,0.0045336787564766836,0.011658031088082901,0.018134715025906734,0.023963730569948185,0.03432642487046632,0.04533678756476684,0.05829015544041451,0.07253886010362694,0.08549222797927461,0.1055699481865285,0.12953367875647667,0.15997409326424872,0.18329015544041452,0.017487046632124352,0.027202072538860103,0.036917098445595854,0.06023316062176166,0.08808290155440414,0.11917098445595854,0.1489637305699482,0.17422279792746115,0.21502590673575128,0.2545336787564767,0.29533678756476683,0.3484455958549223,0.3853626943005181,0.4268134715025907,0.48186528497409326,,,,
loto_6_49,graph_neighbor_degree,60,True,1028,1544,0.02679790000547655,graph-centrality,0.7454663212435233,4,0.0012953367875647669,0.02655440414507772,8,0.0,0.0,20.38,0.0,0.0,0.0,1,False,,0.7454663212435233,0.8601036269430051,0.9825129533678757,1.1003886010362693,1.2072538860103628,1.3212435233160622,1.4481865284974094,1.567357512953368,1.680699481865285,1.8005181347150259,1.9287564766839378,2.055051813471503,2.1968911917098444,2.3141191709844557,2.4423575129533677,0.7370466321243523,0.8594559585492227,0.9773316062176166,1.08419689119171,1.1981865284974094,1.317357512953368,1.430699481865285,1.5505181347150259,1.6787564766839378,1.8050518134715026,1.9468911917098446,2.0641191709844557,2.1923575129533677,2.3322538860103625,2.4585492227979273,0.0012953367875647669,0.0025906735751295338,0.0051813471502590676,0.006476683937823834,0.013601036269430052,0.017487046632124352,0.02461139896373057,0.03562176165803109,0.04922279792746114,0.06217616580310881,0.08160621761658031,0.09715025906735751,0.12759067357512954,0.15090673575129535,0.18264248704663213,0.02655440414507772,0.03562176165803109,0.050518134715025906,0.0667098445595855,0.08743523316062177,0.11269430051813471,0.14378238341968913,0.1800518134715026,0.2104922279792746,0.24287564766839378,0.27849740932642486,0.3231865284974093,0.3756476683937824,0.41386010362694303,0.46178756476683935,,,,
loto_6_49,graph_neighbor_degree,100,False,80,2492,0.0378426999959629,graph-centrality,0.7299357945425361,4,0.001203852327447833,0.016853932584269662,5,0.0,0.0,20.38,0.0,0.0,0.0,1,False,,0.7299357945425361,0.8567415730337079,0.9759229534510433,1.0991171749598716,1.2323434991974318,1.359951845906902,1.4851524879614768,1.6135634028892456,1.742776886035313,1.8659711075441412,1.9799357945425362,2.087881219903692,2.2074638844301764,2.326243980738363,2.446227929373997,0.7379614767255217,0.8571428571428571,0.9803370786516854,1.1135634028892456,1.2411717495987158,1.3695826645264848,1.4987961476725522,1.6219903691813804,1.7359550561797752,1.843900481540931,1.9634831460674158,2.082263242375602,2.202247191011236,2.3142054574638844,2.4341894060995184,0.001203852327447833,0.0020064205457463883,0.0032102728731942215,0.006821829855537721,0.011637239165329053,0.016452648475120384,0.024077046548956663,0.033707865168539325,0.04654895666131621,0.06500802568218299,0.08065810593900481,0.09670947030497593,0.11597110754414125,0.1384430176565008,0.16693418940609953,0.016853932584269662,0.028491171749598716,0.04293739967897271,0.0593900481540931,0.08226324237560192,0.11235955056179775,0.15008025682182985,0.18860353130016053,0.22150882825040127,0.26364365971107545,0.30698234349919745,0.34470304975922955,0.38964686998394865,0.43659711075441415,0.4787319422150883,,,,
loto_6_49,graph_neighbor_degree,100,True,80,2492,0.040461800002958626,graph-centrality,0.7608346709470305,4,0.0016051364365971107,0.020064205457463884,6,0.0,0.0,20.38,0.0,0.0,0.0,1,False,,0.7608346709470305,0.8788121990369181,0.9951845906902087,1.1139646869983948,1.2403691813804174,1.359951845906902,1.4911717495987158,1.6163723916532906,1.7295345104333868,1.8414927768860354,1.959470304975923,2.078250401284109,2.192215088282504,2.3154093097913324,2.423354735152488,0.7608346709470305,0.8788121990369181,0.9951845906902087,1.1139646869983948,1.2403691813804174,1.359951845906902,1.4911717495987158,1.6163723916532906,1.7295345104333868,1.8414927768860354,1.959470304975923,2.078250401284109,2.201444622792937,2.309390048154093,2.432182985553772,0.0016051364365971107,0.0036115569823434992,0.0040128410914927765,0.008426966292134831,0.014446227929373997,0.02086677367576244,0.02768860353130016,0.037319422150882825,0.051364365971107544,0.06380417335473515,0.08426966292134831,0.10232744783306581,0.12038523274478331,0.1440609951845907,0.1725521669341894,0.020064205457463884,0.033707865168539325,0.05016051364365971,0.07102728731942215,0.0971107544141252,0.12118780096308186,0.15690208667736757,0.19020866773675763,0.2231139646869984,0.2628410914927769,0.29775280898876405,0.33868378812199035,0.38041733547351525,0.42536115569823435,0.4618780096308186,,,,
loto_6_49,649_mom_10_40,10,False,2314,258,0.018704700021771714,math-649,0.5968992248062015,3,0.0,0.003875968992248062,4,94.7,94.7,20.38,0.0,0.0,0.0,1,False,,0.5968992248062015,0.7364341085271318,0.8837209302325582,0.9806201550387597,1.1046511627906976,1.2403100775193798,1.3643410852713178,1.4844961240310077,1.6124031007751938,1.7364341085271318,1.9186046511627908,2.0697674418604652,2.186046511627907,2.298449612403101,2.395348837209302,0.5968992248062015,0.7364341085271318,0.8837209302325582,0.9806201550387597,1.1046511627906976,1.2403100775193798,1.3643410852713178,1.4844961240310077,1.6124031007751938,1.7364341085271318,1.9186046511627908,2.0697674418604652,2.186046511627907,2.298449612403101,2.395348837209302,0.0,0.0,0.0,0.0,0.0,0.0,0.011627906976744186,0.011627906976744186,0.023255813953488372,0.031007751937984496,0.07364341085271318,0.10465116279069768,0.13178294573643412,0.1434108527131783,0.16279069767441862,0.003875968992248062,0.007751937984496124,0.015503875968992248,0.03488372093023256,0.046511627906976744,0.08527131782945736,0.12015503875968993,0.13178294573643412,0.16279069767441862,0.2054263565891473,0.2596899224806202,0.32558139534883723,0.37209302325581395,0.40310077519379844,0.437984496124031,,,,
loto_6_49,649_mom_10_40,10,True,2314,258,0.014283299999078736,math-649,0.751937984496124,3,0.0,0.027131782945736434,10,0.0,0.0,20.38,0.0,0.0,0.0,1,False,,0.751937984496124,0.8488372093023255,0.9263565891472868,1.0813953488372092,1.1744186046511629,1.2596899224806202,1.3837209302325582,1.5,1.62015503875969,1.7248062015503876,1.8682170542635659,1.9844961240310077,2.112403100775194,2.2131782945736433,2.3333333333333335,0.751937984496124,0.8488372093023255,0.9263565891472868,1.0813953488372092,1.1744186046511629,1.2596899224806202,1.3837209302325582,1.5,1.62015503875969,1.7248062015503876,1.8682170542635659,1.9844961240310077,2.112403100775194,2.2131782945736433,2.3333333333333335,0.0,0.0,0.0,0.0,0.011627906976744186,0.023255813953488372,0.031007751937984496,0.04263565891472868,0.05426356589147287,0.05813953488372093,0.06589147286821706,0.08914728682170543,0.10465116279069768,0.12015503875968993,0.13565891472868216,0.027131782945736434,0.03875968992248062,0.04263565891472868,0.08139534883720931,0.09302325581395349,0.10852713178294573,0.1434108527131783,0.1744186046511628,0.19767441860465115,0.2248062015503876,0.25193798449612403,0.29069767441860467,0.35271317829457366,0.3798449612403101,0.4186046511627907,,,,
loto_6_49,649_mom_10_40,30,False,1800,772,0.019214100000681356,math-649,0.7538860103626943,4,0.0012953367875647669,0.022020725388601035,10,0.0,0.0,20.38,0.0,0.0,0.0,1,False,,0.7538860103626943,0.8860103626943006,0.9935233160621761,1.1010362694300517,1.217616580310881,1.3419689119170986,1.4572538860103628,1.5621761658031088,1.6813471502590673,1.8238341968911918,1.9494818652849741,2.069948186528497,2.172279792746114,2.305699481865285,2.430051813471503,0.7538860103626943,0.8860103626943006,0.9935233160621761,1.1010362694300517,1.217616580310881,1.3419689119170986,1.4572538860103628,1.5621761658031088,1.6813471502590673,1.8238341968911918,1.9494818652849741,2.069948186528497,2.172279792746114,2.305699481865285,2.430051813471503,0.0012953367875647669,0.0038860103626943004,0.0051813471502590676,0.009067357512953367,0.012953367875647668,0.02072538860103627,0.027202072538860103,0.04145077720207254,0.05958549222797927,0.07383419689119171,0.09196891191709844,0.11269430051813471,0.12953367875647667,0.15284974093264247,0.18134715025906736,0.022020725388601035,0.03626943005181347,0.04533678756476684,0.06865284974093264,0.08808290155440414,0.11269430051813471,0.13730569948186527,0.16580310880829016,0.19689119170984457,0.24352331606217617,0.2927461139896373,0.327720207253886,0.36787564766839376,0.4170984455958549,0.4637305699481865,,,,
loto_6_49,649_mom_10_40,30,True,1800,772,0.0227057000156492,math-649,0.7564766839378239,4,0.0012953367875647669,0.01683937823834197,6,0.0,0.0,20.38,0.0,0.0,0.0,1,False,,0.7564766839378239,0.883419689119171,1.0194300518134716,1.1476683937823835,1.2720207253886011,1.3808290155440415,1.4896373056994818,1.6062176165803108,1.7240932642487046,1.8367875647668395,1.9818652849740932,2.1010362694300517,2.1917098445595853,2.3134715025906734,2.4468911917098444,0.7564766839378239,0.883419689119171,1.0194300518134716,1.1476683937823835,1.2720207253886011,1.3808290155440415,1.4896373056994818,1.6062176165803108,1.7240932642487046,1.8367875647668395,1.9818652849740932,2.1010362694300517,2.1917098445595853,2.3134715025906734,2.4468911917098444,0.0012953367875647669,0.0012953367875647669,0.0038860103626943004,0.007772020725388601,0.010362694300518135,0.012953367875647668,0.019430051813471502,0.02849740932642487,0.042746113989637305,0.06865284974093264,0.09196891191709844,0.11398963730569948,0.12823834196891193,0.15155440414507773,0.17487046632124353,0.01683937823834197,0.029792746113989636,0.04533678756476684,0.06865284974093264,0.10362694300518134,0.12823834196891193,0.1645077720207254,0.20077720207253885,0.23056994818652848,0.2694300518134715,0.3134715025906736,0.3588082901554404,0.3911917098445596,0.4378238341968912,0.4844559585492228,,,,
loto_6_49,649_mom_10_40,60,False,1028,1544,0.028401399991707876,math-649,0.7551813471502591,4,0.0006476683937823834,0.017487046632124352,5,0.0,0.0,20.38,0.0,0.0,0.0,1,False,,0.7551813471502591,0.8717616580310881,0.9786269430051814,1.1029792746113989,1.2338082901554404,1.363341968911917,1.4779792746113989,1.619818652849741,1.7370466321243523,1.839378238341969,1.9650259067357514,2.093264248704663,2.2059585492227978,2.327720207253886,2.441062176165803,0.7551813471502591,0.8717616580310881,0.9786269430051814,1.1029792746113989,1.2338082901554404,1.363341968911917,1.4779792746113989,1.619818652849741,1.7370466321243523,1.839378238341969,1.9650259067357514,2.093264248704663,2.215025906735751,2.3283678756476682,2.441062176165803,0.0006476683937823834,0.0025906735751295338,0.0045336787564766836,0.009067357512953367,0.015544041450777202,0.018134715025906734,0.025906735751295335,0.03562176165803109,0.04792746113989637,0.06282383419689119,0.07966321243523317,0.09650259067357513,0.12305699481865284,0.13795336787564766,0.163860103626943,0.017487046632124352,0.029145077720207253,0.046632124352331605,0.06865284974093264,0.09326424870466321,0.11917098445595854,0.14766839378238342,0.18847150259067358,0.22733160621761658,0.2610103626943005,0.3024611398963731,0.35103626943005184,0.3853626943005181,0.44041450777202074,0.47538860103626945,,,,
loto_6_49,649_mom_10_40,60,True,1028,1544,0.030386700003873557,math-649,0.7240932642487047,4,0.0006476683937823834,0.02072538860103627,8,0.0,0.0,20.38,0.0,0.0,0.0,1,False,,0.7240932642487047,0.8497409326424871,0.9643782383419689,1.0874352331606219,1.2014248704663213,1.3419689119170986,1.4540155440414508,1.5770725388601037,1.6962435233160622,1.8147668393782384,1.932642487046632,2.0524611398963732,2.1832901554404147,2.290155440414508,2.4190414507772022,0.7240932642487047,0.8497409326424871,0.9643782383419689,1.0874352331606219,1.2014248704663213,1.3419689119170986,1.4540155440414508,1.5770725388601037,1.6962435233160622,1.8147668393782384,1.932642487046632,2.0524611398963732,2.1832901554404147,2.290155440414508,2.4190414507772022,0.0006476683937823834,0.0012953367875647669,0.006476683937823834,0.011010362694300517,0.01683937823834197,0.022020725388601035,0.025906735751295335,0.034974093264248704,0.05116580310880829,0.06347150259067358,0.08031088082901554,0.09844559585492228,0.11981865284974093,0.14183937823834197,0.17098445595854922,0.02072538860103627,0.03626943005181347,0.046632124352331605,0.0667098445595855,0.086139896373057,0.1172279792746114,0.14443005181347152,0.1794041450777202,0.20660621761658032,0.24676165803108807,0.2810880829015544,0.31476683937823835,0.36917098445595853,0.4106217616580311,0.4585492227979275,,,,
loto_6_49,649_mom_10_40,100,False,80,2492,0.03866209997795522,math-649,0.7471910112359551,4,0.001203852327447833,0.024478330658105937,5,0.0,0.0,20.38,0.0,0.0,0.0,1,False,,0.7471910112359551,0.8691813804173355,0.9883627608346709,1.1151685393258426,1.2287319422150882,1.3507223113964686,1.4911717495987158,1.6143659711075442,1.742776886035313,1.8567415730337078,1.9743178170144462,2.0930979133226324,2.219502407704655,2.3487158908507224,2.485553772070626,0.7471910112359551,0.8691813804173355,0.9883627608346709,1.1151685393258426,1.2287319422150882,1.3507223113964686,1.4911717495987158,1.6143659711075442,1.742776886035313,1.8567415730337078,1.9743178170144462,2.0930979133226324,2.219502407704655,2.3487158908507224,2.485553772070626,0.001203852327447833,0.0028089887640449437,0.006420545746388443,0.007624398073836276,0.011637239165329053,0.01765650080256822,0.025682182985553772,0.034911717495987156,0.052969502407704656,0.0666131621187801,0.08105939004815409,0.10192616372391654,0.1276083467094703,0.1508828250401284,0.18057784911717495,0.024478330658105937,0.0413322632423756,0.052969502407704656,0.07343499197431781,0.0898876404494382,0.11195826645264847,0.14847512038523275,0.19020866773675763,0.22431781701444622,0.2604333868378812,0.30096308186195825,0.34630818619582665,0.3848314606741573,0.4313804173354735,0.49036918138041735,,,,
loto_6_49,649_mom_10_40,100,True,80,2492,0.034065700019709766,math-649,0.7504012841091493,4,0.0016051364365971107,0.024478330658105937,6,0.0,0.0,20.38,0.0,0.0,0.0,1,False,,0.7504012841091493,0.8703852327447833,1.0016051364365972,1.1296147672552166,1.2660513643659712,1.3976725521669342,1.518860353130016,1.6436597110754414,1.761637239165329,1.8884430176565008,2.0136436597110756,2.15008025682183,2.272873194221509,2.3924558587479936,2.508828250401284,0.7504012841091493,0.8703852327447833,1.0016051364365972,1.1296147672552166,1.2660513643659712,1.3976725521669342,1.518860353130016,1.6436597110754414,1.761637239165329,1.8884430176565008,2.0136436597110756,2.15008025682183,2.272873194221509,2.3924558587479936,2.508828250401284,0.0016051364365971107,0.0028089887640449437,0.0056179775280898875,0.008426966292134831,0.015248796147672551,0.020064205457463884,0.026886035313001606,0.03691813804173355,0.05176565008025682,0.06741573033707865,0.0862760834670947,0.10955056179775281,0.13603531300160512,0.1637239165329053,0.19823434991974317,0.024478330658105937,0.037319422150882825,0.05377207062600321,0.07624398073836276,0.10553772070626004,0.13041733547351525,0.15770465489566612,0.19502407704654895,0.22993579454253613,0.27568218298555375,0.32062600321027285,0.37158908507223115,0.4121187800963082,0.4554574638844302,0.4895666131621188,,,,
loto_6_49,649_katz75_prime25,10,False,2314,258,0.02718619999359362,top649,0.748062015503876,4,0.003875968992248062,0.023255813953488372,4,0.0,0.0,20.38,0.0,0.0,0.0,1,False,,0.748062015503876,0.872093023255814,1.0116279069767442,1.1085271317829457,1.2635658914728682,1.372093023255814,1.4806201550387597,1.6162790697674418,1.7286821705426356,1.8410852713178294,1.9612403100775193,2.065891472868217,2.1627906976744184,2.298449612403101,2.4302325581395348,0.748062015503876,0.872093023255814,1.0116279069767442,1.1085271317829457,1.2635658914728682,1.372093023255814,1.4806201550387597,1.6162790697674418,1.7286821705426356,1.8410852713178294,1.9612403100775193,2.065891472868217,2.1627906976744184,2.298449612403101,2.4302325581395348,0.003875968992248062,0.003875968992248062,0.007751937984496124,0.007751937984496124,0.011627906976744186,0.01937984496124031,0.031007751937984496,0.04263565891472868,0.050387596899224806,0.06976744186046512,0.09302325581395349,0.12403100775193798,0.13953488372093023,0.16666666666666666,0.19767441860465115,0.023255813953488372,0.046511627906976744,0.050387596899224806,0.06589147286821706,0.09689922480620156,0.10465116279069768,0.12403100775193798,0.1744186046511628,0.22093023255813954,0.26744186046511625,0.3178294573643411,0.3488372093023256,0.37209302325581395,0.4069767441860465,0.44573643410852715,,,,
loto_6_49,649_katz75_prime25,10,True,2314,258,0.029087999981129542,top649,0.7364341085271318,3,0.0,0.03488372093023256,10,0.0,0.0,20.38,0.0,0.0,0.0,1,False,,0.7364341085271318,0.8333333333333334,0.9496124031007752,1.0426356589147288,1.1550387596899225,1.2325581395348837,1.375968992248062,1.496124031007752,1.6705426356589148,1.7906976744186047,1.9147286821705427,2.0697674418604652,2.197674418604651,2.2829457364341086,2.387596899224806,0.7364341085271318,0.8333333333333334,0.9496124031007752,1.0426356589147288,1.12015503875969,1.2635658914728682,1.437984496124031,1.562015503875969,1.7170542635658914,1.8449612403100775,1.930232558139535,2.0348837209302326,2.1589147286821704,2.356589147286822,2.511627906976744,0.0,0.0,0.003875968992248062,0.007751937984496124,0.015503875968992248,0.015503875968992248,0.01937984496124031,0.03488372093023256,0.05426356589147287,0.06201550387596899,0.08527131782945736,0.10077519379844961,0.12403100775193798,0.14728682170542637,0.1744186046511628,0.03488372093023256,0.046511627906976744,0.06201550387596899,0.06976744186046512,0.08139534883720931,0.10465116279069768,0.13178294573643412,0.16279069767441862,0.20930232558139536,0.22868217054263565,0.27906976744186046,0.313953488372093,0.35658914728682173,0.38372093023255816,0.4186046511627907,,,,
loto_6_49,649_katz75_prime25,30,False,1800,772,0.027641799999400973,top649,0.7551813471502591,4,0.0012953367875647669,0.023316062176165803,10,0.0,0.0,20.38,0.0,0.0,0.0,1,False,,0.7551813471502591,0.8911917098445595,1.0362694300518134,1.1683937823834196,1.266839378238342,1.3873056994818653,1.494818652849741,1.6398963730569949,1.761658031088083,1.8769430051813472,2.010362694300518,2.1373056994818653,2.2590673575129534,2.3691709844559585,2.476683937823834,0.7551813471502591,0.8911917098445595,1.0362694300518134,1.1683937823834196,1.266839378238342,1.4119170984455958,1.5336787564766838,1.6489637305699483,1.782383419689119,1.9093264248704662,2.0194300518134716,2.126943005181347,2.268134715025907,2.422279792746114,2.5427461139896375,0.0012953367875647669,0.0025906735751295338,0.010362694300518135,0.015544041450777202,0.02461139896373057,0.03238341968911917,0.03756476683937824,0.04922279792746114,0.06217616580310881,0.07772020725388601,0.09067357512953368,0.12953367875647667,0.1567357512953368,0.17746113989637305,0.19948186528497408,0.023316062176165803,0.038860103626943004,0.05699481865284974,0.08419689119170984,0.11010362694300518,0.13471502590673576,0.16321243523316062,0.20984455958549222,0.23834196891191708,0.2810880829015544,0.3238341968911917,0.3536269430051813,0.3963730569948187,0.43523316062176165,0.47020725388601037,,,,
loto_6_49,649_katz75_prime25,30,True,1800,772,0.030259899998782203,top649,0.7318652849740933,4,0.0012953367875647669,0.019430051813471502,6,0.0,0.0,20.37,0.0,0.0,0.0,1,False,,0.7318652849740933,0.8613989637305699,0.9870466321243523,1.1126943005181347,1.2370466321243523,1.3626943005181347,1.5077720207253886,1.6347150259067358,1.7253886010362693,1.8419689119170986,1.971502590673575,2.0790155440414506,2.1955958549222796,2.314766839378238,2.448186528497409,0.7318652849740933,0.8613989637305699,0.9870466321243523,1.1126943005181347,1.2370466321243523,1.3626943005181347,1.5077720207253886,1.6347150259067358,1.7253886010362693,1.854922279792746,1.971502590673575,2.0906735751295336,2.2240932642487046,2.343264248704663,2.4805699481865284,0.0012953367875647669,0.0012953367875647669,0.0025906735751295338,0.006476683937823834,0.014248704663212436,0.025906735751295335,0.034974093264248704,0.04404145077720207,0.054404145077720206,0.06476683937823834,0.08290155440414508,0.10751295336787564,0.133419689119171,0.16062176165803108,0.19430051813471502,0.019430051813471502,0.03626943005181347,0.04792746113989637,0.07512953367875648,0.09844559585492228,0.13860103626943004,0.16709844559585493,0.19430051813471502,0.22279792746113988,0.27202072538860106,0.3160621761658031,0.344559585492228,0.38212435233160624,0.41450777202072536,0.45984455958549225,,,,
loto_6_49,649_katz75_prime25,60,False,1028,1544,0.03286180002032779,top649,0.7318652849740933,4,0.0012953367875647669,0.02266839378238342,5,0.0,0.0,20.37,0.0,0.0,0.0,1,False,,0.7318652849740933,0.8549222797927462,0.9773316062176166,1.1120466321243523,1.2389896373056994,1.3594559585492227,1.4766839378238341,1.5932642487046633,1.7079015544041452,1.83419689119171,1.9572538860103628,2.0783678756476682,2.2040155440414506,2.334844559585492,2.4468911917098444,0.7240932642487047,0.8588082901554405,0.9857512953367875,1.1062176165803108,1.2234455958549222,1.3400259067357514,1.4546632124352332,1.580958549222798,1.7040155440414508,1.8251295336787565,1.950777202072539,2.08160621761658,2.1936528497409324,2.316062176165803,2.4404145077720205,0.0012953367875647669,0.0038860103626943004,0.006476683937823834,0.008419689119170985,0.01683937823834197,0.02655440414507772,0.03367875647668394,0.04339378238341969,0.05764248704663212,0.06930051813471502,0.08937823834196891,0.10297927461139897,0.12823834196891193,0.15414507772020725,0.1800518134715026,0.02266839378238342,0.03432642487046632,0.04792746113989637,0.07577720207253887,0.10038860103626943,0.12888601036269431,0.15738341968911918,0.1878238341968912,0.22085492227979275,0.26424870466321243,0.3011658031088083,0.3484455958549223,0.38924870466321243,0.4326424870466321,0.47668393782383417,,,,
loto_6_49,649_katz75_prime25,60,True,1028,1544,0.022946099983528256,top649,0.7363989637305699,4,0.0006476683937823834,0.02461139896373057,8,0.0,0.0,20.38,0.0,0.0,0.0,1,False,,0.7363989637305699,0.8626943005181347,0.9857512953367875,1.1120466321243523,1.2344559585492227,1.3542746113989637,1.474740932642487,1.5958549222797926,1.6994818652849741,1.8154145077720207,1.932642487046632,2.0524611398963732,2.1664507772020727,2.2927461139896375,2.4112694300518136,0.7363989637305699,0.8626943005181347,0.9889896373056994,1.11139896373057,1.2312176165803108,1.3516839378238341,1.4727979274611398,1.5764248704663213,1.6962435233160622,1.8102331606217616,1.9365284974093264,2.055051813471503,2.1677461139896375,2.3082901554404147,2.4475388601036268,0.0006476683937823834,0.0019430051813471502,0.0051813471502590676,0.007772020725388601,0.010362694300518135,0.015544041450777202,0.02655440414507772,0.036917098445595854,0.04727979274611399,0.06347150259067358,0.08095854922279792,0.1016839378238342,0.12435233160621761,0.1411917098445596,0.16709844559585493,0.02461139896373057,0.03562176165803109,0.052461139896373056,0.0705958549222798,0.09455958549222798,0.12305699481865284,0.15479274611398963,0.18976683937823835,0.21955958549222798,0.24546632124352333,0.28303108808290156,0.3270725388601036,0.3646373056994819,0.41968911917098445,0.45531088082901555,,,,
loto_6_49,649_katz75_prime25,100,False,80,2492,0.03386980001232587,top649,0.7195024077046549,4,0.0004012841091492777,0.018057784911717497,5,0.0,0.0,20.38,0.0,0.0,0.0,1,False,,0.7195024077046549,0.8515248796147673,0.9727126805778491,1.0951043338683788,1.2170947030497592,1.343900481540931,1.4807383627608346,1.603932584269663,1.7335473515248796,1.8575441412520064,1.9807383627608346,2.100722311396469,2.226324237560193,2.3443017656500804,2.451043338683788,0.7195024077046549,0.8515248796147673,0.9727126805778491,1.0951043338683788,1.2170947030497592,1.343900481540931,1.4807383627608346,1.603932584269663,1.7335473515248796,1.8575441412520064,1.9807383627608346,2.100722311396469,2.226324237560193,2.3443017656500804,2.451043338683788,0.0004012841091492777,0.0036115569823434992,0.006019261637239166,0.00882825040128411,0.012439807383627608,0.01765650080256822,0.025280898876404494,0.036115569823434994,0.05096308186195827,0.06500802568218299,0.08226324237560192,0.10553772070626004,0.1332263242375602,0.15930979133226325,0.1817817014446228,0.018057784911717497,0.03089887640449438,0.04534510433386838,0.0630016051364366,0.08226324237560192,0.10914927768860354,0.14125200642054575,0.17857142857142858,0.22030497592295345,0.2604333868378812,0.30658105939004815,0.3475120385232745,0.3884430176565008,0.42857142857142855,0.46348314606741575,,,,
loto_6_49,649_katz75_prime25,100,True,80,2492,0.033907500008353963,top649,0.7195024077046549,4,0.0020064205457463883,0.019662921348314606,6,0.0,0.0,20.38,0.0,0.0,0.0,1,False,,0.7195024077046549,0.8559390048154093,0.9771268057784912,1.0975120385232744,1.2203049759229534,1.3402889245585874,1.452247191011236,1.5786516853932584,1.7130818619582664,1.8358747993579454,1.9606741573033708,2.0886837881219904,2.206661316211878,2.3330658105939004,2.452648475120385,0.7419743178170144,0.8631621187800963,0.9835473515248796,1.1063402889245586,1.2263242375601926,1.338282504012841,1.4646869983948636,1.5874799357945426,1.7122792937399678,1.8402889245585874,1.9582664526484752,2.0846709470304976,2.2042536115569824,2.338282504012841,2.457062600321027,0.0020064205457463883,0.0032102728731942215,0.0040128410914927765,0.006420545746388443,0.007624398073836276,0.012841091492776886,0.020465489566613163,0.03130016051364366,0.04534510433386838,0.06179775280898876,0.07825040128410915,0.10032102728731943,0.11677367576243981,0.14285714285714285,0.17295345104333867,0.019662921348314606,0.028892455858747994,0.045746388443017656,0.062199036918138044,0.08547351524879615,0.11677367576243981,0.1456661316211878,0.17736757624398075,0.2158908507223114,0.25441412520064205,0.29735152487961475,0.3430979133226324,0.3868378812199037,0.43298555377207065,0.47953451043338685,,,,
loto_6_49,ml_complement_nb,10,False,2314,258,0.11905350000597537,ml-bayes,0.6395348837209303,3,0.0,0.003875968992248062,4,85.5,42.8,20.4,0.0,0.0,0.0,1,False,,0.6395348837209303,0.7674418604651163,0.8604651162790697,1.0155038759689923,1.1085271317829457,1.2170542635658914,1.3565891472868217,1.4728682170542635,1.6085271317829457,1.7131782945736433,1.810077519379845,1.9186046511627908,2.050387596899225,2.197674418604651,2.3255813953488373,0.6395348837209303,0.7674418604651163,0.8604651162790697,1.0155038759689923,1.1085271317829457,1.2170542635658914,1.3565891472868217,1.4728682170542635,1.6085271317829457,1.7131782945736433,1.810077519379845,1.9186046511627908,2.065891472868217,2.193798449612403,2.313953488372093,0.0,0.0,0.0,0.003875968992248062,0.007751937984496124,0.007751937984496124,0.015503875968992248,0.027131782945736434,0.03875968992248062,0.06589147286821706,0.06976744186046512,0.07364341085271318,0.10077519379844961,0.12403100775193798,0.16666666666666666,0.003875968992248062,0.015503875968992248,0.03488372093023256,0.046511627906976744,0.05813953488372093,0.08139534883720931,0.09689922480620156,0.1434108527131783,0.1821705426356589,0.21705426356589147,0.25193798449612403,0.3062015503875969,0.35658914728682173,0.4108527131782946,0.437984496124031,,,,
loto_6_49,ml_complement_nb,10,True,2314,258,0.09679500001948327,ml-bayes,0.7054263565891473,3,0.0,0.027131782945736434,10,0.0,0.0,20.38,0.0,0.0,0.0,1,False,,0.7054263565891473,0.8410852713178295,0.9457364341085271,1.062015503875969,1.1744186046511629,1.3488372093023255,1.5077519379844961,1.6007751937984496,1.7093023255813953,1.8255813953488371,1.9573643410852712,2.0736434108527133,2.193798449612403,2.2868217054263567,2.4108527131782944,0.7054263565891473,0.8410852713178295,0.9457364341085271,1.062015503875969,1.1744186046511629,1.3488372093023255,1.5077519379844961,1.6007751937984496,1.7093023255813953,1.8255813953488371,1.9573643410852712,2.0736434108527133,2.2713178294573644,2.4031007751937983,2.546511627906977,0.0,0.0,0.0,0.003875968992248062,0.007751937984496124,0.011627906976744186,0.011627906976744186,0.015503875968992248,0.027131782945736434,0.04263565891472868,0.06589147286821706,0.07751937984496124,0.09302325581395349,0.11627906976744186,0.1434108527131783,0.027131782945736434,0.03488372093023256,0.05813953488372093,0.07751937984496124,0.08914728682170543,0.11627906976744186,0.14728682170542637,0.1744186046511628,0.22093023255813954,0.2558139534883721,0.29844961240310075,0.35271317829457366,0.39147286821705424,0.43023255813953487,0.4883720930232558,,,,
loto_6_49,ml_complement_nb,30,False,1800,772,0.11116880000918172,ml-bayes,0.6813471502590673,3,0.0,0.019430051813471502,10,0.0,0.0,20.38,0.0,0.0,0.0,1,False,,0.6813471502590673,0.8147668393782384,0.9417098445595855,1.0518134715025906,1.1968911917098446,1.3186528497409327,1.4209844559585492,1.5634715025906736,1.6800518134715026,1.8160621761658031,1.9145077720207253,2.022020725388601,2.1373056994818653,2.2590673575129534,2.3795336787564767,0.6813471502590673,0.8147668393782384,0.9417098445595855,1.0518134715025906,1.1968911917098446,1.3186528497409327,1.4209844559585492,1.5634715025906736,1.6800518134715026,1.8160621761658031,1.9145077720207253,2.0362694300518136,2.1813471502590676,2.2992227979274613,2.428756476683938,0.0,0.0012953367875647669,0.0012953367875647669,0.0038860103626943004,0.012953367875647668,0.01683937823834197,0.02461139896373057,0.02849740932642487,0.04404145077720207,0.06476683937823834,0.08160621761658031,0.09585492227979274,0.12046632124352331,0.14507772020725387,0.16709844559585493,0.019430051813471502,0.02849740932642487,0.04145077720207254,0.05829015544041451,0.08549222797927461,0.11398963730569948,0.13601036269430053,0.16580310880829016,0.20207253886010362,0.24611398963730569,0.27461139896373055,0.3069948186528497,0.35103626943005184,0.3950777202072539,0.4417098445595855,,,,
loto_6_49,ml_complement_nb,30,True,1800,772,0.12258819999988191,ml-bayes,0.7059585492227979,3,0.0,0.02072538860103627,6,85.5,42.8,20.4,0.0,0.0,0.0,1,False,,0.7059585492227979,0.8354922279792746,0.9715025906735751,1.0971502590673574,1.2409326424870466,1.3445595854922279,1.4598445595854923,1.589378238341969,1.7072538860103628,1.8147668393782384,1.9300518134715026,2.050518134715026,2.167098445595855,2.300518134715026,2.4417098445595853,0.7059585492227979,0.8354922279792746,0.9715025906735751,1.0971502590673574,1.2409326424870466,1.3562176165803108,1.4857512953367875,1.6062176165803108,1.7396373056994818,1.8808290155440415,1.983160621761658,2.116580310880829,2.2253886010362693,2.3510362694300517,2.488341968911917,0.0,0.0012953367875647669,0.0025906735751295338,0.006476683937823834,0.009067357512953367,0.018134715025906734,0.029792746113989636,0.04145077720207254,0.05310880829015544,0.06347150259067358,0.08290155440414508,0.10362694300518134,0.12046632124352331,0.15284974093264247,0.18523316062176165,0.02072538860103627,0.02849740932642487,0.04533678756476684,0.06865284974093264,0.09974093264248704,0.12564766839378239,0.1567357512953368,0.1955958549222798,0.22927461139896374,0.25777202072538863,0.2914507772020725,0.3316062176165803,0.37694300518134716,0.42487046632124353,0.4740932642487047,,,,
loto_6_49,ml_complement_nb,60,False,1028,1544,0.13084550001076423,ml-bayes,0.7376943005181347,4,0.0019430051813471502,0.020077720207253884,5,85.8,42.9,20.4,0.0,0.0,0.0,1,False,,0.7376943005181347,0.8484455958549223,0.9604922279792746,1.0829015544041452,1.202720207253886,1.3296632124352332,1.4604922279792747,1.5790155440414508,1.6917098445595855,1.8069948186528497,1.9196891191709844,2.050518134715026,2.1580310880829017,2.2810880829015545,2.403497409326425,0.7376943005181347,0.8484455958549223,0.9604922279792746,1.0829015544041452,1.202720207253886,1.3296632124352332,1.4604922279792747,1.5790155440414508,1.6917098445595855,1.8069948186528497,1.9145077720207253,2.0375647668393784,2.1580310880829017,2.2927461139896375,2.409974093264249,0.0019430051813471502,0.0045336787564766836,0.006476683937823834,0.010362694300518135,0.016191709844559584,0.021373056994818652,0.03238341968911917,0.04015544041450777,0.05310880829015544,0.06865284974093264,0.08031088082901554,0.09650259067357513,0.11981865284974093,0.1405440414507772,0.16968911917098445,0.020077720207253884,0.03432642487046632,0.05181347150259067,0.06930051813471502,0.09132124352331607,0.11593264248704663,0.1489637305699482,0.17875647668393782,0.20984455958549222,0.23704663212435234,0.27914507772020725,0.3238341968911917,0.35686528497409326,0.3950777202072539,0.4475388601036269,,,,
loto_6_49,ml_complement_nb,60,True,1028,1544,0.11250680001103319,ml-bayes,0.711139896373057,4,0.0019430051813471502,0.018134715025906734,8,0.0,0.0,20.38,0.0,0.0,0.0,1,False,,0.711139896373057,0.8393782383419689,0.9591968911917098,1.1010362694300517,1.241580310880829,1.3601036269430051,1.4876943005181347,1.5945595854922279,1.7117875647668395,1.83419689119171,1.9740932642487046,2.0939119170984455,2.233160621761658,2.368523316062176,2.4721502590673574,0.711139896373057,0.8393782383419689,0.9591968911917098,1.1010362694300517,1.241580310880829,1.3601036269430051,1.4876943005181347,1.5945595854922279,1.7117875647668395,1.83419689119171,1.9740932642487046,2.0939119170984455,2.233160621761658,2.368523316062176,2.4721502590673574,0.0019430051813471502,0.0025906735751295338,0.0038860103626943004,0.007772020725388601,0.011010362694300517,0.017487046632124352,0.025906735751295335,0.03562176165803109,0.04792746113989637,0.05958549222797927,0.07577720207253887,0.09585492227979274,0.11787564766839378,0.15479274611398963,0.17551813471502592,0.018134715025906734,0.03432642487046632,0.04598445595854922,0.06606217616580311,0.086139896373057,0.10880829015544041,0.1483160621761658,0.17681347150259066,0.21437823834196892,0.25,0.3089378238341969,0.34650259067357514,0.39702072538860106,0.44494818652849744,0.4838082901554404,,,,
loto_6_49,ml_complement_nb,100,False,80,2492,0.12363250000635162,ml-bayes,0.7347512038523274,4,0.0020064205457463883,0.01765650080256822,5,85.8,42.9,20.4,0.0,0.0,0.0,1,False,,0.7347512038523274,0.8543338683788122,0.9835473515248796,1.1167736757624398,1.2395666131621188,1.3691813804173354,1.4799357945425362,1.6003210272873194,1.7215088282504012,1.8334670947030498,1.953852327447833,2.071829855537721,2.196629213483146,2.3045746388443016,2.4213483146067416,0.7347512038523274,0.8543338683788122,0.9835473515248796,1.1167736757624398,1.2395666131621188,1.3691813804173354,1.4903691813804174,1.6023274478330658,1.7227126805778492,1.8406902086677368,1.9654895666131622,2.073434991974318,2.201845906902087,2.332664526484751,2.456661316211878,0.0020064205457463883,0.002407704654895666,0.004414125200642055,0.008426966292134831,0.011235955056179775,0.016853932584269662,0.024478330658105937,0.03330658105939005,0.045746388443017656,0.059791332263242375,0.07664526484751204,0.09550561797752809,0.12199036918138041,0.14486356340288925,0.17536115569823435,0.01765650080256822,0.027287319422150885,0.04373996789727127,0.06260032102728733,0.08868378812199038,0.12158908507223114,0.14526484751203853,0.17375601926163725,0.21147672552166935,0.25120385232744785,0.2929373996789727,0.3346709470304976,0.3792134831460674,0.4209470304975923,0.4618780096308186,,,,
loto_6_49,ml_complement_nb,100,True,80,2492,0.12772319998475723,ml-bayes,0.7170947030497592,4,0.001203852327447833,0.021669341894060994,6,85.8,42.9,20.4,0.0,0.0,0.0,1,False,,0.7170947030497592,0.8350722311396469,0.9538523274478331,1.073836276083467,1.2102728731942216,1.3314606741573034,1.447833065810594,1.5730337078651686,1.6958266452648476,1.8206260032102728,1.9402086677367576,2.0545746388443016,2.186195826645265,2.3202247191011236,2.4430176565008024,0.7170947030497592,0.8350722311396469,0.9538523274478331,1.073836276083467,1.2102728731942216,1.3314606741573034,1.447833065810594,1.5730337078651686,1.6958266452648476,1.8206260032102728,1.9402086677367576,2.0545746388443016,2.186195826645265,2.3202247191011236,2.4430176565008024,0.001203852327447833,0.0032102728731942215,0.0032102728731942215,0.0072231139646869984,0.014044943820224719,0.020064205457463884,0.026886035313001606,0.03812199036918138,0.05016051364365971,0.06059390048154093,0.07504012841091492,0.09269662921348315,0.11556982343499198,0.14245585874799357,0.17415730337078653,0.021669341894060994,0.03089887640449438,0.04534510433386838,0.06821829855537721,0.09430176565008026,0.11998394863563402,0.14446227929373998,0.17495987158908508,0.20906902086677367,0.25120385232744785,0.2965489566613162,0.33747993579454255,0.3864365971107544,0.4353932584269663,0.47792937399678975,,,,
loto_6_49,ml_nearest_centroid,10,False,2314,258,0.23061100000631995,ml-knn,0.6124031007751938,3,0.0,0.007751937984496124,4,90.4,58.5,20.4,0.0,0.0,0.0,1,False,,0.6124031007751938,0.7054263565891473,0.8565891472868217,0.9534883720930233,1.1085271317829457,1.2170542635658914,1.3294573643410852,1.4767441860465116,1.5930232558139534,1.7325581395348837,1.8372093023255813,1.9728682170542635,2.0697674418604652,2.205426356589147,2.302325581395349,0.6124031007751938,0.7054263565891473,0.8565891472868217,0.9534883720930233,1.1085271317829457,1.2170542635658914,1.3294573643410852,1.4767441860465116,1.5930232558139534,1.7325581395348837,1.8372093023255813,1.9728682170542635,2.0697674418604652,2.2325581395348837,2.368217054263566,0.0,0.003875968992248062,0.003875968992248062,0.003875968992248062,0.007751937984496124,0.007751937984496124,0.007751937984496124,0.027131782945736434,0.04263565891472868,0.05813953488372093,0.07751937984496124,0.09689922480620156,0.10465116279069768,0.11627906976744186,0.12403100775193798,0.007751937984496124,0.015503875968992248,0.04263565891472868,0.046511627906976744,0.05813953488372093,0.08139534883720931,0.10077519379844961,0.13953488372093023,0.1744186046511628,0.19767441860465115,0.2364341085271318,0.27906976744186046,0.313953488372093,0.3682170542635659,0.41472868217054265,,,,
loto_6_49,ml_nearest_centroid,10,True,2314,258,0.2198847000254318,ml-knn,0.7131782945736435,3,0.0,0.015503875968992248,10,90.4,58.5,20.4,0.0,0.0,0.0,1,False,,0.7131782945736435,0.8333333333333334,0.9922480620155039,1.0891472868217054,1.2325581395348837,1.3449612403100775,1.4806201550387597,1.5968992248062015,1.7015503875968991,1.875968992248062,1.9534883720930232,2.046511627906977,2.1627906976744184,2.255813953488372,2.364341085271318,0.7131782945736435,0.872093023255814,0.9689922480620154,1.1124031007751938,1.2248062015503876,1.3604651162790697,1.4767441860465116,1.5813953488372092,1.755813953488372,1.8333333333333333,1.926356589147287,2.0426356589147288,2.1511627906976742,2.2674418604651163,2.356589147286822,0.0,0.0,0.0,0.0,0.007751937984496124,0.011627906976744186,0.023255813953488372,0.027131782945736434,0.04263565891472868,0.06589147286821706,0.07751937984496124,0.08914728682170543,0.1124031007751938,0.12015503875968993,0.15891472868217055,0.015503875968992248,0.03488372093023256,0.050387596899224806,0.06589147286821706,0.1124031007751938,0.13565891472868216,0.15891472868217055,0.17829457364341086,0.21705426356589147,0.2441860465116279,0.27906976744186046,0.3178294573643411,0.3682170542635659,0.4108527131782946,0.4418604651162791,,,,
loto_6_49,ml_nearest_centroid,30,False,1800,772,0.217211099981796,ml-knn,0.6968911917098446,3,0.0,0.014248704663212436,10,85.1,42.5,20.4,0.0,0.0,0.0,1,False,,0.6968911917098446,0.8173575129533679,0.9248704663212435,1.0427461139896372,1.1852331606217616,1.3069948186528497,1.4520725388601037,1.5738341968911918,1.7189119170984455,1.854922279792746,1.9909326424870466,2.1360103626943006,2.2629533678756477,2.3924870466321244,2.533678756476684,0.6968911917098446,0.8173575129533679,0.9248704663212435,1.0427461139896372,1.1852331606217616,1.3069948186528497,1.4520725388601037,1.5971502590673574,1.733160621761658,1.8691709844559585,1.9961139896373057,2.1256476683937824,2.266839378238342,2.38860103626943,2.4870466321243523,0.0,0.0,0.0038860103626943004,0.006476683937823834,0.009067357512953367,0.011658031088082901,0.01683937823834197,0.027202072538860103,0.042746113989637305,0.06865284974093264,0.09067357512953368,0.11658031088082901,0.13730569948186527,0.16580310880829016,0.19818652849740934,0.014248704663212436,0.029792746113989636,0.042746113989637305,0.05699481865284974,0.07642487046632124,0.10880829015544041,0.15025906735751296,0.18652849740932642,0.23186528497409326,0.27202072538860106,0.31476683937823835,0.36787564766839376,0.41321243523316065,0.45984455958549225,0.5038860103626943,,,,
loto_6_49,ml_nearest_centroid,30,True,1800,772,0.22349089998169802,ml-knn,0.716321243523316,3,0.0,0.015544041450777202,6,90.4,58.5,20.4,0.0,0.0,0.0,1,False,,0.716321243523316,0.8458549222797928,0.9650259067357513,1.1010362694300517,1.2344559585492227,1.349740932642487,1.4909326424870466,1.6243523316062176,1.7266839378238341,1.8445595854922279,1.9481865284974094,2.08160621761658,2.2072538860103625,2.332901554404145,2.4702072538860103,0.716321243523316,0.8458549222797928,0.9650259067357513,1.1010362694300517,1.2344559585492227,1.349740932642487,1.4909326424870466,1.6243523316062176,1.7266839378238341,1.8601036269430051,1.9857512953367875,2.11139896373057,2.2487046632124352,2.376943005181347,2.4857512953367875,0.0,0.0012953367875647669,0.0025906735751295338,0.0051813471502590676,0.011658031088082901,0.023316062176165803,0.027202072538860103,0.03756476683937824,0.04922279792746114,0.05829015544041451,0.07512953367875648,0.09326424870466321,0.12176165803108809,0.16062176165803108,0.18911917098445596,0.015544041450777202,0.029792746113989636,0.046632124352331605,0.06735751295336788,0.08549222797927461,0.10880829015544041,0.15414507772020725,0.2033678756476684,0.22927461139896374,0.266839378238342,0.3018134715025907,0.3432642487046632,0.38082901554404147,0.422279792746114,0.47020725388601037,,,,
loto_6_49,ml_nearest_centroid,60,False,1028,1544,0.22841859998879954,ml-knn,0.7376943005181347,4,0.0019430051813471502,0.020077720207253884,5,85.3,42.6,20.4,0.0,0.0,0.0,1,False,,0.7376943005181347,0.8620466321243523,0.9740932642487047,1.096502590673575,1.2072538860103628,1.3270725388601037,1.4617875647668395,1.5874352331606219,1.6949481865284974,1.8154145077720207,1.942357512953368,2.0608808290155443,2.1904145077720205,2.312823834196891,2.425518134715026,0.7376943005181347,0.8620466321243523,0.9740932642487047,1.096502590673575,1.2072538860103628,1.3270725388601037,1.4617875647668395,1.569300518134715,1.6897668393782384,1.8167098445595855,1.9352331606217616,2.0479274611398965,2.1709844559585494,2.2862694300518136,2.430051813471503,0.0019430051813471502,0.003238341968911917,0.006476683937823834,0.008419689119170985,0.014896373056994818,0.023963730569948185,0.03173575129533679,0.04533678756476684,0.054404145077720206,0.06994818652849741,0.08743523316062177,0.10427461139896373,0.13082901554404144,0.15479274611398963,0.17681347150259066,0.020077720207253884,0.03562176165803109,0.05181347150259067,0.07772020725388601,0.09844559585492228,0.12176165803108809,0.15414507772020725,0.1878238341968912,0.21955958549222798,0.25582901554404147,0.2966321243523316,0.34196891191709844,0.38147668393782386,0.4274611398963731,0.45984455958549225,,,,
loto_6_49,ml_nearest_centroid,60,True,1028,1544,0.23836100002517924,ml-knn,0.7383419689119171,4,0.0019430051813471502,0.020077720207253884,8,90.1,58.5,20.4,0.0,0.0,0.0,1,False,,0.7383419689119171,0.852979274611399,0.9727979274611399,1.1003886010362693,1.2409326424870466,1.3691709844559585,1.4954663212435233,1.6178756476683938,1.7351036269430051,1.8555699481865284,1.9753886010362693,2.115284974093264,2.2338082901554404,2.356217616580311,2.463082901554404,0.7383419689119171,0.852979274611399,0.9727979274611399,1.1003886010362693,1.2409326424870466,1.3691709844559585,1.4954663212435233,1.6178756476683938,1.7351036269430051,1.8555699481865284,1.9753886010362693,2.115284974093264,2.2338082901554404,2.356217616580311,2.463082901554404,0.0019430051813471502,0.003238341968911917,0.0051813471502590676,0.008419689119170985,0.011010362694300517,0.017487046632124352,0.02849740932642487,0.04145077720207254,0.05310880829015544,0.06541450777202072,0.08095854922279792,0.10492227979274611,0.12629533678756477,0.15025906735751296,0.1716321243523316,0.020077720207253884,0.03173575129533679,0.04404145077720207,0.06800518134715026,0.09585492227979274,0.12305699481865284,0.15997409326424872,0.19430051813471502,0.23186528497409326,0.26878238341968913,0.29987046632124353,0.3536269430051813,0.39313471502590674,0.4378238341968912,0.4805699481865285,,,,
loto_6_49,ml_nearest_centroid,100,False,80,2492,0.21036040000035428,ml-knn,0.7343499197431782,4,0.0016051364365971107,0.016452648475120384,5,86.0,43.0,20.4,0.0,0.0,0.0,1,False,,0.7343499197431782,0.8635634028892456,0.9835473515248796,1.115569823434992,1.2487961476725522,1.3607544141252006,1.4819422150882826,1.6071428571428572,1.7299357945425362,1.8487158908507224,1.9735152487961476,2.1019261637239164,2.2243178170144464,2.3647672552166936,2.482744783306581,0.7343499197431782,0.8635634028892456,0.9835473515248796,1.115569823434992,1.2487961476725522,1.3607544141252006,1.4819422150882826,1.6047351524879614,1.7295345104333868,1.8579454253611556,1.9803370786516854,2.1207865168539324,2.2387640449438204,2.3591492776886036,2.489967897271268,0.0016051364365971107,0.0020064205457463883,0.004414125200642055,0.00882825040128411,0.01565008025682183,0.02247191011235955,0.028892455858747994,0.042134831460674156,0.0521669341894061,0.06540930979133226,0.08105939004815409,0.10192616372391654,0.12199036918138041,0.15248796147672553,0.18298555377207062,0.016452648475120384,0.03089887640449438,0.04373996789727127,0.06179775280898876,0.08587479935794542,0.11235955056179775,0.1492776886035313,0.18258426966292135,0.2174959871589085,0.25080256821829855,0.2929373996789727,0.33908507223113965,0.38402889245585875,0.43579454253611555,0.47953451043338685,,,,
loto_6_49,ml_nearest_centroid,100,True,80,2492,0.21087849998730235,ml-knn,0.7078651685393258,3,0.0,0.016853932584269662,6,86.0,43.0,20.4,0.0,0.0,0.0,1,False,,0.7078651685393258,0.8258426966292135,0.9598715890850722,1.0878812199036918,1.213884430176565,1.3402889245585874,1.4614767255216694,1.5878812199036918,1.7126805778491172,1.8326645264847512,1.9490369181380418,2.0686195826645264,2.182584269662921,2.2969502407704656,2.4197431781701444,0.7078651685393258,0.8258426966292135,0.9598715890850722,1.0878812199036918,1.2142857142857142,1.3354735152487962,1.4618780096308186,1.586677367576244,1.706661316211878,1.8230337078651686,1.9426163723916532,2.0569823434991976,2.1797752808988764,2.293338683788122,2.412921348314607,0.0,0.0008025682182985554,0.0020064205457463883,0.00521669341894061,0.008426966292134831,0.014446227929373997,0.024478330658105937,0.034911717495987156,0.04654895666131621,0.059791332263242375,0.07664526484751204,0.09510433386837881,0.11195826645264847,0.13523274478330657,0.16332263242375603,0.016853932584269662,0.02608346709470305,0.042134831460674156,0.06540930979133226,0.08507223113964688,0.11316211878009631,0.14325842696629212,0.17656500802568217,0.21348314606741572,0.2532102728731942,0.29213483146067415,0.3326645264847512,0.37720706260032105,0.41974317817014445,0.46990369181380415,,,,
loto_5_40,frequency,10,False,1550,173,0.008149899978889152,baseline,0.7167630057803468,3,0.0,0.005780346820809248,4,100.0,100.0,20.4,0.0,0.0,0.0,1,False,,0.8265895953757225,0.953757225433526,1.0982658959537572,1.2080924855491328,1.3526011560693643,1.4797687861271676,1.6011560693641618,1.7572254335260116,1.8728323699421965,1.9826589595375723,2.086705202312139,2.1734104046242773,2.3121387283236996,2.439306358381503,,0.8265895953757225,0.953757225433526,1.0982658959537572,1.2080924855491328,1.3526011560693643,1.4797687861271676,1.6358381502890174,1.7514450867052023,1.861271676300578,1.9653179190751444,2.1040462427745665,2.23121387283237,2.3236994219653178,2.4277456647398843,,0.0,0.0,0.0,0.005780346820809248,0.005780346820809248,0.011560693641618497,0.011560693641618497,0.03468208092485549,0.046242774566473986,0.05202312138728324,0.06936416184971098,0.09248554913294797,0.11560693641618497,0.15606936416184972,,0.005780346820809248,0.017341040462427744,0.046242774566473986,0.06936416184971098,0.09826589595375723,0.11560693641618497,0.17341040462427745,0.2023121387283237,0.24277456647398843,0.2774566473988439,0.3063583815028902,0.34104046242774566,0.4046242774566474,0.44508670520231214,,0.7167630057803468,0.7167630057803468,0.0,0.005780346820809248
loto_5_40,frequency,10,True,1550,173,0.009575900010531768,baseline,0.6763005780346821,3,0.0,0.023121387283236993,4,0.0,0.0,20.4,0.0,0.0,0.0,1,False,,0.8439306358381503,0.9190751445086706,1.0520231213872833,1.1965317919075145,1.329479768786127,1.4046242774566473,1.5144508670520231,1.6242774566473988,1.7514450867052023,1.8670520231213872,1.9884393063583814,2.121387283236994,2.2254335260115607,2.3583815028901736,,0.8439306358381503,0.9190751445086706,1.0520231213872833,1.1965317919075145,1.329479768786127,1.4046242774566473,1.5144508670520231,1.6242774566473988,1.7514450867052023,1.8670520231213872,2.0,2.1040462427745665,2.2369942196531793,2.3699421965317917,,0.0,0.0,0.0,0.0,0.005780346820809248,0.017341040462427744,0.023121387283236993,0.03468208092485549,0.03468208092485549,0.05202312138728324,0.06358381502890173,0.08670520231213873,0.09248554913294797,0.11560693641618497,,0.03468208092485549,0.03468208092485549,0.04046242774566474,0.09248554913294797,0.1329479768786127,0.15028901734104047,0.1907514450867052,0.23121387283236994,0.24277456647398843,0.2774566473988439,0.2947976878612717,0.3352601156069364,0.3872832369942196,0.43352601156069365,,0.6763005780346821,0.6763005780346821,0.0,0.023121387283236993
loto_5_40,frequency,30,False,1206,517,0.014621600013924763,baseline,0.6499032882011605,3,0.0,0.005802707930367505,6,0.0,0.0,20.4,0.0,0.0,0.0,1,False,,0.8027079303675049,0.9226305609284333,1.0425531914893618,1.1760154738878144,1.3172147001934236,1.4294003868471954,1.5357833655705997,1.6382978723404256,1.7620889748549322,1.8916827852998066,2.04642166344294,2.1914893617021276,2.274661508704062,2.388781431334623,,0.8027079303675049,0.9226305609284333,1.0425531914893618,1.1760154738878144,1.3172147001934236,1.4294003868471954,1.5357833655705997,1.6382978723404256,1.7620889748549322,1.8916827852998066,2.04642166344294,2.1914893617021276,2.274661508704062,2.388781431334623,,0.0,0.0,0.0019342359767891683,0.0019342359767891683,0.005802707930367505,0.013539651837524178,0.029013539651837523,0.0367504835589942,0.05222437137330754,0.06769825918762089,0.09284332688588008,0.11218568665377177,0.13733075435203096,0.1528046421663443,,0.017408123791102514,0.03288201160541586,0.05222437137330754,0.07543520309477757,0.11411992263056092,0.14119922630560927,0.16247582205029013,0.2011605415860735,0.23017408123791103,0.2727272727272727,0.32108317214700194,0.3694390715667311,0.3849129593810445,0.43133462282398455,,0.6499032882011605,0.6499032882011605,0.0,0.005802707930367505
loto_5_40,frequency,30,True,1206,517,0.01143510002293624,baseline,0.5880077369439072,3,0.0,0.01160541586073501,4,0.0,0.0,20.4,0.0,0.0,0.0,1,False,,0.7021276595744681,0.8027079303675049,0.9303675048355899,1.0425531914893618,1.1740812379110253,1.297872340425532,1.460348162475822,1.609284332688588,1.7330754352030948,1.8800773694390716,2.001934235976789,2.135396518375242,2.2688588007736943,2.3984526112185685,,0.7021276595744681,0.8027079303675049,0.9303675048355899,1.0425531914893618,1.1740812379110253,1.297872340425532,1.460348162475822,1.609284332688588,1.7330754352030948,1.8800773694390716,2.001934235976789,2.1315280464216633,2.251450676982592,2.400386847195358,,0.0,0.0,0.0038684719535783366,0.0038684719535783366,0.005802707930367505,0.007736943907156673,0.02321083172147002,0.03288201160541586,0.04642166344294004,0.061895551257253385,0.07543520309477757,0.09284332688588008,0.1218568665377176,0.1528046421663443,,0.019342359767891684,0.02127659574468085,0.03288201160541586,0.048355899419729204,0.0851063829787234,0.11798839458413926,0.1470019342359768,0.17988394584139264,0.218568665377176,0.2611218568665377,0.2940038684719536,0.3539651837524178,0.3945841392649903,0.4448742746615087,,0.5880077369439072,0.5880077369439072,0.0,0.01160541586073501
loto_5_40,frequency,60,False,689,1034,0.017559399973833933,baseline,0.6034816247582205,3,0.0,0.005802707930367505,4,0.0,0.0,20.4,0.0,0.0,0.0,1,False,,0.7379110251450677,0.867504835589942,1.0058027079303675,1.148936170212766,1.2756286266924566,1.38394584139265,1.5087040618955512,1.6363636363636365,1.7707930367504836,1.8984526112185687,2.0406189555125724,2.16247582205029,2.304642166344294,2.4284332688588006,,0.7379110251450677,0.867504835589942,1.0058027079303675,1.148936170212766,1.2756286266924566,1.38394584139265,1.511605415860735,1.6392649903288201,1.7814313346228239,1.9235976789168279,2.0473887814313345,2.1905222437137333,2.3056092843326885,2.4410058027079304,,0.0,0.0,0.0038684719535783366,0.004835589941972921,0.009671179883945842,0.014506769825918761,0.02127659574468085,0.029980657640232108,0.04061895551257253,0.05319148936170213,0.0735009671179884,0.09574468085106383,0.11992263056092843,0.1528046421663443,,0.01160541586073501,0.027079303675048357,0.041586073500967116,0.06479690522243714,0.086073500967118,0.11121856866537717,0.14410058027079303,0.17408123791102514,0.2205029013539652,0.2620889748549323,0.3065764023210832,0.35589941972920697,0.4158607350096712,0.45938104448742745,,0.6034816247582205,0.6034816247582205,0.0,0.005802707930367505
loto_5_40,frequency,60,True,689,1034,0.0182253000093624,baseline,0.6276595744680851,4,0.0009671179883945841,0.008704061895551257,4,0.0,0.0,20.4,0.0,0.0,0.0,1,False,,0.7504835589941973,0.8752417794970987,1.0038684719535784,1.1295938104448742,1.260154738878143,1.402321083172147,1.5319148936170213,1.6402321083172147,1.7611218568665377,1.8955512572533848,2.007736943907157,2.118955512572534,2.264990328820116,2.376208897485493,,0.7504835589941973,0.8752417794970987,1.0038684719535784,1.1295938104448742,1.260154738878143,1.402321083172147,1.5106382978723405,1.6315280464216635,1.7659574468085106,1.8781431334622825,1.9893617021276595,2.135396518375242,2.246615087040619,2.395551257253385,,0.0029013539651837525,0.0038684719535783366,0.0038684719535783366,0.004835589941972921,0.008704061895551257,0.015473887814313346,0.025145067698259187,0.029980657640232108,0.045454545454545456,0.058027079303675046,0.07736943907156674,0.08897485493230174,0.11315280464216634,0.13539651837524178,,0.014506769825918761,0.030947775628626693,0.043520309477756286,0.06479690522243714,0.09381044487427466,0.13346228239845262,0.1644100580270793,0.20406189555125726,0.2379110251450677,0.27949709864603484,0.32205029013539654,0.36266924564796904,0.41876208897485495,0.46131528046421666,,0.6276595744680851,0.6276595744680851,0.0009671179883945841,0.008704061895551257
loto_5_40,frequency,100,False,80,1643,0.022279800003161654,baseline,0.6262933657942787,3,0.0,0.010955569080949483,3,90.6,90.6,20.4,0.0,0.0,0.0,1,False,,0.7401095556908095,0.8764455264759586,1.0066950699939137,1.1369446135118686,1.2641509433962264,1.396835057821059,1.494826536822885,1.6098600121728546,1.7468046256847232,1.866707242848448,2.002434570906878,2.1399878271454655,2.2586731588557516,2.384053560559951,,0.7401095556908095,0.8764455264759586,1.0066950699939137,1.1369446135118686,1.2641509433962264,1.396835057821059,1.494826536822885,1.6098600121728546,1.7468046256847232,1.866707242848448,2.002434570906878,2.1399878271454655,2.2586731588557516,2.384053560559951,,0.0006086427267194157,0.0018259281801582471,0.0018259281801582471,0.004869141813755326,0.011564211807668898,0.02008520998174072,0.02251978088861838,0.0310407790626902,0.041387705416920266,0.05295191722458917,0.06390748630553865,0.0852099817407182,0.11138161898965307,0.1436396835057821,,0.016433353621424222,0.027388922702373707,0.04564820450395618,0.07425441265976872,0.0967741935483871,0.13146682897139378,0.1503347534996957,0.18137553256238587,0.2245891661594644,0.25441265976871574,0.30736457699330494,0.36640292148508824,0.40961655508216677,0.45526475958612295,,0.6262933657942787,0.6262933657942787,0.0,0.010955569080949483
loto_5_40,frequency,100,True,80,1643,0.022805300017353147,baseline,0.6116859403530128,3,0.0,0.00852099817407182,5,0.0,0.0,20.4,0.0,0.0,0.0,1,False,,0.7541083384053561,0.8788800973828362,0.995739500912964,1.118685331710286,1.2513694461351186,1.37492391965916,1.5039561777236763,1.6415094339622642,1.7534996956786366,1.872793670115642,1.991479001825928,2.1180766889835665,2.2452830188679247,2.381010346926354,,0.7541083384053561,0.8788800973828362,0.995739500912964,1.118685331710286,1.2513694461351186,1.37492391965916,1.5039561777236763,1.6232501521606817,1.7419354838709677,1.8685331710286062,1.9957395009129641,2.131466828971394,2.266585514303104,2.3919659160073037,,0.0006086427267194157,0.0012172854534388314,0.0018259281801582471,0.00426049908703591,0.009129640900791236,0.013390139987827145,0.02008520998174072,0.030432136335970784,0.03956177723676202,0.05538648813146683,0.07486305538648813,0.09068776628119293,0.11320754716981132,0.14181375532562385,,0.017650639074863056,0.02799756542909312,0.04564820450395618,0.06999391357273281,0.0967741935483871,0.1241631162507608,0.15702982349360925,0.1929397443700548,0.23006695069993913,0.27084601339014,0.3091905051734632,0.35605599513085817,0.3986609860012173,0.45952525867315885,,0.6116859403530128,0.6116859403530128,0.0,0.00852099817407182
loto_5_40,random,10,False,1550,173,0.0030223999929148704,baseline,0.5549132947976878,3,0.0,0.005780346820809248,4,0.0,0.0,20.4,0.0,0.0,0.0,1,False,,0.6763005780346821,0.7861271676300579,0.9421965317919075,1.0809248554913296,1.2427745664739884,1.3815028901734103,1.4508670520231215,1.5664739884393064,1.7052023121387283,1.8208092485549132,1.930635838150289,2.0751445086705202,2.2023121387283235,2.2947976878612715,,0.6647398843930635,0.8208092485549133,0.9595375722543352,1.0982658959537572,1.1676300578034682,1.283236994219653,1.4219653179190752,1.5375722543352601,1.6473988439306357,1.7919075144508672,1.9190751445086704,2.0115606936416186,2.121387283236994,2.2658959537572256,,0.0,0.0,0.0,0.005780346820809248,0.005780346820809248,0.011560693641618497,0.011560693641618497,0.023121387283236993,0.046242774566473986,0.046242774566473986,0.05202312138728324,0.08092485549132948,0.11560693641618497,0.1329479768786127,,0.017341040462427744,0.028901734104046242,0.04046242774566474,0.057803468208092484,0.09826589595375723,0.1329479768786127,0.1329479768786127,0.15606936416184972,0.1907514450867052,0.23699421965317918,0.2947976878612717,0.32947976878612717,0.37572254335260113,0.41040462427745666,,0.5549132947976878,0.5549132947976878,0.0,0.005780346820809248
loto_5_40,random,10,True,1550,173,0.0036700000055134296,baseline,0.5780346820809249,3,0.0,0.005780346820809248,4,0.0,0.0,20.4,0.0,0.0,0.0,1,False,,0.6878612716763006,0.8670520231213873,0.9826589595375722,1.1098265895953756,1.277456647398844,1.4046242774566473,1.4797687861271676,1.6127167630057804,1.7283236994219653,1.8439306358381502,1.976878612716763,2.086705202312139,2.213872832369942,2.3815028901734103,,0.7456647398843931,0.861271676300578,0.9884393063583815,1.1560693641618498,1.283236994219653,1.3583815028901733,1.4913294797687862,1.606936416184971,1.739884393063584,1.8497109826589595,1.976878612716763,2.1445086705202314,2.2369942196531793,2.346820809248555,,0.0,0.0,0.0,0.0,0.011560693641618497,0.011560693641618497,0.017341040462427744,0.017341040462427744,0.04046242774566474,0.057803468208092484,0.08092485549132948,0.10982658959537572,0.11560693641618497,0.13872832369942195,,0.005780346820809248,0.011560693641618497,0.03468208092485549,0.057803468208092484,0.08670520231213873,0.12138728323699421,0.13872832369942195,0.1676300578034682,0.20809248554913296,0.21965317919075145,0.24855491329479767,0.2774566473988439,0.3468208092485549,0.43352601156069365,,0.5780346820809249,0.5664739884393064,0.0,0.005780346820809248
loto_5_40,random,30,False,1206,517,0.007765199989080429,baseline,0.5145067698259188,3,0.0,0.007736943907156673,6,0.0,0.0,20.4,0.0,0.0,0.0,1,False,,0.6170212765957447,0.7717601547388782,0.9052224371373307,1.0406189555125724,1.1528046421663443,1.264990328820116,1.4042553191489362,1.5377176015473888,1.6692456479690523,1.7891682785299807,1.920696324951644,2.0735009671179885,2.1856866537717603,2.3288201160541586,,0.6170212765957447,0.7717601547388782,0.9052224371373307,1.0406189555125724,1.1528046421663443,1.264990328820116,1.3984526112185687,1.5183752417794971,1.6499032882011606,1.8027079303675049,1.9148936170212767,2.0560928433268857,2.1856866537717603,2.3056092843326885,,0.0019342359767891683,0.005802707930367505,0.009671179883945842,0.009671179883945842,0.013539651837524178,0.019342359767891684,0.027079303675048357,0.03868471953578337,0.04642166344294004,0.061895551257253385,0.0851063829787234,0.10444874274661509,0.11992263056092843,0.14313346228239845,,0.01160541586073501,0.02127659574468085,0.03288201160541586,0.048355899419729204,0.07156673114119923,0.08704061895551257,0.13539651837524178,0.17408123791102514,0.21663442940038685,0.2379110251450677,0.2746615087040619,0.32495164410058025,0.36750483558994196,0.425531914893617,,0.5145067698259188,0.5145067698259188,0.0,0.007736943907156673
loto_5_40,random,30,True,1206,517,0.007541700004367158,baseline,0.6150870406189555,4,0.0019342359767891683,0.015473887814313346,4,0.0,0.0,20.4,0.0,0.0,0.0,1,False,,0.7369439071566731,0.8704061895551257,0.9961315280464217,1.1083172147001934,1.2185686653771761,1.367504835589942,1.4874274661508704,1.5996131528046422,1.7330754352030948,1.8568665377176015,1.9806576402321083,2.1102514506769827,2.2263056092843327,2.377176015473888,,0.7369439071566731,0.8626692456479691,0.9748549323017408,1.0851063829787233,1.2340425531914894,1.3539651837524178,1.4661508704061896,1.5996131528046422,1.7234042553191489,1.8471953578336557,1.97678916827853,2.09284332688588,2.243713733075435,2.332688588007737,,0.0019342359767891683,0.005802707930367505,0.005802707930367505,0.007736943907156673,0.01160541586073501,0.01160541586073501,0.019342359767891684,0.030947775628626693,0.0425531914893617,0.05222437137330754,0.0735009671179884,0.08897485493230174,0.10831721470019343,0.13152804642166344,,0.019342359767891684,0.03288201160541586,0.04061895551257253,0.04448742746615087,0.06576402321083172,0.10831721470019343,0.13539651837524178,0.15473887814313347,0.19922630560928434,0.23597678916827852,0.2727272727272727,0.31721470019342357,0.3733075435203095,0.44680851063829785,,0.6150870406189555,0.6150870406189555,0.0019342359767891683,0.015473887814313346
loto_5_40,random,60,False,689,1034,0.013055400020675734,baseline,0.6470019342359767,3,0.0,0.007736943907156673,4,0.0,0.0,20.4,0.0,0.0,0.0,1,False,,0.746615087040619,0.8665377176015474,0.9941972920696325,1.11605415860735,1.2446808510638299,1.390715667311412,1.4990328820116054,1.625725338491296,1.7437137330754353,1.8607350096711799,2.002901353965184,2.133462282398453,2.261121856866538,2.386847195357834,,0.7446808510638298,0.8723404255319149,0.9941972920696325,1.122823984526112,1.2688588007736943,1.377176015473888,1.5038684719535784,1.6218568665377175,1.7388781431334623,1.881044487427466,2.011605415860735,2.13926499032882,2.264990328820116,2.395551257253385,,0.0,0.0009671179883945841,0.005802707930367505,0.009671179883945842,0.010638297872340425,0.01644100580270793,0.022243713733075435,0.02804642166344294,0.035783365570599614,0.05029013539651837,0.07059961315280464,0.09090909090909091,0.12379110251450677,0.15667311411992263,,0.019342359767891684,0.035783365570599614,0.048355899419729204,0.061895551257253385,0.08220502901353965,0.12088974854932302,0.14410058027079303,0.18085106382978725,0.22920696324951645,0.2601547388781431,0.30464216634429403,0.35009671179883944,0.40135396518375244,0.4448742746615087,,0.6470019342359767,0.6247582205029013,0.0,0.007736943907156673
loto_5_40,random,60,True,689,1034,0.015378300013253465,baseline,0.5802707930367504,3,0.0,0.005802707930367505,4,75.0,75.0,20.4,0.0,0.0,0.0,1,False,,0.7340425531914894,0.8626692456479691,0.9729206963249516,1.118955512572534,1.2292069632495164,1.3413926499032882,1.4690522243713733,1.5822050290135397,1.7079303675048356,1.8365570599613152,1.9593810444874276,2.0696324951644103,2.2001934235976788,2.3268858800773695,,0.7340425531914894,0.8626692456479691,0.9729206963249516,1.118955512572534,1.2292069632495164,1.3413926499032882,1.4690522243713733,1.5822050290135397,1.7079303675048356,1.8365570599613152,1.9593810444874276,2.0696324951644103,2.2001934235976788,2.3268858800773695,,0.0009671179883945841,0.0019342359767891683,0.0029013539651837525,0.007736943907156673,0.009671179883945842,0.017408123791102514,0.02611218568665377,0.03481624758220503,0.041586073500967116,0.05415860735009671,0.07156673114119923,0.0851063829787234,0.109284332688588,0.13056092843326886,,0.015473887814313346,0.02611218568665377,0.03868471953578337,0.059961315280464215,0.09187620889748549,0.11411992263056092,0.14603481624758222,0.172147001934236,0.21179883945841393,0.2553191489361702,0.2988394584139265,0.3452611218568665,0.3945841392649903,0.4410058027079304,,0.5802707930367504,0.5802707930367504,0.0,0.005802707930367505
loto_5_40,random,100,False,80,1643,0.019512300001224503,baseline,0.6658551430310408,3,0.0,0.010955569080949483,3,0.0,0.0,20.4,0.0,0.0,0.0,1,False,,0.7875836883749239,0.9178332318928789,1.0450395617772368,1.1819841752891054,1.303104077906269,1.423006695069994,1.5368228849665246,1.6482045039561777,1.7723676202069385,1.887401095556908,2.0012172854534387,2.1308581862446743,2.256238587948874,2.3858794887401094,,0.7875836883749239,0.9178332318928789,1.0450395617772368,1.1819841752891054,1.3018867924528301,1.415702982349361,1.527084601339014,1.6512477175897748,1.7662811929397444,1.880097382836275,2.009738283627511,2.1351186853317103,2.264759586122946,2.3919659160073037,,0.0006086427267194157,0.0018259281801582471,0.0036518563603164943,0.007303712720632989,0.01399878271454656,0.020693852708460133,0.026171637248934874,0.03164942178940962,0.044430919050517347,0.054169202678027994,0.06816798539257456,0.08764455264759587,0.1162507608034084,0.15216068167985392,,0.02130249543517955,0.036518563603164945,0.05295191722458917,0.0772976262933658,0.09738283627510651,0.12538040170419965,0.15581253804017042,0.18867924528301888,0.22580645161290322,0.26110772976262936,0.30736457699330494,0.3578819233110164,0.4077906269020085,0.45526475958612295,,0.6658551430310408,0.6658551430310408,0.0,0.010955569080949483
loto_5_40,random,100,True,80,1643,0.021236799977486953,baseline,0.6256847230675593,3,0.0,0.007912355447352405,5,0.0,0.0,20.4,0.0,0.0,0.0,1,False,,0.7486305538648813,0.8776628119293974,1.0079123554473524,1.1430310407790627,1.2775410833840535,1.389531345100426,1.5222154595252586,1.646987218502739,1.7608034083992696,1.8922702373706635,2.022519780888618,2.147900182592818,2.289713937918442,2.421789409616555,,0.7486305538648813,0.8776628119293974,1.0079123554473524,1.1430310407790627,1.2775410833840535,1.4102251978088862,1.5349969567863664,1.6488131466828972,1.7802799756542909,1.9056603773584906,2.0474741326841146,2.1795496043822276,2.303104077906269,2.421789409616555,,0.0012172854534388314,0.0018259281801582471,0.00426049908703591,0.00852099817407182,0.011564211807668898,0.016433353621424222,0.023737066342057214,0.03469263542300669,0.041387705416920266,0.057212416311625075,0.08460133901399879,0.101034692635423,0.12903225806451613,0.1594643944004869,,0.01704199634814364,0.032866707242848445,0.048691418137553254,0.07486305538648813,0.10772976262933658,0.13268411442483263,0.16494217894096166,0.20389531345100426,0.24102251978088862,0.27632379793061473,0.3231892878880097,0.37370663420572126,0.42909312233718805,0.47900182592818014,,0.6256847230675593,0.6256847230675593,0.0,0.007912355447352405
loto_5_40,ml_logistic,10,False,1550,173,0.13629170000785962,ml-linear,0.6763005780346821,3,0.0,0.023121387283236993,4,90.4,45.2,20.4,0.0,0.0,0.0,1,False,,0.8034682080924855,0.9479768786127167,1.0578034682080926,1.2023121387283238,1.3179190751445087,1.4624277456647399,1.5895953757225434,1.722543352601156,1.861271676300578,1.9479768786127167,2.040462427745665,2.1445086705202314,2.2716763005780347,2.439306358381503,,0.8034682080924855,0.9479768786127167,1.0578034682080926,1.2023121387283238,1.346820809248555,1.4739884393063585,1.606936416184971,1.745664739884393,1.8381502890173411,1.9421965317919074,2.069364161849711,2.2369942196531793,2.4161849710982657,2.485549132947977,,0.0,0.0,0.0,0.005780346820809248,0.005780346820809248,0.011560693641618497,0.017341040462427744,0.028901734104046242,0.05202312138728324,0.057803468208092484,0.057803468208092484,0.06936416184971098,0.08092485549132948,0.11560693641618497,,0.028901734104046242,0.04046242774566474,0.06358381502890173,0.08670520231213873,0.11560693641618497,0.12716763005780346,0.15606936416184972,0.2138728323699422,0.24855491329479767,0.2774566473988439,0.3063583815028902,0.36416184971098264,0.41040462427745666,0.4913294797687861,,0.6763005780346821,0.6763005780346821,0.0,0.023121387283236993
loto_5_40,ml_logistic,10,True,1550,173,0.1281678999948781,ml-linear,0.6878612716763006,2,0.0,0.0,4,90.4,45.2,20.4,0.0,0.0,0.0,1,False,,0.7976878612716763,0.976878612716763,1.1445086705202312,1.2196531791907514,1.329479768786127,1.4971098265895955,1.6416184971098267,1.7630057803468209,1.8786127167630058,1.9826589595375723,2.115606936416185,2.2716763005780347,2.3757225433526012,2.485549132947977,,0.7976878612716763,0.976878612716763,1.1445086705202312,1.2196531791907514,1.329479768786127,1.4971098265895955,1.6416184971098267,1.7630057803468209,1.8786127167630058,1.9826589595375723,2.115606936416185,2.2716763005780347,2.3757225433526012,2.485549132947977,,0.0,0.0,0.0,0.0,0.0,0.011560693641618497,0.017341040462427744,0.028901734104046242,0.046242774566473986,0.06936416184971098,0.09248554913294797,0.12138728323699421,0.15606936416184972,0.1791907514450867,,0.0,0.005780346820809248,0.023121387283236993,0.023121387283236993,0.06358381502890173,0.10404624277456648,0.15606936416184972,0.21965317919075145,0.24855491329479767,0.2832369942196532,0.32947976878612717,0.3988439306358382,0.4277456647398844,0.48554913294797686,,0.6878612716763006,0.6878612716763006,0.0,0.0
loto_5_40,ml_logistic,30,False,1206,517,0.14306809997651726,ml-linear,0.632495164410058,3,0.0,0.005802707930367505,6,90.4,45.2,20.4,0.0,0.0,0.0,1,False,,0.7620889748549323,0.8936170212765957,1.0135396518375241,1.0986460348162477,1.2321083172147003,1.3520309477756287,1.4642166344294003,1.5802707930367506,1.6924564796905222,1.804642166344294,1.9264990328820115,2.081237911025145,2.2224371373307545,2.3288201160541586,,0.7620889748549323,0.8820116054158608,0.9671179883945842,1.1005802707930368,1.2205029013539652,1.332688588007737,1.448742746615087,1.5609284332688589,1.6731141199226305,1.7949709864603483,1.9497098646034816,2.090909090909091,2.1972920696324953,2.3423597678916828,,0.0,0.0019342359767891683,0.0019342359767891683,0.005802707930367505,0.007736943907156673,0.013539651837524178,0.015473887814313346,0.02321083172147002,0.027079303675048357,0.03288201160541586,0.048355899419729204,0.07156673114119923,0.09864603481624758,0.1218568665377176,,0.017408123791102514,0.030947775628626693,0.05029013539651837,0.06382978723404255,0.09284332688588008,0.11605415860735009,0.13733075435203096,0.16247582205029013,0.19729206963249515,0.2495164410058027,0.28239845261121854,0.34622823984526113,0.3984526112185687,0.4526112185686654,,0.632495164410058,0.632495164410058,0.0,0.005802707930367505
loto_5_40,ml_logistic,30,True,1206,517,0.14572559998487122,ml-linear,0.6131528046421664,3,0.0,0.01160541586073501,4,100.0,94.7,20.4,0.0,0.0,0.0,1,False,,0.7543520309477756,0.9032882011605415,1.02321083172147,1.1392649903288201,1.251450676982592,1.413926499032882,1.5454545454545454,1.6731141199226305,1.8027079303675049,1.9168278529980658,2.0290135396518374,2.147001934235977,2.272727272727273,2.4100580270793035,,0.7543520309477756,0.9032882011605415,1.02321083172147,1.1392649903288201,1.251450676982592,1.413926499032882,1.5454545454545454,1.6731141199226305,1.8027079303675049,1.9168278529980658,2.0290135396518374,2.147001934235977,2.272727272727273,2.3945841392649903,,0.0,0.0038684719535783366,0.007736943907156673,0.009671179883945842,0.013539651837524178,0.02127659574468085,0.02321083172147002,0.04061895551257253,0.05222437137330754,0.06576402321083172,0.07736943907156674,0.09864603481624758,0.12572533849129594,0.16634429400386846,,0.019342359767891684,0.027079303675048357,0.05029013539651837,0.06576402321083172,0.0851063829787234,0.1218568665377176,0.16827852998065765,0.20309477756286268,0.2514506769825919,0.2901353965183752,0.33268858800773693,0.36750483558994196,0.41392649903288203,0.44874274661508706,,0.6131528046421664,0.6131528046421664,0.0,0.01160541586073501
loto_5_40,ml_logistic,60,False,689,1034,0.16598690001410432,ml-linear,0.586073500967118,3,0.0,0.0029013539651837525,4,88.3,44.1,20.41,0.0,0.0,0.0,1,False,,0.7079303675048356,0.8375241779497099,0.9729206963249516,1.0996131528046422,1.2379110251450678,1.3617021276595744,1.490328820116054,1.6179883945841393,1.7611218568665377,1.9032882011605416,2.020309477756286,2.1382978723404253,2.263056092843327,2.376208897485493,,0.7156673114119922,0.851063829787234,0.9777562862669246,1.11605415860735,1.239845261121857,1.3684719535783365,1.4961315280464216,1.6392649903288201,1.7814313346228239,1.8984526112185687,2.016441005802708,2.129593810444874,2.237911025145068,2.365570599613153,,0.0009671179883945841,0.0009671179883945841,0.0019342359767891683,0.0038684719535783366,0.008704061895551257,0.014506769825918761,0.019342359767891684,0.029013539651837523,0.04448742746615087,0.05899419729206963,0.07156673114119923,0.09381044487427466,0.11411992263056092,0.13636363636363635,,0.010638297872340425,0.025145067698259187,0.043520309477756286,0.0609284332688588,0.09090909090909091,0.11508704061895551,0.14796905222437137,0.18375241779497098,0.2205029013539652,0.2620889748549323,0.3104448742746615,0.3520309477756286,0.4119922630560928,0.45164410058027077,,0.586073500967118,0.586073500967118,0.0,0.0029013539651837525
loto_5_40,ml_logistic,60,True,689,1034,0.1790851000114344,ml-linear,0.5996131528046421,4,0.0009671179883945841,0.012572533849129593,4,88.3,44.1,20.41,0.0,0.0,0.0,1,False,,0.7340425531914894,0.8617021276595744,0.9961315280464217,1.1218568665377175,1.2504835589941974,1.3752417794970986,1.509671179883946,1.6634429400386848,1.793036750483559,1.9148936170212767,2.04642166344294,2.160541586073501,2.2891682785299805,2.393617021276596,,0.7340425531914894,0.8617021276595744,0.9961315280464217,1.1218568665377175,1.2504835589941974,1.3752417794970986,1.509671179883946,1.6634429400386848,1.7852998065764023,1.9168278529980658,2.0309477756286265,2.1595744680851063,2.2640232108317213,2.3945841392649903,,0.0019342359767891683,0.0029013539651837525,0.006769825918762089,0.007736943907156673,0.008704061895551257,0.012572533849129593,0.019342359767891684,0.030947775628626693,0.04448742746615087,0.05705996131528046,0.08027079303675048,0.09671179883945841,0.12282398452611218,0.14603481624758222,,0.025145067698259187,0.035783365570599614,0.05125725338491296,0.06673114119922631,0.09477756286266925,0.11508704061895551,0.15473887814313347,0.20212765957446807,0.24854932301740812,0.28916827852998067,0.3288201160541586,0.3665377176015474,0.41682785299806574,0.4506769825918762,,0.5996131528046421,0.5996131528046421,0.0009671179883945841,0.012572533849129593
loto_5_40,ml_logistic,100,False,80,1643,0.11360390001209453,ml-linear,0.6256847230675593,3,0.0,0.007912355447352405,3,88.2,44.1,20.41,0.0,0.0,0.0,1,False,,0.7614120511259891,0.859403530127815,0.9884357881923311,1.112598904443092,1.248934875228241,1.3785757760194766,1.5063907486305539,1.6366402921485088,1.7717589774802192,1.9087035909920878,2.0304321363359707,2.141813755325624,2.2775410833840537,2.4047474132684115,,0.7614120511259891,0.859403530127815,0.9884357881923311,1.112598904443092,1.248934875228241,1.3785757760194766,1.5063907486305539,1.6366402921485088,1.7735849056603774,1.8953134510042604,2.0066950699939134,2.1424223980523434,2.269628727936701,2.3870967741935485,,0.0,0.0006086427267194157,0.002434570906877663,0.007303712720632989,0.009129640900791236,0.013390139987827145,0.019476567255021303,0.026171637248934874,0.0426049908703591,0.05903834449178332,0.07303712720632989,0.09616555082166768,0.12233718807060255,0.147900182592818,,0.012172854534388313,0.021911138161898967,0.0426049908703591,0.060255629945222156,0.08825319537431528,0.11868533171028606,0.15824710894704808,0.19476567255021301,0.2325015216068168,0.27693244065733413,0.3274497869750457,0.3682288496652465,0.41996348143639683,0.46682897139379187,,0.6256847230675593,0.6256847230675593,0.0,0.007912355447352405
loto_5_40,ml_logistic,100,True,80,1643,0.11974610001198016,ml-linear,0.6396835057821059,4,0.0006086427267194157,0.00852099817407182,5,90.6,89.1,20.41,0.0,0.0,0.0,1,False,,0.7528910529519173,0.8648813146682898,1.0024345709068776,1.125989044430919,1.2592818015824712,1.3919659160073037,1.52099817407182,1.639683505782106,1.7650639074863055,1.8995739500912965,2.034692635423007,2.163724893487523,2.2805842970176506,2.412659768715764,,0.7528910529519173,0.8764455264759586,1.0097382836275106,1.1424223980523434,1.2714546561168594,1.3901399878271454,1.5155203895313452,1.650030432136336,1.7851491174680463,1.9141813755325623,2.0310407790626903,2.1631162507608033,2.2878880097382837,2.4144856968959223,,0.0006086427267194157,0.0012172854534388314,0.0012172854534388314,0.0030432136335970784,0.006086427267194157,0.01278149726110773,0.02008520998174072,0.030432136335970784,0.03834449178332319,0.05234327449786975,0.07486305538648813,0.09860012172854535,0.1199026171637249,0.15763846622032868,,0.014607425441265977,0.026171637248934874,0.0426049908703591,0.06573341448569689,0.09129640900791236,0.13146682897139378,0.16433353621424224,0.2014607425441266,0.24345709068776628,0.28971393791844186,0.3377967133292757,0.38344491783323187,0.4297017650639075,0.4765672550213025,,0.6396835057821059,0.6396835057821059,0.0006086427267194157,0.00852099817407182
loto_5_40,cover_positional_bands,10,False,1550,173,0.007302199985133484,coverage,0.7052023121387283,3,0.0,0.011560693641618497,4,0.0,0.0,20.4,0.0,0.0,0.0,1,False,,0.8323699421965318,0.976878612716763,1.0867052023121386,1.2023121387283238,1.3410404624277457,1.4508670520231215,1.5953757225433527,1.699421965317919,1.8670520231213872,1.9884393063583814,2.098265895953757,2.2023121387283235,2.3583815028901736,2.485549132947977,,0.8323699421965318,0.976878612716763,1.0867052023121386,1.2023121387283238,1.3410404624277457,1.4508670520231215,1.5953757225433527,1.699421965317919,1.8670520231213872,1.976878612716763,2.0809248554913293,2.2369942196531793,2.3641618497109826,2.5028901734104045,,0.0,0.0,0.011560693641618497,0.011560693641618497,0.011560693641618497,0.011560693641618497,0.011560693641618497,0.028901734104046242,0.046242774566473986,0.06358381502890173,0.06936416184971098,0.09248554913294797,0.12138728323699421,0.16184971098265896,,0.017341040462427744,0.05202312138728324,0.06358381502890173,0.08092485549132948,0.09826589595375723,0.12716763005780346,0.15606936416184972,0.17341040462427745,0.23121387283236994,0.28901734104046245,0.32947976878612717,0.3988439306358382,0.45664739884393063,0.4913294797687861,,0.7052023121387283,0.7052023121387283,0.0,0.011560693641618497
loto_5_40,cover_positional_bands,10,True,1550,173,0.0048577999987173826,coverage,0.6647398843930635,3,0.0,0.011560693641618497,4,0.0,0.0,20.4,0.0,0.0,0.0,1,False,,0.8439306358381503,0.9190751445086706,1.0635838150289016,1.1965317919075145,1.323699421965318,1.3988439306358382,1.5144508670520231,1.6242774566473988,1.7572254335260116,1.8786127167630058,2.0115606936416186,2.1445086705202314,2.254335260115607,2.4104046242774566,,0.8439306358381503,0.9190751445086706,1.0635838150289016,1.1965317919075145,1.323699421965318,1.3988439306358382,1.5144508670520231,1.6242774566473988,1.7572254335260116,1.8901734104046244,2.023121387283237,2.132947976878613,2.2890173410404624,2.421965317919075,,0.0,0.0,0.0,0.005780346820809248,0.005780346820809248,0.017341040462427744,0.023121387283236993,0.03468208092485549,0.03468208092485549,0.046242774566473986,0.06936416184971098,0.08670520231213873,0.10982658959537572,0.17341040462427745,,0.03468208092485549,0.03468208092485549,0.07514450867052024,0.10404624277456648,0.10982658959537572,0.12138728323699421,0.15606936416184972,0.17341040462427745,0.23699421965317918,0.26011560693641617,0.3063583815028902,0.35260115606936415,0.3815028901734104,0.44508670520231214,,0.6647398843930635,0.6647398843930635,0.0,0.011560693641618497
loto_5_40,cover_positional_bands,30,False,1206,517,0.011090800020610914,coverage,0.6615087040618955,3,0.0,0.009671179883945842,6,0.0,0.0,20.4,0.0,0.0,0.0,1,False,,0.781431334622824,0.9013539651837524,1.0425531914893618,1.1663442940038684,1.311411992263056,1.4235976789168279,1.5261121856866537,1.6692456479690523,1.8104448742746615,1.943907156673114,2.0483558994197293,2.1702127659574466,2.3056092843326885,2.411992263056093,,0.781431334622824,0.9013539651837524,1.0425531914893618,1.1663442940038684,1.311411992263056,1.4235976789168279,1.5261121856866537,1.667311411992263,1.8007736943907158,1.9052224371373307,2.0270793036750483,2.16247582205029,2.2688588007736943,2.3984526112185685,,0.0,0.0019342359767891683,0.0019342359767891683,0.005802707930367505,0.005802707930367505,0.015473887814313346,0.025145067698259187,0.03481624758220503,0.04061895551257253,0.058027079303675046,0.06963249516441006,0.09671179883945841,0.12572533849129594,0.16054158607350097,,0.013539651837524178,0.02321083172147002,0.05222437137330754,0.07156673114119923,0.09864603481624758,0.11992263056092843,0.14119922630560927,0.17988394584139264,0.23210831721470018,0.2765957446808511,0.3230174081237911,0.3539651837524178,0.402321083172147,0.44294003868471954,,0.6615087040618955,0.6615087040618955,0.0,0.009671179883945842
loto_5_40,cover_positional_bands,30,True,1206,517,0.010505200014449656,coverage,0.5880077369439072,3,0.0,0.01160541586073501,4,0.0,0.0,20.4,0.0,0.0,0.0,1,False,,0.7021276595744681,0.8143133462282398,0.941972920696325,1.0909090909090908,1.2147001934235977,1.3152804642166345,1.4390715667311411,1.586073500967118,1.7176015473887813,1.8394584139264991,2.001934235976789,2.135396518375242,2.2688588007736943,2.388781431334623,,0.7021276595744681,0.8143133462282398,0.941972920696325,1.0909090909090908,1.2147001934235977,1.3152804642166345,1.4390715667311411,1.586073500967118,1.7176015473887813,1.8394584139264991,2.001934235976789,2.1218568665377178,2.2707930367504834,2.4216634429400385,,0.0,0.0,0.0038684719535783366,0.0038684719535783366,0.009671179883945842,0.01160541586073501,0.015473887814313346,0.025145067698259187,0.0367504835589942,0.048355899419729204,0.07543520309477757,0.09284332688588008,0.1218568665377176,0.1450676982591876,,0.019342359767891684,0.027079303675048357,0.04061895551257253,0.061895551257253385,0.08317214700193423,0.10058027079303675,0.13152804642166344,0.15860735009671179,0.20696324951644102,0.2379110251450677,0.2940038684719536,0.3539651837524178,0.3945841392649903,0.4564796905222437,,0.5880077369439072,0.5880077369439072,0.0,0.01160541586073501
loto_5_40,cover_positional_bands,60,False,689,1034,0.020152399985818192,coverage,0.6441005802707931,3,0.0,0.007736943907156673,4,0.0,0.0,20.4,0.0,0.0,0.0,1,False,,0.7785299806576402,0.8984526112185687,1.0415860735009672,1.1798839458413926,1.293036750483559,1.4110251450676983,1.5377176015473888,1.6624758220502902,1.7901353965183753,1.9197292069632494,2.0628626692456478,2.1779497098646035,2.3133462282398454,2.4216634429400385,,0.776595744680851,0.9197292069632496,1.058027079303675,1.1711798839458414,1.2891682785299807,1.4158607350096712,1.5435203094777563,1.6731141199226305,1.816247582205029,1.9313346228239845,2.0667311411992264,2.1750483558994196,2.3104448742746615,2.4148936170212765,,0.0019342359767891683,0.0019342359767891683,0.0029013539651837525,0.007736943907156673,0.015473887814313346,0.017408123791102514,0.025145067698259187,0.03481624758220503,0.047388781431334626,0.06382978723404255,0.08800773694390715,0.1102514506769826,0.13829787234042554,0.1576402321083172,,0.019342359767891684,0.03288201160541586,0.05319148936170213,0.07736943907156674,0.10541586073500966,0.13346228239845262,0.1644100580270793,0.20212765957446807,0.23887814313346228,0.2804642166344294,0.3288201160541586,0.3723404255319149,0.4284332688588008,0.4690522243713733,,0.6441005802707931,0.6566731141199227,0.0,0.007736943907156673
loto_5_40,cover_positional_bands,60,True,689,1034,0.01987289998214692,coverage,0.6276595744680851,4,0.0009671179883945841,0.008704061895551257,4,0.0,0.0,20.4,0.0,0.0,0.0,1,False,,0.7620889748549323,0.8868471953578336,1.0290135396518376,1.1518375241779497,1.2872340425531914,1.4177949709864603,1.5299806576402322,1.6586073500967118,1.7872340425531914,1.9129593810444874,2.0338491295938104,2.165377176015474,2.2959381044487426,2.425531914893617,,0.7620889748549323,0.8868471953578336,1.0290135396518376,1.1518375241779497,1.2823984526112187,1.3945841392649903,1.52321083172147,1.6518375241779497,1.7775628626692457,1.8984526112185687,2.029980657640232,2.160541586073501,2.2688588007736943,2.4148936170212765,,0.0009671179883945841,0.0009671179883945841,0.0019342359767891683,0.005802707930367505,0.01160541586073501,0.01644100580270793,0.02611218568665377,0.033849129593810444,0.0425531914893617,0.0551257253384913,0.0735009671179884,0.09090909090909091,0.11121856866537717,0.1450676982591876,,0.01644100580270793,0.030947775628626693,0.05319148936170213,0.0735009671179884,0.09864603481624758,0.12959381044487428,0.15570599613152805,0.18471953578336556,0.21663442940038685,0.2640232108317215,0.3114119922630561,0.3597678916827853,0.4197292069632495,0.47195357833655704,,0.6276595744680851,0.6276595744680851,0.0009671179883945841,0.008704061895551257
loto_5_40,cover_positional_bands,100,False,80,1643,0.025838700006715953,coverage,0.6220328667072429,3,0.0,0.013390139987827145,3,0.0,0.0,20.4,0.0,0.0,0.0,1,False,,0.7583688374923919,0.888618381010347,1.0158247108947047,1.1357273280584297,1.263542300669507,1.4053560559951308,1.5429093122337187,1.6579427875836883,1.794887401095557,1.913572732805843,2.024954351795496,2.1503347534996955,2.289713937918442,2.4169202678027997,,0.7583688374923919,0.888618381010347,1.0158247108947047,1.1357273280584297,1.263542300669507,1.4053560559951308,1.5429093122337187,1.6579427875836883,1.794887401095557,1.913572732805843,2.024954351795496,2.1503347534996955,2.289713937918442,2.4169202678027997,,0.0,0.0,0.004869141813755326,0.005477784540474742,0.010346926354230066,0.017650639074863056,0.024345709068776627,0.032866707242848445,0.0426049908703591,0.05782105903834449,0.07790626902008521,0.09860012172854535,0.12659768715763847,0.1509433962264151,,0.028606208155812538,0.0426049908703591,0.06086427267194157,0.07973219720024345,0.101034692635423,0.12903225806451613,0.1661594643944005,0.19841752891052952,0.2398052343274498,0.2824102251978089,0.3183201460742544,0.37005477784540475,0.426049908703591,0.46804625684723067,,0.6220328667072429,0.6220328667072429,0.0,0.013390139987827145
loto_5_40,cover_positional_bands,100,True,80,1643,0.026462400011951104,coverage,0.6409007912355448,4,0.0006086427267194157,0.009738283627510651,5,0.0,0.0,20.4,0.0,0.0,0.0,1,False,,0.7681071211199026,0.8849665246500305,0.996956786366403,1.119902617163725,1.2434570906877662,1.3627510651247718,1.4759586122945831,1.6025562994522216,1.7346317711503347,1.863664029214851,1.9884357881923311,2.108338405356056,2.237370663420572,2.3700547778454046,,0.7681071211199026,0.8849665246500305,1.0079123554473524,1.1314668289713938,1.2507608034083992,1.3639683505782105,1.490566037735849,1.6226415094339623,1.7516737674984784,1.8764455264759585,1.9963481436396835,2.1253804017041995,2.2580645161290325,2.3767498478393185,,0.0006086427267194157,0.0012172854534388314,0.002434570906877663,0.007303712720632989,0.010346926354230066,0.01582471089470481,0.018867924528301886,0.03164942178940962,0.04503956177723676,0.05964698721850274,0.07242848447961046,0.09007912355447352,0.11685940353012782,0.14181375532562385,,0.018259281801582473,0.029214850882531954,0.04321363359707851,0.06329884357881924,0.08703590992087644,0.11868533171028606,0.15155203895313452,0.18381010346926355,0.22519780888618382,0.2647595861229458,0.3049300060864273,0.34692635423006696,0.39196591600730374,0.443700547778454,,0.6409007912355448,0.6409007912355448,0.0006086427267194157,0.009738283627510651
loto_5_40,sum_affinity,10,False,1550,173,0.0037524999934248626,geometric-sum,0.6473988439306358,3,0.0,0.005780346820809248,4,93.8,93.8,20.4,0.0,0.0,0.0,1,False,,0.7398843930635838,0.8208092485549133,0.9479768786127167,1.092485549132948,1.2196531791907514,1.329479768786127,1.4450867052023122,1.5722543352601157,1.739884393063584,1.8670520231213872,1.9710982658959537,2.098265895953757,2.213872832369942,2.352601156069364,,0.7398843930635838,0.8208092485549133,0.9479768786127167,1.092485549132948,1.2196531791907514,1.329479768786127,1.4450867052023122,1.5722543352601157,1.739884393063584,1.8670520231213872,1.9710982658959537,2.098265895953757,2.213872832369942,2.352601156069364,,0.0,0.0,0.0,0.0,0.005780346820809248,0.005780346820809248,0.011560693641618497,0.011560693641618497,0.017341040462427744,0.028901734104046242,0.046242774566473986,0.06936416184971098,0.09826589595375723,0.11560693641618497,,0.023121387283236993,0.03468208092485549,0.046242774566473986,0.06936416184971098,0.08670520231213873,0.10404624277456648,0.12716763005780346,0.17341040462427745,0.21965317919075145,0.27167630057803466,0.31213872832369943,0.3699421965317919,0.3988439306358382,0.4393063583815029,,0.6473988439306358,0.6473988439306358,0.0,0.005780346820809248
loto_5_40,sum_affinity,10,True,1550,173,0.006314700003713369,geometric-sum,0.6127167630057804,3,0.0,0.011560693641618497,4,0.0,0.0,20.4,0.0,0.0,0.0,1,False,,0.7745664739884393,0.8901734104046243,1.023121387283237,1.1560693641618498,1.323699421965318,1.4913294797687862,1.606936416184971,1.7341040462427746,1.8497109826589595,1.9595375722543353,2.115606936416185,2.260115606936416,2.38728323699422,2.520231213872832,,0.7745664739884393,0.9075144508670521,1.0404624277456647,1.2080924855491328,1.3757225433526012,1.5028901734104045,1.6184971098265897,1.7283236994219653,1.884393063583815,2.0289017341040463,2.1560693641618496,2.2890173410404624,2.38728323699422,2.4971098265895955,,0.0,0.0,0.005780346820809248,0.011560693641618497,0.011560693641618497,0.017341040462427744,0.028901734104046242,0.028901734104046242,0.04046242774566474,0.057803468208092484,0.08092485549132948,0.10982658959537572,0.14450867052023122,0.1791907514450867,,0.017341040462427744,0.023121387283236993,0.046242774566473986,0.07514450867052024,0.09248554913294797,0.1329479768786127,0.15028901734104047,0.2023121387283237,0.24277456647398843,0.2947976878612717,0.3468208092485549,0.4046242774566474,0.4393063583815029,0.49710982658959535,,0.6127167630057804,0.6127167630057804,0.0,0.011560693641618497
loto_5_40,sum_affinity,30,False,1206,517,0.012478599994210526,geometric-sum,0.6499032882011605,3,0.0,0.0038684719535783366,6,0.0,0.0,20.4,0.0,0.0,0.0,1,False,,0.7640232108317214,0.8588007736943907,1.0,1.1450676982591876,1.264990328820116,1.381044487427466,1.4990328820116054,1.622823984526112,1.7736943907156673,1.874274661508704,1.9961315280464216,2.13926499032882,2.274661508704062,2.4081237911025144,,0.7214700193423598,0.8665377176015474,0.9864603481624759,1.1025145067698259,1.2205029013539652,1.3442940038684719,1.4448742746615086,1.5667311411992264,1.702127659574468,1.8355899419729207,1.9400386847195359,2.0754352030947776,2.1779497098646035,2.3075435203094776,,0.0,0.0,0.0019342359767891683,0.0019342359767891683,0.007736943907156673,0.013539651837524178,0.02127659574468085,0.02321083172147002,0.027079303675048357,0.03868471953578337,0.05029013539651837,0.0851063829787234,0.11798839458413926,0.14893617021276595,,0.015473887814313346,0.03288201160541586,0.05222437137330754,0.07930367504835589,0.09671179883945841,0.1102514506769826,0.1450676982591876,0.18568665377176016,0.23210831721470018,0.27079303675048355,0.3230174081237911,0.3713733075435203,0.42359767891682787,0.4700193423597679,,0.6499032882011605,0.5802707930367504,0.0,0.0038684719535783366
loto_5_40,sum_affinity,30,True,1206,517,0.010475200018845499,geometric-sum,0.6595744680851063,4,0.0019342359767891683,0.009671179883945842,4,0.0,0.0,20.4,0.0,0.0,0.0,1,False,,0.8007736943907157,0.8955512572533849,1.0270793036750483,1.1392649903288201,1.2862669245647969,1.4061895551257253,1.5241779497098646,1.6750483558994198,1.7988394584139265,1.9110251450676983,2.0483558994197293,2.1972920696324953,2.3307543520309477,2.4622823984526114,,0.8007736943907157,0.8955512572533849,1.0270793036750483,1.1392649903288201,1.2862669245647969,1.4061895551257253,1.5241779497098646,1.6750483558994198,1.7988394584139265,1.9110251450676983,2.0599613152804643,2.1914893617021276,2.3094777562862667,2.4506769825918764,,0.0038684719535783366,0.0038684719535783366,0.005802707930367505,0.007736943907156673,0.015473887814313346,0.019342359767891684,0.030947775628626693,0.03481624758220503,0.04448742746615087,0.05415860735009671,0.0735009671179884,0.10444874274661509,0.13733075435203096,0.16827852998065765,,0.01160541586073501,0.02321083172147002,0.04642166344294004,0.061895551257253385,0.08123791102514506,0.10638297872340426,0.1276595744680851,0.18568665377176016,0.23017408123791103,0.28239845261121854,0.33268858800773693,0.38684719535783363,0.4274661508704062,0.47775628626692457,,0.6595744680851063,0.6595744680851063,0.0019342359767891683,0.009671179883945842
loto_5_40,sum_affinity,60,False,689,1034,0.016756400000303984,geometric-sum,0.6499032882011605,3,0.0,0.005802707930367505,4,0.0,0.0,20.41,0.0,0.0,0.0,1,False,,0.7678916827852998,0.8752417794970987,1.0183752417794971,1.1644100580270793,1.2988394584139265,1.413926499032882,1.5261121856866537,1.644100580270793,1.7746615087040618,1.879110251450677,2.002901353965184,2.1382978723404253,2.258220502901354,2.38394584139265,,0.7408123791102514,0.8839458413926499,1.0299806576402322,1.1644100580270793,1.2794970986460348,1.3916827852998066,1.509671179883946,1.6402321083172147,1.7446808510638299,1.8684719535783365,2.003868471953578,2.123791102514507,2.249516441005803,2.362669245647969,,0.0009671179883945841,0.0009671179883945841,0.0029013539651837525,0.004835589941972921,0.01160541586073501,0.019342359767891684,0.025145067698259187,0.029980657640232108,0.037717601547388784,0.04642166344294004,0.059961315280464215,0.08994197292069632,0.11798839458413926,0.14119922630560927,,0.012572533849129593,0.029980657640232108,0.04642166344294004,0.07640232108317214,0.09864603481624758,0.11798839458413926,0.14990328820116053,0.18665377176015474,0.22147001934235977,0.2620889748549323,0.30754352030947774,0.3568665377176016,0.39748549323017407,0.44680851063829785,,0.6499032882011605,0.6334622823984526,0.0,0.005802707930367505
loto_5_40,sum_affinity,60,True,689,1034,0.009954399982234463,geometric-sum,0.660541586073501,4,0.0009671179883945841,0.006769825918762089,4,0.0,0.0,20.41,0.0,0.0,0.0,1,False,,0.7891682785299806,0.8936170212765957,1.0212765957446808,1.1518375241779497,1.2940038684719535,1.420696324951644,1.5367504835589942,1.672147001934236,1.806576402321083,1.9168278529980658,2.0425531914893615,2.1769825918762087,2.3065764023210833,2.4410058027079304,,0.7891682785299806,0.8936170212765957,1.0212765957446808,1.1518375241779497,1.2940038684719535,1.420696324951644,1.5367504835589942,1.6711798839458414,1.7814313346228239,1.9158607350096712,2.0454545454545454,2.1798839458413926,2.2920696324951644,2.420696324951644,,0.0019342359767891683,0.0019342359767891683,0.0038684719535783366,0.004835589941972921,0.013539651837524178,0.0183752417794971,0.025145067698259187,0.031914893617021274,0.0425531914893617,0.05319148936170213,0.06769825918762089,0.097678916827853,0.1276595744680851,0.1528046421663443,,0.010638297872340425,0.024177949709864602,0.04061895551257253,0.0609284332688588,0.0851063829787234,0.109284332688588,0.13926499032882012,0.1895551257253385,0.23500967117988394,0.27949709864603484,0.32495164410058025,0.37620889748549324,0.41876208897485495,0.4825918762088975,,0.660541586073501,0.660541586073501,0.0009671179883945841,0.006769825918762089
loto_5_40,sum_affinity,100,False,80,1643,0.020446799986530095,geometric-sum,0.6475958612294583,3,0.0,0.006695069993913573,3,94.1,94.1,20.41,0.0,0.0,0.0,1,False,,0.7827145465611686,0.9141813755325624,1.0517346317711502,1.16676810712112,1.2805842970176506,1.4108338405356056,1.5380401704199635,1.6591600730371272,1.7869750456482045,1.919659160073037,2.049300060864273,2.15642118076689,2.2763237979306146,2.40596469872185,,0.7790626902008521,0.91661594643944,1.0316494217894097,1.1454656116859403,1.2757151552038952,1.4029214850882532,1.5307364576993305,1.663420572124163,1.7930614729153986,1.9129640900791236,2.042604990870359,2.1600730371272063,2.2775410833840537,2.391357273280584,,0.0,0.0012172854534388314,0.00426049908703591,0.006695069993913573,0.010346926354230066,0.01278149726110773,0.018259281801582473,0.026171637248934874,0.03469263542300669,0.048691418137553254,0.07121119902617164,0.08703590992087644,0.11077297626293366,0.1430310407790627,,0.015216068167985392,0.02130249543517955,0.03834449178332319,0.06390748630553865,0.08277541083384053,0.11442483262325015,0.14972611077297626,0.18076688983566647,0.2209373097991479,0.2714546561168594,0.3213633597078515,0.36518563603164944,0.4169202678027998,0.465611685940353,,0.6475958612294583,0.6475958612294583,0.0,0.006695069993913573
loto_5_40,sum_affinity,100,True,80,1643,0.019904200016753748,geometric-sum,0.6524650030432136,3,0.0,0.006695069993913573,5,93.1,93.1,20.41,0.0,0.0,0.0,1,False,,0.7772367620206938,0.9099208764455264,1.0231284236153377,1.1612903225806452,1.2903225806451613,1.4065733414485697,1.5264759586122947,1.653073645769933,1.7875836883749239,1.9105295191722458,2.0182592818015825,2.1497261107729764,2.2818015824710893,2.401095556908095,,0.7723676202069385,0.8855751673767498,1.014607425441266,1.1345100426049908,1.2611077297626294,1.3956177723676202,1.518563603164942,1.6262933657942789,1.7577601947656725,1.8898356664637859,2.0091296409007913,2.129032258064516,2.245891661594644,2.373097991479002,,0.0012172854534388314,0.0012172854534388314,0.0030432136335970784,0.007303712720632989,0.009738283627510651,0.013390139987827145,0.019476567255021303,0.02678027997565429,0.036518563603164945,0.04808277541083384,0.06147291539866099,0.08764455264759587,0.11929397443700548,0.14242239805234327,,0.009738283627510651,0.02251978088861838,0.041996348143639686,0.06147291539866099,0.08460133901399879,0.11138161898965307,0.1393791844187462,0.17954960438222764,0.2282410225197809,0.2684114424832623,0.3140596469872185,0.36153377967133293,0.4108338405356056,0.46317711503347536,,0.6524650030432136,0.6396835057821059,0.0,0.006695069993913573
loto_5_40,649_wilson_lb,10,False,1550,173,0.007133600011002272,math-649,0.7341040462427746,3,0.0,0.005780346820809248,4,0.0,0.0,20.41,0.0,0.0,0.0,1,False,,0.8728323699421965,1.0,1.1445086705202312,1.2716763005780347,1.3815028901734103,1.4913294797687862,1.6184971098265897,1.7341040462427746,1.8439306358381502,1.9364161849710984,2.0809248554913293,2.184971098265896,2.30635838150289,2.445086705202312,,0.8728323699421965,1.0,1.1445086705202312,1.2716763005780347,1.3815028901734103,1.4913294797687862,1.6184971098265897,1.7341040462427746,1.8439306358381502,1.9364161849710984,2.0809248554913293,2.184971098265896,2.3236994219653178,2.4277456647398843,,0.0,0.0,0.0,0.005780346820809248,0.011560693641618497,0.011560693641618497,0.011560693641618497,0.017341040462427744,0.03468208092485549,0.03468208092485549,0.046242774566473986,0.06936416184971098,0.09248554913294797,0.11560693641618497,,0.017341040462427744,0.023121387283236993,0.046242774566473986,0.08092485549132948,0.09248554913294797,0.10982658959537572,0.15606936416184972,0.2023121387283237,0.23699421965317918,0.2774566473988439,0.3468208092485549,0.3988439306358382,0.44508670520231214,0.5260115606936416,,0.7341040462427746,0.7341040462427746,0.0,0.005780346820809248
loto_5_40,649_wilson_lb,10,True,1550,173,0.0049885000044014305,math-649,0.6358381502890174,3,0.0,0.023121387283236993,4,0.0,0.0,20.41,0.0,0.0,0.0,1,False,,0.7687861271676301,0.8439306358381503,1.0115606936416186,1.1907514450867052,1.3179190751445087,1.4219653179190752,1.5549132947976878,1.630057803468208,1.745664739884393,1.8901734104046244,2.0289017341040463,2.1560693641618496,2.2890173410404624,2.4104046242774566,,0.7687861271676301,0.8439306358381503,1.0115606936416186,1.1907514450867052,1.3179190751445087,1.4219653179190752,1.5549132947976878,1.630057803468208,1.745664739884393,1.8901734104046244,2.0289017341040463,2.1560693641618496,2.2890173410404624,2.398843930635838,,0.0,0.0,0.0,0.005780346820809248,0.005780346820809248,0.011560693641618497,0.011560693641618497,0.017341040462427744,0.023121387283236993,0.05202312138728324,0.06358381502890173,0.07514450867052024,0.11560693641618497,0.15028901734104047,,0.028901734104046242,0.028901734104046242,0.028901734104046242,0.07514450867052024,0.10982658959537572,0.12716763005780346,0.14450867052023122,0.17341040462427745,0.2254335260115607,0.2774566473988439,0.32947976878612717,0.37572254335260113,0.41040462427745666,0.4682080924855491,,0.6358381502890174,0.6358381502890174,0.0,0.023121387283236993
loto_5_40,649_wilson_lb,30,False,1206,517,0.009513099998002872,math-649,0.6499032882011605,2,0.0,0.0,6,0.0,0.0,20.41,0.0,0.0,0.0,1,False,,0.7736943907156673,0.8936170212765957,1.0,1.1411992263056092,1.2862669245647969,1.4061895551257253,1.5473887814313345,1.6615087040618957,1.7736943907156673,1.9284332688588008,2.032882011605416,2.1547388781431334,2.297872340425532,2.4274661508704063,,0.7736943907156673,0.8936170212765957,1.0,1.1411992263056092,1.2862669245647969,1.4061895551257253,1.5473887814313345,1.6615087040618957,1.7736943907156673,1.9284332688588008,2.032882011605416,2.1547388781431334,2.2843326885880075,2.4197292069632494,,0.0,0.0,0.0,0.0019342359767891683,0.009671179883945842,0.02127659574468085,0.029013539651837523,0.03481624758220503,0.05029013539651837,0.0735009671179884,0.0851063829787234,0.10058027079303675,0.1276595744680851,0.15473887814313347,,0.013539651837524178,0.019342359767891684,0.03288201160541586,0.05222437137330754,0.07930367504835589,0.11411992263056092,0.1644100580270793,0.19342359767891681,0.2205029013539652,0.26692456479690524,0.31334622823984526,0.3694390715667311,0.425531914893617,0.4738878143133462,,0.6499032882011605,0.6499032882011605,0.0,0.0
loto_5_40,649_wilson_lb,30,True,1206,517,0.010878800007048994,math-649,0.6634429400386848,4,0.0019342359767891683,0.015473887814313346,4,0.0,0.0,20.41,0.0,0.0,0.0,1,False,,0.7775628626692457,0.9090909090909091,1.0212765957446808,1.1334622823984526,1.2553191489361701,1.402321083172147,1.5280464216634428,1.6518375241779497,1.7524177949709865,1.8413926499032882,1.9651837524177949,2.127659574468085,2.261121856866538,2.355899419729207,,0.7775628626692457,0.9090909090909091,1.0212765957446808,1.1334622823984526,1.2553191489361701,1.402321083172147,1.5280464216634428,1.6518375241779497,1.7524177949709865,1.8413926499032882,1.9651837524177949,2.127659574468085,2.2224371373307545,2.3733075435203093,,0.0019342359767891683,0.0019342359767891683,0.0019342359767891683,0.0019342359767891683,0.005802707930367505,0.009671179883945842,0.013539651837524178,0.029013539651837523,0.0367504835589942,0.05609284332688588,0.06963249516441006,0.09671179883945841,0.12572533849129594,0.14893617021276595,,0.02127659574468085,0.030947775628626693,0.05222437137330754,0.0735009671179884,0.08897485493230174,0.11798839458413926,0.16247582205029013,0.18762088974854932,0.218568665377176,0.24758220502901354,0.29206963249516443,0.34622823984526113,0.390715667311412,0.43133462282398455,,0.6634429400386848,0.6634429400386848,0.0019342359767891683,0.015473887814313346
loto_5_40,649_wilson_lb,60,False,689,1034,0.018876399990404025,math-649,0.6276595744680851,3,0.0,0.006769825918762089,4,0.0,0.0,20.41,0.0,0.0,0.0,1,False,,0.7620889748549323,0.8965183752417795,1.0145067698259187,1.1566731141199227,1.2949709864603483,1.4081237911025144,1.5377176015473888,1.6653771760154739,1.7727272727272727,1.8945841392649903,2.018375241779497,2.146034816247582,2.2891682785299805,2.397485493230174,,0.7620889748549323,0.8800773694390716,1.0222437137330755,1.1605415860735009,1.2736943907156673,1.4032882011605416,1.5309477756286267,1.6382978723404256,1.7620889748549322,1.8897485493230175,2.032882011605416,2.141199226305609,2.271760154738878,2.40715667311412,,0.0,0.0019342359767891683,0.0019342359767891683,0.005802707930367505,0.009671179883945842,0.015473887814313346,0.019342359767891684,0.033849129593810444,0.041586073500967116,0.05705996131528046,0.07736943907156674,0.09381044487427466,0.13056092843326886,0.15377176015473887,,0.015473887814313346,0.02611218568665377,0.0367504835589942,0.058027079303675046,0.08897485493230174,0.11508704061895551,0.1528046421663443,0.19148936170212766,0.2253384912959381,0.27079303675048355,0.3114119922630561,0.3520309477756286,0.40618955512572535,0.45357833655706,,0.6276595744680851,0.6276595744680851,0.0,0.006769825918762089
loto_5_40,649_wilson_lb,60,True,689,1034,0.017671999987214804,math-649,0.6199226305609284,4,0.0009671179883945841,0.008704061895551257,4,0.0,0.0,20.41,0.0,0.0,0.0,1,False,,0.7543520309477756,0.879110251450677,1.0251450676982592,1.1363636363636365,1.2408123791102514,1.3491295938104448,1.4748549323017408,1.5870406189555126,1.6982591876208897,1.8191489361702127,1.9613152804642167,2.0967117988394586,2.2263056092843327,2.36073500967118,,0.7543520309477756,0.879110251450677,1.0251450676982592,1.1363636363636365,1.2408123791102514,1.3491295938104448,1.4748549323017408,1.5870406189555126,1.6982591876208897,1.8191489361702127,1.9613152804642167,2.090909090909091,2.225338491295938,2.353965183752418,,0.0009671179883945841,0.0029013539651837525,0.004835589941972921,0.007736943907156673,0.009671179883945842,0.013539651837524178,0.020309477756286266,0.031914893617021274,0.037717601547388784,0.05609284332688588,0.07446808510638298,0.09381044487427466,0.11508704061895551,0.14410058027079303,,0.022243713733075435,0.030947775628626693,0.0551257253384913,0.06866537717601548,0.10348162475822051,0.12475822050290135,0.1595744680851064,0.1885880077369439,0.218568665377176,0.2562862669245648,0.3114119922630561,0.3578336557059961,0.40618955512572535,0.4526112185686654,,0.6199226305609284,0.6199226305609284,0.0009671179883945841,0.008704061895551257
loto_5_40,649_wilson_lb,100,False,80,1643,0.021943600004306063,math-649,0.6512477175897748,3,0.0,0.010346926354230066,3,0.0,0.0,20.41,0.0,0.0,0.0,1,False,,0.7626293365794279,0.8898356664637858,1.0255629945222156,1.1393791844187462,1.2641509433962264,1.379184418746196,1.5118685331710287,1.6293365794278758,1.7565429093122338,1.8922702373706635,2.0036518563603165,2.1339013998782717,2.2318928788800974,2.356055995130858,,0.7626293365794279,0.8898356664637858,1.0255629945222156,1.1393791844187462,1.2641509433962264,1.379184418746196,1.5118685331710287,1.6293365794278758,1.7565429093122338,1.8922702373706635,2.0036518563603165,2.1339013998782717,2.2318928788800974,2.356055995130858,,0.0,0.0012172854534388314,0.002434570906877663,0.004869141813755326,0.007912355447352405,0.01278149726110773,0.019476567255021303,0.02799756542909312,0.04077906269020085,0.057212416311625075,0.07181984175289105,0.09068776628119293,0.10833840535605599,0.13085818624467438,,0.019476567255021303,0.029214850882531954,0.0426049908703591,0.06938527084601338,0.09068776628119293,0.11746804625684723,0.1545952525867316,0.18746195982958003,0.23067559342665855,0.2720632988435788,0.310407790626902,0.3536214242239805,0.3913572732805843,0.44613511868533173,,0.6512477175897748,0.6512477175897748,0.0,0.010346926354230066
loto_5_40,649_wilson_lb,100,True,80,1643,0.023438300006091595,math-649,0.6104686548995739,3,0.0,0.009738283627510651,5,90.3,90.3,20.41,0.0,0.0,0.0,1,False,,0.7431527693244065,0.8563603164942178,0.9829580036518564,1.1059038344491783,1.222763237979306,1.3578819233110164,1.4954351795496044,1.6378575776019477,1.761412051125989,1.8807060255629946,2.0054777845404748,2.1326841144248325,2.2684114424832624,2.381010346926354,,0.7443700547778455,0.8709677419354839,0.9939135727328059,1.1107729762629337,1.245891661594644,1.3883140596469872,1.5118685331710287,1.631162507608034,1.7559342665855142,1.8831405964698722,2.018867924528302,2.131466828971394,2.2568472306755933,2.3858794887401094,,0.0,0.0012172854534388314,0.002434570906877663,0.004869141813755326,0.007912355447352405,0.01278149726110773,0.018259281801582473,0.028606208155812538,0.04321363359707851,0.060255629945222156,0.07121119902617164,0.09190505173463177,0.11868533171028606,0.14242239805234327,,0.018259281801582473,0.02799756542909312,0.04321363359707851,0.06512477175897748,0.08764455264759587,0.12477175897748022,0.15642118076688982,0.19659160073037127,0.23676202069385271,0.27997565429093124,0.3274497869750457,0.37370663420572126,0.426049908703591,0.4662203286670724,,0.6104686548995739,0.631162507608034,0.0,0.009738283627510651
loto_5_40,649_katz25_gap75_b,10,False,1550,173,0.014168399997288361,top649,0.6705202312138728,3,0.0,0.011560693641618497,4,0.0,0.0,20.41,0.0,0.0,0.0,1,False,,0.7976878612716763,0.9653179190751445,1.092485549132948,1.1791907514450868,1.254335260115607,1.416184971098266,1.5375722543352601,1.676300578034682,1.76878612716763,1.8786127167630058,1.9884393063583814,2.098265895953757,2.213872832369942,2.346820809248555,,0.8497109826589595,0.976878612716763,1.0520231213872833,1.1907514450867052,1.283236994219653,1.393063583815029,1.5028901734104045,1.6127167630057804,1.7283236994219653,1.861271676300578,1.9421965317919074,2.0809248554913293,2.1965317919075145,2.3236994219653178,,0.0,0.0,0.0,0.005780346820809248,0.005780346820809248,0.005780346820809248,0.017341040462427744,0.028901734104046242,0.03468208092485549,0.03468208092485549,0.05202312138728324,0.08092485549132948,0.09248554913294797,0.10982658959537572,,0.023121387283236993,0.03468208092485549,0.03468208092485549,0.05202312138728324,0.05202312138728324,0.12138728323699421,0.1329479768786127,0.18497109826589594,0.2023121387283237,0.2254335260115607,0.2658959537572254,0.3236994219653179,0.37572254335260113,0.4393063583815029,,0.6705202312138728,0.6820809248554913,0.0,0.011560693641618497
loto_5_40,649_katz25_gap75_b,10,True,1550,173,0.012683100008871406,top649,0.5549132947976878,2,0.0,0.0,4,0.0,0.0,20.41,0.0,0.0,0.0,1,False,,0.7225433526011561,0.8323699421965318,0.953757225433526,1.069364161849711,1.2254335260115607,1.3410404624277457,1.4797687861271676,1.5895953757225434,1.7341040462427746,1.8670520231213872,2.0,2.1098265895953756,2.277456647398844,2.38728323699422,,0.6647398843930635,0.8208092485549133,0.9595375722543352,1.069364161849711,1.2138728323699421,1.346820809248555,1.4797687861271676,1.5895953757225434,1.7572254335260116,1.8670520231213872,2.0,2.115606936416185,2.2485549132947975,2.346820809248555,,0.0,0.0,0.0,0.0,0.005780346820809248,0.011560693641618497,0.017341040462427744,0.04046242774566474,0.05202312138728324,0.06358381502890173,0.07514450867052024,0.08670520231213873,0.1329479768786127,0.14450867052023122,,0.011560693641618497,0.03468208092485549,0.057803468208092484,0.08670520231213873,0.11560693641618497,0.1329479768786127,0.15028901734104047,0.17341040462427745,0.21965317919075145,0.27167630057803466,0.30057803468208094,0.3468208092485549,0.4046242774566474,0.44508670520231214,,0.5549132947976878,0.5549132947976878,0.0,0.0
loto_5_40,649_katz25_gap75_b,30,False,1206,517,0.014322400005767122,top649,0.6305609284332688,3,0.0,0.013539651837524178,6,0.0,0.0,20.41,0.0,0.0,0.0,1,False,,0.7620889748549323,0.9090909090909091,1.0599613152804641,1.1914893617021276,1.3249516441005802,1.4642166344294003,1.5493230174081238,1.6692456479690523,1.7833655705996132,1.8955512572533848,1.9787234042553192,2.090909090909091,2.1856866537717603,2.3152804642166345,,0.6943907156673114,0.8143133462282398,0.9284332688588007,1.0406189555125724,1.1237911025145069,1.2359767891682785,1.3307543520309477,1.460348162475822,1.5802707930367506,1.7253384912959382,1.8259187620889747,1.9593810444874276,2.079303675048356,2.2321083172147,,0.0,0.0,0.0019342359767891683,0.0038684719535783366,0.009671179883945842,0.013539651837524178,0.015473887814313346,0.02127659574468085,0.03868471953578337,0.05415860735009671,0.06576402321083172,0.0851063829787234,0.10251450676982592,0.13346228239845262,,0.025145067698259187,0.0425531914893617,0.05415860735009671,0.09284332688588008,0.11218568665377177,0.1470019342359768,0.16634429400386846,0.2011605415860735,0.23017408123791103,0.2688588007736944,0.3056092843326886,0.35589941972920697,0.390715667311412,0.44294003868471954,,0.6305609284332688,0.6092843326885881,0.0,0.013539651837524178
loto_5_40,649_katz25_gap75_b,30,True,1206,517,0.015481699985684827,top649,0.6382978723404256,3,0.0,0.007736943907156673,4,0.0,0.0,20.41,0.0,0.0,0.0,1,False,,0.7620889748549323,0.9110251450676983,1.0309477756286267,1.1682785299806577,1.2959381044487428,1.4294003868471954,1.5764023210831721,1.7079303675048356,1.8201160541586074,1.9381044487427466,2.0270793036750483,2.1682785299806575,2.3056092843326885,2.4197292069632494,,0.7775628626692457,0.9052224371373307,1.0522243713733075,1.183752417794971,1.2959381044487428,1.413926499032882,1.5029013539651837,1.644100580270793,1.7814313346228239,1.8955512572533848,2.007736943907157,2.137330754352031,2.239845261121857,2.37137330754352,,0.0,0.0,0.0019342359767891683,0.005802707930367505,0.017408123791102514,0.017408123791102514,0.027079303675048357,0.03481624758220503,0.05029013539651837,0.059961315280464215,0.07156673114119923,0.08704061895551257,0.11605415860735009,0.13926499032882012,,0.013539651837524178,0.025145067698259187,0.0367504835589942,0.07543520309477757,0.09090909090909091,0.11605415860735009,0.1528046421663443,0.2011605415860735,0.2379110251450677,0.27852998065764023,0.30754352030947774,0.36363636363636365,0.42166344294003866,0.46808510638297873,,0.6382978723404256,0.6286266924564797,0.0,0.007736943907156673
loto_5_40,649_katz25_gap75_b,60,False,689,1034,0.01707560001523234,top649,0.6218568665377177,3,0.0,0.01160541586073501,4,0.0,0.0,20.41,0.0,0.0,0.0,1,False,,0.7649903288201161,0.8878143133462283,1.0338491295938104,1.1682785299806577,1.2823984526112187,1.4071566731141198,1.5454545454545454,1.667311411992263,1.8027079303675049,1.9100580270793037,2.044487427466151,2.1711798839458414,2.2707930367504834,2.379110251450677,,0.7659574468085106,0.9119922630560928,1.0502901353965184,1.172147001934236,1.3075435203094778,1.4148936170212767,1.5493230174081238,1.6760154738878144,1.7756286266924566,1.88394584139265,2.018375241779497,2.142166344294004,2.269825918762089,2.387814313346228,,0.0009671179883945841,0.0029013539651837525,0.004835589941972921,0.010638297872340425,0.012572533849129593,0.020309477756286266,0.02804642166344294,0.035783365570599614,0.05125725338491296,0.06963249516441006,0.086073500967118,0.10735009671179883,0.1276595744680851,0.14990328820116053,,0.020309477756286266,0.03481624758220503,0.05705996131528046,0.08027079303675048,0.10251450676982592,0.13346228239845262,0.1644100580270793,0.20212765957446807,0.24177949709864605,0.27949709864603484,0.32495164410058025,0.3723404255319149,0.40618955512572535,0.4458413926499033,,0.6218568665377177,0.6431334622823984,0.0,0.01160541586073501
loto_5_40,649_katz25_gap75_b,60,True,689,1034,0.017735600005835295,top649,0.632495164410058,3,0.0,0.008704061895551257,4,0.0,0.0,20.41,0.0,0.0,0.0,1,False,,0.758220502901354,0.8839458413926499,1.0135396518375241,1.1353965183752417,1.239845261121857,1.3655705996131529,1.490328820116054,1.620889748549323,1.7504835589941974,1.8820116054158607,2.016441005802708,2.132495164410058,2.25531914893617,2.38394584139265,,0.746615087040619,0.8723404255319149,0.9970986460348162,1.127659574468085,1.2572533849129595,1.3887814313346227,1.52321083172147,1.6392649903288201,1.7620889748549322,1.890715667311412,2.019342359767892,2.127659574468085,2.237911025145068,2.38394584139265,,0.0009671179883945841,0.0009671179883945841,0.0019342359767891683,0.004835589941972921,0.005802707930367505,0.006769825918762089,0.0183752417794971,0.02127659574468085,0.029013539651837523,0.048355899419729204,0.07059961315280464,0.0851063829787234,0.10444874274661509,0.13249516441005801,,0.01644100580270793,0.025145067698259187,0.048355899419729204,0.06576402321083172,0.08220502901353965,0.10735009671179883,0.1344294003868472,0.1769825918762089,0.22243713733075435,0.26499032882011603,0.32011605415860733,0.36750483558994196,0.41295938104448743,0.46421663442940037,,0.632495164410058,0.6421663442940039,0.0,0.008704061895551257
loto_5_40,649_katz25_gap75_b,100,False,80,1643,0.022408199991332367,top649,0.6287279367011565,3,0.0,0.010955569080949483,3,0.0,0.0,20.41,0.0,0.0,0.0,1,False,,0.7559342665855143,0.8861838101034692,0.9933049300060864,1.1284236153377967,1.2538040170419964,1.368837492391966,1.486305538648813,1.607425441265977,1.7248934875228241,1.8520998174071819,1.98965307364577,2.1253804017041995,2.2233718807060256,2.3493609251369447,,0.7559342665855143,0.8861838101034692,1.0115642118076689,1.1265976871576384,1.2440657334144858,1.361533779671333,1.488740109555691,1.6262933657942789,1.7620206938527085,1.8600121728545345,1.9860012172854535,2.121728545343883,2.233110164333536,2.3609251369446134,,0.0,0.0,0.0030432136335970784,0.005477784540474742,0.007912355447352405,0.013390139987827145,0.018259281801582473,0.02982349360925137,0.041387705416920266,0.05599513085818624,0.07303712720632989,0.09920876445526476,0.11746804625684723,0.13755325623858794,,0.016433353621424222,0.024954351795496044,0.03956177723676202,0.06634205721241632,0.08886183810103469,0.1162507608034084,0.14850882531953744,0.18015824710894704,0.21545952525867315,0.25380401704199634,0.29701765063907487,0.3487522824102252,0.38831405964698723,0.43700547778454046,,0.6287279367011565,0.6287279367011565,0.0,0.010955569080949483
loto_5_40,649_katz25_gap75_b,100,True,80,1643,0.026260299986461177,top649,0.6098600121728546,4,0.0006086427267194157,0.010955569080949483,5,87.5,87.5,20.41,0.0,0.0,0.0,1,False,,0.7352404138770542,0.8514911746804625,0.9866098600121729,1.119902617163725,1.2580645161290323,1.3846622032866707,1.5076080340839928,1.632379793061473,1.774802191113816,1.8922702373706635,2.0,2.1272063298843578,2.25015216068168,2.351795496043822,,0.7504564820450396,0.8734023128423616,0.9981740718198417,1.140596469872185,1.2580645161290323,1.3657942787583688,1.4930006086427268,1.6159464394400487,1.717589774802191,1.8411442483262326,1.973828362751065,2.101034692635423,2.214850882531954,2.3451004260499086,,0.0012172854534388314,0.0018259281801582471,0.002434570906877663,0.005477784540474742,0.009738283627510651,0.016433353621424222,0.024345709068776627,0.03530127814972611,0.05112598904443092,0.06329884357881924,0.07608034083992696,0.09616555082166768,0.11929397443700548,0.1436396835057821,,0.017650639074863056,0.027388922702373707,0.04503956177723676,0.06086427267194157,0.09007912355447352,0.12172854534388314,0.15581253804017042,0.1862446743761412,0.22337188070602557,0.2598904443091905,0.29823493609251367,0.34205721241631165,0.3907486305538649,0.42787583688374925,,0.6098600121728546,0.6238587948874011,0.0006086427267194157,0.010955569080949483
loto_5_40,649_decade_hot,10,False,1550,173,0.0026467999850865453,math-649,0.6011560693641619,3,0.0,0.011560693641618497,4,0.0,0.0,20.41,0.0,0.0,0.0,1,False,,0.7109826589595376,0.838150289017341,0.9653179190751445,1.092485549132948,1.23121387283237,1.3410404624277457,1.5028901734104045,1.6589595375722543,1.7976878612716762,1.9421965317919074,2.0115606936416186,2.121387283236994,2.260115606936416,2.3815028901734103,,0.7109826589595376,0.838150289017341,0.9653179190751445,1.092485549132948,1.23121387283237,1.3410404624277457,1.4971098265895955,1.6358381502890174,1.7803468208092486,1.8497109826589595,1.9595375722543353,2.098265895953757,2.254335260115607,2.3294797687861273,,0.0,0.0,0.005780346820809248,0.011560693641618497,0.011560693641618497,0.011560693641618497,0.017341040462427744,0.04046242774566474,0.06358381502890173,0.09248554913294797,0.09248554913294797,0.10404624277456648,0.13872832369942195,0.1676300578034682,,0.017341040462427744,0.03468208092485549,0.04046242774566474,0.06358381502890173,0.08092485549132948,0.10982658959537572,0.15606936416184972,0.24855491329479767,0.28901734104046245,0.3236994219653179,0.3352601156069364,0.3872832369942196,0.4277456647398844,0.4508670520231214,,0.6011560693641619,0.6011560693641619,0.0,0.011560693641618497
loto_5_40,649_decade_hot,10,True,1550,173,0.0021234999876469374,math-649,0.6647398843930635,3,0.0,0.023121387283236993,4,0.0,0.0,20.41,0.0,0.0,0.0,1,False,,0.7398843930635838,0.815028901734104,0.8901734104046243,0.9884393063583815,1.0982658959537572,1.1965317919075145,1.323699421965318,1.4797687861271676,1.5953757225433527,1.7109826589595376,1.8786127167630058,2.0115606936416186,2.1734104046242773,2.352601156069364,,0.7398843930635838,0.815028901734104,0.8901734104046243,0.9884393063583815,1.0982658959537572,1.1965317919075145,1.323699421965318,1.4797687861271676,1.5953757225433527,1.7630057803468209,1.8959537572254335,2.0578034682080926,2.2369942196531793,2.346820809248555,,0.005780346820809248,0.005780346820809248,0.005780346820809248,0.005780346820809248,0.005780346820809248,0.005780346820809248,0.011560693641618497,0.011560693641618497,0.023121387283236993,0.028901734104046242,0.057803468208092484,0.07514450867052024,0.08092485549132948,0.12138728323699421,,0.04046242774566474,0.05202312138728324,0.05202312138728324,0.05202312138728324,0.05202312138728324,0.06936416184971098,0.09826589595375723,0.1676300578034682,0.19653179190751446,0.2254335260115607,0.2947976878612717,0.34104046242774566,0.3930635838150289,0.44508670520231214,,0.6647398843930635,0.6647398843930635,0.0,0.023121387283236993
loto_5_40,649_decade_hot,30,False,1206,517,0.007028299994999543,math-649,0.6789168278529981,4,0.0019342359767891683,0.015473887814313346,6,0.0,0.0,20.41,0.0,0.0,0.0,1,False,,0.7620889748549323,0.874274661508704,1.0290135396518376,1.1586073500967118,1.2785299806576402,1.4216634429400388,1.506769825918762,1.6266924564796905,1.7794970986460348,1.9245647969052224,2.0406189555125724,2.160541586073501,2.272727272727273,2.3849129593810443,,0.7350096711798839,0.8897485493230174,1.0193423597678917,1.1392649903288201,1.2243713733075434,1.3442940038684719,1.4970986460348163,1.6421663442940038,1.758220502901354,1.8781431334622825,1.990328820116054,2.102514506769826,2.2050290135396517,2.3094777562862667,,0.0019342359767891683,0.0019342359767891683,0.0019342359767891683,0.005802707930367505,0.01160541586073501,0.019342359767891684,0.029013539651837523,0.03288201160541586,0.05029013539651837,0.07156673114119923,0.08317214700193423,0.10444874274661509,0.12959381044487428,0.1470019342359768,,0.017408123791102514,0.03288201160541586,0.05415860735009671,0.07736943907156674,0.10058027079303675,0.12959381044487428,0.15087040618955513,0.18181818181818182,0.21470019342359767,0.2765957446808511,0.31334622823984526,0.3597678916827853,0.40425531914893614,0.44680851063829785,,0.6789168278529981,0.6228239845261122,0.0019342359767891683,0.015473887814313346
loto_5_40,649_decade_hot,30,True,1206,517,0.008930000010877848,math-649,0.574468085106383,3,0.0,0.0038684719535783366,4,0.0,0.0,20.41,0.0,0.0,0.0,1,False,,0.6943907156673114,0.8452611218568665,0.9574468085106383,1.1063829787234043,1.2379110251450678,1.355899419729207,1.4893617021276595,1.6266924564796905,1.7504835589941974,1.8684719535783365,2.0154738878143132,2.147001934235977,2.288201160541586,2.4506769825918764,,0.6943907156673114,0.8452611218568665,0.9574468085106383,1.1063829787234043,1.2379110251450678,1.355899419729207,1.4796905222437138,1.597678916827853,1.7446808510638299,1.8762088974854931,2.0174081237911023,2.1798839458413926,2.3094777562862667,2.4506769825918764,,0.0,0.0,0.0,0.0019342359767891683,0.0038684719535783366,0.005802707930367505,0.007736943907156673,0.015473887814313346,0.027079303675048357,0.05029013539651837,0.0735009671179884,0.09477756286266925,0.12379110251450677,0.15667311411992263,,0.01160541586073501,0.027079303675048357,0.04061895551257253,0.059961315280464215,0.08317214700193423,0.11218568665377177,0.13926499032882012,0.1895551257253385,0.22437137330754353,0.26692456479690524,0.3230174081237911,0.36750483558994196,0.4197292069632495,0.4835589941972921,,0.574468085106383,0.574468085106383,0.0,0.0038684719535783366
loto_5_40,649_decade_hot,60,False,689,1034,0.01522359999944456,math-649,0.6411992263056093,4,0.0009671179883945841,0.010638297872340425,4,90.3,90.3,20.41,0.0,0.0,0.0,1,False,,0.746615087040619,0.8820116054158608,1.0203094777562862,1.148936170212766,1.2707930367504836,1.4129593810444874,1.5435203094777563,1.6731141199226305,1.7804642166344293,1.9264990328820115,2.041586073500967,2.1595744680851063,2.2640232108317213,2.3994197292069632,,0.7572533849129593,0.8955512572533849,1.0241779497098646,1.1460348162475822,1.2882011605415862,1.418762088974855,1.5483558994197293,1.6557059961315281,1.8017408123791103,1.9168278529980658,2.034816247582205,2.13926499032882,2.274661508704062,2.400386847195358,,0.0009671179883945841,0.0009671179883945841,0.0029013539651837525,0.004835589941972921,0.01160541586073501,0.017408123791102514,0.025145067698259187,0.0367504835589942,0.048355899419729204,0.07059961315280464,0.09187620889748549,0.1102514506769826,0.1286266924564797,0.1528046421663443,,0.013539651837524178,0.02804642166344294,0.04448742746615087,0.06963249516441006,0.09381044487427466,0.12088974854932302,0.1470019342359768,0.18375241779497098,0.2205029013539652,0.27079303675048355,0.3104448742746615,0.3520309477756286,0.4032882011605416,0.46034816247582205,,0.6411992263056093,0.6218568665377177,0.0009671179883945841,0.010638297872340425
loto_5_40,649_decade_hot,60,True,689,1034,0.018326299992622808,math-649,0.6179883945841392,3,0.0,0.01160541586073501,4,0.0,0.0,20.41,0.0,0.0,0.0,1,False,,0.7601547388781431,0.8878143133462283,1.016441005802708,1.1653771760154739,1.2911025145067698,1.4197292069632494,1.551257253384913,1.6624758220502902,1.7920696324951644,1.9264990328820115,2.0406189555125724,2.1634429400386845,2.2920696324951644,2.4216634429400385,,0.7620889748549323,0.8907156673114119,1.039651837524178,1.1653771760154739,1.2940038684719535,1.425531914893617,1.5367504835589942,1.6663442940038684,1.8007736943907158,1.9148936170212767,2.0377176015473886,2.1663442940038684,2.274661508704062,2.385880077369439,,0.0,0.0029013539651837525,0.004835589941972921,0.007736943907156673,0.010638297872340425,0.0183752417794971,0.030947775628626693,0.03868471953578337,0.05415860735009671,0.07059961315280464,0.08704061895551257,0.10251450676982592,0.12959381044487428,0.15667311411992263,,0.019342359767891684,0.02611218568665377,0.04642166344294004,0.07059961315280464,0.10058027079303675,0.13733075435203096,0.1702127659574468,0.19825918762088976,0.24274661508704062,0.28820116054158607,0.3307543520309478,0.36847195357833656,0.42263056092843326,0.48065764023210833,,0.6179883945841392,0.6344294003868471,0.0,0.01160541586073501
loto_5_40,649_decade_hot,100,False,80,1643,0.025110599992331117,math-649,0.6189896530736457,3,0.0,0.009129640900791236,3,0.0,0.0,20.41,0.0,0.0,0.0,1,False,,0.7303712720632989,0.859403530127815,0.9835666463785758,1.0973828362751066,1.2148508825319537,1.3420572124163117,1.4680462568472308,1.5897748021911138,1.7163724893487522,1.8520998174071819,1.9634814363968351,2.09373097991479,2.2306755934266587,2.3578819233110164,,0.7303712720632989,0.859403530127815,0.9835666463785758,1.0973828362751066,1.2148508825319537,1.3420572124163117,1.4680462568472308,1.5897748021911138,1.7163724893487522,1.8520998174071819,1.9634814363968351,2.09373097991479,2.2306755934266587,2.3578819233110164,,0.0006086427267194157,0.002434570906877663,0.004869141813755326,0.007303712720632989,0.011564211807668898,0.01399878271454656,0.023128423615337797,0.030432136335970784,0.04077906269020085,0.054777845404747415,0.07121119902617164,0.09129640900791236,0.11199026171637248,0.13390139987827146,,0.014607425441265977,0.03408399269628728,0.04503956177723676,0.06269020085209982,0.0815581253804017,0.10651247717589775,0.1393791844187462,0.17102860620815583,0.20815581253804016,0.256238587948874,0.29214850882531956,0.3335362142422398,0.3950091296409008,0.44613511868533173,,0.6189896530736457,0.6189896530736457,0.0,0.009129640900791236
loto_5_40,649_decade_hot,100,True,80,1643,0.02571630000602454,math-649,0.6262933657942787,3,0.0,0.009129640900791236,5,0.0,0.0,20.41,0.0,0.0,0.0,1,False,,0.7388922702373707,0.8679245283018868,0.9914790018259282,1.1034692635423007,1.2203286670724285,1.3396226415094339,1.4710894704808277,1.5940353012781496,1.7206329884357883,1.8368837492391965,1.975045648204504,2.1077297626293365,2.233110164333536,2.370663420572124,,0.7376749847839318,0.8612294583079733,0.9780888618381011,1.0973828362751066,1.2288496652465004,1.3517954960438223,1.4783931832014607,1.6110772976262933,1.736457699330493,1.8612294583079732,2.003043213633597,2.125989044430919,2.2507608034083995,2.3639683505782108,,0.0006086427267194157,0.002434570906877663,0.004869141813755326,0.007912355447352405,0.012172854534388313,0.01582471089470481,0.020693852708460133,0.02678027997565429,0.03834449178332319,0.04990870359099209,0.06938527084601338,0.09068776628119293,0.10346926354230067,0.13451004260499086,,0.01399878271454656,0.033475349969567865,0.044430919050517347,0.06086427267194157,0.08094948265368229,0.10712111990261716,0.13998782714546562,0.17589774802191113,0.21789409616555083,0.2604990870359099,0.30858186244674374,0.36153377967133293,0.4035301278149726,0.45039561777236764,,0.6262933657942787,0.6086427267194157,0.0,0.009129640900791236
loto_5_40,nmf_cooc,10,False,1550,173,0.012298199988435954,math-nmf,0.6184971098265896,3,0.0,0.017341040462427744,4,0.0,0.0,20.41,0.0,0.0,0.0,1,False,,0.7283236994219653,0.8670520231213873,1.0,1.1676300578034682,1.254335260115607,1.4335260115606936,1.5780346820809248,1.722543352601156,1.8439306358381502,1.9826589595375723,2.138728323699422,2.2947976878612715,2.4508670520231215,2.560693641618497,,0.7283236994219653,0.8670520231213873,1.0,1.1676300578034682,1.346820809248555,1.4913294797687862,1.6358381502890174,1.7745664739884393,1.930635838150289,2.086705202312139,2.2427745664739884,2.352601156069364,2.479768786127168,2.6184971098265897,,0.0,0.0,0.0,0.011560693641618497,0.017341040462427744,0.023121387283236993,0.028901734104046242,0.03468208092485549,0.046242774566473986,0.05202312138728324,0.09826589595375723,0.12716763005780346,0.1907514450867052,0.21965317919075145,,0.023121387283236993,0.023121387283236993,0.046242774566473986,0.07514450867052024,0.08092485549132948,0.10982658959537572,0.1676300578034682,0.2023121387283237,0.2543352601156069,0.30057803468208094,0.3583815028901734,0.4161849710982659,0.4682080924855491,0.5260115606936416,,0.6184971098265896,0.6184971098265896,0.0,0.017341040462427744
loto_5_40,nmf_cooc,10,True,1550,173,0.031904200004646555,math-nmf,0.6936416184971098,3,0.0,0.005780346820809248,4,93.8,93.8,20.41,0.0,0.0,0.0,1,False,,0.838150289017341,1.0057803468208093,1.115606936416185,1.2254335260115607,1.300578034682081,1.4104046242774566,1.5433526011560694,1.699421965317919,1.8034682080924855,1.8786127167630058,2.0,2.098265895953757,2.23121387283237,2.3815028901734103,,0.838150289017341,1.0057803468208093,1.115606936416185,1.2254335260115607,1.300578034682081,1.4104046242774566,1.5433526011560694,1.699421965317919,1.8034682080924855,1.8786127167630058,2.0,2.098265895953757,2.23121387283237,2.3815028901734103,,0.0,0.0,0.0,0.0,0.005780346820809248,0.011560693641618497,0.017341040462427744,0.028901734104046242,0.04046242774566474,0.046242774566473986,0.057803468208092484,0.057803468208092484,0.09248554913294797,0.11560693641618497,,0.028901734104046242,0.046242774566473986,0.06358381502890173,0.08092485549132948,0.10404624277456648,0.12716763005780346,0.17341040462427745,0.23121387283236994,0.2543352601156069,0.2774566473988439,0.3352601156069364,0.3815028901734104,0.43352601156069365,0.5202312138728323,,0.6936416184971098,0.6936416184971098,0.0,0.005780346820809248
loto_5_40,nmf_cooc,30,False,1206,517,0.0439654000219889,math-nmf,0.6615087040618955,3,0.0,0.009671179883945842,6,93.8,93.8,20.41,0.0,0.0,0.0,1,False,,0.781431334622824,0.8858800773694391,1.0270793036750483,1.1102514506769825,1.2282398452611218,1.3404255319148937,1.4642166344294003,1.5938104448742747,1.7388781431334623,1.872340425531915,2.0058027079303673,2.112185686653772,2.2321083172147,2.334622823984526,,0.781431334622824,0.8858800773694391,1.0270793036750483,1.1102514506769825,1.2282398452611218,1.3404255319148937,1.4642166344294003,1.5938104448742747,1.7388781431334623,1.872340425531915,2.0058027079303673,2.112185686653772,2.2321083172147,2.334622823984526,,0.0019342359767891683,0.0019342359767891683,0.0019342359767891683,0.0038684719535783366,0.009671179883945842,0.019342359767891684,0.027079303675048357,0.029013539651837523,0.03481624758220503,0.048355899419729204,0.061895551257253385,0.08317214700193423,0.10444874274661509,0.13346228239845262,,0.013539651837524178,0.029013539651837523,0.05222437137330754,0.061895551257253385,0.08317214700193423,0.10251450676982592,0.12379110251450677,0.16634429400386846,0.20889748549323017,0.25918762088974856,0.29980657640232106,0.3481624758220503,0.40425531914893614,0.437137330754352,,0.6615087040618955,0.6615087040618955,0.0,0.009671179883945842
loto_5_40,nmf_cooc,30,True,1206,517,0.031187000015052035,math-nmf,0.6073500967117988,3,0.0,0.009671179883945842,4,0.0,0.0,20.42,0.0,0.0,0.0,1,False,,0.7408123791102514,0.8723404255319149,0.9864603481624759,1.0754352030947776,1.2030947775628626,1.3655705996131529,1.4970986460348163,1.6131528046421664,1.735009671179884,1.8471953578336557,1.9671179883945842,2.090909090909091,2.228239845261122,2.375241779497099,,0.7388781431334622,0.8529980657640233,0.941972920696325,1.06963249516441,1.2321083172147003,1.3636363636363635,1.4796905222437138,1.6015473887814313,1.7137330754352031,1.8336557059961316,1.9574468085106382,2.094777562862669,2.241779497098646,2.382978723404255,,0.0,0.0019342359767891683,0.0019342359767891683,0.007736943907156673,0.009671179883945842,0.02127659574468085,0.0367504835589942,0.04642166344294004,0.058027079303675046,0.061895551257253385,0.07736943907156674,0.09477756286266925,0.1218568665377176,0.15473887814313347,,0.02127659574468085,0.03288201160541586,0.048355899419729204,0.07156673114119923,0.10251450676982592,0.12959381044487428,0.1644100580270793,0.195357833655706,0.2205029013539652,0.26305609284332687,0.3036750483558994,0.3520309477756286,0.40038684719535783,0.45454545454545453,,0.6073500967117988,0.6073500967117988,0.0,0.009671179883945842
loto_5_40,nmf_cooc,60,False,689,1034,0.027282700000796467,math-nmf,0.6189555125725339,3,0.0,0.0038684719535783366,4,0.0,0.0,20.41,0.0,0.0,0.0,1,False,,0.753384912959381,0.8800773694390716,0.995164410058027,1.1131528046421664,1.2263056092843327,1.3500967117988394,1.4748549323017408,1.6131528046421664,1.7176015473887813,1.8520309477756287,1.9738878143133463,2.1083172147001936,2.230174081237911,2.357833655705996,,0.753384912959381,0.8800773694390716,0.995164410058027,1.1131528046421664,1.2263056092843327,1.3500967117988394,1.488394584139265,1.5928433268858802,1.7147001934235977,1.8491295938104448,1.97678916827853,2.104448742746615,2.2214700193423598,2.3636363636363638,,0.0,0.0019342359767891683,0.0029013539651837525,0.0038684719535783366,0.004835589941972921,0.013539651837524178,0.020309477756286266,0.027079303675048357,0.033849129593810444,0.045454545454545456,0.05899419729206963,0.08123791102514506,0.10444874274661509,0.13056092843326886,,0.01644100580270793,0.029013539651837523,0.047388781431334626,0.059961315280464215,0.08027079303675048,0.10348162475822051,0.13056092843326886,0.17117988394584138,0.19825918762088976,0.24081237911025144,0.28820116054158607,0.3404255319148936,0.39264990328820115,0.4381044487427466,,0.6189555125725339,0.6189555125725339,0.0,0.0038684719535783366
loto_5_40,nmf_cooc,60,True,689,1034,0.025945500005036592,math-nmf,0.6470019342359767,4,0.0009671179883945841,0.013539651837524178,4,0.0,0.0,20.42,0.0,0.0,0.0,1,False,,0.7591876208897486,0.8849129593810445,1.009671179883946,1.1382978723404256,1.248549323017408,1.3829787234042554,1.5058027079303675,1.6547388781431334,1.7591876208897486,1.867504835589942,1.9787234042553192,2.109284332688588,2.2408123791102517,2.3617021276595747,,0.7553191489361702,0.8800773694390716,1.0087040618955512,1.118955512572534,1.253384912959381,1.3762088974854931,1.5251450676982592,1.6295938104448742,1.7379110251450678,1.8491295938104448,1.9796905222437138,2.111218568665377,2.2321083172147,2.3423597678916828,,0.0009671179883945841,0.0009671179883945841,0.0029013539651837525,0.007736943907156673,0.013539651837524178,0.014506769825918761,0.017408123791102514,0.029013539651837523,0.0367504835589942,0.04932301740812379,0.06576402321083172,0.08413926499032882,0.11218568665377177,0.1402321083172147,,0.025145067698259187,0.0425531914893617,0.05899419729206963,0.07736943907156674,0.09477756286266925,0.12379110251450677,0.14990328820116053,0.19148936170212766,0.22147001934235977,0.2572533849129594,0.2988394584139265,0.3452611218568665,0.39748549323017407,0.4381044487427466,,0.6470019342359767,0.6295938104448743,0.0009671179883945841,0.013539651837524178
loto_5_40,nmf_cooc,100,False,80,1643,0.028002999984892085,math-nmf,0.6451612903225806,3,0.0,0.007912355447352405,3,0.0,0.0,20.42,0.0,0.0,0.0,1,False,,0.7699330493000609,0.8971393791844188,1.0389531345100427,1.1503347534996957,1.2641509433962264,1.3913572732805843,1.5027388922702374,1.6329884357881923,1.765672550213025,1.9007912355447352,2.014607425441266,2.153986609860012,2.2714546561168594,2.4071819841752893,,0.7699330493000609,0.8971393791844188,1.0389531345100427,1.1503347534996957,1.2641509433962264,1.3913572732805843,1.5027388922702374,1.6329884357881923,1.765672550213025,1.8794887401095557,2.018867924528302,2.136335970785149,2.272063298843579,2.393791844187462,,0.0,0.0006086427267194157,0.0018259281801582471,0.00426049908703591,0.007912355447352405,0.013390139987827145,0.024954351795496044,0.033475349969567865,0.04321363359707851,0.05842970176506391,0.07486305538648813,0.09129640900791236,0.11199026171637248,0.13755325623858794,,0.015216068167985392,0.028606208155812538,0.04503956177723676,0.060255629945222156,0.09068776628119293,0.1241631162507608,0.15216068167985392,0.18502738892270237,0.2282410225197809,0.2714546561168594,0.30797321972002434,0.36214242239805233,0.4077906269020085,0.46013390139987825,,0.6451612903225806,0.6451612903225806,0.0,0.007912355447352405
loto_5_40,nmf_cooc,100,True,80,1643,0.029207799991127104,math-nmf,0.6007303712720633,3,0.0,0.007303712720632989,5,0.0,0.0,20.42,0.0,0.0,0.0,1,False,,0.7236762020693853,0.8466220328667072,0.9793061472915399,1.0961655508216677,1.231284236153378,1.3578819233110164,1.4954351795496044,1.6189896530736458,1.761412051125989,1.888618381010347,2.0243457090687764,2.143639683505782,2.256238587948874,2.381010346926354,,0.7346317711503347,0.8673158855751674,0.9841752891052952,1.1192939744370054,1.245891661594644,1.3694461351186853,1.5118685331710287,1.6390748630553864,1.774802191113816,1.8940961655508217,2.0066950699939134,2.131466828971394,2.2568472306755933,2.3889227023737067,,0.0006086427267194157,0.002434570906877663,0.00426049908703591,0.006086427267194157,0.010346926354230066,0.01278149726110773,0.018259281801582473,0.029214850882531954,0.04321363359707851,0.057212416311625075,0.07547169811320754,0.09860012172854535,0.11746804625684723,0.14242239805234327,,0.01704199634814364,0.029214850882531954,0.04564820450395618,0.06634205721241632,0.0967741935483871,0.12477175897748022,0.15642118076688982,0.19537431527693244,0.23676202069385271,0.2793670115642118,0.3274497869750457,0.37492391965916005,0.411442483262325,0.4662203286670724,,0.6007303712720633,0.6116859403530128,0.0,0.007303712720632989
loto_5_40,649_mod7_hot,10,False,1550,173,0.003943900024751201,math-649,0.6705202312138728,3,0.0,0.005780346820809248,4,0.0,0.0,20.42,0.0,0.0,0.0,1,False,,0.7572254335260116,0.8323699421965318,0.953757225433526,1.0809248554913296,1.1907514450867052,1.329479768786127,1.439306358381503,1.6184971098265897,1.7283236994219653,1.8208092485549132,1.9653179190751444,2.1271676300578033,2.2485549132947975,2.4046242774566475,,0.7456647398843931,0.8670520231213873,0.9942196531791907,1.1040462427745665,1.2427745664739884,1.3526011560693643,1.5317919075144508,1.6416184971098267,1.7341040462427746,1.8786127167630058,2.0346820809248554,2.179190751445087,2.2832369942196533,2.4161849710982657,,0.0,0.0,0.0,0.0,0.0,0.011560693641618497,0.017341040462427744,0.017341040462427744,0.028901734104046242,0.046242774566473986,0.057803468208092484,0.09826589595375723,0.12138728323699421,0.15028901734104047,,0.005780346820809248,0.017341040462427744,0.023121387283236993,0.04046242774566474,0.08092485549132948,0.10404624277456648,0.1329479768786127,0.18497109826589594,0.2254335260115607,0.2543352601156069,0.3236994219653179,0.3815028901734104,0.4161849710982659,0.47398843930635837,,0.6705202312138728,0.6705202312138728,0.0,0.005780346820809248
loto_5_40,649_mod7_hot,10,True,1550,173,0.0034073999850079417,math-649,0.630057803468208,3,0.0,0.005780346820809248,4,0.0,0.0,20.42,0.0,0.0,0.0,1,False,,0.7630057803468208,0.8959537572254336,1.023121387283237,1.2023121387283238,1.369942196531792,1.5202312138728324,1.630057803468208,1.7745664739884393,1.8728323699421965,2.0346820809248554,2.167630057803468,2.3236994219653178,2.445086705202312,2.520231213872832,,0.7630057803468208,0.8959537572254336,1.023121387283237,1.2023121387283238,1.369942196531792,1.5202312138728324,1.630057803468208,1.7745664739884393,1.8728323699421965,2.0346820809248554,2.167630057803468,2.3236994219653178,2.398843930635838,2.514450867052023,,0.0,0.0,0.0,0.005780346820809248,0.017341040462427744,0.03468208092485549,0.03468208092485549,0.046242774566473986,0.06936416184971098,0.10982658959537572,0.12716763005780346,0.13872832369942195,0.17341040462427745,0.1907514450867052,,0.023121387283236993,0.04046242774566474,0.057803468208092484,0.08092485549132948,0.12716763005780346,0.16184971098265896,0.1907514450867052,0.24277456647398843,0.2774566473988439,0.3352601156069364,0.3815028901734104,0.4508670520231214,0.5086705202312138,0.5317919075144508,,0.630057803468208,0.630057803468208,0.0,0.005780346820809248
loto_5_40,649_mod7_hot,30,False,1206,517,0.0075391000136733055,math-649,0.6479690522243714,3,0.0,0.013539651837524178,6,0.0,0.0,20.42,0.0,0.0,0.0,1,False,,0.7311411992263056,0.851063829787234,0.9535783365570599,1.0947775628626693,1.1895551257253385,1.3249516441005802,1.4796905222437138,1.632495164410058,1.736943907156673,1.851063829787234,1.9961315280464216,2.125725338491296,2.25531914893617,2.400386847195358,,0.6769825918762089,0.7717601547388782,0.90715667311412,1.0618955512572534,1.2147001934235977,1.3191489361702127,1.4332688588007736,1.5783365570599612,1.7079303675048356,1.8375241779497098,1.9825918762088974,2.117988394584139,2.251450676982592,2.367504835589942,,0.0,0.0,0.0019342359767891683,0.0019342359767891683,0.007736943907156673,0.009671179883945842,0.013539651837524178,0.027079303675048357,0.03481624758220503,0.058027079303675046,0.08317214700193423,0.10444874274661509,0.13152804642166344,0.15860735009671179,,0.017408123791102514,0.030947775628626693,0.0425531914893617,0.06576402321083172,0.08704061895551257,0.11605415860735009,0.15667311411992263,0.19729206963249515,0.23210831721470018,0.2727272727272727,0.3307543520309478,0.3694390715667311,0.40618955512572535,0.46034816247582205,,0.6479690522243714,0.5357833655705996,0.0,0.013539651837524178
loto_5_40,649_mod7_hot,30,True,1206,517,0.008182399993529543,math-649,0.6653771760154739,3,0.0,0.013539651837524178,4,0.0,0.0,20.42,0.0,0.0,0.0,1,False,,0.7775628626692457,0.8916827852998066,0.9806576402321083,1.1121856866537718,1.206963249516441,1.3481624758220503,1.4758220502901354,1.5957446808510638,1.7214700193423598,1.8394584139264991,1.9400386847195359,2.0889748549323017,2.1895551257253385,2.2920696324951644,,0.758220502901354,0.8471953578336557,0.9787234042553191,1.0735009671179885,1.2147001934235977,1.3423597678916828,1.4622823984526112,1.5880077369439072,1.7059961315280465,1.806576402321083,1.9555125725338491,2.0560928433268857,2.158607350096712,2.288201160541586,,0.0,0.0019342359767891683,0.005802707930367505,0.009671179883945842,0.01160541586073501,0.02127659574468085,0.02321083172147002,0.025145067698259187,0.03868471953578337,0.04642166344294004,0.06382978723404255,0.08897485493230174,0.11218568665377177,0.1276595744680851,,0.017408123791102514,0.029013539651837523,0.0367504835589942,0.05609284332688588,0.07930367504835589,0.10444874274661509,0.13152804642166344,0.16827852998065765,0.21663442940038685,0.25918762088974856,0.28820116054158607,0.33849129593810445,0.3713733075435203,0.43133462282398455,,0.6653771760154739,0.6441005802707931,0.0,0.013539651837524178
loto_5_40,649_mod7_hot,60,False,689,1034,0.014589200000045821,math-649,0.6305609284332688,4,0.0009671179883945841,0.010638297872340425,4,0.0,0.0,20.42,0.0,0.0,0.0,1,False,,0.7688588007736944,0.8684719535783365,0.97678916827853,1.1112185686653773,1.2408123791102514,1.3665377176015474,1.501934235976789,1.6295938104448742,1.760154738878143,1.902321083172147,2.006769825918762,2.141199226305609,2.2843326885880075,2.404255319148936,,0.7688588007736944,0.8684719535783365,0.97678916827853,1.1112185686653773,1.2408123791102514,1.3665377176015474,1.501934235976789,1.6295938104448742,1.760154738878143,1.902321083172147,2.006769825918762,2.141199226305609,2.2843326885880075,2.404255319148936,,0.0009671179883945841,0.0029013539651837525,0.0038684719535783366,0.007736943907156673,0.008704061895551257,0.015473887814313346,0.020309477756286266,0.029980657640232108,0.0425531914893617,0.0609284332688588,0.07543520309477757,0.09864603481624758,0.12475822050290135,0.15087040618955513,,0.019342359767891684,0.029980657640232108,0.04932301740812379,0.07156673114119923,0.09381044487427466,0.11702127659574468,0.1576402321083172,0.18665377176015474,0.22920696324951645,0.2765957446808511,0.3114119922630561,0.36266924564796904,0.4119922630560928,0.4526112185686654,,0.6305609284332688,0.6305609284332688,0.0009671179883945841,0.010638297872340425
loto_5_40,649_mod7_hot,60,True,689,1034,0.012949900003150105,math-649,0.648936170212766,3,0.0,0.005802707930367505,4,0.0,0.0,20.43,0.0,0.0,0.0,1,False,,0.7785299806576402,0.9090909090909091,1.0386847195357833,1.1876208897485494,1.31431334622824,1.425531914893617,1.5338491295938104,1.6450676982591876,1.7659574468085106,1.8820116054158607,2.003868471953578,2.1382978723404253,2.2524177949709863,2.3549323017408126,,0.7794970986460348,0.9090909090909091,1.058027079303675,1.1847195357833655,1.2959381044487428,1.4042553191489362,1.5154738878143132,1.6363636363636365,1.7524177949709865,1.874274661508704,2.008704061895551,2.122823984526112,2.2359767891682787,2.3781431334622822,,0.0,0.0009671179883945841,0.0019342359767891683,0.004835589941972921,0.013539651837524178,0.020309477756286266,0.025145067698259187,0.030947775628626693,0.047388781431334626,0.05705996131528046,0.07059961315280464,0.09864603481624758,0.11411992263056092,0.13539651837524178,,0.019342359767891684,0.039651837524177946,0.058027079303675046,0.07930367504835589,0.10251450676982592,0.1344294003868472,0.16247582205029013,0.2011605415860735,0.22920696324951645,0.2688588007736944,0.30851063829787234,0.3568665377176016,0.4090909090909091,0.4506769825918762,,0.648936170212766,0.648936170212766,0.0,0.005802707930367505
loto_5_40,649_mod7_hot,100,False,80,1643,0.024844500003382564,math-649,0.6049908703590993,3,0.0,0.009738283627510651,3,0.0,0.0,20.42,0.0,0.0,0.0,1,False,,0.7163724893487523,0.8581862446743761,0.9780888618381011,1.1034692635423007,1.2337188070602556,1.3597078514911747,1.4869141813755327,1.6147291539866098,1.7321972002434571,1.8673158855751675,1.982349360925137,2.109555690809495,2.2465003043213634,2.344491783323189,,0.7163724893487523,0.8581862446743761,0.9780888618381011,1.1034692635423007,1.2337188070602556,1.3597078514911747,1.4869141813755327,1.6147291539866098,1.7321972002434571,1.8472306755934267,1.9744370054777844,2.111381618989653,2.209373097991479,2.3231892878880096,,0.0,0.0012172854534388314,0.002434570906877663,0.005477784540474742,0.009738283627510651,0.015216068167985392,0.02251978088861838,0.030432136335970784,0.0426049908703591,0.05964698721850274,0.07608034083992696,0.0967741935483871,0.11807668898356664,0.13268411442483263,,0.016433353621424222,0.029214850882531954,0.04017041996348144,0.06390748630553865,0.0931223371880706,0.12294583079732198,0.14668289713937918,0.18076688983566647,0.2209373097991479,0.26293365794278756,0.29701765063907487,0.3414485696895922,0.39744370054777844,0.44065733414485697,,0.6049908703590993,0.6049908703590993,0.0,0.009738283627510651
loto_5_40,649_mod7_hot,100,True,80,1643,0.027981199993519112,math-649,0.6202069385270846,4,0.0006086427267194157,0.010955569080949483,5,0.0,0.0,20.42,0.0,0.0,0.0,1,False,,0.7534996956786366,0.8660986001217286,0.9890444309190505,1.1138161898965306,1.2483262325015216,1.3712720632988435,1.4881314668289713,1.6232501521606817,1.7468046256847232,1.8782714546561168,1.9945222154595252,2.1320754716981134,2.255021302495435,2.3749239196591603,,0.7358490566037735,0.8587948874010956,0.9835666463785758,1.1180766889835667,1.2410225197808886,1.3578819233110164,1.4930006086427268,1.616555082166768,1.7480219111381619,1.8709677419354838,1.9908703590992087,2.122945830797322,2.240413877054169,2.3542300669507,,0.0012172854534388314,0.0018259281801582471,0.004869141813755326,0.00852099817407182,0.010346926354230066,0.013390139987827145,0.020693852708460133,0.02678027997565429,0.038953134510042606,0.05234327449786975,0.06938527084601338,0.09007912355447352,0.12051125989044431,0.1509433962264151,,0.020693852708460133,0.03712720632988436,0.048691418137553254,0.06512477175897748,0.08886183810103469,0.11381618989653074,0.1436396835057821,0.18441874619598295,0.22032866707242849,0.2671941570298235,0.3049300060864273,0.3597078514911747,0.4023128423615338,0.4424832623250152,,0.6202069385270846,0.6232501521606817,0.0006086427267194157,0.010955569080949483
loto_5_40,graph_community_strength,10,False,1550,173,0.009982400020817295,graph-community,0.7167630057803468,3,0.0,0.023121387283236993,4,0.0,0.0,20.42,0.0,0.0,0.0,1,False,,0.8554913294797688,0.9710982658959537,1.092485549132948,1.2196531791907514,1.323699421965318,1.4624277456647399,1.5317919075144508,1.676300578034682,1.8208092485549132,1.9248554913294798,2.052023121387283,2.161849710982659,2.3179190751445087,2.4104046242774566,,0.8554913294797688,0.976878612716763,1.1040462427745665,1.2080924855491328,1.346820809248555,1.416184971098266,1.560693641618497,1.7052023121387283,1.8092485549132948,1.9364161849710984,2.046242774566474,2.2023121387283235,2.2947976878612715,2.4508670520231215,,0.0,0.0,0.005780346820809248,0.017341040462427744,0.023121387283236993,0.028901734104046242,0.04046242774566474,0.05202312138728324,0.06358381502890173,0.06936416184971098,0.09248554913294797,0.10982658959537572,0.14450867052023122,0.16184971098265896,,0.03468208092485549,0.06358381502890173,0.07514450867052024,0.09248554913294797,0.12716763005780346,0.16184971098265896,0.1791907514450867,0.20809248554913296,0.24277456647398843,0.2774566473988439,0.31213872832369943,0.3583815028901734,0.4393063583815029,0.48554913294797686,,0.7167630057803468,0.7167630057803468,0.0,0.023121387283236993
loto_5_40,graph_community_strength,10,True,1550,173,0.009601400000974536,graph-community,0.5664739884393064,3,0.0,0.017341040462427744,4,0.0,0.0,20.42,0.0,0.0,0.0,1,False,,0.6705202312138728,0.7976878612716763,0.930635838150289,1.023121387283237,1.1849710982658959,1.3641618497109826,1.4971098265895955,1.5953757225433527,1.699421965317919,1.8554913294797688,1.9710982658959537,2.0809248554913293,2.2254335260115607,2.393063583815029,,0.6705202312138728,0.7976878612716763,0.930635838150289,1.023121387283237,1.1849710982658959,1.3641618497109826,1.4971098265895955,1.5953757225433527,1.699421965317919,1.8554913294797688,1.9653179190751444,2.1098265895953756,2.277456647398844,2.398843930635838,,0.0,0.0,0.0,0.0,0.005780346820809248,0.017341040462427744,0.03468208092485549,0.04046242774566474,0.046242774566473986,0.057803468208092484,0.06936416184971098,0.08670520231213873,0.11560693641618497,0.18497109826589594,,0.017341040462427744,0.028901734104046242,0.046242774566473986,0.05202312138728324,0.08092485549132948,0.11560693641618497,0.13872832369942195,0.16184971098265896,0.18497109826589594,0.23699421965317918,0.2658959537572254,0.3063583815028902,0.36416184971098264,0.42196531791907516,,0.5664739884393064,0.5664739884393064,0.0,0.017341040462427744
loto_5_40,graph_community_strength,30,False,1206,517,0.009676700021373108,graph-community,0.6112185686653772,3,0.0,0.013539651837524178,6,0.0,0.0,20.42,0.0,0.0,0.0,1,False,,0.7543520309477756,0.8781431334622823,1.011605415860735,1.1644100580270793,1.2804642166344293,1.3965183752417796,1.5087040618955512,1.6286266924564796,1.7408123791102514,1.8607350096711799,1.9806576402321083,2.127659574468085,2.249516441005803,2.379110251450677,,0.7253384912959381,0.8781431334622823,0.9941972920696325,1.1102514506769825,1.2224371373307543,1.3423597678916828,1.4545454545454546,1.574468085106383,1.6943907156673115,1.816247582205029,1.9458413926499032,2.0483558994197293,2.1818181818181817,2.3268858800773695,,0.0019342359767891683,0.0038684719535783366,0.0038684719535783366,0.005802707930367505,0.009671179883945842,0.015473887814313346,0.019342359767891684,0.027079303675048357,0.04061895551257253,0.048355899419729204,0.06963249516441006,0.09090909090909091,0.11411992263056092,0.1470019342359768,,0.019342359767891684,0.025145067698259187,0.04448742746615087,0.07156673114119923,0.09284332688588008,0.11992263056092843,0.1528046421663443,0.17794970986460348,0.20309477756286268,0.2379110251450677,0.2765957446808511,0.33268858800773693,0.38878143133462284,0.44294003868471954,,0.6112185686653772,0.5918762088974855,0.0,0.013539651837524178
loto_5_40,graph_community_strength,30,True,1206,517,0.00898889999371022,graph-community,0.6692456479690522,3,0.0,0.005802707930367505,4,90.1,90.1,20.42,0.0,0.0,0.0,1,False,,0.7891682785299806,0.9303675048355899,1.0483558994197293,1.1586073500967118,1.2707930367504836,1.3829787234042554,1.483558994197292,1.632495164410058,1.758220502901354,1.9090909090909092,2.0290135396518374,2.1663442940038684,2.2823984526112184,2.37137330754352,,0.7969052224371374,0.9148936170212766,1.0251450676982592,1.137330754352031,1.2495164410058026,1.3500967117988394,1.4990328820116054,1.6247582205029014,1.7756286266924566,1.8916827852998066,1.9806576402321083,2.1431334622823983,2.2572533849129592,2.3520309477756287,,0.0019342359767891683,0.0019342359767891683,0.0038684719535783366,0.0038684719535783366,0.0038684719535783366,0.007736943907156673,0.007736943907156673,0.017408123791102514,0.029013539651837523,0.048355899419729204,0.058027079303675046,0.10444874274661509,0.12959381044487428,0.14313346228239845,,0.009671179883945842,0.030947775628626693,0.04061895551257253,0.06382978723404255,0.08704061895551257,0.11218568665377177,0.13926499032882012,0.195357833655706,0.23404255319148937,0.28820116054158607,0.3365570599613153,0.38104448742746616,0.425531914893617,0.4584139264990329,,0.6692456479690522,0.655705996131528,0.0,0.005802707930367505
loto_5_40,graph_community_strength,60,False,689,1034,0.014539800002239645,graph-community,0.59284332688588,4,0.0009671179883945841,0.007736943907156673,4,95.0,95.0,20.42,0.0,0.0,0.0,1,False,,0.7098646034816247,0.8520309477756286,0.9671179883945842,1.1102514506769825,1.2321083172147003,1.3665377176015474,1.4893617021276595,1.61605415860735,1.7340425531914894,1.8597678916827853,1.9729206963249517,2.1034816247582206,2.2311411992263057,2.3307543520309477,,0.7098646034816247,0.8520309477756286,0.9671179883945842,1.1102514506769825,1.2321083172147003,1.3549323017408124,1.4816247582205029,1.5996131528046422,1.7253384912959382,1.8384912959381043,1.9690522243713733,2.0967117988394586,2.1963249516441006,2.3317214700193425,,0.0009671179883945841,0.0019342359767891683,0.0029013539651837525,0.006769825918762089,0.010638297872340425,0.01644100580270793,0.022243713733075435,0.02804642166344294,0.03868471953578337,0.05609284332688588,0.06866537717601548,0.08994197292069632,0.11508704061895551,0.1286266924564797,,0.013539651837524178,0.027079303675048357,0.041586073500967116,0.06286266924564797,0.086073500967118,0.11508704061895551,0.14603481624758222,0.1895551257253385,0.22823984526112184,0.26499032882011603,0.30851063829787234,0.3481624758220503,0.3945841392649903,0.4381044487427466,,0.59284332688588,0.59284332688588,0.0009671179883945841,0.007736943907156673
loto_5_40,graph_community_strength,60,True,689,1034,0.015650799992727116,graph-community,0.620889748549323,4,0.0019342359767891683,0.009671179883945842,4,88.9,88.9,20.42,0.0,0.0,0.0,1,False,,0.7553191489361702,0.8897485493230174,1.0154738878143132,1.144100580270793,1.2746615087040618,1.4032882011605416,1.5135396518375241,1.6479690522243713,1.7736943907156673,1.9032882011605416,2.0290135396518374,2.1450676982591874,2.253384912959381,2.3781431334622822,,0.7543520309477756,0.8800773694390716,1.0087040618955512,1.1392649903288201,1.2678916827852997,1.3781431334622825,1.5125725338491296,1.6382978723404256,1.7678916827852997,1.88394584139265,1.9922630560928434,2.117021276595745,2.2475822050290137,2.3897485493230173,,0.0019342359767891683,0.0029013539651837525,0.0029013539651837525,0.006769825918762089,0.01160541586073501,0.022243713733075435,0.027079303675048357,0.0367504835589942,0.045454545454545456,0.0609284332688588,0.0851063829787234,0.10831721470019343,0.12669245647969052,0.14313346228239845,,0.0183752417794971,0.033849129593810444,0.05415860735009671,0.0735009671179884,0.097678916827853,0.13249516441005801,0.1528046421663443,0.18762088974854932,0.22920696324951645,0.269825918762089,0.3104448742746615,0.3452611218568665,0.39748549323017407,0.44390715667311414,,0.620889748549323,0.6199226305609284,0.0019342359767891683,0.009671179883945842
loto_5_40,graph_community_strength,100,False,80,1643,0.026634000008925796,graph-community,0.6524650030432136,4,0.0006086427267194157,0.009738283627510651,3,0.0,0.0,20.42,0.0,0.0,0.0,1,False,,0.7766281192939745,0.8837492391965917,1.0054777845404748,1.1381618989653073,1.2678027997565429,1.4041387705416921,1.5313451004260499,1.6512477175897748,1.7492391965916008,1.874010955569081,2.0,2.113816189896531,2.2391965916007304,2.3749239196591603,,0.7766281192939745,0.8983566646378576,1.03104077906269,1.1606816798539257,1.297017650639075,1.4242239805234327,1.5441265976871577,1.6421180766889836,1.7668898356664637,1.8928788800973828,2.0066950699939134,2.1320754716981134,2.267802799756543,2.4047474132684115,,0.0012172854534388314,0.0012172854534388314,0.002434570906877663,0.00426049908703591,0.007303712720632989,0.015216068167985392,0.02130249543517955,0.029214850882531954,0.035909920876445525,0.04625684723067559,0.06329884357881924,0.08277541083384053,0.10833840535605599,0.13146682897139378,,0.01582471089470481,0.027388922702373707,0.03956177723676202,0.06086427267194157,0.08825319537431528,0.11564211807668898,0.15276932440657334,0.1905051734631771,0.2172854534388314,0.25745587340231285,0.3055386488131467,0.34266585514303105,0.39257455873402314,0.4528301886792453,,0.6524650030432136,0.6524650030432136,0.0006086427267194157,0.009738283627510651
loto_5_40,graph_community_strength,100,True,80,1643,0.023834099993109703,graph-community,0.6275106512477175,5,0.0012172854534388314,0.00852099817407182,5,0.0,0.0,20.42,0.0,0.0,0.0,1,False,,0.7565429093122337,0.8880097382836275,1.0206938527084601,1.1460742544126599,1.263542300669507,1.3883140596469872,1.5015216068167985,1.6141205112598904,1.7492391965916008,1.8849665246500305,2.009738283627511,2.138770541692027,2.2586731588557516,2.3749239196591603,,0.7577601947656726,0.8904443091905052,1.0158247108947047,1.133292757151552,1.2580645161290323,1.3712720632988435,1.4838709677419355,1.6189896530736458,1.7547169811320755,1.8794887401095557,2.0085209981740717,2.128423615337797,2.26049908703591,2.4023128423615336,,0.0012172854534388314,0.0018259281801582471,0.0030432136335970784,0.005477784540474742,0.010955569080949483,0.01582471089470481,0.02251978088861838,0.02678027997565429,0.041387705416920266,0.05782105903834449,0.07608034083992696,0.09738283627510651,0.12051125989044431,0.13877054169202677,,0.019476567255021303,0.033475349969567865,0.049300060864272674,0.06451612903225806,0.09068776628119293,0.11320754716981132,0.14546561168594035,0.1789409616555082,0.21241631162507607,0.26110772976262936,0.30432136335970783,0.35057821059038347,0.39379184418746194,0.4430919050517346,,0.6275106512477175,0.6262933657942787,0.0012172854534388314,0.00852099817407182
loto_5_40,graph_neighbor_degree,10,False,1550,173,0.007583700004033744,graph-centrality,0.6127167630057804,3,0.0,0.011560693641618497,4,0.0,0.0,20.42,0.0,0.0,0.0,1,False,,0.7803468208092486,0.8901734104046243,0.9942196531791907,1.138728323699422,1.2080924855491328,1.3641618497109826,1.4739884393063585,1.5780346820809248,1.7341040462427746,1.861271676300578,2.005780346820809,2.121387283236994,2.1965317919075145,2.3236994219653178,,0.7803468208092486,0.8901734104046243,0.9942196531791907,1.138728323699422,1.2080924855491328,1.3641618497109826,1.4739884393063585,1.5780346820809248,1.7341040462427746,1.861271676300578,2.005780346820809,2.121387283236994,2.1965317919075145,2.3236994219653178,,0.005780346820809248,0.005780346820809248,0.005780346820809248,0.011560693641618497,0.011560693641618497,0.017341040462427744,0.028901734104046242,0.028901734104046242,0.03468208092485549,0.05202312138728324,0.08092485549132948,0.10404624277456648,0.12138728323699421,0.16184971098265896,,0.017341040462427744,0.023121387283236993,0.023121387283236993,0.06358381502890173,0.09248554913294797,0.11560693641618497,0.1329479768786127,0.1676300578034682,0.21965317919075145,0.2832369942196532,0.31213872832369943,0.35260115606936415,0.3872832369942196,0.4393063583815029,,0.6127167630057804,0.6127167630057804,0.0,0.011560693641618497
loto_5_40,graph_neighbor_degree,10,True,1550,173,0.008318199979839846,graph-centrality,0.5895953757225434,2,0.0,0.0,4,0.0,0.0,20.43,0.0,0.0,0.0,1,False,,0.7514450867052023,0.8670520231213873,1.0115606936416186,1.1445086705202312,1.2716763005780347,1.439306358381503,1.606936416184971,1.7283236994219653,1.884393063583815,1.976878612716763,2.092485549132948,2.23121387283237,2.3641618497109826,2.4971098265895955,,0.7745664739884393,0.9075144508670521,1.0346820809248556,1.2023121387283238,1.323699421965318,1.4797687861271676,1.5722543352601157,1.6878612716763006,1.8265895953757225,1.9595375722543353,2.092485549132948,2.2254335260115607,2.393063583815029,2.468208092485549,,0.0,0.0,0.005780346820809248,0.005780346820809248,0.017341040462427744,0.017341040462427744,0.028901734104046242,0.04046242774566474,0.05202312138728324,0.06936416184971098,0.08092485549132948,0.10404624277456648,0.13872832369942195,0.17341040462427745,,0.011560693641618497,0.023121387283236993,0.028901734104046242,0.057803468208092484,0.08670520231213873,0.1329479768786127,0.1791907514450867,0.2138728323699422,0.27167630057803466,0.28901734104046245,0.35260115606936415,0.3988439306358382,0.44508670520231214,0.48554913294797686,,0.5895953757225434,0.630057803468208,0.0,0.0
loto_5_40,graph_neighbor_degree,30,False,1206,517,0.008928999974159524,graph-centrality,0.6286266924564797,4,0.0019342359767891683,0.009671179883945842,6,0.0,0.0,20.43,0.0,0.0,0.0,1,False,,0.7504835589941973,0.8568665377176016,0.9690522243713733,1.1025145067698259,1.2475822050290135,1.3945841392649903,1.5087040618955512,1.6479690522243713,1.7911025145067698,1.9090909090909092,2.0290135396518374,2.183752417794971,2.288201160541586,2.37137330754352,,0.7253384912959381,0.8375241779497099,0.9709864603481625,1.11605415860735,1.230174081237911,1.3481624758220503,1.4680851063829787,1.622823984526112,1.7272727272727273,1.8104448742746615,1.93036750483559,2.0715667311411994,2.206963249516441,2.3404255319148937,,0.0019342359767891683,0.0038684719535783366,0.0038684719535783366,0.0038684719535783366,0.007736943907156673,0.013539651837524178,0.015473887814313346,0.02127659574468085,0.04061895551257253,0.048355899419729204,0.061895551257253385,0.08897485493230174,0.11992263056092843,0.13346228239845262,,0.019342359767891684,0.030947775628626693,0.03868471953578337,0.06963249516441006,0.10058027079303675,0.12959381044487428,0.15473887814313347,0.2011605415860735,0.23984526112185686,0.2804642166344294,0.31721470019342357,0.3849129593810445,0.4197292069632495,0.4564796905222437,,0.6286266924564797,0.6189555125725339,0.0019342359767891683,0.009671179883945842
loto_5_40,graph_neighbor_degree,30,True,1206,517,0.01157580001745373,graph-centrality,0.6131528046421664,3,0.0,0.0038684719535783366,4,0.0,0.0,20.43,0.0,0.0,0.0,1,False,,0.7388781431334622,0.9013539651837524,1.0425531914893618,1.1702127659574468,1.2959381044487428,1.4197292069632494,1.5203094777562862,1.6615087040618957,1.7988394584139265,1.93036750483559,2.0502901353965184,2.1663442940038684,2.3152804642166345,2.4332688588007736,,0.7388781431334622,0.9013539651837524,1.0425531914893618,1.1702127659574468,1.2959381044487428,1.4197292069632494,1.5203094777562862,1.6615087040618957,1.7988394584139265,1.93036750483559,2.0502901353965184,2.1663442940038684,2.3152804642166345,2.4332688588007736,,0.0,0.0019342359767891683,0.0038684719535783366,0.005802707930367505,0.009671179883945842,0.02127659574468085,0.025145067698259187,0.03868471953578337,0.05029013539651837,0.061895551257253385,0.06963249516441006,0.08897485493230174,0.12379110251450677,0.16054158607350097,,0.007736943907156673,0.02321083172147002,0.048355899419729204,0.07156673114119923,0.09864603481624758,0.13539651837524178,0.15087040618955513,0.18568665377176016,0.22823984526112184,0.27079303675048355,0.32108317214700194,0.379110251450677,0.4274661508704062,0.4796905222437137,,0.6131528046421664,0.6131528046421664,0.0,0.0038684719535783366
loto_5_40,graph_neighbor_degree,60,False,689,1034,0.018096000014338642,graph-centrality,0.660541586073501,3,0.0,0.010638297872340425,4,0.0,0.0,20.43,0.0,0.0,0.0,1,False,,0.8065764023210832,0.9245647969052224,1.04642166344294,1.1644100580270793,1.2882011605415862,1.4168278529980658,1.539651837524178,1.6692456479690523,1.7969052224371374,1.9110251450676983,2.04642166344294,2.1634429400386845,2.2940038684719535,2.4284332688588006,,0.8065764023210832,0.9245647969052224,1.0425531914893618,1.1663442940038684,1.2949709864603483,1.4177949709864603,1.5473887814313345,1.6750483558994198,1.8104448742746615,1.9274661508704063,2.0580270793036752,2.1924564796905224,2.3056092843326885,2.4129593810444874,,0.0019342359767891683,0.0019342359767891683,0.0019342359767891683,0.004835589941972921,0.009671179883945842,0.012572533849129593,0.02321083172147002,0.035783365570599614,0.05029013539651837,0.06382978723404255,0.08994197292069632,0.10831721470019343,0.13346228239845262,0.16054158607350097,,0.015473887814313346,0.029013539651837523,0.043520309477756286,0.06382978723404255,0.08897485493230174,0.11411992263056092,0.1528046421663443,0.18665377176015474,0.23017408123791103,0.26499032882011603,0.31334622823984526,0.3597678916827853,0.40425531914893614,0.4584139264990329,,0.660541586073501,0.660541586073501,0.0,0.010638297872340425
loto_5_40,graph_neighbor_degree,60,True,689,1034,0.019295600010082126,graph-centrality,0.6286266924564797,3,0.0,0.01160541586073501,4,0.0,0.0,20.43,0.0,0.0,0.0,1,False,,0.7630560928433269,0.9119922630560928,1.0415860735009672,1.1518375241779497,1.2678916827852997,1.3820116054158607,1.504835589941973,1.6586073500967118,1.7872340425531914,1.9294003868471954,2.0560928433268857,2.183752417794971,2.286266924564797,2.409090909090909,,0.7823984526112185,0.9119922630560928,1.0222437137330755,1.1382978723404256,1.2524177949709865,1.3752417794970986,1.5290135396518376,1.6576402321083172,1.799806576402321,1.9264990328820115,2.0541586073500966,2.1769825918762087,2.3114119922630563,2.4574468085106385,,0.0009671179883945841,0.0019342359767891683,0.0029013539651837525,0.0029013539651837525,0.009671179883945842,0.015473887814313346,0.019342359767891684,0.03288201160541586,0.045454545454545456,0.06576402321083172,0.08704061895551257,0.10735009671179883,0.12959381044487428,0.15377176015473887,,0.019342359767891684,0.033849129593810444,0.05029013539651837,0.06769825918762089,0.08800773694390715,0.11121856866537717,0.14410058027079303,0.19922630560928434,0.24274661508704062,0.2872340425531915,0.3288201160541586,0.38007736943907156,0.41779497098646035,0.46518375241779497,,0.6286266924564797,0.6334622823984526,0.0,0.01160541586073501
loto_5_40,graph_neighbor_degree,100,False,80,1643,0.024799800012260675,graph-centrality,0.6141205112598904,4,0.0006086427267194157,0.011564211807668898,3,0.0,0.0,20.43,0.0,0.0,0.0,1,False,,0.7413268411442483,0.8807060255629945,1.0158247108947047,1.140596469872185,1.2732805842970176,1.3804017041996348,1.4960438222763237,1.6256847230675593,1.7547169811320755,1.8922702373706635,2.0182592818015825,2.1320754716981134,2.259281801582471,2.3870967741935485,,0.7413268411442483,0.8807060255629945,1.0054777845404748,1.1381618989653073,1.2538040170419964,1.383444917833232,1.512477175897748,1.650030432136336,1.776019476567255,1.8898356664637859,2.017041996348144,2.1448569689592207,2.2818015824710893,2.4175289105295192,,0.0006086427267194157,0.0012172854534388314,0.0036518563603164943,0.00426049908703591,0.00852099817407182,0.01399878271454656,0.021911138161898967,0.030432136335970784,0.041996348143639686,0.057212416311625075,0.07181984175289105,0.09007912355447352,0.10894704808277542,0.14059646987218502,,0.01704199634814364,0.029214850882531954,0.04808277541083384,0.06816798539257456,0.09494826536822885,0.1162507608034084,0.1430310407790627,0.19172245891661593,0.23067559342665855,0.2738892270237371,0.32379793061472917,0.3542300669506999,0.40596469872185026,0.45526475958612295,,0.6141205112598904,0.6141205112598904,0.0006086427267194157,0.011564211807668898
loto_5_40,graph_neighbor_degree,100,True,80,1643,0.025228299986338243,graph-centrality,0.6335970785149118,4,0.0006086427267194157,0.009129640900791236,5,0.0,0.0,20.43,0.0,0.0,0.0,1,False,,0.7583688374923919,0.9001825928180158,1.0194765672550212,1.1211199026171637,1.2337188070602556,1.3584905660377358,1.487522824102252,1.6256847230675593,1.7547169811320755,1.8721850273889227,2.004260499087036,2.1174680462568474,2.240413877054169,2.373097991479002,,0.7583688374923919,0.9001825928180158,1.0194765672550212,1.1211199026171637,1.2337188070602556,1.3584905660377358,1.487522824102252,1.616555082166768,1.7340231284236154,1.8660986001217286,1.9793061472915399,2.1022519780888618,2.2349360925136943,2.351795496043822,,0.0018259281801582471,0.0036518563603164943,0.005477784540474742,0.00852099817407182,0.010955569080949483,0.018259281801582473,0.021911138161898967,0.03530127814972611,0.04564820450395618,0.05842970176506391,0.07425441265976872,0.09373097991479001,0.1162507608034084,0.1430310407790627,,0.023128423615337797,0.03773584905660377,0.05842970176506391,0.07851491174680462,0.09738283627510651,0.12051125989044431,0.14668289713937918,0.18441874619598295,0.21972002434570906,0.2556299452221546,0.3091905051734632,0.3536214242239805,0.3986609860012173,0.4528301886792453,,0.6335970785149118,0.6335970785149118,0.0006086427267194157,0.009129640900791236
loto_5_40,649_mom_10_40,10,False,1550,173,0.010036599996965379,math-649,0.630057803468208,3,0.0,0.011560693641618497,4,0.0,0.0,20.43,0.0,0.0,0.0,1,False,,0.7572254335260116,0.9132947976878613,1.0520231213872833,1.1965317919075145,1.329479768786127,1.4450867052023122,1.5260115606936415,1.6358381502890174,1.7052023121387283,1.8381502890173411,1.9479768786127167,2.040462427745665,2.179190751445087,2.3583815028901736,,0.7572254335260116,0.9132947976878613,1.0520231213872833,1.1965317919075145,1.329479768786127,1.4450867052023122,1.5260115606936415,1.6358381502890174,1.7052023121387283,1.8381502890173411,1.9479768786127167,2.040462427745665,2.179190751445087,2.3583815028901736,,0.0,0.0,0.005780346820809248,0.005780346820809248,0.005780346820809248,0.005780346820809248,0.005780346820809248,0.005780346820809248,0.017341040462427744,0.023121387283236993,0.05202312138728324,0.06358381502890173,0.08670520231213873,0.11560693641618497,,0.017341040462427744,0.028901734104046242,0.046242774566473986,0.057803468208092484,0.09248554913294797,0.12138728323699421,0.13872832369942195,0.1907514450867052,0.20809248554913296,0.23699421965317918,0.2832369942196532,0.31213872832369943,0.37572254335260113,0.4624277456647399,,0.630057803468208,0.630057803468208,0.0,0.011560693641618497
loto_5_40,649_mom_10_40,10,True,1550,173,0.013721900002565235,math-649,0.6705202312138728,3,0.0,0.005780346820809248,4,92.3,92.3,20.43,0.0,0.0,0.0,1,False,,0.7456647398843931,0.8901734104046243,0.9826589595375722,1.1618497109826589,1.2890173410404624,1.4046242774566473,1.5086705202312138,1.6184971098265897,1.7514450867052023,1.861271676300578,1.9826589595375723,2.115606936416185,2.2485549132947975,2.3641618497109826,,0.7456647398843931,0.8901734104046243,0.9826589595375722,1.1618497109826589,1.2890173410404624,1.4046242774566473,1.5086705202312138,1.6184971098265897,1.7514450867052023,1.861271676300578,1.9826589595375723,2.115606936416185,2.2485549132947975,2.4161849710982657,,0.0,0.0,0.0,0.0,0.005780346820809248,0.011560693641618497,0.023121387283236993,0.028901734104046242,0.03468208092485549,0.046242774566473986,0.06358381502890173,0.06936416184971098,0.08670520231213873,0.12138728323699421,,0.028901734104046242,0.05202312138728324,0.057803468208092484,0.10404624277456648,0.12138728323699421,0.14450867052023122,0.15606936416184972,0.1791907514450867,0.2254335260115607,0.24277456647398843,0.27167630057803466,0.34104046242774566,0.3988439306358382,0.44508670520231214,,0.6705202312138728,0.6705202312138728,0.0,0.005780346820809248
loto_5_40,649_mom_10_40,30,False,1206,517,0.013331900001503527,math-649,0.6518375241779497,3,0.0,0.005802707930367505,6,0.0,0.0,20.43,0.0,0.0,0.0,1,False,,0.7717601547388782,0.8858800773694391,1.0270793036750483,1.127659574468085,1.2572533849129595,1.3752417794970986,1.5087040618955512,1.644100580270793,1.7988394584139265,1.9284332688588008,2.0483558994197293,2.150870406189555,2.25531914893617,2.390715667311412,,0.7717601547388782,0.8858800773694391,1.0270793036750483,1.127659574468085,1.2572533849129595,1.3752417794970986,1.5087040618955512,1.644100580270793,1.7988394584139265,1.9284332688588008,2.0483558994197293,2.150870406189555,2.25531914893617,2.390715667311412,,0.0,0.0019342359767891683,0.0019342359767891683,0.0019342359767891683,0.009671179883945842,0.01160541586073501,0.015473887814313346,0.025145067698259187,0.04061895551257253,0.05609284332688588,0.0735009671179884,0.08704061895551257,0.10444874274661509,0.13926499032882012,,0.007736943907156673,0.017408123791102514,0.029013539651837523,0.048355899419729204,0.07736943907156674,0.09477756286266925,0.14119922630560927,0.1895551257253385,0.23404255319148937,0.28239845261121854,0.33268858800773693,0.3694390715667311,0.40618955512572535,0.44680851063829785,,0.6518375241779497,0.6518375241779497,0.0,0.005802707930367505
loto_5_40,649_mom_10_40,30,True,1206,517,0.01765470000100322,math-649,0.5880077369439072,3,0.0,0.0038684719535783366,4,0.0,0.0,20.43,0.0,0.0,0.0,1,False,,0.7040618955512572,0.8065764023210832,0.9477756286266924,1.0735009671179885,1.193423597678917,1.3249516441005802,1.4448742746615086,1.5589941972920696,1.7059961315280465,1.8297872340425532,1.941972920696325,2.0735009671179885,2.2147001934235977,2.3481624758220505,,0.7040618955512572,0.8065764023210832,0.9477756286266924,1.0735009671179885,1.193423597678917,1.3249516441005802,1.4448742746615086,1.5589941972920696,1.7059961315280465,1.8297872340425532,1.941972920696325,2.0735009671179885,2.2147001934235977,2.3423597678916828,,0.0,0.0,0.0,0.0038684719535783366,0.01160541586073501,0.017408123791102514,0.027079303675048357,0.03288201160541586,0.0425531914893617,0.058027079303675046,0.07156673114119923,0.07930367504835589,0.10251450676982592,0.13152804642166344,,0.013539651837524178,0.019342359767891684,0.0425531914893617,0.061895551257253385,0.06769825918762089,0.10444874274661509,0.12959381044487428,0.1644100580270793,0.20696324951644102,0.25338491295938104,0.2862669245647969,0.3404255319148936,0.3945841392649903,0.44874274661508706,,0.5880077369439072,0.5880077369439072,0.0,0.0038684719535783366
loto_5_40,649_mom_10_40,60,False,689,1034,0.02275139998528175,math-649,0.5676982591876208,4,0.0009671179883945841,0.0029013539651837525,4,0.0,0.0,20.43,0.0,0.0,0.0,1,False,,0.6982591876208898,0.8036750483558994,0.9342359767891683,1.0764023210831721,1.2040618955512572,1.332688588007737,1.4477756286266925,1.5657640232108316,1.693423597678917,1.8288201160541586,1.9545454545454546,2.0541586073500966,2.1963249516441006,2.339458413926499,,0.6982591876208898,0.8036750483558994,0.9342359767891683,1.0764023210831721,1.2040618955512572,1.332688588007737,1.4477756286266925,1.5657640232108316,1.693423597678917,1.8288201160541586,1.9545454545454546,2.0541586073500966,2.1963249516441006,2.339458413926499,,0.0009671179883945841,0.0019342359767891683,0.0038684719535783366,0.005802707930367505,0.008704061895551257,0.014506769825918761,0.02321083172147002,0.029980657640232108,0.039651837524177946,0.04932301740812379,0.06576402321083172,0.08704061895551257,0.10541586073500966,0.13539651837524178,,0.01160541586073501,0.020309477756286266,0.03481624758220503,0.05415860735009671,0.08994197292069632,0.11218568665377177,0.1450676982591876,0.17408123791102514,0.21179883945841393,0.26305609284332687,0.2988394584139265,0.3346228239845261,0.3820116054158607,0.43423597678916825,,0.5676982591876208,0.5676982591876208,0.0009671179883945841,0.0029013539651837525
loto_5_40,649_mom_10_40,60,True,689,1034,0.020010300009744242,math-649,0.6150870406189555,3,0.0,0.0029013539651837525,4,0.0,0.0,20.43,0.0,0.0,0.0,1,False,,0.7272727272727273,0.8539651837524178,0.965183752417795,1.079303675048356,1.2098646034816247,1.323017408123791,1.4332688588007736,1.556092843326886,1.7098646034816247,1.8442940038684719,1.9729206963249517,2.118955512572534,2.249516441005803,2.3781431334622822,,0.7272727272727273,0.8539651837524178,0.965183752417795,1.079303675048356,1.2098646034816247,1.323017408123791,1.4332688588007736,1.556092843326886,1.7098646034816247,1.8442940038684719,1.9729206963249517,2.118955512572534,2.249516441005803,2.3781431334622822,,0.0,0.0019342359767891683,0.0029013539651837525,0.0038684719535783366,0.007736943907156673,0.010638297872340425,0.017408123791102514,0.02804642166344294,0.045454545454545456,0.058027079303675046,0.07640232108317214,0.10831721470019343,0.13539651837524178,0.15667311411992263,,0.01160541586073501,0.022243713733075435,0.033849129593810444,0.05222437137330754,0.07736943907156674,0.097678916827853,0.11895551257253385,0.15570599613152805,0.20309477756286268,0.24177949709864605,0.2901353965183752,0.3413926499032882,0.38781431334622823,0.4410058027079304,,0.6150870406189555,0.6150870406189555,0.0,0.0029013539651837525
loto_5_40,649_mom_10_40,100,False,80,1643,0.028339299984509125,math-649,0.6202069385270846,3,0.0,0.00852099817407182,3,0.0,0.0,20.43,0.0,0.0,0.0,1,False,,0.7595861229458308,0.8910529519172246,1.0188679245283019,1.1168594035301278,1.2538040170419964,1.3816189896530737,1.5088253195374315,1.6335970785149116,1.7608034083992696,1.8867924528301887,2.004260499087036,2.125989044430919,2.2525867315885577,2.3639683505782108,,0.7595861229458308,0.8910529519172246,1.0188679245283019,1.1168594035301278,1.2538040170419964,1.3816189896530737,1.5088253195374315,1.6335970785149116,1.7608034083992696,1.8867924528301887,2.004260499087036,2.125989044430919,2.2525867315885577,2.3639683505782108,,0.0,0.0036518563603164943,0.006695069993913573,0.007303712720632989,0.010955569080949483,0.01704199634814364,0.02556299452221546,0.03164942178940962,0.04321363359707851,0.06086427267194157,0.07790626902008521,0.09799147900182593,0.11746804625684723,0.1436396835057821,,0.02130249543517955,0.03530127814972611,0.04625684723067559,0.06147291539866099,0.08825319537431528,0.11746804625684723,0.15216068167985392,0.19111381618989653,0.23006695069993913,0.2738892270237371,0.31162507608034085,0.3536214242239805,0.4029214850882532,0.4485696895922094,,0.6202069385270846,0.6202069385270846,0.0,0.00852099817407182
loto_5_40,649_mom_10_40,100,True,80,1643,0.029309899982763454,math-649,0.6183810103469264,3,0.0,0.007912355447352405,5,0.0,0.0,20.43,0.0,0.0,0.0,1,False,,0.7541083384053561,0.8709677419354839,0.995739500912964,1.115642118076689,1.2428484479610469,1.3657942787583688,1.4796104686548996,1.6116859403530128,1.7133292757151553,1.844796104686549,1.973828362751065,2.108338405356056,2.2160681679853926,2.3432744978697504,,0.7541083384053561,0.8709677419354839,0.995739500912964,1.115642118076689,1.2428484479610469,1.3657942787583688,1.4796104686548996,1.6116859403530128,1.7133292757151553,1.844796104686549,1.973828362751065,2.108338405356056,2.2160681679853926,2.3432744978697504,,0.0018259281801582471,0.002434570906877663,0.0036518563603164943,0.005477784540474742,0.007912355447352405,0.014607425441265977,0.020693852708460133,0.032866707242848445,0.041387705416920266,0.05538648813146683,0.07060255629945222,0.08581862446743761,0.10894704808277542,0.13085818624467438,,0.02130249543517955,0.030432136335970784,0.0426049908703591,0.0620815581253804,0.08703590992087644,0.11442483262325015,0.14120511259890445,0.17772367620206939,0.20815581253804016,0.25015216068167984,0.29701765063907487,0.34692635423006696,0.3877054169202678,0.44065733414485697,,0.6183810103469264,0.6183810103469264,0.0,0.007912355447352405
loto_5_40,649_katz75_prime25,10,False,1550,173,0.014494300005026162,top649,0.6184971098265896,3,0.0,0.005780346820809248,4,0.0,0.0,20.43,0.0,0.0,0.0,1,False,,0.7572254335260116,0.8786127167630058,1.023121387283237,1.1676300578034682,1.2716763005780347,1.3815028901734103,1.5202312138728324,1.699421965317919,1.8092485549132948,1.9653179190751444,2.0809248554913293,2.2369942196531793,2.346820809248555,2.4739884393063583,,0.7630057803468208,0.9075144508670521,1.0520231213872833,1.1560693641618498,1.2658959537572254,1.4046242774566473,1.583815028901734,1.69364161849711,1.8497109826589595,1.9653179190751444,2.121387283236994,2.23121387283237,2.3583815028901736,2.4971098265895955,,0.0,0.0,0.0,0.005780346820809248,0.005780346820809248,0.005780346820809248,0.011560693641618497,0.028901734104046242,0.03468208092485549,0.057803468208092484,0.08092485549132948,0.12716763005780346,0.15028901734104047,0.1791907514450867,,0.011560693641618497,0.023121387283236993,0.028901734104046242,0.057803468208092484,0.08092485549132948,0.10982658959537572,0.16184971098265896,0.21965317919075145,0.24855491329479767,0.3179190751445087,0.35260115606936415,0.4277456647398844,0.45664739884393063,0.49710982658959535,,0.6184971098265896,0.6416184971098265,0.0,0.005780346820809248
loto_5_40,649_katz75_prime25,10,True,1550,173,0.018641300004674122,top649,0.5664739884393064,3,0.0,0.017341040462427744,4,0.0,0.0,20.43,0.0,0.0,0.0,1,False,,0.7456647398843931,0.8670520231213873,1.0346820809248556,1.1676300578034682,1.323699421965318,1.439306358381503,1.5375722543352601,1.6416184971098267,1.7572254335260116,1.8670520231213872,1.9710982658959537,2.1040462427745665,2.2369942196531793,2.4046242774566475,,0.7456647398843931,0.8670520231213873,1.0,1.1560693641618498,1.2716763005780347,1.369942196531792,1.4739884393063585,1.583815028901734,1.6878612716763006,1.8208092485549132,1.953757225433526,2.121387283236994,2.277456647398844,2.4104046242774566,,0.0,0.0,0.005780346820809248,0.011560693641618497,0.011560693641618497,0.011560693641618497,0.017341040462427744,0.03468208092485549,0.04046242774566474,0.057803468208092484,0.06358381502890173,0.09826589595375723,0.10982658959537572,0.14450867052023122,,0.023121387283236993,0.023121387283236993,0.046242774566473986,0.06358381502890173,0.09826589595375723,0.13872832369942195,0.1676300578034682,0.19653179190751446,0.23699421965317918,0.2658959537572254,0.31213872832369943,0.35260115606936415,0.3930635838150289,0.45664739884393063,,0.5664739884393064,0.5664739884393064,0.0,0.017341040462427744
loto_5_40,649_katz75_prime25,30,False,1206,517,0.02054959998349659,top649,0.6634429400386848,4,0.0038684719535783366,0.009671179883945842,6,0.0,0.0,20.44,0.0,0.0,0.0,1,False,,0.7640232108317214,0.9168278529980658,1.0328820116054158,1.1450676982591876,1.2920696324951644,1.413926499032882,1.5299806576402322,1.6499032882011606,1.7640232108317215,1.88394584139265,1.988394584139265,2.1005802707930368,2.220502901353965,2.365570599613153,,0.746615087040619,0.8588007736943907,0.9806576402321083,1.0967117988394584,1.2166344294003868,1.3307543520309477,1.4506769825918762,1.5551257253384914,1.667311411992263,1.7872340425531914,1.932301740812379,2.0657640232108316,2.1856866537717603,2.3152804642166345,,0.0038684719535783366,0.0038684719535783366,0.0038684719535783366,0.0038684719535783366,0.0038684719535783366,0.007736943907156673,0.013539651837524178,0.029013539651837523,0.04061895551257253,0.05222437137330754,0.059961315280464215,0.0851063829787234,0.10058027079303675,0.13152804642166344,,0.015473887814313346,0.02127659574468085,0.04448742746615087,0.06576402321083172,0.09864603481624758,0.14313346228239845,0.17988394584139264,0.2127659574468085,0.24177949709864605,0.2901353965183752,0.32688588007736946,0.36750483558994196,0.3965183752417795,0.4622823984526112,,0.6634429400386848,0.6305609284332688,0.0038684719535783366,0.009671179883945842
loto_5_40,649_katz75_prime25,30,True,1206,517,0.02364949998445809,top649,0.6615087040618955,3,0.0,0.007736943907156673,4,0.0,0.0,20.44,0.0,0.0,0.0,1,False,,0.781431334622824,0.8994197292069632,1.0290135396518376,1.1411992263056092,1.2746615087040618,1.3945841392649903,1.5183752417794971,1.6808510638297873,1.7833655705996132,1.9245647969052224,2.0560928433268857,2.1972920696324953,2.3094777562862667,2.4468085106382977,,0.781431334622824,0.8994197292069632,1.0290135396518376,1.1411992263056092,1.264990328820116,1.4274661508704063,1.5299806576402322,1.6711798839458414,1.8027079303675049,1.943907156673114,2.0560928433268857,2.1740812379110253,2.2901353965183753,2.4313346228239845,,0.0,0.0,0.0,0.0,0.0038684719535783366,0.005802707930367505,0.009671179883945842,0.017408123791102514,0.025145067698259187,0.04448742746615087,0.059961315280464215,0.0851063829787234,0.10251450676982592,0.1470019342359768,,0.017408123791102514,0.030947775628626693,0.04642166344294004,0.06963249516441006,0.09284332688588008,0.12572533849129594,0.15087040618955513,0.19729206963249515,0.23017408123791103,0.2804642166344294,0.3191489361702128,0.3829787234042553,0.4410058027079304,0.48936170212765956,,0.6615087040618955,0.6615087040618955,0.0,0.007736943907156673
loto_5_40,649_katz75_prime25,60,False,689,1034,0.025561299989931285,top649,0.6305609284332688,3,0.0,0.008704061895551257,4,0.0,0.0,20.44,0.0,0.0,0.0,1,False,,0.753384912959381,0.8878143133462283,1.009671179883946,1.1557059961315281,1.2707930367504836,1.3704061895551258,1.488394584139265,1.61605415860735,1.7379110251450678,1.851063829787234,1.9593810444874276,2.0899419729206965,2.195357833655706,2.3123791102514506,,0.753384912959381,0.8994197292069632,1.0145067698259187,1.114119922630561,1.2321083172147003,1.3597678916827853,1.4816247582205029,1.5947775628626693,1.7030947775628626,1.8336557059961316,1.9390715667311411,2.0560928433268857,2.1905222437137333,2.3259187620889747,,0.0009671179883945841,0.0029013539651837525,0.0038684719535783366,0.005802707930367505,0.01160541586073501,0.01644100580270793,0.02321083172147002,0.03481624758220503,0.047388781431334626,0.05705996131528046,0.06382978723404255,0.08413926499032882,0.10735009671179883,0.13249516441005801,,0.01644100580270793,0.029013539651837523,0.05415860735009671,0.07930367504835589,0.097678916827853,0.11798839458413926,0.1528046421663443,0.1885880077369439,0.2311411992263056,0.26499032882011603,0.3036750483558994,0.3471953578336557,0.3820116054158607,0.42940038684719534,,0.6305609284332688,0.6305609284332688,0.0,0.008704061895551257
loto_5_40,649_katz75_prime25,60,True,689,1034,0.02113490001647733,top649,0.6441005802707931,3,0.0,0.010638297872340425,4,0.0,0.0,20.44,0.0,0.0,0.0,1,False,,0.7553191489361702,0.8897485493230174,1.0386847195357833,1.167311411992263,1.297872340425532,1.4081237911025144,1.5328820116054158,1.6586073500967118,1.7843326885880078,1.9100580270793037,2.044487427466151,2.1547388781431334,2.263056092843327,2.3945841392649903,,0.7543520309477756,0.9032882011605415,1.0319148936170213,1.1624758220502902,1.2727272727272727,1.3974854932301741,1.52321083172147,1.648936170212766,1.7833655705996132,1.8936170212765957,2.001934235976789,2.133462282398453,2.249516441005803,2.3800773694390718,,0.0019342359767891683,0.0019342359767891683,0.006769825918762089,0.010638297872340425,0.013539651837524178,0.014506769825918761,0.022243713733075435,0.03481624758220503,0.043520309477756286,0.0609284332688588,0.0851063829787234,0.09961315280464217,0.11798839458413926,0.1518375241779497,,0.01644100580270793,0.029980657640232108,0.05415860735009671,0.07640232108317214,0.10541586073500966,0.12572533849129594,0.16247582205029013,0.19922630560928434,0.2330754352030948,0.2727272727272727,0.31431334622823986,0.3568665377176016,0.4071566731141199,0.46131528046421666,,0.6441005802707931,0.6199226305609284,0.0,0.010638297872340425
loto_5_40,649_katz75_prime25,100,False,80,1643,0.02619629999389872,top649,0.6488131466828971,3,0.0,0.007303712720632989,3,0.0,0.0,20.44,0.0,0.0,0.0,1,False,,0.7468046256847231,0.8606208155812538,0.9963481436396835,1.1381618989653073,1.2678027997565429,1.379184418746196,1.5088253195374315,1.6415094339622642,1.7674984783931833,1.881314668289714,2.0012172854534387,2.130249543517955,2.265368228849665,2.4047474132684115,,0.7468046256847231,0.8606208155812538,0.9963481436396835,1.1381618989653073,1.2678027997565429,1.379184418746196,1.5088253195374315,1.6415094339622642,1.7674984783931833,1.881314668289714,2.0012172854534387,2.130249543517955,2.269628727936701,2.391357273280584,,0.0006086427267194157,0.0018259281801582471,0.0036518563603164943,0.006086427267194157,0.00852099817407182,0.009738283627510651,0.019476567255021303,0.029214850882531954,0.04017041996348144,0.05660377358490566,0.07303712720632989,0.09616555082166768,0.12903225806451613,0.16129032258064516,,0.014607425441265977,0.02008520998174072,0.04077906269020085,0.05356055995130858,0.07790626902008521,0.10590383444917834,0.13816189896530737,0.17954960438222764,0.21911138161898966,0.2556299452221546,0.29275715155203896,0.35179549604382226,0.3950091296409008,0.44796104686548993,,0.6488131466828971,0.6488131466828971,0.0,0.007303712720632989
loto_5_40,649_katz75_prime25,100,True,80,1643,0.03074180000112392,top649,0.6335970785149118,4,0.0006086427267194157,0.010955569080949483,5,0.0,0.0,20.44,0.0,0.0,0.0,1,False,,0.751065124771759,0.8867924528301887,1.0115642118076689,1.1308581862446743,1.263542300669507,1.3755325623858794,1.5130858186244673,1.6256847230675593,1.7492391965916008,1.8910529519172246,2.007303712720633,2.1393791844187464,2.2525867315885577,2.3877054169202676,,0.7565429093122337,0.8813146682897139,1.0006086427267193,1.133292757151552,1.245891661594644,1.3694461351186853,1.511259890444309,1.6433353621424225,1.7565429093122338,1.891661594643944,2.011564211807669,2.1345100426049908,2.266585514303104,2.39561777236762,,0.0012172854534388314,0.002434570906877663,0.0036518563603164943,0.005477784540474742,0.009738283627510651,0.01582471089470481,0.027388922702373707,0.03530127814972611,0.04382227632379793,0.057212416311625075,0.07181984175289105,0.10042604990870359,0.12172854534388314,0.1503347534996957,,0.02130249543517955,0.03408399269628728,0.051734631771150334,0.06938527084601338,0.09129640900791236,0.11868533171028606,0.15216068167985392,0.18746195982958003,0.22398052343274497,0.2744978697504565,0.31162507608034085,0.3597078514911747,0.3998782714546561,0.4540474741326841,,0.6335970785149118,0.620815581253804,0.0006086427267194157,0.010955569080949483
loto_5_40,ml_complement_nb,10,False,1550,173,0.09439240000210702,ml-bayes,0.6820809248554913,3,0.0,0.028901734104046242,4,87.5,87.5,20.44,0.0,0.0,0.0,1,False,,0.7514450867052023,0.8959537572254336,1.0115606936416186,1.1502890173410405,1.2947976878612717,1.4046242774566473,1.5491329479768785,1.676300578034682,1.76878612716763,1.8786127167630058,1.953757225433526,2.069364161849711,2.1734104046242773,2.341040462427746,,0.7514450867052023,0.8959537572254336,1.0115606936416186,1.1502890173410405,1.2947976878612717,1.4046242774566473,1.5491329479768785,1.676300578034682,1.76878612716763,1.8786127167630058,1.953757225433526,2.0578034682080926,2.2254335260115607,2.352601156069364,,0.0,0.0,0.0,0.005780346820809248,0.005780346820809248,0.011560693641618497,0.023121387283236993,0.046242774566473986,0.046242774566473986,0.057803468208092484,0.07514450867052024,0.09248554913294797,0.10404624277456648,0.14450867052023122,,0.03468208092485549,0.04046242774566474,0.05202312138728324,0.07514450867052024,0.10982658959537572,0.12138728323699421,0.15028901734104047,0.18497109826589594,0.2138728323699422,0.23699421965317918,0.2658959537572254,0.3063583815028902,0.34104046242774566,0.3988439306358382,,0.6820809248554913,0.6820809248554913,0.0,0.028901734104046242
loto_5_40,ml_complement_nb,10,True,1550,173,0.09519699998782016,ml-bayes,0.6936416184971098,3,0.0,0.005780346820809248,4,0.0,0.0,20.44,0.0,0.0,0.0,1,False,,0.8728323699421965,1.0173410404624277,1.1213872832369942,1.2485549132947977,1.416184971098266,1.4913294797687862,1.583815028901734,1.7052023121387283,1.8497109826589595,1.9826589595375723,2.138728323699422,2.277456647398844,2.352601156069364,2.508670520231214,,0.8728323699421965,1.0173410404624277,1.1213872832369942,1.2485549132947977,1.416184971098266,1.4913294797687862,1.583815028901734,1.7052023121387283,1.8497109826589595,1.9826589595375723,2.138728323699422,2.277456647398844,2.352601156069364,2.508670520231214,,0.0,0.0,0.0,0.0,0.0,0.0,0.011560693641618497,0.023121387283236993,0.04046242774566474,0.057803468208092484,0.08670520231213873,0.11560693641618497,0.14450867052023122,0.1907514450867052,,0.023121387283236993,0.04046242774566474,0.06358381502890173,0.08092485549132948,0.10982658959537572,0.11560693641618497,0.13872832369942195,0.19653179190751446,0.24277456647398843,0.2774566473988439,0.3236994219653179,0.3815028901734104,0.4161849710982659,0.4913294797687861,,0.6936416184971098,0.6936416184971098,0.0,0.005780346820809248
loto_5_40,ml_complement_nb,30,False,1206,517,0.12303250000695698,ml-bayes,0.574468085106383,3,0.0,0.009671179883945842,6,90.7,45.4,20.46,0.0,0.0,0.0,1,False,,0.7272727272727273,0.8336557059961315,0.9497098646034816,1.0618955512572534,1.1914893617021276,1.311411992263056,1.4661508704061896,1.6073500967117988,1.7272727272727273,1.8220502901353965,1.9651837524177949,2.0502901353965184,2.1663442940038684,2.3172147001934236,,0.7272727272727273,0.8336557059961315,0.9497098646034816,1.0618955512572534,1.1914893617021276,1.311411992263056,1.4661508704061896,1.6073500967117988,1.7272727272727273,1.8220502901353965,1.9071566731141198,2.02321083172147,2.1566731141199225,2.288201160541586,,0.0,0.0019342359767891683,0.0019342359767891683,0.005802707930367505,0.007736943907156673,0.013539651837524178,0.025145067698259187,0.03481624758220503,0.04061895551257253,0.05029013539651837,0.07156673114119923,0.08704061895551257,0.1102514506769826,0.13926499032882012,,0.019342359767891684,0.0367504835589942,0.048355899419729204,0.06382978723404255,0.08704061895551257,0.1102514506769826,0.13926499032882012,0.18762088974854932,0.22437137330754353,0.2572533849129594,0.3056092843326886,0.3288201160541586,0.3694390715667311,0.42940038684719534,,0.574468085106383,0.574468085106383,0.0,0.009671179883945842
loto_5_40,ml_complement_nb,30,True,1206,517,0.10359660000540316,ml-bayes,0.6460348162475822,3,0.0,0.013539651837524178,4,0.0,0.0,20.44,0.0,0.0,0.0,1,False,,0.758220502901354,0.8704061895551257,0.9864603481624759,1.127659574468085,1.2224371373307543,1.3346228239845261,1.4526112185686655,1.5725338491295937,1.6982591876208897,1.816247582205029,1.9497098646034816,2.0870406189555126,2.2108317214700195,2.3230174081237913,,0.758220502901354,0.8704061895551257,0.9864603481624759,1.127659574468085,1.2224371373307543,1.3346228239845261,1.4526112185686655,1.5783365570599612,1.6963249516441006,1.8201160541586074,1.932301740812379,2.0735009671179885,2.2050290135396517,2.367504835589942,,0.0,0.0038684719535783366,0.0038684719535783366,0.007736943907156673,0.007736943907156673,0.015473887814313346,0.019342359767891684,0.029013539651837523,0.04448742746615087,0.05029013539651837,0.06382978723404255,0.07543520309477757,0.09477756286266925,0.11798839458413926,,0.027079303675048357,0.03481624758220503,0.048355899419729204,0.06963249516441006,0.09284332688588008,0.11218568665377177,0.14313346228239845,0.1702127659574468,0.20502901353965183,0.2495164410058027,0.28820116054158607,0.33268858800773693,0.379110251450677,0.42166344294003866,,0.6460348162475822,0.6460348162475822,0.0,0.013539651837524178
loto_5_40,ml_complement_nb,60,False,689,1034,0.0882119000016246,ml-bayes,0.5870406189555126,3,0.0,0.005802707930367505,4,91.7,91.7,20.44,0.0,0.0,0.0,1,False,,0.7292069632495164,0.8578336557059961,0.9816247582205029,1.11605415860735,1.2292069632495164,1.3288201160541586,1.4564796905222437,1.5870406189555126,1.7127659574468086,1.8355899419729207,1.9497098646034816,2.0715667311411994,2.1885880077369437,2.3230174081237913,,0.7292069632495164,0.8578336557059961,0.9816247582205029,1.11605415860735,1.2292069632495164,1.3288201160541586,1.4564796905222437,1.5870406189555126,1.7127659574468086,1.8355899419729207,1.9526112185686655,2.0822050290135397,2.228239845261122,2.366537717601547,,0.0,0.0,0.0019342359767891683,0.004835589941972921,0.005802707930367505,0.010638297872340425,0.0183752417794971,0.02611218568665377,0.039651837524177946,0.047388781431334626,0.07059961315280464,0.08317214700193423,0.10251450676982592,0.13249516441005801,,0.01160541586073501,0.027079303675048357,0.0367504835589942,0.0551257253384913,0.08413926499032882,0.10348162475822051,0.13926499032882012,0.17504835589941972,0.21663442940038685,0.2514506769825919,0.28433268858800775,0.32591876208897486,0.3733075435203095,0.4284332688588008,,0.5870406189555126,0.5870406189555126,0.0,0.005802707930367505
loto_5_40,ml_complement_nb,60,True,689,1034,0.10565300000598654,ml-bayes,0.6286266924564797,3,0.0,0.007736943907156673,4,0.0,0.0,20.44,0.0,0.0,0.0,1,False,,0.7369439071566731,0.8713733075435203,1.0058027079303675,1.1199226305609284,1.2736943907156673,1.4013539651837523,1.5299806576402322,1.6547388781431334,1.7862669245647969,1.8887814313346227,2.014506769825919,2.140232108317215,2.274661508704062,2.3965183752417794,,0.7369439071566731,0.8713733075435203,1.0058027079303675,1.1199226305609284,1.2736943907156673,1.4013539651837523,1.5299806576402322,1.6547388781431334,1.7862669245647969,1.9119922630560928,2.04642166344294,2.1682785299806575,2.272727272727273,2.3984526112185685,,0.0,0.0009671179883945841,0.0029013539651837525,0.004835589941972921,0.009671179883945842,0.013539651837524178,0.024177949709864602,0.033849129593810444,0.043520309477756286,0.058027079303675046,0.07543520309477757,0.09961315280464217,0.12572533849129594,0.14893617021276595,,0.019342359767891684,0.03481624758220503,0.04642166344294004,0.05899419729206963,0.09187620889748549,0.11895551257253385,0.15087040618955513,0.18665377176015474,0.23404255319148937,0.2775628626692456,0.31721470019342357,0.3694390715667311,0.4158607350096712,0.4671179883945841,,0.6286266924564797,0.6286266924564797,0.0,0.007736943907156673
loto_5_40,ml_complement_nb,100,False,80,1643,0.10693059998448007,ml-bayes,0.6177723676202069,4,0.0006086427267194157,0.00852099817407182,3,0.0,0.0,20.44,0.0,0.0,0.0,1,False,,0.7468046256847231,0.8764455264759586,0.9981740718198417,1.0961655508216677,1.2379793061472915,1.3554473524041388,1.4923919659160072,1.6220328667072428,1.7334144856968958,1.8575776019476566,1.9713937918441875,2.106512477175898,2.242848447961047,2.3639683505782108,,0.7468046256847231,0.8764455264759586,0.9981740718198417,1.0961655508216677,1.2379793061472915,1.3554473524041388,1.4923919659160072,1.6220328667072428,1.7334144856968958,1.8575776019476566,1.9713937918441875,2.1077297626293365,2.225197808886184,2.3524041387705417,,0.0012172854534388314,0.0012172854534388314,0.00426049908703591,0.006695069993913573,0.009129640900791236,0.01399878271454656,0.020693852708460133,0.027388922702373707,0.04017041996348144,0.05782105903834449,0.07486305538648813,0.09860012172854535,0.12051125989044431,0.14485696895922093,,0.017650639074863056,0.03164942178940962,0.04686548995739501,0.06329884357881924,0.09616555082166768,0.12294583079732198,0.15398660986001217,0.19172245891661593,0.2282410225197809,0.26536822884966527,0.3006695069993914,0.3493609251369446,0.4108338405356056,0.4564820450395618,,0.6177723676202069,0.6177723676202069,0.0006086427267194157,0.00852099817407182
loto_5_40,ml_complement_nb,100,True,80,1643,0.09103640000103042,ml-bayes,0.6451612903225806,3,0.0,0.010955569080949483,5,91.0,91.0,20.44,0.0,0.0,0.0,1,False,,0.7741935483870968,0.91661594643944,1.0353012781497262,1.1600730371272063,1.285453438831406,1.414485696895922,1.5161290322580645,1.6482045039561777,1.765672550213025,1.8825319537431529,2.0127814972611078,2.147900182592818,2.2598904443091907,2.376141205112599,,0.7741935483870968,0.91661594643944,1.0353012781497262,1.1600730371272063,1.285453438831406,1.414485696895922,1.5161290322580645,1.6482045039561777,1.765672550213025,1.8825319537431529,2.017650639074863,2.140596469872185,2.27084601339014,2.3846622032866707,,0.0,0.002434570906877663,0.00426049908703591,0.009129640900791236,0.018259281801582473,0.02251978088861838,0.02678027997565429,0.03773584905660377,0.051734631771150334,0.06816798539257456,0.08034083992696288,0.10286062081558126,0.12477175897748022,0.1509433962264151,,0.018259281801582473,0.0310407790626902,0.04625684723067559,0.0736457699330493,0.101034692635423,0.13390139987827146,0.16007303712720633,0.20328667072428486,0.24102251978088862,0.278149726110773,0.3171028606208156,0.3724893487522824,0.4065733414485697,0.4497869750456482,,0.6451612903225806,0.6451612903225806,0.0,0.010955569080949483
loto_5_40,ml_nearest_centroid,10,False,1550,173,0.12092740001389757,ml-knn,0.6994219653179191,3,0.0,0.011560693641618497,4,87.2,43.6,20.47,0.0,0.0,0.0,1,False,,0.815028901734104,0.953757225433526,1.023121387283237,1.1502890173410405,1.260115606936416,1.3757225433526012,1.5202312138728324,1.6647398843930636,1.8034682080924855,1.930635838150289,2.092485549132948,2.2196531791907512,2.346820809248555,2.439306358381503,,0.815028901734104,0.953757225433526,1.023121387283237,1.1502890173410405,1.260115606936416,1.4046242774566473,1.5491329479768785,1.6878612716763006,1.8150289017341041,1.9421965317919074,2.069364161849711,2.161849710982659,2.2658959537572256,2.3757225433526012,,0.0,0.005780346820809248,0.005780346820809248,0.005780346820809248,0.011560693641618497,0.011560693641618497,0.017341040462427744,0.028901734104046242,0.057803468208092484,0.057803468208092484,0.09826589595375723,0.1329479768786127,0.14450867052023122,0.15028901734104047,,0.017341040462427744,0.03468208092485549,0.046242774566473986,0.06936416184971098,0.06936416184971098,0.10982658959537572,0.14450867052023122,0.1907514450867052,0.2138728323699422,0.2832369942196532,0.3468208092485549,0.3815028901734104,0.44508670520231214,0.48554913294797686,,0.6994219653179191,0.6994219653179191,0.0,0.011560693641618497
loto_5_40,ml_nearest_centroid,10,True,1550,173,0.10292539998772554,ml-knn,0.6936416184971098,3,0.0,0.005780346820809248,4,0.0,0.0,20.45,0.0,0.0,0.0,1,False,,0.838150289017341,0.9421965317919075,1.1213872832369942,1.2485549132947977,1.323699421965318,1.4913294797687862,1.5664739884393064,1.676300578034682,1.7976878612716762,1.907514450867052,2.0635838150289016,2.208092485549133,2.346820809248555,2.5028901734104045,,0.838150289017341,0.9421965317919075,1.1213872832369942,1.2485549132947977,1.323699421965318,1.4913294797687862,1.5664739884393064,1.676300578034682,1.7976878612716762,1.907514450867052,2.0635838150289016,2.208092485549133,2.346820809248555,2.5028901734104045,,0.0,0.0,0.0,0.0,0.0,0.0,0.005780346820809248,0.023121387283236993,0.057803468208092484,0.057803468208092484,0.07514450867052024,0.10982658959537572,0.13872832369942195,0.1791907514450867,,0.023121387283236993,0.028901734104046242,0.06358381502890173,0.08092485549132948,0.08092485549132948,0.11560693641618497,0.14450867052023122,0.18497109826589594,0.23121387283236994,0.26011560693641617,0.3063583815028902,0.36416184971098264,0.4046242774566474,0.47398843930635837,,0.6936416184971098,0.6936416184971098,0.0,0.005780346820809248
loto_5_40,ml_nearest_centroid,30,False,1206,517,0.11521150000044145,ml-knn,0.6131528046421664,3,0.0,0.007736943907156673,6,91.0,89.1,20.47,0.0,0.0,0.0,1,False,,0.7678916827852998,0.8820116054158608,1.011605415860735,1.1179883945841393,1.239845261121857,1.3713733075435204,1.483558994197292,1.5686653771760155,1.6847195357833655,1.8181818181818181,1.9497098646034816,2.0696324951644103,2.2108317214700195,2.355899419729207,,0.7678916827852998,0.8820116054158608,1.011605415860735,1.1179883945841393,1.239845261121857,1.3520309477756287,1.437137330754352,1.553191489361702,1.6866537717601546,1.8181818181818181,1.9381044487427466,2.079303675048356,2.2243713733075436,2.344294003868472,,0.005802707930367505,0.005802707930367505,0.009671179883945842,0.013539651837524178,0.015473887814313346,0.017408123791102514,0.02127659574468085,0.030947775628626693,0.0367504835589942,0.04642166344294004,0.06963249516441006,0.0851063829787234,0.11605415860735009,0.14313346228239845,,0.009671179883945842,0.027079303675048357,0.0425531914893617,0.06769825918762089,0.09671179883945841,0.1276595744680851,0.1528046421663443,0.172147001934236,0.22243713733075435,0.26499032882011603,0.3056092843326886,0.35009671179883944,0.40425531914893614,0.4506769825918762,,0.6131528046421664,0.6131528046421664,0.0,0.007736943907156673
loto_5_40,ml_nearest_centroid,30,True,1206,517,0.09878929998376407,ml-knn,0.6460348162475822,3,0.0,0.013539651837524178,4,0.0,0.0,20.46,0.0,0.0,0.0,1,False,,0.769825918762089,0.8820116054158608,0.9941972920696325,1.1102514506769825,1.2050290135396517,1.323017408123791,1.435203094777563,1.553191489361702,1.6653771760154739,1.8027079303675049,1.9284332688588008,2.090909090909091,2.218568665377176,2.3384912959381046,,0.769825918762089,0.8820116054158608,0.9941972920696325,1.1102514506769825,1.2050290135396517,1.323017408123791,1.435203094777563,1.553191489361702,1.6653771760154739,1.7911025145067698,1.95357833655706,2.081237911025145,2.2224371373307545,2.3636363636363638,,0.0019342359767891683,0.005802707930367505,0.009671179883945842,0.009671179883945842,0.009671179883945842,0.015473887814313346,0.017408123791102514,0.025145067698259187,0.0367504835589942,0.05029013539651837,0.06382978723404255,0.09090909090909091,0.11798839458413926,0.13152804642166344,,0.02321083172147002,0.03288201160541586,0.0425531914893617,0.058027079303675046,0.0735009671179884,0.09671179883945841,0.12572533849129594,0.15860735009671179,0.19922630560928434,0.23017408123791103,0.27852998065764023,0.32108317214700194,0.3655705996131528,0.4119922630560928,,0.6460348162475822,0.6460348162475822,0.0,0.013539651837524178
loto_5_40,ml_nearest_centroid,60,False,689,1034,0.12439339997945353,ml-knn,0.5870406189555126,3,0.0,0.005802707930367505,4,86.1,43.0,20.47,0.0,0.0,0.0,1,False,,0.7214700193423598,0.8636363636363636,0.9854932301740812,1.114119922630561,1.2379110251450678,1.3607350096711799,1.4912959381044488,1.618955512572534,1.736943907156673,1.8829787234042554,2.021276595744681,2.155705996131528,2.272727272727273,2.372340425531915,,0.7214700193423598,0.8636363636363636,0.9922630560928434,1.11605415860735,1.2388781431334623,1.369439071566731,1.4970986460348163,1.6150870406189555,1.7611218568665377,1.8994197292069632,2.016441005802708,2.11605415860735,2.246615087040619,2.359767891682785,,0.0,0.0009671179883945841,0.0019342359767891683,0.0038684719535783366,0.007736943907156673,0.010638297872340425,0.017408123791102514,0.02611218568665377,0.04061895551257253,0.05705996131528046,0.07446808510638298,0.10154738878143134,0.12959381044487428,0.14893617021276595,,0.01160541586073501,0.022243713733075435,0.04061895551257253,0.058027079303675046,0.07543520309477757,0.10541586073500966,0.13346228239845262,0.1644100580270793,0.2011605415860735,0.2562862669245648,0.31721470019342357,0.3665377176015474,0.40618955512572535,0.4458413926499033,,0.5870406189555126,0.5870406189555126,0.0,0.005802707930367505
loto_5_40,ml_nearest_centroid,60,True,689,1034,0.1421181999903638,ml-knn,0.6286266924564797,3,0.0,0.007736943907156673,4,86.1,43.0,20.47,0.0,0.0,0.0,1,False,,0.7369439071566731,0.8626692456479691,0.9970986460348162,1.118955512572534,1.246615087040619,1.372340425531915,1.498065764023211,1.6334622823984526,1.764990328820116,1.918762088974855,2.021276595744681,2.146034816247582,2.2804642166344293,2.3945841392649903,,0.7369439071566731,0.8626692456479691,0.9970986460348162,1.118955512572534,1.246615087040619,1.372340425531915,1.5038684719535784,1.6576402321083172,1.7823984526112187,1.9168278529980658,2.0309477756286265,2.1595744680851063,2.2756286266924564,2.4061895551257253,,0.0,0.0019342359767891683,0.0038684719535783366,0.004835589941972921,0.010638297872340425,0.013539651837524178,0.02127659574468085,0.033849129593810444,0.0425531914893617,0.059961315280464215,0.07543520309477757,0.09574468085106383,0.12379110251450677,0.14603481624758222,,0.019342359767891684,0.031914893617021274,0.05415860735009671,0.07543520309477757,0.097678916827853,0.12282398452611218,0.15473887814313347,0.18568665377176016,0.23404255319148937,0.2872340425531915,0.32591876208897486,0.3665377176015474,0.4245647969052224,0.4661508704061896,,0.6286266924564797,0.6286266924564797,0.0,0.007736943907156673
loto_5_40,ml_nearest_centroid,100,False,80,1643,0.14719930000137538,ml-knn,0.6238587948874011,4,0.0006086427267194157,0.011564211807668898,3,87.6,43.8,20.48,0.0,0.0,0.0,1,False,,0.7595861229458308,0.888618381010347,1.01034692635423,1.1399878271454655,1.2379793061472915,1.3554473524041388,1.4796104686548996,1.6007303712720633,1.7309799147900182,1.8679245283018868,1.9975654290931224,2.111381618989653,2.247717589774802,2.359099208764455,,0.7595861229458308,0.888618381010347,1.01034692635423,1.1399878271454655,1.2379793061472915,1.3554473524041388,1.4796104686548996,1.6098600121728546,1.7468046256847232,1.8764455264759585,1.9902617163724894,2.1265976871576386,2.2379793061472917,2.373706634205721,,0.0006086427267194157,0.0012172854534388314,0.0030432136335970784,0.006086427267194157,0.009129640900791236,0.01399878271454656,0.024345709068776627,0.03225806451612903,0.044430919050517347,0.05964698721850274,0.07486305538648813,0.09068776628119293,0.11320754716981132,0.14120511259890445,,0.017650639074863056,0.03469263542300669,0.04990870359099209,0.07425441265976872,0.09616555082166768,0.12294583079732198,0.1503347534996957,0.18807060255629945,0.22215459525258674,0.2647595861229458,0.30858186244674374,0.35057821059038347,0.4065733414485697,0.45100426049908704,,0.6238587948874011,0.6238587948874011,0.0006086427267194157,0.011564211807668898
loto_5_40,ml_nearest_centroid,100,True,80,1643,0.08432590001029894,ml-knn,0.6402921485088253,3,0.0,0.009738283627510651,5,0.0,0.0,20.46,0.0,0.0,0.0,1,False,,0.7638466220328667,0.888618381010347,1.017650639074863,1.1351186853317103,1.2483262325015216,1.3858794887401096,1.497869750456482,1.6232501521606817,1.7395009129640902,1.8685331710286062,1.985392574558734,2.1278149726110773,2.2629336579427877,2.3858794887401094,,0.7638466220328667,0.888618381010347,1.017650639074863,1.1351186853317103,1.2483262325015216,1.3737066342057211,1.5027388922702374,1.6195982958003652,1.7620206938527085,1.8971393791844187,2.020085209981741,2.1521606816798537,2.2848447961046867,2.4017041996348145,,0.0006086427267194157,0.0018259281801582471,0.0036518563603164943,0.005477784540474742,0.009129640900791236,0.01582471089470481,0.019476567255021303,0.035909920876445525,0.04808277541083384,0.06755934266585514,0.0894704808277541,0.11138161898965307,0.13755325623858794,0.1631162507608034,,0.017650639074863056,0.03408399269628728,0.0505173463177115,0.0736457699330493,0.09860012172854535,0.1241631162507608,0.1545952525867316,0.19233110164333536,0.2288496652465003,0.2647595861229458,0.30310407790626903,0.3536214242239805,0.40535605599513086,0.4449178332318929,,0.6402921485088253,0.6402921485088253,0.0,0.009738283627510651
joker_urna1,frequency,10,False,1957,218,0.010853899992071092,baseline,0.5825688073394495,3,0.0,0.009174311926605505,4,0.0,0.0,20.46,0.0,0.0,0.0,1,False,,0.6697247706422018,0.7660550458715596,0.9036697247706422,1.055045871559633,1.1559633027522935,1.275229357798165,1.389908256880734,1.4908256880733946,1.6192660550458715,1.7431192660550459,1.8623853211009174,1.9724770642201834,2.1055045871559632,2.1926605504587156,,0.6559633027522935,0.7935779816513762,0.944954128440367,1.0458715596330275,1.165137614678899,1.2798165137614679,1.3807339449541285,1.5091743119266054,1.6330275229357798,1.7522935779816513,1.8623853211009174,1.9954128440366972,2.0825688073394497,2.165137614678899,,0.0,0.0,0.009174311926605505,0.013761467889908258,0.01834862385321101,0.022935779816513763,0.03669724770642202,0.03669724770642202,0.04128440366972477,0.045871559633027525,0.06880733944954129,0.0779816513761468,0.11009174311926606,0.12385321100917432,,0.013761467889908258,0.022935779816513763,0.03211009174311927,0.05504587155963303,0.0779816513761468,0.09174311926605505,0.10550458715596331,0.11926605504587157,0.16972477064220184,0.23394495412844038,0.26605504587155965,0.3073394495412844,0.3577981651376147,0.39908256880733944,,0.5825688073394495,0.5596330275229358,0.0,0.009174311926605505
joker_urna1,frequency,10,True,1957,218,0.01039939999463968,baseline,0.6559633027522935,3,0.0,0.0045871559633027525,6,0.0,0.0,20.47,0.0,0.0,0.0,1,False,,0.7798165137614679,0.8577981651376146,0.9541284403669725,1.091743119266055,1.2155963302752293,1.31651376146789,1.408256880733945,1.5045871559633028,1.591743119266055,1.724770642201835,1.8394495412844036,1.9220183486238531,2.022935779816514,2.1422018348623855,,0.7798165137614679,0.8577981651376146,0.9541284403669725,1.091743119266055,1.2155963302752293,1.31651376146789,1.408256880733945,1.5045871559633028,1.591743119266055,1.724770642201835,1.8394495412844036,1.9220183486238531,2.022935779816514,2.1422018348623855,,0.0,0.0,0.0,0.0,0.0045871559633027525,0.0045871559633027525,0.009174311926605505,0.013761467889908258,0.01834862385321101,0.04128440366972477,0.05504587155963303,0.06422018348623854,0.0779816513761468,0.11467889908256881,,0.013761467889908258,0.01834862385321101,0.03669724770642202,0.05504587155963303,0.07339449541284404,0.09174311926605505,0.12385321100917432,0.14678899082568808,0.1743119266055046,0.19724770642201836,0.25229357798165136,0.27522935779816515,0.30275229357798167,0.3486238532110092,,0.6559633027522935,0.6559633027522935,0.0,0.0045871559633027525
joker_urna1,frequency,30,False,1522,653,0.012356399995042011,baseline,0.6003062787136294,3,0.0,0.006125574272588055,6,0.0,0.0,20.47,0.0,0.0,0.0,1,False,,0.7090352220520674,0.8361408882082695,0.9402756508422665,1.0704441041347625,1.1776416539050536,1.2909647779479325,1.3966309341500767,1.5114854517611025,1.6278713629402757,1.7212863705972434,1.8422664624808576,1.9418070444104134,2.0444104134762635,2.140888208269525,,0.7090352220520674,0.8361408882082695,0.9402756508422665,1.0704441041347625,1.1776416539050536,1.2909647779479325,1.3966309341500767,1.5114854517611025,1.6278713629402757,1.7212863705972434,1.8422664624808576,1.9448698315467075,2.0413476263399692,2.1454823889739663,,0.0,0.0,0.0015313935681470138,0.0030627871362940277,0.006125574272588055,0.009188361408882083,0.013782542113323124,0.018376722817764167,0.030627871362940276,0.030627871362940276,0.042879019908116385,0.05666156202143951,0.07656967840735068,0.09341500765696784,,0.009188361408882083,0.02450229709035222,0.036753445635528334,0.06584992343032159,0.08116385911179173,0.09800918836140889,0.12098009188361408,0.1562021439509954,0.1883614088820827,0.222052067381317,0.2572741194486983,0.29555895865237364,0.33078101071975496,0.36906584992343033,,0.6003062787136294,0.6003062787136294,0.0,0.006125574272588055
joker_urna1,frequency,30,True,1522,653,0.014608299999963492,baseline,0.5727411944869831,3,0.0,0.0030627871362940277,12,0.0,0.0,20.47,0.0,0.0,0.0,1,False,,0.663093415007657,0.7901990811638591,0.892802450229709,1.0214395099540583,1.1026033690658499,1.212863705972435,1.335375191424196,1.436447166921899,1.5467075038284839,1.6493108728943338,1.773353751914242,1.888208269525268,2.004594180704441,2.1286370597243494,,0.663093415007657,0.7901990811638591,0.9188361408882083,1.0,1.110260336906585,1.2327718223583461,1.335375191424196,1.4594180704441042,1.5742725880551303,1.6983154670750382,1.8192955589586524,1.9326186830015315,2.0260336906584993,2.1715160796324655,,0.0,0.0,0.0015313935681470138,0.004594180704441042,0.004594180704441042,0.009188361408882083,0.015313935681470138,0.019908116385911178,0.02909647779479326,0.039816232771822356,0.05053598774885146,0.06584992343032159,0.07963246554364471,0.09494640122511486,,0.013782542113323124,0.02450229709035222,0.03215926493108729,0.05359877488514548,0.06738131699846861,0.08728943338437979,0.12710566615620214,0.1546707503828484,0.1776416539050536,0.19754977029096477,0.23736600306278713,0.27105666156202146,0.3124042879019908,0.3614088820826952,,0.5727411944869831,0.5727411944869831,0.0,0.0030627871362940277
joker_urna1,frequency,60,False,870,1305,0.014632499980507419,baseline,0.5256704980842912,3,0.0,0.0038314176245210726,5,0.0,0.0,20.47,0.0,0.0,0.0,1,False,,0.6314176245210728,0.7440613026819923,0.8452107279693487,0.9593869731800766,1.072030651340996,1.186206896551724,1.2927203065134099,1.417624521072797,1.5203065134099616,1.6306513409961685,1.7241379310344827,1.81455938697318,1.9409961685823756,2.0697318007662835,,0.6459770114942529,0.7471264367816092,0.8613026819923372,0.9739463601532568,1.0881226053639848,1.1946360153256705,1.3195402298850574,1.4222222222222223,1.5325670498084292,1.6260536398467433,1.7164750957854407,1.842911877394636,1.971647509578544,2.111111111111111,,0.0,0.0,0.0007662835249042146,0.0038314176245210726,0.006130268199233717,0.00842911877394636,0.013026819923371647,0.017624521072796936,0.02375478927203065,0.031417624521072794,0.03524904214559387,0.04367816091954023,0.06436781609195402,0.08045977011494253,,0.007662835249042145,0.016091954022988506,0.021455938697318006,0.03984674329501916,0.05363984674329502,0.07586206896551724,0.09961685823754789,0.12796934865900383,0.16015325670498085,0.19157088122605365,0.21915708812260537,0.24597701149425288,0.28888888888888886,0.3325670498084291,,0.5256704980842912,0.5333333333333333,0.0,0.0038314176245210726
joker_urna1,frequency,60,True,870,1305,0.02428670000517741,baseline,0.5256704980842912,3,0.0,0.009195402298850575,5,0.0,0.0,20.47,0.0,0.0,0.0,1,False,,0.6360153256704981,0.7478927203065134,0.8613026819923372,0.9862068965517241,1.103448275862069,1.2199233716475095,1.33639846743295,1.4337164750957854,1.5233716475095787,1.6337164750957855,1.7348659003831417,1.8712643678160918,1.975478927203065,2.081226053639847,,0.639080459770115,0.7524904214559387,0.8773946360153256,0.9946360153256705,1.1111111111111112,1.2275862068965517,1.324904214559387,1.41455938697318,1.524904214559387,1.6260536398467433,1.7302681992337166,1.836015325670498,1.9578544061302683,2.072030651340996,,0.0,0.0,0.0007662835249042146,0.0022988505747126436,0.006896551724137931,0.010727969348659003,0.013793103448275862,0.019157088122605363,0.022988505747126436,0.029118773946360154,0.038314176245210725,0.05900383141762452,0.07739463601532567,0.08888888888888889,,0.013793103448275862,0.020689655172413793,0.03065134099616858,0.045210727969348656,0.06206896551724138,0.08659003831417625,0.11877394636015326,0.13946360153256704,0.1578544061302682,0.18620689655172415,0.20842911877394635,0.2567049808429119,0.2942528735632184,0.3363984674329502,,0.5256704980842912,0.5272030651340996,0.0,0.009195402298850575
joker_urna1,frequency,100,False,80,2095,0.028127800003858283,baseline,0.5551312649164678,4,0.00047732696897374703,0.0076372315035799524,7,0.0,0.0,20.47,0.0,0.0,0.0,1,False,,0.6701670644391408,0.7856801909307876,0.8997613365155132,1.0038186157517899,1.111217183770883,1.2176610978520286,1.3350835322195704,1.4515513126491646,1.569928400954654,1.6911694510739856,1.79618138424821,1.9002386634844868,1.9995226730310263,2.102147971360382,,0.6701670644391408,0.7856801909307876,0.8997613365155132,1.0038186157517899,1.111217183770883,1.2176610978520286,1.3350835322195704,1.4515513126491646,1.569928400954654,1.6911694510739856,1.79618138424821,1.9002386634844868,1.9995226730310263,2.102147971360382,,0.00047732696897374703,0.00047732696897374703,0.00047732696897374703,0.0042959427207637235,0.008591885441527447,0.00954653937947494,0.013842482100238664,0.01909307875894988,0.02720763723150358,0.039618138424821,0.05346062052505966,0.06634844868735083,0.0801909307875895,0.10023866348448687,,0.015274463007159905,0.025298329355608593,0.03389021479713604,0.050119331742243436,0.06252983293556086,0.08591885441527446,0.11217183770883055,0.14176610978520288,0.1775656324582339,0.22004773269689737,0.24821002386634844,0.27732696897374703,0.30978520286396183,0.35083532219570407,,0.5551312649164678,0.5551312649164678,0.00047732696897374703,0.0076372315035799524
joker_urna1,frequency,100,True,80,2095,0.030019400001037866,baseline,0.5212410501193318,3,0.0,0.006682577565632458,6,0.0,0.0,20.47,0.0,0.0,0.0,1,False,,0.6410501193317423,0.7460620525059666,0.8658711217183771,0.9737470167064439,1.0840095465393795,1.2014319809069212,1.3083532219570406,1.4229116945107398,1.5403341288782817,1.6568019093078759,1.778997613365155,1.8830548926014319,1.9947494033412887,2.0992840095465395,,0.6410501193317423,0.7460620525059666,0.8658711217183771,0.9737470167064439,1.0840095465393795,1.2014319809069212,1.3083532219570406,1.4229116945107398,1.5403341288782817,1.6568019093078759,1.778997613365155,1.8830548926014319,1.9947494033412887,2.0992840095465395,,0.0009546539379474941,0.0019093078758949881,0.002863961813842482,0.00477326968973747,0.008114558472553698,0.00954653937947494,0.015274463007159905,0.021479713603818614,0.029594272076372316,0.03866348448687351,0.04821002386634845,0.06014319809069212,0.07398568019093078,0.09164677804295943,,0.014319809069212411,0.02100238663484487,0.036276849642004776,0.052028639618138424,0.0639618138424821,0.08591885441527446,0.10501193317422435,0.13269689737470167,0.1594272076372315,0.1909307875894988,0.22768496420047732,0.2668257756563246,0.3088305489260143,0.3474940334128878,,0.5212410501193318,0.5212410501193318,0.0,0.006682577565632458
joker_urna1,random,10,False,1957,218,0.004586600000038743,baseline,0.5229357798165137,3,0.0,0.0045871559633027525,4,0.0,0.0,20.48,0.0,0.0,0.0,1,False,,0.6559633027522935,0.7660550458715596,0.8899082568807339,0.9908256880733946,1.1055045871559632,1.201834862385321,1.353211009174312,1.4862385321100917,1.646788990825688,1.7477064220183487,1.848623853211009,1.9724770642201834,2.0779816513761467,2.188073394495413,,0.6559633027522935,0.7660550458715596,0.8899082568807339,0.9908256880733946,1.1055045871559632,1.2568807339449541,1.389908256880734,1.5504587155963303,1.651376146788991,1.7522935779816513,1.8761467889908257,1.981651376146789,2.0688073394495414,2.1376146788990824,,0.0,0.0045871559633027525,0.0045871559633027525,0.0045871559633027525,0.0045871559633027525,0.009174311926605505,0.013761467889908258,0.01834862385321101,0.03211009174311927,0.03211009174311927,0.045871559633027525,0.05963302752293578,0.0779816513761468,0.0871559633027523,,0.0045871559633027525,0.01834862385321101,0.03211009174311927,0.04128440366972477,0.06880733944954129,0.0871559633027523,0.11926605504587157,0.14678899082568808,0.19724770642201836,0.22935779816513763,0.25229357798165136,0.3073394495412844,0.3577981651376147,0.4036697247706422,,0.5229357798165137,0.5229357798165137,0.0,0.0045871559633027525
joker_urna1,random,10,True,1957,218,0.004559299995889887,baseline,0.5871559633027523,3,0.0,0.013761467889908258,6,0.0,0.0,20.48,0.0,0.0,0.0,1,False,,0.6834862385321101,0.8027522935779816,0.8944954128440367,1.0504587155963303,1.1422018348623852,1.2568807339449541,1.3577981651376148,1.4403669724770642,1.536697247706422,1.6192660550458715,1.7064220183486238,1.7706422018348624,1.889908256880734,1.9908256880733946,,0.6880733944954128,0.7798165137614679,0.9357798165137615,1.0275229357798166,1.128440366972477,1.2110091743119267,1.3073394495412844,1.389908256880734,1.4770642201834863,1.5963302752293578,1.6972477064220184,1.8211009174311927,1.9128440366972477,1.9908256880733946,,0.0045871559633027525,0.0045871559633027525,0.0045871559633027525,0.0045871559633027525,0.0045871559633027525,0.0045871559633027525,0.013761467889908258,0.013761467889908258,0.027522935779816515,0.027522935779816515,0.045871559633027525,0.045871559633027525,0.06880733944954129,0.0779816513761468,,0.022935779816513763,0.03211009174311927,0.03211009174311927,0.05963302752293578,0.06880733944954129,0.0871559633027523,0.0963302752293578,0.11926605504587157,0.15137614678899083,0.16972477064220184,0.20642201834862386,0.22935779816513763,0.27522935779816515,0.30275229357798167,,0.5871559633027523,0.5688073394495413,0.0,0.013761467889908258
joker_urna1,random,30,False,1522,653,0.010646400012774393,baseline,0.5742725880551302,3,0.0,0.01225114854517611,6,0.0,0.0,20.47,0.0,0.0,0.0,1,False,,0.667687595712098,0.7917304747320061,0.891271056661562,0.9938744257274119,1.11791730474732,1.245022970903522,1.3537519142419603,1.451761102603369,1.545176110260337,1.667687595712098,1.776416539050536,1.9096477794793263,2.012251148545176,2.125574272588055,,0.667687595712098,0.7917304747320061,0.8943338437978561,1.0214395099540583,1.1301684532924963,1.228177641653905,1.321592649310873,1.444104134762634,1.552833078101072,1.6860643185298623,1.7886676875957122,1.901990811638591,2.001531393568147,2.1010719754977027,,0.0030627871362940277,0.006125574272588055,0.007656967840735069,0.007656967840735069,0.009188361408882083,0.016845329249617153,0.018376722817764167,0.021439509954058193,0.027565084226646247,0.039816232771822356,0.055130168453292494,0.07197549770290965,0.0903522205206738,0.11026033690658499,,0.016845329249617153,0.026033690658499236,0.036753445635528334,0.045941807044410414,0.06738131699846861,0.08575803981623277,0.11944869831546708,0.15160796324655437,0.1807044410413476,0.22052067381316998,0.25114854517611024,0.29249617151607965,0.3169984686064318,0.35222052067381315,,0.5742725880551302,0.5742725880551302,0.0,0.01225114854517611
joker_urna1,random,30,True,1522,653,0.008388400019612163,baseline,0.5359877488514548,3,0.0,0.007656967840735069,12,0.0,0.0,20.47,0.0,0.0,0.0,1,False,,0.6462480857580398,0.7549770290964778,0.8683001531393568,0.9892802450229708,1.0964777947932618,1.1960183767228179,1.3062787136294027,1.4088820826952526,1.5114854517611025,1.6202143950995407,1.7442572741194486,1.8713629402756509,1.9540581929555896,2.0781010719754978,,0.6385911179173047,0.7381316998468607,0.8407350689127105,0.9494640122511485,1.0735068912710566,1.2006125574272588,1.2833078101071975,1.4073506891271057,1.5313935681470139,1.660030627871363,1.770290964777948,1.8667687595712097,1.9816232771822357,2.0934150076569678,,0.0,0.0,0.0030627871362940277,0.004594180704441042,0.004594180704441042,0.009188361408882083,0.01225114854517611,0.016845329249617153,0.02450229709035222,0.033690658499234305,0.0444104134762634,0.06278713629402756,0.07656967840735068,0.0995405819295559,,0.013782542113323124,0.026033690658499236,0.03522205206738132,0.04747320061255743,0.06891271056661562,0.08728943338437979,0.10719754977029096,0.14088820826952528,0.16539050535987748,0.20214395099540583,0.22970903522205208,0.27565084226646247,0.29709035222052066,0.33537519142419603,,0.5359877488514548,0.5176110260336907,0.0,0.007656967840735069
joker_urna1,random,60,False,870,1305,0.015689399995608255,baseline,0.5601532567049808,3,0.0,0.004597701149425287,5,0.0,0.0,20.47,0.0,0.0,0.0,1,False,,0.685823754789272,0.7793103448275862,0.8950191570881226,1.0076628352490422,1.1340996168582376,1.2482758620689656,1.357088122605364,1.4789272030651341,1.5915708812260536,1.7164750957854407,1.8329501915708812,1.950191570881226,2.049808429118774,2.160153256704981,,0.685823754789272,0.7793103448275862,0.8950191570881226,1.0076628352490422,1.1340996168582376,1.2482758620689656,1.357088122605364,1.4697318007662836,1.5946360153256705,1.711111111111111,1.8283524904214559,1.927969348659004,2.0383141762452106,2.1448275862068966,,0.0,0.0,0.0,0.0015325670498084292,0.0038314176245210726,0.006896551724137931,0.010727969348659003,0.022222222222222223,0.031417624521072794,0.041379310344827586,0.05517241379310345,0.07203065134099616,0.08352490421455938,0.09578544061302682,,0.012260536398467433,0.02528735632183908,0.038314176245210725,0.05363984674329502,0.06973180076628352,0.09272030651340996,0.11724137931034483,0.1417624521072797,0.17011494252873563,0.21149425287356322,0.24291187739463602,0.2789272030651341,0.31494252873563217,0.35172413793103446,,0.5601532567049808,0.5601532567049808,0.0,0.004597701149425287
joker_urna1,random,60,True,870,1305,0.021766499994555488,baseline,0.5417624521072797,4,0.0015325670498084292,0.00842911877394636,5,0.0,0.0,20.47,0.0,0.0,0.0,1,False,,0.6490421455938697,0.753256704980843,0.8896551724137931,0.9908045977011494,1.096551724137931,1.2275862068965517,1.3379310344827586,1.4521072796934866,1.5731800766283526,1.6950191570881226,1.796168582375479,1.8988505747126436,2.0237547892720307,2.1233716475095785,,0.6490421455938697,0.753256704980843,0.8544061302681992,0.9601532567049809,1.0911877394636016,1.2015325670498085,1.3157088122605365,1.4367816091954022,1.5586206896551724,1.6597701149425288,1.7624521072796935,1.8873563218390805,1.9869731800766284,2.094252873563218,,0.0015325670498084292,0.0022988505747126436,0.0038314176245210726,0.004597701149425287,0.006896551724137931,0.010727969348659003,0.01532567049808429,0.022222222222222223,0.03371647509578544,0.0421455938697318,0.05057471264367816,0.06130268199233716,0.08275862068965517,0.10114942528735632,,0.013026819923371647,0.026053639846743294,0.04061302681992337,0.05517241379310345,0.06283524904214559,0.09042145593869731,0.11724137931034483,0.13869731800766283,0.17471264367816092,0.20842911877394635,0.2413793103448276,0.2789272030651341,0.31877394636015327,0.34942528735632183,,0.5417624521072797,0.5417624521072797,0.0015325670498084292,0.00842911877394636
joker_urna1,random,100,False,80,2095,0.03092530000139959,baseline,0.556563245823389,3,0.0,0.008591885441527447,7,90.2,90.2,20.47,0.0,0.0,0.0,1,False,,0.6720763723150358,0.7875894988066826,0.886873508353222,0.98854415274463,1.107398568019093,1.2124105011933175,1.3150357995226731,1.4372315035799523,1.5513126491646778,1.658233890214797,1.7899761336515514,1.9002386634844868,2.0076372315035798,2.1312649164677806,,0.645346062052506,0.7642004773269689,0.8692124105011934,0.9718377088305489,1.0940334128878282,1.2081145584725537,1.3398568019093078,1.4501193317422434,1.5575178997613366,1.681145584725537,1.8023866348448687,1.909307875894988,2.0252983293556084,2.1427207637231502,,0.00047732696897374703,0.00047732696897374703,0.0009546539379474941,0.0042959427207637235,0.006205250596658711,0.006682577565632458,0.010501193317422435,0.015274463007159905,0.023389021479713605,0.029594272076372316,0.043914081145584725,0.05346062052505966,0.06587112171837708,0.09069212410501193,,0.013842482100238664,0.0243436754176611,0.03341288782816229,0.044391408114558474,0.06014319809069212,0.07971360381861575,0.09928400954653938,0.1269689737470167,0.158472553699284,0.18949880668257757,0.22768496420047732,0.2687350835322196,0.313126491646778,0.3556085918854415,,0.556563245823389,0.5436754176610978,0.0,0.008591885441527447
joker_urna1,random,100,True,80,2095,0.025690600014058873,baseline,0.5121718377088306,3,0.0,0.00477326968973747,6,90.0,90.0,20.47,0.0,0.0,0.0,1,False,,0.6162291169451074,0.720763723150358,0.8405727923627685,0.948926014319809,1.0443914081145584,1.1498806682577565,1.269689737470167,1.385202863961814,1.4897374701670645,1.607159904534606,1.7221957040572793,1.8448687350835322,1.9517899761336515,2.0692124105011933,,0.6214797136038186,0.7412887828162291,0.8496420047732697,0.9551312649164678,1.0749403341288783,1.190453460620525,1.2949880668257756,1.4100238663484488,1.5326968973747017,1.6501193317422433,1.7723150357995228,1.8816229116945107,1.986634844868735,2.0897374701670643,,0.0009546539379474941,0.001431980906921241,0.001431980906921241,0.0019093078758949881,0.00477326968973747,0.006205250596658711,0.010501193317422435,0.017183770883054894,0.024821002386634844,0.031026252983293555,0.04248210023866349,0.0558472553699284,0.06825775656324583,0.09212410501193317,,0.009069212410501194,0.018138424821002388,0.031026252983293555,0.04486873508353222,0.05632458233890215,0.07159904534606205,0.09880668257756563,0.12410501193317422,0.15035799522673032,0.18042959427207636,0.21670644391408114,0.2558472553699284,0.3011933174224344,0.33890214797136037,,0.5121718377088306,0.516945107398568,0.0,0.00477326968973747
joker_urna1,ml_logistic,10,False,1957,218,0.13200770001276396,ml-linear,0.591743119266055,4,0.0045871559633027525,0.0045871559633027525,4,86.5,43.2,20.49,0.0,0.0,0.0,1,False,,0.7155963302752294,0.8256880733944955,0.944954128440367,1.073394495412844,1.1376146788990826,1.238532110091743,1.3256880733944953,1.444954128440367,1.573394495412844,1.701834862385321,1.8623853211009174,1.9678899082568808,2.1009174311926606,2.2155963302752295,,0.7155963302752294,0.8348623853211009,0.963302752293578,1.0275229357798166,1.128440366972477,1.2155963302752293,1.334862385321101,1.463302752293578,1.591743119266055,1.7522935779816513,1.8577981651376148,1.9908256880733946,2.1055045871559632,2.229357798165138,,0.0045871559633027525,0.0045871559633027525,0.0045871559633027525,0.009174311926605505,0.009174311926605505,0.009174311926605505,0.013761467889908258,0.022935779816513763,0.045871559633027525,0.045871559633027525,0.06422018348623854,0.0779816513761468,0.0963302752293578,0.10091743119266056,,0.0045871559633027525,0.01834862385321101,0.01834862385321101,0.03669724770642202,0.05045871559633028,0.0779816513761468,0.11009174311926606,0.12385321100917432,0.13761467889908258,0.1926605504587156,0.25229357798165136,0.2798165137614679,0.3165137614678899,0.37155963302752293,,0.591743119266055,0.591743119266055,0.0045871559633027525,0.0045871559633027525
joker_urna1,ml_logistic,10,True,1957,218,0.1464851000055205,ml-linear,0.6100917431192661,3,0.0,0.013761467889908258,6,89.9,88.1,20.49,0.0,0.0,0.0,1,False,,0.7477064220183486,0.8302752293577982,0.9541284403669725,1.0458715596330275,1.18348623853211,1.2889908256880733,1.4128440366972477,1.5321100917431192,1.6238532110091743,1.7201834862385321,1.853211009174312,1.9495412844036697,2.055045871559633,2.13302752293578,,0.7477064220183486,0.8302752293577982,0.9541284403669725,1.0458715596330275,1.18348623853211,1.2889908256880733,1.4128440366972477,1.5321100917431192,1.6238532110091743,1.7201834862385321,1.853211009174312,1.9495412844036697,2.055045871559633,2.13302752293578,,0.0,0.0,0.0,0.0,0.0045871559633027525,0.0045871559633027525,0.0045871559633027525,0.009174311926605505,0.013761467889908258,0.027522935779816515,0.05963302752293578,0.07339449541284404,0.0871559633027523,0.0871559633027523,,0.013761467889908258,0.01834862385321101,0.03211009174311927,0.045871559633027525,0.05045871559633028,0.07339449541284404,0.10091743119266056,0.13302752293577982,0.15137614678899083,0.18807339449541285,0.21100917431192662,0.24311926605504589,0.27522935779816515,0.2981651376146789,,0.6100917431192661,0.6100917431192661,0.0,0.013761467889908258
joker_urna1,ml_logistic,30,False,1522,653,0.1504248999990523,ml-linear,0.5987748851454824,4,0.0015313935681470138,0.004594180704441042,6,86.2,43.1,20.49,0.0,0.0,0.0,1,False,,0.6967840735068913,0.7993874425727412,0.9326186830015314,1.0260336906584993,1.1393568147013782,1.2434915773353752,1.3583460949464012,1.4747320061255742,1.6049004594180705,1.7136294027565084,1.8192955589586524,1.9464012251148546,2.0398162327718223,2.139356814701378,,0.6967840735068913,0.7993874425727412,0.9326186830015314,1.0260336906584993,1.1393568147013782,1.2434915773353752,1.3583460949464012,1.4747320061255742,1.6049004594180705,1.7136294027565084,1.8192955589586524,1.9464012251148546,2.0398162327718223,2.139356814701378,,0.0015313935681470138,0.0015313935681470138,0.004594180704441042,0.006125574272588055,0.010719754977029096,0.010719754977029096,0.010719754977029096,0.018376722817764167,0.03522205206738132,0.0444104134762634,0.05206738131699847,0.06738131699846861,0.07963246554364471,0.10107197549770292,,0.010719754977029096,0.02450229709035222,0.033690658499234305,0.042879019908116385,0.06278713629402756,0.08728943338437979,0.11791730474732007,0.15160796324655437,0.18223583460949463,0.21286370597243492,0.24808575803981622,0.28637059724349156,0.32006125574272587,0.3537519142419602,,0.5987748851454824,0.5987748851454824,0.0015313935681470138,0.004594180704441042
joker_urna1,ml_logistic,30,True,1522,653,0.18849169998429716,ml-linear,0.5681470137825421,3,0.0,0.009188361408882083,12,86.2,43.1,20.49,0.0,0.0,0.0,1,False,,0.7029096477794793,0.8039816232771823,0.9249617151607963,1.0505359877488514,1.1791730474732005,1.2618683001531394,1.343032159264931,1.436447166921899,1.5359877488514548,1.6416539050535988,1.768759571209801,1.8713629402756509,1.989280245022971,2.10260336906585,,0.7029096477794793,0.8238897396630934,0.9525267993874426,1.0352220520673814,1.116385911179173,1.209800918836141,1.3093415007656968,1.4150076569678407,1.542113323124043,1.6447166921898928,1.762633996937213,1.8759571209800918,2.0,2.1286370597243494,,0.0,0.0,0.0015313935681470138,0.0030627871362940277,0.007656967840735069,0.01225114854517611,0.015313935681470138,0.016845329249617153,0.027565084226646247,0.03522205206738132,0.04900459418070444,0.05666156202143951,0.07503828483920368,0.08728943338437979,,0.016845329249617153,0.02450229709035222,0.03522205206738132,0.04900459418070444,0.07044410413476264,0.08728943338437979,0.10413476263399694,0.1332312404287902,0.1562021439509954,0.1807044410413476,0.21898928024502298,0.2542113323124043,0.29402756508422667,0.33996937212863704,,0.5681470137825421,0.5681470137825421,0.0,0.009188361408882083
joker_urna1,ml_logistic,60,False,870,1305,0.1598245999775827,ml-linear,0.5800766283524904,4,0.0007662835249042146,0.011494252873563218,5,85.5,42.8,20.49,0.0,0.0,0.0,1,False,,0.6865900383141762,0.7946360153256705,0.9026819923371647,1.0007662835249043,1.1019157088122606,1.1954022988505748,1.3049808429118774,1.4268199233716474,1.5279693486590038,1.6352490421455939,1.7371647509578545,1.8406130268199234,1.9547892720306514,2.094252873563218,,0.6865900383141762,0.7946360153256705,0.9026819923371647,1.003831417624521,1.0973180076628353,1.206896551724138,1.3080459770114943,1.4153256704980843,1.5172413793103448,1.6206896551724137,1.7348659003831417,1.874329501915709,1.9800766283524904,2.0973180076628353,,0.0007662835249042146,0.0038314176245210726,0.0038314176245210726,0.004597701149425287,0.007662835249042145,0.00996168582375479,0.011494252873563218,0.016091954022988506,0.022988505747126436,0.031417624521072794,0.0421455938697318,0.052873563218390804,0.0681992337164751,0.08735632183908046,,0.01685823754789272,0.02528735632183908,0.03524904214559387,0.04674329501915709,0.06436781609195402,0.07969348659003832,0.10268199233716475,0.1363984674329502,0.16091954022988506,0.18773946360153257,0.21839080459770116,0.2590038314176245,0.29808429118773944,0.34942528735632183,,0.5800766283524904,0.5800766283524904,0.0007662835249042146,0.011494252873563218
joker_urna1,ml_logistic,60,True,870,1305,0.1889431000163313,ml-linear,0.5793103448275863,3,0.0,0.007662835249042145,5,85.5,42.8,20.49,0.0,0.0,0.0,1,False,,0.7011494252873564,0.8068965517241379,0.9187739463601533,1.0329501915708812,1.1226053639846743,1.239080459770115,1.3701149425287356,1.4812260536398467,1.5915708812260536,1.7080459770114942,1.8122605363984674,1.9134099616858238,2.017624521072797,2.1157088122605363,,0.6980842911877395,0.8099616858237548,0.9241379310344827,1.013793103448276,1.1302681992337165,1.2613026819923372,1.3724137931034484,1.4827586206896552,1.5992337164750958,1.703448275862069,1.8045977011494252,1.9088122605363984,2.000766283524904,2.0980842911877393,,0.0,0.0,0.0,0.0030651340996168583,0.0038314176245210726,0.010727969348659003,0.016091954022988506,0.020689655172413793,0.031417624521072794,0.041379310344827586,0.05057471264367816,0.06360153256704981,0.08122605363984674,0.09731800766283524,,0.014559386973180077,0.02375478927203065,0.03295019157088123,0.04827586206896552,0.06436781609195402,0.08199233716475096,0.10957854406130269,0.1425287356321839,0.16551724137931034,0.19770114942528735,0.22988505747126436,0.2620689655172414,0.2973180076628352,0.34022988505747126,,0.5793103448275863,0.5923371647509579,0.0,0.007662835249042145
joker_urna1,ml_logistic,100,False,80,2095,0.11749249999411404,ml-linear,0.5780429594272076,3,0.0,0.005727923627684964,7,0.0,0.0,20.48,0.0,0.0,0.0,1,False,,0.684964200477327,0.8033412887828162,0.9064439140811456,1.0090692124105012,1.1245823389021479,1.2353221957040572,1.3517899761336516,1.4649164677804296,1.5837708830548927,1.7059665871121719,1.809546539379475,1.9088305489260142,2.0162291169451074,2.137947494033413,,0.684964200477327,0.8033412887828162,0.9064439140811456,1.0090692124105012,1.1245823389021479,1.2353221957040572,1.3517899761336516,1.4649164677804296,1.5837708830548927,1.7059665871121719,1.809546539379475,1.9088305489260142,2.0162291169451074,2.137947494033413,,0.0009546539379474941,0.001431980906921241,0.001431980906921241,0.006205250596658711,0.006205250596658711,0.010978520286396181,0.015274463007159905,0.0243436754176611,0.032458233890214794,0.04486873508353222,0.058711217183770883,0.0730310262529833,0.08448687350835322,0.10835322195704057,,0.012410501193317422,0.02243436754176611,0.03579952267303103,0.05298329355608592,0.0730310262529833,0.0945107398568019,0.12410501193317422,0.15035799522673032,0.18806682577565634,0.2233890214797136,0.25250596658711216,0.2801909307875895,0.31933174224343674,0.3613365155131265,,0.5780429594272076,0.5780429594272076,0.0,0.005727923627684964
joker_urna1,ml_logistic,100,True,80,2095,0.12337609997484833,ml-linear,0.5398568019093078,3,0.0,0.005250596658711217,6,84.8,42.4,20.5,0.0,0.0,0.0,1,False,,0.6596658711217184,0.7642004773269689,0.8735083532219571,1.0028639618138424,1.1016706443914082,1.2167064439140811,1.3312649164677803,1.439618138424821,1.5560859188544154,1.6782816229116946,1.7823389021479714,1.886873508353222,2.003341288782816,2.1231503579952267,,0.6596658711217184,0.7642004773269689,0.8735083532219571,1.0028639618138424,1.1016706443914082,1.2167064439140811,1.3312649164677803,1.439618138424821,1.5560859188544154,1.6782816229116946,1.7823389021479714,1.886873508353222,2.003341288782816,2.1231503579952267,,0.0,0.0009546539379474941,0.0019093078758949881,0.002863961813842482,0.006205250596658711,0.010023866348448688,0.015751789976133652,0.0243436754176611,0.03389021479713604,0.039618138424821,0.04916467780429594,0.06252983293556086,0.07589498806682578,0.10023866348448687,,0.014319809069212411,0.021479713603818614,0.032458233890214794,0.04630071599045346,0.06443914081145585,0.08400954653937948,0.10787589498806682,0.12935560859188544,0.1575178997613365,0.19713603818615752,0.2252983293556086,0.26252983293556087,0.3054892601431981,0.34463007159904535,,0.5398568019093078,0.5398568019093078,0.0,0.005250596658711217
joker_urna1,cover_positional_bands,10,False,1957,218,0.00838290000683628,coverage,0.5275229357798165,3,0.0,0.009174311926605505,4,89.3,89.3,20.5,0.0,0.0,0.0,1,False,,0.6651376146788991,0.7660550458715596,0.9036697247706422,1.018348623853211,1.146788990825688,1.2477064220183487,1.348623853211009,1.4311926605504588,1.5504587155963303,1.6697247706422018,1.7660550458715596,1.9174311926605505,2.05045871559633,2.1376146788990824,,0.6559633027522935,0.7935779816513762,0.908256880733945,1.036697247706422,1.1376146788990826,1.238532110091743,1.3211009174311927,1.4403669724770642,1.5596330275229358,1.7110091743119267,1.8440366972477065,1.9311926605504588,2.0779816513761467,2.1788990825688073,,0.009174311926605505,0.009174311926605505,0.013761467889908258,0.01834862385321101,0.022935779816513763,0.022935779816513763,0.027522935779816515,0.027522935779816515,0.045871559633027525,0.06422018348623854,0.06422018348623854,0.07339449541284404,0.0963302752293578,0.11467889908256881,,0.013761467889908258,0.022935779816513763,0.04128440366972477,0.06422018348623854,0.09174311926605505,0.10550458715596331,0.12844036697247707,0.13302752293577982,0.1559633027522936,0.1743119266055046,0.21100917431192662,0.26146788990825687,0.3302752293577982,0.3577981651376147,,0.5275229357798165,0.555045871559633,0.0,0.009174311926605505
joker_urna1,cover_positional_bands,10,True,1957,218,0.008515000023180619,coverage,0.6467889908256881,3,0.0,0.0045871559633027525,6,0.0,0.0,20.5,0.0,0.0,0.0,1,False,,0.7247706422018348,0.8623853211009175,0.9587155963302753,1.0688073394495412,1.1926605504587156,1.2889908256880733,1.371559633027523,1.4724770642201834,1.5596330275229358,1.6926605504587156,1.8073394495412844,1.9311926605504588,2.0642201834862384,2.2018348623853212,,0.7247706422018348,0.8623853211009175,0.9587155963302753,1.0688073394495412,1.1926605504587156,1.2889908256880733,1.371559633027523,1.4724770642201834,1.5596330275229358,1.6926605504587156,1.8073394495412844,1.9311926605504588,2.0642201834862384,2.2018348623853212,,0.0,0.0,0.0,0.0,0.0045871559633027525,0.009174311926605505,0.009174311926605505,0.009174311926605505,0.013761467889908258,0.03669724770642202,0.05045871559633028,0.05963302752293578,0.06422018348623854,0.0871559633027523,,0.0045871559633027525,0.013761467889908258,0.027522935779816515,0.045871559633027525,0.06422018348623854,0.08256880733944955,0.10091743119266056,0.12385321100917432,0.14220183486238533,0.1743119266055046,0.22935779816513763,0.26605504587155965,0.3348623853211009,0.39908256880733944,,0.6467889908256881,0.6467889908256881,0.0,0.0045871559633027525
joker_urna1,cover_positional_bands,30,False,1522,653,0.012406000023474917,coverage,0.6049004594180705,3,0.0,0.010719754977029096,6,0.0,0.0,20.5,0.0,0.0,0.0,1,False,,0.7120980091883614,0.8101071975497703,0.9433384379785605,1.0597243491577335,1.1592649310872893,1.2725880551301685,1.3767228177641655,1.5068912710566615,1.6217457886676876,1.7151607963246553,1.8208269525267995,1.9234303215926494,2.0444104134762635,2.1898928024502298,,0.7120980091883614,0.8101071975497703,0.9433384379785605,1.0597243491577335,1.1730474732006126,1.2771822358346094,1.4073506891271057,1.5222052067381318,1.6156202143950995,1.7212863705972434,1.8238897396630933,1.9448698315467075,2.090352220520674,2.1837672281776417,,0.0,0.0,0.0,0.0030627871362940277,0.006125574272588055,0.009188361408882083,0.013782542113323124,0.02450229709035222,0.033690658499234305,0.033690658499234305,0.04134762633996937,0.05819295558958652,0.07656967840735068,0.10872894333843798,,0.019908116385911178,0.022970903522205207,0.036753445635528334,0.05666156202143951,0.07044410413476264,0.0903522205206738,0.11332312404287902,0.15160796324655437,0.17457886676875958,0.20980091883614088,0.25880551301684535,0.29249617151607965,0.33078101071975496,0.3874425727411945,,0.6049004594180705,0.6049004594180705,0.0,0.010719754977029096
joker_urna1,cover_positional_bands,30,True,1522,653,0.0076456999813672155,coverage,0.5727411944869831,3,0.0,0.0030627871362940277,12,0.0,0.0,20.5,0.0,0.0,0.0,1,False,,0.663093415007657,0.7733537519142419,0.900459418070444,1.003062787136294,1.1271056661562022,1.237366003062787,1.3660030627871362,1.4670750382848392,1.5819295558958653,1.7044410413476263,1.785604900459418,1.9065849923430322,2.0306278713629404,2.124042879019908,,0.663093415007657,0.7901990811638591,0.9142419601837672,1.0245022970903521,1.1531393568147015,1.2679938744257273,1.3905053598774886,1.4716692189892802,1.5926493108728943,1.7166921898928025,1.8101071975497702,1.9127105666156201,2.0306278713629404,2.1301684532924963,,0.0,0.0,0.0,0.0015313935681470138,0.004594180704441042,0.007656967840735069,0.016845329249617153,0.021439509954058193,0.027565084226646247,0.04900459418070444,0.05206738131699847,0.06738131699846861,0.08269525267993874,0.09800918836140889,,0.013782542113323124,0.021439509954058193,0.03828483920367534,0.05053598774885146,0.07350689127105667,0.0995405819295559,0.12863705972434916,0.15313935681470137,0.18376722817764166,0.21592649310872894,0.24808575803981622,0.2894333843797856,0.33843797856049007,0.38131699846860645,,0.5727411944869831,0.5727411944869831,0.0,0.0030627871362940277
joker_urna1,cover_positional_bands,60,False,870,1305,0.012287399993510917,coverage,0.535632183908046,4,0.0007662835249042146,0.006130268199233717,5,0.0,0.0,20.5,0.0,0.0,0.0,1,False,,0.6521072796934866,0.750191570881226,0.8628352490421456,0.9770114942528736,1.0835249042145594,1.2084291187739464,1.3111111111111111,1.4015325670498084,1.5210727969348659,1.6268199233716476,1.739463601532567,1.8406130268199234,1.9340996168582376,2.0605363984674328,,0.6521072796934866,0.7647509578544062,0.878927203065134,0.98544061302682,1.110344827586207,1.2130268199233716,1.303448275862069,1.4229885057471265,1.528735632183908,1.6413793103448275,1.742528735632184,1.836015325670498,1.9624521072796934,2.0911877394636016,,0.0007662835249042146,0.0007662835249042146,0.0007662835249042146,0.0022988505747126436,0.0030651340996168583,0.006130268199233717,0.00842911877394636,0.012260536398467433,0.01992337164750958,0.03218390804597701,0.044444444444444446,0.05440613026819923,0.06283524904214559,0.08505747126436781,,0.00996168582375479,0.017624521072796936,0.031417624521072794,0.04827586206896552,0.06666666666666667,0.08352490421455938,0.11494252873563218,0.13486590038314175,0.16551724137931034,0.19233716475095786,0.21992337164750958,0.25363984674329504,0.281992337164751,0.32873563218390806,,0.535632183908046,0.535632183908046,0.0007662835249042146,0.006130268199233717
joker_urna1,cover_positional_bands,60,True,870,1305,0.02293839998310432,coverage,0.5256704980842912,3,0.0,0.009195402298850575,5,0.0,0.0,20.5,0.0,0.0,0.0,1,False,,0.6505747126436782,0.7639846743295019,0.8812260536398467,0.993103448275862,1.103448275862069,1.2199233716475095,1.3172413793103448,1.4337164750957854,1.5394636015325671,1.6291187739463602,1.735632183908046,1.8398467432950192,1.9540229885057472,2.064367816091954,,0.6551724137931034,0.7724137931034483,0.8842911877394636,0.9946360153256705,1.1111111111111112,1.2084291187739464,1.324904214559387,1.4306513409961685,1.5203065134099616,1.6268199233716476,1.7310344827586206,1.8452107279693486,1.9555555555555555,2.056704980842912,,0.0,0.0,0.0015325670498084292,0.0053639846743295016,0.006896551724137931,0.010727969348659003,0.01532567049808429,0.019157088122605363,0.024521072796934867,0.029118773946360154,0.03908045977011494,0.05440613026819923,0.06283524904214559,0.0743295019157088,,0.01532567049808429,0.020689655172413793,0.034482758620689655,0.04674329501915709,0.06206896551724138,0.08659003831417625,0.10268199233716475,0.13946360153256704,0.16475095785440613,0.18697318007662836,0.21839080459770116,0.25210727969348656,0.2934865900383142,0.3340996168582375,,0.5256704980842912,0.5417624521072797,0.0,0.009195402298850575
joker_urna1,cover_positional_bands,100,False,80,2095,0.019504199997754768,coverage,0.5579952267303102,3,0.0,0.006682577565632458,7,0.0,0.0,20.5,0.0,0.0,0.0,1,False,,0.6739856801909307,0.7842482100238664,0.8997613365155132,1.0210023866348448,1.1250596658711218,1.2424821002386635,1.348926014319809,1.454892601431981,1.568019093078759,1.675417661097852,1.7937947494033413,1.8930787589498808,2.009546539379475,2.1121718377088308,,0.6739856801909307,0.7842482100238664,0.8997613365155132,1.0210023866348448,1.1250596658711218,1.2424821002386635,1.348926014319809,1.454892601431981,1.568019093078759,1.675417661097852,1.7937947494033413,1.8930787589498808,2.009546539379475,2.1121718377088308,,0.0,0.00047732696897374703,0.00047732696897374703,0.003341288782816229,0.009069212410501194,0.012410501193317422,0.016229116945107397,0.021479713603818614,0.03007159904534606,0.03866348448687351,0.052028639618138424,0.06491646778042959,0.0782816229116945,0.0954653937947494,,0.012887828162291169,0.01909307875894988,0.03389021479713604,0.05346062052505966,0.07398568019093078,0.10119331742243437,0.12315035799522674,0.14176610978520288,0.16897374701670645,0.20047732696897375,0.241527446300716,0.27159904534606205,0.31408114558472555,0.3551312649164678,,0.5579952267303102,0.5579952267303102,0.0,0.006682577565632458
joker_urna1,cover_positional_bands,100,True,80,2095,0.028348299994831905,coverage,0.5212410501193318,3,0.0,0.006682577565632458,6,0.0,0.0,20.5,0.0,0.0,0.0,1,False,,0.6386634844868735,0.7436754176610979,0.8634844868735083,0.9809069212410502,1.0911694510739858,1.210978520286396,1.3331742243436755,1.4400954653937947,1.554653937947494,1.662529832935561,1.778997613365155,1.8835322195704056,1.9875894988066827,2.090692124105012,,0.6386634844868735,0.7436754176610979,0.8634844868735083,0.9809069212410502,1.0911694510739858,1.210978520286396,1.3331742243436755,1.4400954653937947,1.554653937947494,1.662529832935561,1.778997613365155,1.8835322195704056,1.9875894988066827,2.090692124105012,,0.0,0.0,0.00047732696897374703,0.002863961813842482,0.005727923627684964,0.011455847255369928,0.015751789976133652,0.02243436754176611,0.029594272076372316,0.037231503579952266,0.04821002386634845,0.059665871121718374,0.07494033412887828,0.0883054892601432,,0.011455847255369928,0.019570405727923627,0.03198090692124105,0.04630071599045346,0.06348448687350836,0.08496420047732697,0.1035799522673031,0.12840095465393794,0.15894988066825777,0.1918854415274463,0.22768496420047732,0.26252983293556087,0.3031026252983294,0.3412887828162291,,0.5212410501193318,0.5212410501193318,0.0,0.006682577565632458
joker_urna1,sum_affinity,10,False,1957,218,0.00827920000301674,geometric-sum,0.555045871559633,2,0.0,0.0,4,96.4,96.4,20.5,0.0,0.0,0.0,1,False,,0.6422018348623854,0.7660550458715596,0.8669724770642202,0.9678899082568807,1.0963302752293578,1.2293577981651376,1.348623853211009,1.481651376146789,1.5779816513761469,1.6605504587155964,1.7935779816513762,1.8944954128440368,1.9954128440366972,2.0825688073394497,,0.6651376146788991,0.7660550458715596,0.8944954128440367,1.0275229357798166,1.146788990825688,1.2798165137614679,1.3761467889908257,1.4587155963302751,1.591743119266055,1.6926605504587156,1.7935779816513762,1.8807339449541285,1.981651376146789,2.0871559633027523,,0.0,0.0,0.0,0.0,0.0,0.0045871559633027525,0.0045871559633027525,0.013761467889908258,0.022935779816513763,0.022935779816513763,0.03669724770642202,0.06880733944954129,0.09174311926605505,0.10091743119266056,,0.0,0.0045871559633027525,0.009174311926605505,0.022935779816513763,0.045871559633027525,0.05504587155963303,0.09174311926605505,0.12385321100917432,0.14220183486238533,0.1834862385321101,0.22477064220183487,0.25229357798165136,0.2798165137614679,0.3165137614678899,,0.555045871559633,0.5412844036697247,0.0,0.0
joker_urna1,sum_affinity,10,True,1957,218,0.004826199990930036,geometric-sum,0.5137614678899083,3,0.0,0.0045871559633027525,6,0.0,0.0,20.5,0.0,0.0,0.0,1,False,,0.6284403669724771,0.7385321100917431,0.8532110091743119,0.9770642201834863,1.1238532110091743,1.201834862385321,1.3073394495412844,1.4403669724770642,1.5779816513761469,1.6743119266055047,1.7889908256880733,1.908256880733945,2.0,2.13302752293578,,0.6284403669724771,0.7522935779816514,0.8990825688073395,0.9770642201834863,1.0825688073394495,1.2201834862385321,1.31651376146789,1.4311926605504588,1.5504587155963303,1.68348623853211,1.7798165137614679,1.9036697247706422,2.018348623853211,2.1009174311926606,,0.0,0.0,0.0,0.0,0.0045871559633027525,0.0045871559633027525,0.0045871559633027525,0.013761467889908258,0.027522935779816515,0.03211009174311927,0.05045871559633028,0.06422018348623854,0.0779816513761468,0.09174311926605505,,0.013761467889908258,0.013761467889908258,0.022935779816513763,0.04128440366972477,0.06880733944954129,0.07339449541284404,0.10550458715596331,0.12385321100917432,0.16055045871559634,0.19724770642201836,0.22477064220183487,0.25229357798165136,0.2798165137614679,0.3394495412844037,,0.5137614678899083,0.5137614678899083,0.0,0.0045871559633027525
joker_urna1,sum_affinity,30,False,1522,653,0.01153269998030737,geometric-sum,0.5421133231240429,3,0.0,0.004594180704441042,6,0.0,0.0,20.5,0.0,0.0,0.0,1,False,,0.6584992343032159,0.7718223583460949,0.8652373660030628,0.9831546707503829,1.1286370597243491,1.245022970903522,1.3721286370597243,1.4793261868300154,1.566615620214395,1.675344563552833,1.784073506891271,1.901990811638591,2.001531393568147,2.116385911179173,,0.655436447166922,0.7488514548238897,0.8667687595712098,1.0122511485451762,1.1286370597243491,1.2358346094946402,1.3231240428790199,1.4318529862174578,1.5405819295558958,1.6554364471669218,1.762633996937213,1.877488514548239,1.9709035222052067,2.076569678407351,,0.0,0.0,0.0,0.0,0.004594180704441042,0.004594180704441042,0.009188361408882083,0.013782542113323124,0.022970903522205207,0.033690658499234305,0.05053598774885146,0.06125574272588055,0.07963246554364471,0.11179173047473201,,0.009188361408882083,0.018376722817764167,0.027565084226646247,0.045941807044410414,0.06431852986217458,0.09188361408882083,0.12557427258805512,0.16079632465543645,0.18989280245022971,0.21286370597243492,0.24655436447166923,0.29402756508422667,0.3231240428790199,0.3568147013782542,,0.5421133231240429,0.5421133231240429,0.0,0.004594180704441042
joker_urna1,sum_affinity,30,True,1522,653,0.01626649999525398,geometric-sum,0.5313935681470138,3,0.0,0.004594180704441042,12,0.0,0.0,20.5,0.0,0.0,0.0,1,False,,0.6416539050535988,0.7519142419601837,0.8545176110260337,0.9709035222052067,1.0995405819295558,1.209800918836141,1.333843797856049,1.4640122511485452,1.5895865237366003,1.6830015313935682,1.8070444104134762,1.9249617151607963,2.0107197549770293,2.131699846860643,,0.6416539050535988,0.7519142419601837,0.8683001531393568,0.996937212863706,1.1209800918836141,1.214395099540582,1.33843797856049,1.4563552833078102,1.542113323124043,1.663093415007657,1.777947932618683,1.886676875957121,1.986217457886677,2.076569678407351,,0.0015313935681470138,0.0015313935681470138,0.0015313935681470138,0.0015313935681470138,0.004594180704441042,0.006125574272588055,0.009188361408882083,0.016845329249617153,0.030627871362940276,0.03522205206738132,0.045941807044410414,0.05666156202143951,0.07197549770290965,0.08575803981623277,,0.01225114854517611,0.016845329249617153,0.02450229709035222,0.036753445635528334,0.05359877488514548,0.06738131699846861,0.09800918836140889,0.1225114854517611,0.15007656967840735,0.1807044410413476,0.21898928024502298,0.25114854517611024,0.2833078101071976,0.333843797856049,,0.5313935681470138,0.5313935681470138,0.0,0.004594180704441042
joker_urna1,sum_affinity,60,False,870,1305,0.019420399999944493,geometric-sum,0.5647509578544061,3,0.0,0.004597701149425287,5,0.0,0.0,20.5,0.0,0.0,0.0,1,False,,0.6842911877394636,0.7923371647509578,0.9026819923371647,1.0099616858237548,1.1203065134099617,1.246743295019157,1.360919540229885,1.4735632183908045,1.5954022988505747,1.6881226053639846,1.7946360153256704,1.9118773946360152,2.018390804597701,2.1241379310344826,,0.6842911877394636,0.7923371647509578,0.9026819923371647,1.0099616858237548,1.1203065134099617,1.246743295019157,1.360919540229885,1.4735632183908045,1.5662835249042146,1.6727969348659004,1.7900383141762453,1.896551724137931,2.0022988505747126,2.103448275862069,,0.0007662835249042146,0.0015325670498084292,0.0022988505747126436,0.0030651340996168583,0.004597701149425287,0.00996168582375479,0.012260536398467433,0.01992337164750958,0.034482758620689655,0.03984674329501916,0.04674329501915709,0.06206896551724138,0.08505747126436781,0.10727969348659004,,0.014559386973180077,0.021455938697318006,0.034482758620689655,0.05134099616858238,0.06973180076628352,0.08659003831417625,0.11647509578544062,0.14636015325670498,0.17701149425287357,0.20766283524904214,0.24444444444444444,0.281992337164751,0.31494252873563217,0.35325670498084294,,0.5647509578544061,0.5647509578544061,0.0,0.004597701149425287
joker_urna1,sum_affinity,60,True,870,1305,0.01897470001131296,geometric-sum,0.5486590038314176,3,0.0,0.006130268199233717,5,0.0,0.0,20.5,0.0,0.0,0.0,1,False,,0.660536398467433,0.7647509578544062,0.8720306513409962,0.9900383141762452,1.121072796934866,1.228352490421456,1.3448275862068966,1.4613026819923371,1.5747126436781609,1.6720306513409962,1.7831417624521073,1.8973180076628353,1.989272030651341,2.111111111111111,,0.660536398467433,0.7647509578544062,0.8720306513409962,0.9900383141762452,1.121072796934866,1.228352490421456,1.3448275862068966,1.4613026819923371,1.5747126436781609,1.6720306513409962,1.7831417624521073,1.8973180076628353,1.989272030651341,2.111111111111111,,0.0007662835249042146,0.0015325670498084292,0.0022988505747126436,0.0030651340996168583,0.006130268199233717,0.00996168582375479,0.013026819923371647,0.01839080459770115,0.03065134099616858,0.034482758620689655,0.04367816091954023,0.05823754789272031,0.07816091954022988,0.0950191570881226,,0.014559386973180077,0.021455938697318006,0.029885057471264367,0.04367816091954023,0.05900383141762452,0.0743295019157088,0.10344827586206896,0.12873563218390804,0.15938697318007664,0.20076628352490422,0.23601532567049807,0.2697318007662835,0.2988505747126437,0.34406130268199236,,0.5486590038314176,0.5486590038314176,0.0,0.006130268199233717
joker_urna1,sum_affinity,100,False,80,2095,0.023915099998703226,geometric-sum,0.5455847255369929,3,0.0,0.005250596658711217,7,0.0,0.0,20.5,0.0,0.0,0.0,1,False,,0.6520286396181384,0.7589498806682577,0.875417661097852,0.9942720763723151,1.1097852028639619,1.226252983293556,1.3479713603818615,1.452983293556086,1.568019093078759,1.681145584725537,1.8009546539379475,1.9112171837708831,2.014797136038186,2.122195704057279,,0.6520286396181384,0.7708830548926014,0.8863961813842482,1.0028639618138424,1.1245823389021479,1.2295942720763724,1.3446300715990454,1.454892601431981,1.558472553699284,1.665871121718377,1.7689737470167064,1.8730310262529832,1.9804295942720764,2.0821002386634846,,0.0,0.0,0.001431980906921241,0.0042959427207637235,0.006682577565632458,0.008591885441527447,0.013365155131264916,0.019570405727923627,0.02673031026252983,0.037231503579952266,0.04916467780429594,0.06348448687350836,0.07541766109785203,0.09021479713603818,,0.00954653937947494,0.017183770883054894,0.03007159904534606,0.04200477326968974,0.059665871121718374,0.08400954653937948,0.1045346062052506,0.1341288782816229,0.16658711217183772,0.19856801909307875,0.2405727923627685,0.2801909307875895,0.31742243436754175,0.3613365155131265,,0.5455847255369929,0.5355608591885441,0.0,0.005250596658711217
joker_urna1,sum_affinity,100,True,80,2095,0.028982399991946295,geometric-sum,0.5474940334128878,3,0.0,0.0042959427207637235,6,0.0,0.0,20.5,0.0,0.0,0.0,1,False,,0.6515513126491647,0.7665871121718377,0.8749403341288783,0.9914081145584726,1.111217183770883,1.233890214797136,1.349403341288783,1.4668257756563245,1.5723150357995226,1.690692124105012,1.8023866348448687,1.9069212410501193,2.020525059665871,2.1250596658711216,,0.649164677804296,0.7656324582338903,0.8854415274463007,1.0009546539379475,1.1183770883054893,1.2238663484486874,1.3422434367541767,1.4539379474940335,1.558472553699284,1.6720763723150358,1.7766109785202864,1.8821002386634844,1.986634844868735,2.0854415274463007,,0.0,0.001431980906921241,0.001431980906921241,0.002386634844868735,0.006682577565632458,0.009069212410501194,0.013365155131264916,0.019570405727923627,0.025775656324582338,0.03675417661097852,0.04821002386634845,0.057279236276849645,0.07398568019093078,0.09785202863961814,,0.009069212410501194,0.018615751789976133,0.03007159904534606,0.04486873508353222,0.05918854415274463,0.079236276849642,0.10405727923627685,0.1369928400954654,0.1684964200477327,0.2071599045346062,0.239618138424821,0.27541766109785204,0.318854415274463,0.35274463007159906,,0.5474940334128878,0.5341288782816229,0.0,0.0042959427207637235
joker_urna1,649_wilson_lb,10,False,1957,218,0.0102824000059627,math-649,0.573394495412844,3,0.0,0.013761467889908258,4,0.0,0.0,20.5,0.0,0.0,0.0,1,False,,0.6605504587155964,0.7981651376146789,0.8944954128440367,0.9954128440366973,1.146788990825688,1.2660550458715596,1.385321100917431,1.5229357798165137,1.610091743119266,1.724770642201835,1.8440366972477065,1.9908256880733946,2.1513761467889907,2.2844036697247705,,0.6880733944954128,0.7844036697247706,0.8853211009174312,1.036697247706422,1.1559633027522935,1.275229357798165,1.4128440366972477,1.5,1.614678899082569,1.7339449541284404,1.8807339449541285,2.041284403669725,2.1743119266055047,2.2844036697247705,,0.0,0.0045871559633027525,0.0045871559633027525,0.013761467889908258,0.01834862385321101,0.03211009174311927,0.04128440366972477,0.05045871559633028,0.05963302752293578,0.05963302752293578,0.06880733944954129,0.0963302752293578,0.13761467889908258,0.1559633027522936,,0.022935779816513763,0.03669724770642202,0.05045871559633028,0.07339449541284404,0.0871559633027523,0.10550458715596331,0.12385321100917432,0.1559633027522936,0.17889908256880735,0.22018348623853212,0.25229357798165136,0.2981651376146789,0.3623853211009174,0.4036697247706422,,0.573394495412844,0.5504587155963303,0.0,0.013761467889908258
joker_urna1,649_wilson_lb,10,True,1957,218,0.005581799981882796,math-649,0.5779816513761468,3,0.0,0.013761467889908258,6,88.7,88.7,20.5,0.0,0.0,0.0,1,False,,0.7155963302752294,0.8119266055045872,0.9587155963302753,1.0963302752293578,1.1972477064220184,1.3027522935779816,1.4174311926605505,1.5321100917431192,1.665137614678899,1.775229357798165,1.8669724770642202,1.9908256880733946,2.128440366972477,2.261467889908257,,0.7155963302752294,0.8119266055045872,0.9587155963302753,1.0963302752293578,1.1972477064220184,1.3027522935779816,1.4174311926605505,1.5504587155963303,1.6605504587155964,1.7522935779816513,1.8761467889908257,2.0137614678899083,2.1055045871559632,2.1926605504587156,,0.0,0.0,0.0,0.0,0.0,0.0,0.0045871559633027525,0.013761467889908258,0.03211009174311927,0.04128440366972477,0.06422018348623854,0.0779816513761468,0.09174311926605505,0.13761467889908258,,0.013761467889908258,0.022935779816513763,0.03211009174311927,0.05045871559633028,0.07339449541284404,0.0963302752293578,0.14220183486238533,0.16055045871559634,0.18807339449541285,0.22018348623853212,0.24770642201834864,0.30275229357798167,0.3577981651376147,0.3944954128440367,,0.5779816513761468,0.5779816513761468,0.0,0.013761467889908258
joker_urna1,649_wilson_lb,30,False,1522,653,0.011125999997602776,math-649,0.5803981623277182,3,0.0,0.006125574272588055,6,0.0,0.0,20.5,0.0,0.0,0.0,1,False,,0.6875957120980092,0.8085758039816233,0.9173047473200613,1.0321592649310873,1.1316998468606432,1.245022970903522,1.3782542113323124,1.5084226646248087,1.6125574272588055,1.7304747320061256,1.8330781010719754,1.9601837672281777,2.0566615620214397,2.1439509954058193,,0.6875957120980092,0.8085758039816233,0.9173047473200613,1.0321592649310873,1.1454823889739663,1.2787136294027566,1.4088820826952526,1.5130168453292496,1.6309341500765697,1.7335375191424196,1.8606431852986218,1.9571209800918836,2.0444104134762635,2.1378254211332313,,0.0,0.0,0.0,0.0,0.006125574272588055,0.007656967840735069,0.010719754977029096,0.022970903522205207,0.030627871362940276,0.0444104134762634,0.05819295558958652,0.0781010719754977,0.09188361408882083,0.10566615620214395,,0.016845329249617153,0.03215926493108729,0.036753445635528334,0.045941807044410414,0.05053598774885146,0.07656967840735068,0.11638591117917305,0.15773353751914243,0.18376722817764166,0.21439509954058192,0.2434915773353752,0.28637059724349156,0.32618683001531396,0.3568147013782542,,0.5803981623277182,0.5803981623277182,0.0,0.006125574272588055
joker_urna1,649_wilson_lb,30,True,1522,653,0.01589929999317974,math-649,0.5467075038284839,3,0.0,0.007656967840735069,12,89.0,89.0,20.5,0.0,0.0,0.0,1,False,,0.6569678407350689,0.7840735068912711,0.8943338437978561,1.0229709035222052,1.104134762633997,1.22052067381317,1.310872894333844,1.4349157733537519,1.5681470137825422,1.6921898928024501,1.7947932618683002,1.9173047473200613,2.0428790199081166,2.1286370597243494,,0.6814701378254211,0.8101071975497703,0.891271056661562,0.9816232771822359,1.105666156202144,1.229709035222052,1.3522205206738132,1.437978560490046,1.5313935681470139,1.643185298621746,1.7565084226646248,1.901990811638591,2.0306278713629404,2.13323124042879,,0.0,0.0015313935681470138,0.0015313935681470138,0.0015313935681470138,0.0015313935681470138,0.007656967840735069,0.01225114854517611,0.016845329249617153,0.027565084226646247,0.033690658499234305,0.039816232771822356,0.05819295558958652,0.06891271056661562,0.08728943338437979,,0.013782542113323124,0.022970903522205207,0.036753445635528334,0.045941807044410414,0.05666156202143951,0.07350689127105667,0.10566615620214395,0.13169984686064318,0.16079632465543645,0.19601837672281777,0.2327718223583461,0.2664624808575804,0.31393568147013784,0.3537519142419602,,0.5467075038284839,0.5712098009188361,0.0,0.007656967840735069
joker_urna1,649_wilson_lb,60,False,870,1305,0.02352319998317398,math-649,0.5379310344827586,3,0.0,0.004597701149425287,5,0.0,0.0,20.5,0.0,0.0,0.0,1,False,,0.6406130268199234,0.746360153256705,0.8590038314176245,0.9731800766283525,1.0743295019157089,1.1869731800766283,1.3118773946360154,1.4260536398467434,1.5241379310344827,1.6237547892720305,1.717241379310345,1.8436781609195403,1.9340996168582376,2.0597701149425287,,0.6406130268199234,0.746360153256705,0.8590038314176245,0.9731800766283525,1.0743295019157089,1.1869731800766283,1.3118773946360154,1.4260536398467434,1.5256704980842912,1.6191570881226054,1.7455938697318008,1.836015325670498,1.9555555555555555,2.0950191570881227,,0.0,0.0,0.0015325670498084292,0.0030651340996168583,0.0038314176245210726,0.011494252873563218,0.01532567049808429,0.01992337164750958,0.022988505747126436,0.03218390804597701,0.03908045977011494,0.05900383141762452,0.06896551724137931,0.08812260536398467,,0.011494252873563218,0.016091954022988506,0.029118773946360154,0.04904214559386973,0.06283524904214559,0.07586206896551724,0.09961685823754789,0.12643678160919541,0.15632183908045977,0.1839080459770115,0.20766283524904214,0.2482758620689655,0.27739463601532566,0.32950191570881227,,0.5379310344827586,0.5379310344827586,0.0,0.004597701149425287
joker_urna1,649_wilson_lb,60,True,870,1305,0.01962690000073053,math-649,0.5455938697318008,3,0.0,0.004597701149425287,5,0.0,0.0,20.5,0.0,0.0,0.0,1,False,,0.6375478927203065,0.7509578544061303,0.8674329501915709,0.9846743295019157,1.1065134099616858,1.203831417624521,1.2934865900383141,1.4183908045977012,1.524904214559387,1.6291187739463602,1.7655172413793103,1.868199233716475,1.9846743295019158,2.0950191570881227,,0.6421455938697318,0.7586206896551724,0.8758620689655172,0.9977011494252873,1.0950191570881227,1.1846743295019158,1.3095785440613026,1.4160919540229886,1.5203065134099616,1.6229885057471265,1.739463601532567,1.849808429118774,1.9670498084291188,2.068199233716475,,0.0,0.0007662835249042146,0.0030651340996168583,0.004597701149425287,0.006130268199233717,0.010727969348659003,0.013793103448275862,0.01839080459770115,0.02528735632183908,0.0367816091954023,0.05823754789272031,0.06973180076628352,0.08352490421455938,0.10114942528735632,,0.013026819923371647,0.01992337164750958,0.03065134099616858,0.04827586206896552,0.06206896551724138,0.07816091954022988,0.10344827586206896,0.1318007662835249,0.15708812260536398,0.1900383141762452,0.23065134099616857,0.26053639846743293,0.3095785440613027,0.34406130268199236,,0.5455938697318008,0.5287356321839081,0.0,0.004597701149425287
joker_urna1,649_wilson_lb,100,False,80,2095,0.03127639999729581,math-649,0.5589498806682578,3,0.0,0.006682577565632458,7,0.0,0.0,20.5,0.0,0.0,0.0,1,False,,0.665871121718377,0.7809069212410501,0.8949880668257757,0.9990453460620525,1.1145584725536992,1.2176610978520286,1.3350835322195704,1.441527446300716,1.5575178997613366,1.6758949880668257,1.7832935560859189,1.8883054892601432,2.0047732696897373,2.126491646778043,,0.665871121718377,0.7809069212410501,0.8949880668257757,0.9990453460620525,1.1145584725536992,1.2176610978520286,1.3350835322195704,1.441527446300716,1.5575178997613366,1.6758949880668257,1.7832935560859189,1.8883054892601432,2.0047732696897373,2.126491646778043,,0.0,0.0009546539379474941,0.002863961813842482,0.005250596658711217,0.008114558472553698,0.011933174224343675,0.015751789976133652,0.02100238663484487,0.02720763723150358,0.037708830548926014,0.04725536992840095,0.058711217183770883,0.07732696897374702,0.09785202863961814,,0.013842482100238664,0.019570405727923627,0.03389021479713604,0.04725536992840095,0.06682577565632458,0.0883054892601432,0.11599045346062052,0.14272076372315035,0.1718377088305489,0.20954653937947493,0.24343675417661098,0.27971360381861576,0.31933174224343674,0.3646778042959427,,0.5589498806682578,0.5589498806682578,0.0,0.006682577565632458
joker_urna1,649_wilson_lb,100,True,80,2095,0.018923700001323596,math-649,0.5417661097852029,3,0.0,0.007159904534606206,6,0.0,0.0,20.51,0.0,0.0,0.0,1,False,,0.6568019093078759,0.7646778042959427,0.881145584725537,0.9799522673031026,1.0997613365155132,1.2047732696897375,1.3116945107398568,1.4157517899761336,1.5331742243436755,1.643436754176611,1.7517899761336515,1.8572792362768495,1.973747016706444,2.073031026252983,,0.6568019093078759,0.7646778042959427,0.881145584725537,0.9799522673031026,1.0997613365155132,1.2047732696897375,1.3116945107398568,1.4157517899761336,1.5331742243436755,1.643436754176611,1.7517899761336515,1.8572792362768495,1.973747016706444,2.0959427207637233,,0.00047732696897374703,0.0009546539379474941,0.0019093078758949881,0.0042959427207637235,0.0076372315035799524,0.010978520286396181,0.015751789976133652,0.02100238663484487,0.02720763723150358,0.036276849642004776,0.0486873508353222,0.06014319809069212,0.07589498806682578,0.08973747016706445,,0.014319809069212411,0.02386634844868735,0.04152744630071599,0.05441527446300716,0.07684964200477327,0.09260143198090692,0.11360381861575179,0.13747016706443915,0.16897374701670645,0.1937947494033413,0.22482100238663486,0.26348448687350834,0.2997613365155131,0.3393794749403341,,0.5417661097852029,0.5417661097852029,0.0,0.007159904534606206
joker_urna1,649_katz25_gap75_b,10,False,1957,218,0.015395699971122667,top649,0.573394495412844,2,0.0,0.0,4,89.2,89.2,20.51,0.0,0.0,0.0,1,False,,0.6559633027522935,0.7522935779816514,0.8211009174311926,0.8944954128440367,1.0045871559633028,1.091743119266055,1.1972477064220184,1.3302752293577982,1.4311926605504588,1.5321100917431192,1.6926605504587156,1.8256880733944953,1.9724770642201834,2.1009174311926606,,0.6238532110091743,0.6972477064220184,0.7844036697247706,0.8899082568807339,1.0229357798165137,1.1238532110091743,1.2844036697247707,1.4174311926605505,1.5642201834862386,1.6926605504587156,1.811926605504587,1.944954128440367,2.0642201834862384,2.1605504587155964,,0.0,0.0,0.0,0.0,0.0,0.0,0.0045871559633027525,0.013761467889908258,0.03211009174311927,0.03669724770642202,0.045871559633027525,0.06422018348623854,0.0779816513761468,0.0871559633027523,,0.0,0.0045871559633027525,0.009174311926605505,0.01834862385321101,0.03669724770642202,0.05963302752293578,0.08256880733944955,0.12844036697247707,0.14678899082568808,0.1743119266055046,0.21559633027522937,0.24770642201834864,0.2981651376146789,0.3669724770642202,,0.573394495412844,0.555045871559633,0.0,0.0
joker_urna1,649_katz25_gap75_b,10,True,1957,218,0.018036299996310845,top649,0.5412844036697247,3,0.0,0.0045871559633027525,6,0.0,0.0,20.5,0.0,0.0,0.0,1,False,,0.6467889908256881,0.7798165137614679,0.8944954128440367,0.9908256880733946,1.091743119266055,1.2064220183486238,1.2844036697247707,1.3761467889908257,1.4678899082568808,1.5504587155963303,1.6743119266055047,1.798165137614679,1.944954128440367,2.05045871559633,,0.6697247706422018,0.7477064220183486,0.8394495412844036,0.9220183486238532,1.0458715596330275,1.1697247706422018,1.31651376146789,1.4220183486238531,1.5091743119266054,1.610091743119266,1.701834862385321,1.8211009174311927,1.9036697247706422,1.9954128440366972,,0.0,0.0,0.009174311926605505,0.009174311926605505,0.009174311926605505,0.009174311926605505,0.013761467889908258,0.01834862385321101,0.03211009174311927,0.03669724770642202,0.04128440366972477,0.05045871559633028,0.05504587155963303,0.05504587155963303,,0.0045871559633027525,0.01834862385321101,0.03211009174311927,0.045871559633027525,0.05045871559633028,0.0779816513761468,0.0963302752293578,0.11467889908256881,0.13302752293577982,0.16055045871559634,0.2018348623853211,0.24311926605504589,0.30275229357798167,0.3440366972477064,,0.5412844036697247,0.5688073394495413,0.0,0.0045871559633027525
joker_urna1,649_katz25_gap75_b,30,False,1522,653,0.019154500012518838,top649,0.5696784073506891,3,0.0,0.007656967840735069,6,0.0,0.0,20.51,0.0,0.0,0.0,1,False,,0.6860643185298622,0.7917304747320061,0.885145482388974,1.0183767228177643,1.1240428790199082,1.2511485451761102,1.3506891271056662,1.4747320061255742,1.5911179173047474,1.7366003062787136,1.8514548238897397,1.9387442572741194,2.0367534456355285,2.1362940275650844,,0.6508422664624809,0.7840735068912711,0.900459418070444,1.0459418070444104,1.1607963246554365,1.2480857580398161,1.346094946401225,1.445635528330781,1.548238897396631,1.6416539050535988,1.765696784073507,1.8683001531393568,1.9647779479326186,2.0857580398162328,,0.0015313935681470138,0.0015313935681470138,0.0030627871362940277,0.006125574272588055,0.006125574272588055,0.009188361408882083,0.01225114854517611,0.016845329249617153,0.02909647779479326,0.05359877488514548,0.06584992343032159,0.07197549770290965,0.08575803981623277,0.09800918836140889,,0.018376722817764167,0.02909647779479326,0.036753445635528334,0.05359877488514548,0.0781010719754977,0.10260336906584992,0.11332312404287902,0.14241960183767227,0.16845329249617153,0.20980091883614088,0.25267993874425726,0.27565084226646247,0.3016845329249617,0.3430321592649311,,0.5696784073506891,0.557427258805513,0.0,0.007656967840735069
joker_urna1,649_katz25_gap75_b,30,True,1522,653,0.020344799995655194,top649,0.5482388973966309,3,0.0,0.0015313935681470138,12,0.0,0.0,20.51,0.0,0.0,0.0,1,False,,0.6569678407350689,0.7611026033690659,0.8514548238897397,0.9678407350689127,1.0934150076569678,1.1960183767228179,1.3093415007656968,1.433384379785605,1.5436447166921898,1.6462480857580397,1.776416539050536,1.877488514548239,2.0107197549770293,2.116385911179173,,0.6523736600306279,0.7580398162327718,0.8606431852986217,0.9739663093415007,1.0704441041347625,1.199081163859112,1.2817764165390506,1.4042879019908117,1.5252679938744258,1.643185298621746,1.7534456355283308,1.8560490045941807,1.9709035222052067,2.0704441041347628,,0.0,0.0,0.0,0.0,0.0015313935681470138,0.0030627871362940277,0.009188361408882083,0.013782542113323124,0.021439509954058193,0.02909647779479326,0.04134762633996937,0.04900459418070444,0.06431852986217458,0.07963246554364471,,0.010719754977029096,0.018376722817764167,0.02450229709035222,0.036753445635528334,0.06125574272588055,0.08422664624808576,0.09800918836140889,0.12557427258805512,0.1669218989280245,0.20367534456355282,0.2542113323124043,0.28177641653905056,0.332312404287902,0.3721286370597244,,0.5482388973966309,0.5283307810107197,0.0,0.0015313935681470138
joker_urna1,649_katz25_gap75_b,60,False,870,1305,0.022194699995452538,top649,0.5662835249042145,3,0.0,0.006896551724137931,5,0.0,0.0,20.51,0.0,0.0,0.0,1,False,,0.6911877394636016,0.8053639846743295,0.9448275862068966,1.0544061302681993,1.1624521072796934,1.2689655172413794,1.3754789272030652,1.4689655172413794,1.5908045977011493,1.6950191570881226,1.8206896551724139,1.9371647509578545,2.0452107279693488,2.152490421455939,,0.70727969348659,0.8467432950191571,0.9563218390804598,1.0628352490421455,1.1693486590038313,1.2628352490421455,1.3793103448275863,1.4873563218390804,1.5946360153256705,1.7141762452107279,1.8153256704980842,1.9187739463601532,2.0444444444444443,2.144061302681992,,0.0,0.0,0.0022988505747126436,0.0038314176245210726,0.0053639846743295016,0.007662835249042145,0.012260536398467433,0.017624521072796936,0.028352490421455937,0.03524904214559387,0.05363984674329502,0.06590038314176246,0.08122605363984674,0.09808429118773947,,0.013026819923371647,0.022988505747126436,0.04597701149425287,0.06283524904214559,0.07739463601532567,0.09655172413793103,0.11954022988505747,0.14559386973180077,0.17701149425287357,0.21455938697318008,0.25210727969348656,0.2957854406130268,0.3325670498084291,0.37624521072796935,,0.5662835249042145,0.593103448275862,0.0,0.006896551724137931
joker_urna1,649_katz25_gap75_b,60,True,870,1305,0.03120280001894571,top649,0.5440613026819924,3,0.0,0.0030651340996168583,5,0.0,0.0,20.52,0.0,0.0,0.0,1,False,,0.660536398467433,0.7854406130268199,0.8750957854406131,0.9793103448275862,1.089655172413793,1.1961685823754789,1.300383141762452,1.4091954022988507,1.5164750957854407,1.625287356321839,1.739463601532567,1.856704980842912,1.9739463601532568,2.0735632183908046,,0.6199233716475095,0.7302681992337164,0.8367816091954023,0.9409961685823754,1.0482758620689656,1.1624521072796934,1.2796934865900382,1.396934865900383,1.4965517241379311,1.6183908045977011,1.7157088122605364,1.8199233716475096,1.9256704980842911,2.0367816091954025,,0.0,0.0,0.0,0.0007662835249042146,0.0030651340996168583,0.006130268199233717,0.007662835249042145,0.012260536398467433,0.01839080459770115,0.028352490421455937,0.038314176245210725,0.04827586206896552,0.06360153256704981,0.07816091954022988,,0.012260536398467433,0.01839080459770115,0.024521072796934867,0.04061302681992337,0.056704980842911874,0.07739463601532567,0.09655172413793103,0.12337164750957855,0.1532567049808429,0.17547892720306513,0.21226053639846743,0.2628352490421456,0.3080459770114943,0.3417624521072797,,0.5440613026819924,0.5157088122605364,0.0,0.0030651340996168583
joker_urna1,649_katz25_gap75_b,100,False,80,2095,0.028476100007537752,top649,0.5570405727923627,3,0.0,0.006205250596658711,7,0.0,0.0,20.52,0.0,0.0,0.0,1,False,,0.6634844868735084,0.7818615751789976,0.8988066825775657,1.009546539379475,1.1312649164677804,1.2381861575178998,1.3412887828162292,1.4630071599045347,1.568019093078759,1.6902147971360382,1.8009546539379475,1.9031026252983294,2.0162291169451074,2.136038186157518,,0.6754176610978521,0.7971360381861575,0.918854415274463,1.0238663484486874,1.1460620525059666,1.256801909307876,1.3589498806682578,1.462529832935561,1.575656324582339,1.6787589498806683,1.7952267303102625,1.8992840095465393,2.009546539379475,2.1198090692124105,,0.0,0.001431980906921241,0.002386634844868735,0.0042959427207637235,0.0076372315035799524,0.010501193317422435,0.013365155131264916,0.018615751789976133,0.0243436754176611,0.037231503579952266,0.04677804295942721,0.059665871121718374,0.07398568019093078,0.09355608591885442,,0.010023866348448688,0.018615751789976133,0.03054892601431981,0.043914081145584725,0.0639618138424821,0.08448687350835322,0.10214797136038187,0.1379474940334129,0.1684964200477327,0.20143198090692124,0.2448687350835322,0.27780429594272077,0.3198090692124105,0.36181384248210025,,0.5570405727923627,0.5570405727923627,0.0,0.006205250596658711
joker_urna1,649_katz25_gap75_b,100,True,80,2095,0.030204399983631447,top649,0.5455847255369929,3,0.0,0.0038186157517899762,6,0.0,0.0,20.52,0.0,0.0,0.0,1,False,,0.6448687350835323,0.7594272076372315,0.8821002386634845,1.001909307875895,1.1155131264916467,1.2238663484486874,1.332219570405728,1.4477326968973747,1.5642004773269689,1.6825775656324582,1.7861575178997613,1.907398568019093,2.0248210023866346,2.1350835322195705,,0.6911694510739856,0.7995226730310262,0.915035799522673,1.0315035799522674,1.1498806682577565,1.2534606205250596,1.3747016706443913,1.484964200477327,1.5918854415274464,1.7069212410501193,1.8109785202863962,1.9159904534606205,2.030071599045346,2.139379474940334,,0.0,0.0009546539379474941,0.001431980906921241,0.002863961813842482,0.00477326968973747,0.0076372315035799524,0.013842482100238664,0.01909307875894988,0.024821002386634844,0.03293556085918854,0.04200477326968974,0.05441527446300716,0.0720763723150358,0.09212410501193317,,0.009069212410501194,0.017183770883054894,0.02720763723150358,0.044391408114558474,0.06300715990453461,0.08400954653937948,0.10739856801909307,0.1412887828162291,0.16992840095465395,0.20143198090692124,0.23389021479713604,0.27780429594272077,0.318854415274463,0.3589498806682578,,0.5455847255369929,0.5775656324582339,0.0,0.0038186157517899762
joker_urna1,649_decade_hot,10,False,1957,218,0.004832300008274615,math-649,0.5321100917431193,3,0.0,0.0045871559633027525,4,43.6,43.6,21.11,0.0,0.0,0.0,1,False,,0.6651376146788991,0.7660550458715596,0.8669724770642202,0.9908256880733946,1.0779816513761469,1.2155963302752293,1.3211009174311927,1.4220183486238531,1.5458715596330275,1.68348623853211,1.834862385321101,1.944954128440367,2.055045871559633,2.1192660550458715,,0.6651376146788991,0.7660550458715596,0.8669724770642202,0.9908256880733946,1.0779816513761469,1.2155963302752293,1.3211009174311927,1.4220183486238531,1.5458715596330275,1.68348623853211,1.834862385321101,1.944954128440367,2.0091743119266057,2.128440366972477,,0.0,0.0,0.0,0.0,0.009174311926605505,0.009174311926605505,0.009174311926605505,0.013761467889908258,0.01834862385321101,0.027522935779816515,0.045871559633027525,0.05963302752293578,0.0871559633027523,0.10091743119266056,,0.013761467889908258,0.01834862385321101,0.03669724770642202,0.045871559633027525,0.045871559633027525,0.05963302752293578,0.07339449541284404,0.09174311926605505,0.13761467889908258,0.19724770642201836,0.2706422018348624,0.3165137614678899,0.3440366972477064,0.3623853211009174,,0.5321100917431193,0.5321100917431193,0.0,0.0045871559633027525
joker_urna1,649_decade_hot,10,True,1957,218,0.00518710000324063,math-649,0.6192660550458715,2,0.0,0.0,6,43.9,43.9,21.11,0.0,0.0,0.0,1,False,,0.7339449541284404,0.8256880733944955,0.9220183486238532,1.036697247706422,1.1238532110091743,1.224770642201835,1.31651376146789,1.4311926605504588,1.5321100917431192,1.614678899082569,1.7064220183486238,1.7889908256880733,1.9128440366972477,2.0458715596330275,,0.7155963302752294,0.8302752293577982,0.9174311926605505,1.018348623853211,1.110091743119266,1.224770642201835,1.3256880733944953,1.408256880733945,1.5,1.5825688073394495,1.7064220183486238,1.8394495412844036,1.9587155963302751,2.091743119266055,,0.0,0.0,0.0,0.0,0.0,0.0,0.009174311926605505,0.013761467889908258,0.027522935779816515,0.03669724770642202,0.03669724770642202,0.05504587155963303,0.0779816513761468,0.09174311926605505,,0.013761467889908258,0.027522935779816515,0.03211009174311927,0.04128440366972477,0.06422018348623854,0.0871559633027523,0.12844036697247707,0.1651376146788991,0.18807339449541285,0.21559633027522937,0.24770642201834864,0.2706422018348624,0.3073394495412844,0.3577981651376147,,0.6192660550458715,0.6192660550458715,0.0,0.0
joker_urna1,649_decade_hot,30,False,1522,653,0.01202460000058636,math-649,0.5696784073506891,3,0.0,0.010719754977029096,6,54.9,54.9,21.11,0.0,0.0,0.0,1,False,,0.6722817764165391,0.7871362940275651,0.9096477794793262,1.0091883614088821,1.111791730474732,1.225114854517611,1.343032159264931,1.4594180704441042,1.566615620214395,1.675344563552833,1.793261868300153,1.9081163859111792,2.022970903522205,2.1286370597243494,,0.666156202143951,0.7656967840735069,0.8683001531393568,0.9816232771822359,1.0995405819295558,1.215926493108729,1.3231240428790199,1.4318529862174578,1.5467075038284839,1.66156202143951,1.7672281776416539,1.8606431852986218,1.9586523736600305,2.0551301684532923,,0.0,0.0030627871362940277,0.0030627871362940277,0.0030627871362940277,0.0030627871362940277,0.007656967840735069,0.013782542113323124,0.015313935681470138,0.022970903522205207,0.033690658499234305,0.0444104134762634,0.06738131699846861,0.08422664624808576,0.10566615620214395,,0.016845329249617153,0.033690658499234305,0.045941807044410414,0.055130168453292494,0.06738131699846861,0.09494640122511486,0.11944869831546708,0.15773353751914243,0.18989280245022971,0.21286370597243492,0.2542113323124043,0.28637059724349156,0.32465543644716693,0.3537519142419602,,0.5696784073506891,0.5436447166921899,0.0,0.010719754977029096
joker_urna1,649_decade_hot,30,True,1522,653,0.012040700006764382,math-649,0.5604900459418071,3,0.0,0.0030627871362940277,12,59.4,59.4,21.11,0.0,0.0,0.0,1,False,,0.6431852986217458,0.7534456355283308,0.8759571209800919,0.9892802450229708,1.0918836140888208,1.2021439509954057,1.3047473200612558,1.433384379785605,1.557427258805513,1.6830015313935682,1.8070444104134762,1.892802450229709,2.007656967840735,2.116385911179173,,0.6355283307810107,0.7488514548238897,0.8514548238897397,0.9617151607963247,1.0903522205206737,1.214395099540582,1.33843797856049,1.4241960183767228,1.5390505359877489,1.6477794793261868,1.7381316998468606,1.8284839203675345,1.9218989280245022,2.0321592649310873,,0.0,0.0,0.0015313935681470138,0.0015313935681470138,0.0030627871362940277,0.009188361408882083,0.009188361408882083,0.015313935681470138,0.022970903522205207,0.03522205206738132,0.045941807044410414,0.05972434915773354,0.06891271056661562,0.08728943338437979,,0.006125574272588055,0.019908116385911178,0.033690658499234305,0.04900459418070444,0.06278713629402756,0.0781010719754977,0.09341500765696784,0.11638591117917305,0.14701378254211334,0.1807044410413476,0.21898928024502298,0.24655436447166923,0.2894333843797856,0.33690658499234305,,0.5604900459418071,0.5130168453292496,0.0,0.0030627871362940277
joker_urna1,649_decade_hot,60,False,870,1305,0.02177540000411682,math-649,0.535632183908046,3,0.0,0.009195402298850575,5,36.7,36.7,21.11,0.0,0.0,0.0,1,False,,0.6452107279693486,0.7486590038314176,0.849808429118774,0.9555555555555556,1.0727969348659003,1.1655172413793105,1.27816091954023,1.4045977011494253,1.5118773946360153,1.6199233716475097,1.7210727969348658,1.8467432950191571,1.9609195402298851,2.0689655172413794,,0.6452107279693486,0.7486590038314176,0.849808429118774,0.9555555555555556,1.0727969348659003,1.1655172413793105,1.27816091954023,1.4045977011494253,1.5118773946360153,1.6199233716475097,1.7210727969348658,1.8467432950191571,1.9609195402298851,2.0689655172413794,,0.0,0.0007662835249042146,0.0030651340996168583,0.0030651340996168583,0.0053639846743295016,0.007662835249042145,0.011494252873563218,0.01685823754789272,0.02528735632183908,0.03295019157088123,0.045210727969348656,0.06130268199233716,0.07203065134099616,0.0842911877394636,,0.01532567049808429,0.022988505747126436,0.029118773946360154,0.04291187739463601,0.05823754789272031,0.07279693486590039,0.09731800766283524,0.1363984674329502,0.16168582375478927,0.19310344827586207,0.2206896551724138,0.2574712643678161,0.3057471264367816,0.3486590038314176,,0.535632183908046,0.535632183908046,0.0,0.009195402298850575
joker_urna1,649_decade_hot,60,True,870,1305,0.02275319999898784,math-649,0.5432950191570881,3,0.0,0.006130268199233717,5,44.6,44.6,21.11,0.0,0.0,0.0,1,False,,0.6329501915708812,0.7494252873563219,0.8704980842911877,0.9846743295019157,1.0919540229885059,1.2091954022988505,1.3103448275862069,1.435249042145594,1.5455938697318008,1.6559386973180077,1.7777777777777777,1.8881226053639846,2.0245210727969347,2.125670498084291,,0.6329501915708812,0.7494252873563219,0.8704980842911877,0.9846743295019157,1.0919540229885059,1.2091954022988505,1.3103448275862069,1.4206896551724137,1.5310344827586206,1.6528735632183909,1.7632183908045977,1.8643678160919541,1.9923371647509578,2.104214559386973,,0.0,0.0,0.0015325670498084292,0.0015325670498084292,0.0038314176245210726,0.013026819923371647,0.017624521072796936,0.024521072796934867,0.0367816091954023,0.04597701149425287,0.05440613026819923,0.06666666666666667,0.09195402298850575,0.10191570881226053,,0.010727969348659003,0.022988505747126436,0.03524904214559387,0.04827586206896552,0.06283524904214559,0.08199233716475096,0.10727969348659004,0.1363984674329502,0.16091954022988506,0.20076628352490422,0.24061302681992336,0.2727969348659004,0.31417624521072796,0.3524904214559387,,0.5432950191570881,0.5432950191570881,0.0,0.006130268199233717
joker_urna1,649_decade_hot,100,False,80,2095,0.036738599999807775,math-649,0.5513126491646778,3,0.0,0.008114558472553698,7,54.3,54.3,21.11,0.0,0.0,0.0,1,False,,0.6534606205250597,0.7689737470167064,0.8859188544152745,0.9928400954653938,1.0992840095465395,1.21527446300716,1.3221957040572792,1.4176610978520285,1.5360381861575179,1.639618138424821,1.7470167064439142,1.851073985680191,1.958472553699284,2.0687350835322196,,0.6534606205250597,0.7689737470167064,0.8758949880668258,0.9918854415274463,1.0988066825775655,1.1942720763723151,1.3126491646778042,1.4162291169451073,1.5236276849642005,1.6276849642004774,1.7350835322195703,1.845346062052506,1.9627684964200478,2.0840095465393795,,0.0,0.0009546539379474941,0.0019093078758949881,0.0019093078758949881,0.003341288782816229,0.008114558472553698,0.011455847255369928,0.014319809069212411,0.02243436754176611,0.03007159904534606,0.03914081145584725,0.05393794749403341,0.0639618138424821,0.08305489260143198,,0.012410501193317422,0.0243436754176611,0.03484486873508353,0.04821002386634845,0.06205250596658711,0.08400954653937948,0.10501193317422435,0.13031026252983294,0.16085918854415274,0.19809069212410502,0.23293556085918854,0.2682577565632458,0.3045346062052506,0.3460620525059666,,0.5513126491646778,0.5513126491646778,0.0,0.008114558472553698
joker_urna1,649_decade_hot,100,True,80,2095,0.031902499991701916,math-649,0.5436754176610978,3,0.0,0.010501193317422435,6,45.9,45.9,21.11,0.0,0.0,0.0,1,False,,0.6515513126491647,0.7560859188544152,0.8615751789976134,0.9751789976133651,1.086873508353222,1.19236276849642,1.307875894988067,1.4276849642004774,1.5360381861575179,1.6400954653937947,1.7374701670644392,1.8539379474940334,1.9713603818615753,2.0806682577565634,,0.6606205250596658,0.766109785202864,0.8797136038186157,0.9914081145584726,1.0968973747016706,1.2124105011933175,1.332219570405728,1.4362768496420049,1.5336515513126492,1.6501193317422433,1.7594272076372315,1.8663484486873507,1.9837708830548926,2.086873508353222,,0.0,0.0009546539379474941,0.002863961813842482,0.0042959427207637235,0.006205250596658711,0.009069212410501194,0.014319809069212411,0.01909307875894988,0.02720763723150358,0.036276849642004776,0.04630071599045346,0.058233890214797135,0.06968973747016706,0.08544152744630072,,0.017183770883054894,0.023389021479713605,0.031026252983293555,0.04582338902147971,0.06014319809069212,0.079236276849642,0.10405727923627685,0.13985680190930788,0.17136038186157518,0.2,0.22816229116945108,0.2639618138424821,0.31026252983293556,0.35178997613365154,,0.5436754176610978,0.5560859188544153,0.0,0.010501193317422435
joker_urna1,nmf_cooc,10,False,1957,218,2.1271841999841854,math-nmf,0.4954128440366973,3,0.0,0.009174311926605505,4,63.0,53.6,21.31,0.0,0.0,0.0,1,False,,0.6192660550458715,0.7201834862385321,0.8211009174311926,0.9357798165137615,1.0871559633027523,1.188073394495413,1.2889908256880733,1.4128440366972477,1.5412844036697249,1.6605504587155964,1.7935779816513762,1.8761467889908257,2.0137614678899083,2.146788990825688,,0.6100917431192661,0.7110091743119266,0.8256880733944955,0.9770642201834863,1.0779816513761469,1.1788990825688073,1.3027522935779816,1.4311926605504588,1.5504587155963303,1.68348623853211,1.7660550458715596,1.9036697247706422,2.036697247706422,2.1605504587155964,,0.0045871559633027525,0.0045871559633027525,0.0045871559633027525,0.0045871559633027525,0.009174311926605505,0.009174311926605505,0.022935779816513763,0.027522935779816515,0.03211009174311927,0.04128440366972477,0.04128440366972477,0.045871559633027525,0.06422018348623854,0.0963302752293578,,0.013761467889908258,0.013761467889908258,0.022935779816513763,0.03211009174311927,0.03669724770642202,0.05963302752293578,0.0779816513761468,0.12844036697247707,0.16972477064220184,0.22477064220183487,0.2706422018348624,0.30275229357798167,0.3394495412844037,0.38073394495412843,,0.4954128440366973,0.5091743119266054,0.0,0.009174311926605505
joker_urna1,nmf_cooc,10,True,1957,218,2.0855458000150975,math-nmf,0.6100917431192661,3,0.0,0.013761467889908258,6,61.1,53.3,21.31,0.0,0.0,0.0,1,False,,0.7339449541284404,0.8394495412844036,0.9311926605504587,1.0229357798165137,1.1192660550458715,1.1972477064220184,1.2844036697247707,1.3990825688073394,1.5137614678899083,1.614678899082569,1.7477064220183487,1.8623853211009174,1.9954128440366972,2.128440366972477,,0.7339449541284404,0.8394495412844036,0.9311926605504587,1.0229357798165137,1.1192660550458715,1.1972477064220184,1.2844036697247707,1.3990825688073394,1.5137614678899083,1.614678899082569,1.7477064220183487,1.8807339449541285,2.0275229357798166,2.1513761467889907,,0.0,0.0,0.0045871559633027525,0.0045871559633027525,0.0045871559633027525,0.0045871559633027525,0.009174311926605505,0.009174311926605505,0.01834862385321101,0.01834862385321101,0.022935779816513763,0.03669724770642202,0.06880733944954129,0.10091743119266056,,0.01834862385321101,0.03669724770642202,0.05963302752293578,0.0779816513761468,0.08256880733944955,0.0963302752293578,0.11009174311926606,0.13761467889908258,0.1651376146788991,0.20642201834862386,0.24770642201834864,0.28440366972477066,0.3165137614678899,0.3532110091743119,,0.6100917431192661,0.6100917431192661,0.0,0.013761467889908258
joker_urna1,nmf_cooc,30,False,1522,653,1.915415600000415,math-nmf,0.55895865237366,3,0.0,0.010719754977029096,6,84.9,55.5,21.37,0.0,0.0,0.0,1,False,,0.6569678407350689,0.7840735068912711,0.9173047473200613,1.0643185298621747,1.1577335375191424,1.2710566615620214,1.3767228177641655,1.4900459418070444,1.5987748851454824,1.6983154670750382,1.8024502297090352,1.9081163859111792,2.0107197549770293,2.125574272588055,,0.6569678407350689,0.7840735068912711,0.9173047473200613,1.0643185298621747,1.1577335375191424,1.2710566615620214,1.3767228177641655,1.4900459418070444,1.5987748851454824,1.6983154670750382,1.8024502297090352,1.9081163859111792,2.0107197549770293,2.125574272588055,,0.0015313935681470138,0.0015313935681470138,0.0030627871362940277,0.004594180704441042,0.006125574272588055,0.010719754977029096,0.016845329249617153,0.022970903522205207,0.026033690658499236,0.033690658499234305,0.04747320061255743,0.05972434915773354,0.06738131699846861,0.09494640122511486,,0.013782542113323124,0.021439509954058193,0.030627871362940276,0.05053598774885146,0.06278713629402756,0.0995405819295559,0.12557427258805512,0.14088820826952528,0.18376722817764166,0.21898928024502298,0.25114854517611024,0.2833078101071976,0.3215926493108729,0.35987748851454826,,0.55895865237366,0.55895865237366,0.0,0.010719754977029096
joker_urna1,nmf_cooc,30,True,1522,653,1.7630551000183914,math-nmf,0.5957120980091883,3,0.0,0.006125574272588055,12,100.0,55.5,21.41,0.0,0.0,0.0,1,False,,0.7105666156202144,0.8116385911179173,0.9341500765696784,1.0444104134762635,1.1607963246554365,1.2633996937212864,1.3797856049004593,1.4732006125574273,1.554364471669219,1.689127105666156,1.782542113323124,1.88208269525268,2.003062787136294,2.116385911179173,,0.7105666156202144,0.8330781010719756,0.9433384379785605,1.0459418070444104,1.1623277182235834,1.2557427258805514,1.336906584992343,1.4716692189892802,1.5650842266462481,1.664624808575804,1.785604900459418,1.898928024502297,2.0260336906584993,2.1362940275650844,,0.0,0.0015313935681470138,0.0030627871362940277,0.006125574272588055,0.006125574272588055,0.007656967840735069,0.009188361408882083,0.01225114854517611,0.018376722817764167,0.03215926493108729,0.04747320061255743,0.06584992343032159,0.09188361408882083,0.10872894333843798,,0.016845329249617153,0.021439509954058193,0.03828483920367534,0.05359877488514548,0.07656967840735068,0.0995405819295559,0.12863705972434916,0.15773353751914243,0.17917304747320062,0.20980091883614088,0.2343032159264931,0.26033690658499237,0.29709035222052066,0.33843797856049007,,0.5957120980091883,0.5957120980091883,0.0,0.006125574272588055
joker_urna1,nmf_cooc,60,False,870,1305,0.03744430001825094,math-nmf,0.5509578544061303,3,0.0,0.007662835249042145,5,0.0,0.0,21.3,0.0,0.0,0.0,1,False,,0.6613026819923372,0.7900383141762453,0.8881226053639847,0.9961685823754789,1.110344827586207,1.2229885057471264,1.3295019157088122,1.4436781609195402,1.547126436781609,1.6597701149425288,1.7655172413793103,1.8590038314176245,1.9984674329501915,2.100383141762452,,0.6613026819923372,0.7900383141762453,0.8980842911877395,1.0122605363984674,1.124904214559387,1.2314176245210728,1.3455938697318008,1.4490421455938698,1.5616858237547893,1.6674329501915708,1.760919540229885,1.9003831417624522,2.0022988505747126,2.1195402298850574,,0.0,0.0,0.0,0.0030651340996168583,0.007662835249042145,0.009195402298850575,0.011494252873563218,0.01685823754789272,0.022222222222222223,0.029118773946360154,0.04367816091954023,0.05363984674329502,0.0735632183908046,0.08812260536398467,,0.012260536398467433,0.01992337164750958,0.03371647509578544,0.04827586206896552,0.06360153256704981,0.08505747126436781,0.10804597701149425,0.14022988505747128,0.1685823754789272,0.2045977011494253,0.23831417624521073,0.2620689655172414,0.3103448275862069,0.35019157088122604,,0.5509578544061303,0.5509578544061303,0.0,0.007662835249042145
joker_urna1,nmf_cooc,60,True,870,1305,0.03084089999902062,math-nmf,0.5432950191570881,3,0.0,0.010727969348659003,5,0.0,0.0,21.3,0.0,0.0,0.0,1,False,,0.6551724137931034,0.7655172413793103,0.8551724137931035,0.9716475095785441,1.0881226053639848,1.1938697318007663,1.3011494252873563,1.4183908045977012,1.5547892720306513,1.668199233716475,1.778544061302682,1.89272030651341,1.9908045977011495,2.1157088122605363,,0.6567049808429118,0.746360153256705,0.8628352490421456,0.9793103448275862,1.085057471264368,1.1923371647509577,1.3095785440613026,1.4229885057471265,1.5333333333333334,1.6475095785440612,1.7455938697318008,1.853639846743295,1.9547892720306514,2.0521072796934865,,0.0007662835249042146,0.0015325670498084292,0.0015325670498084292,0.0022988505747126436,0.006130268199233717,0.00996168582375479,0.013026819923371647,0.020689655172413793,0.034482758620689655,0.045210727969348656,0.05747126436781609,0.06590038314176246,0.07662835249042145,0.09042145593869731,,0.014559386973180077,0.021455938697318006,0.02528735632183908,0.03908045977011494,0.05747126436781609,0.08199233716475096,0.10881226053639846,0.1425287356321839,0.1839080459770115,0.210727969348659,0.24061302681992336,0.2842911877394636,0.31417624521072796,0.367816091954023,,0.5432950191570881,0.546360153256705,0.0,0.010727969348659003
joker_urna1,nmf_cooc,100,False,80,2095,0.03427289999672212,math-nmf,0.5661097852028639,4,0.00047732696897374703,0.008591885441527447,7,25.0,25.0,21.31,0.0,0.0,0.0,1,False,,0.6730310262529833,0.7799522673031026,0.8949880668257757,1.0105011933174224,1.1145584725536992,1.231980906921241,1.3350835322195704,1.4400954653937947,1.5560859188544154,1.6744630071599045,1.79618138424821,1.9026252983293557,2.010023866348449,2.1159904534606206,,0.6730310262529833,0.7799522673031026,0.8949880668257757,1.0105011933174224,1.1145584725536992,1.231980906921241,1.3350835322195704,1.4400954653937947,1.5560859188544154,1.6744630071599045,1.79618138424821,1.9026252983293557,2.010023866348449,2.1159904534606206,,0.00047732696897374703,0.0009546539379474941,0.002863961813842482,0.005727923627684964,0.008114558472553698,0.011455847255369928,0.015751789976133652,0.021957040572792363,0.029594272076372316,0.04105011933174224,0.05489260143198091,0.0639618138424821,0.07780429594272076,0.0954653937947494,,0.013842482100238664,0.026252983293556086,0.03389021479713604,0.050596658711217185,0.06682577565632458,0.09116945107398568,0.11599045346062052,0.14272076372315035,0.17040572792362768,0.20572792362768497,0.24725536992840094,0.2844868735083532,0.3241050119331742,0.3594272076372315,,0.5661097852028639,0.5661097852028639,0.00047732696897374703,0.008591885441527447
joker_urna1,nmf_cooc,100,True,80,2095,0.034282200009329244,math-nmf,0.5269689737470167,3,0.0,0.005250596658711217,6,81.2,81.2,21.31,0.0,0.0,0.0,1,False,,0.6467780429594272,0.7618138424821003,0.8782816229116945,0.9980906921241051,1.1059665871121718,1.2128878281622912,1.3116945107398568,1.4157517899761336,1.5331742243436755,1.643436754176611,1.7656324582338903,1.8821002386634844,1.990453460620525,2.1198090692124105,,0.6467780429594272,0.7618138424821003,0.8782816229116945,0.9980906921241051,1.1059665871121718,1.2128878281622912,1.3116945107398568,1.4157517899761336,1.5331742243436755,1.643436754176611,1.7656324582338903,1.8821002386634844,1.990453460620525,2.1198090692124105,,0.0009546539379474941,0.0019093078758949881,0.002863961813842482,0.005727923627684964,0.008114558472553698,0.012410501193317422,0.015751789976133652,0.02100238663484487,0.02720763723150358,0.036276849642004776,0.04630071599045346,0.06205250596658711,0.07684964200477327,0.09880668257756563,,0.012410501193317422,0.021957040572792363,0.03484486873508353,0.05298329355608592,0.07541766109785203,0.09307875894988067,0.11360381861575179,0.13747016706443915,0.16897374701670645,0.1937947494033413,0.2334128878281623,0.26348448687350834,0.3026252983293556,0.3451073985680191,,0.5269689737470167,0.5269689737470167,0.0,0.005250596658711217
joker_urna1,649_mod7_hot,10,False,1957,218,0.004916299978503957,math-649,0.6376146788990825,3,0.0,0.013761467889908258,4,0.0,0.0,21.31,0.0,0.0,0.0,1,False,,0.7385321100917431,0.8577981651376146,0.9770642201834863,1.0825688073394495,1.2064220183486238,1.3073394495412844,1.4311926605504588,1.5825688073394495,1.68348623853211,1.798165137614679,1.8990825688073394,2.0458715596330275,2.165137614678899,2.302752293577982,,0.7385321100917431,0.8577981651376146,0.9770642201834863,1.0825688073394495,1.2064220183486238,1.3073394495412844,1.4311926605504588,1.5825688073394495,1.68348623853211,1.798165137614679,1.8990825688073394,2.0458715596330275,2.165137614678899,2.302752293577982,,0.0,0.0,0.0,0.009174311926605505,0.01834862385321101,0.022935779816513763,0.027522935779816515,0.03211009174311927,0.04128440366972477,0.045871559633027525,0.06880733944954129,0.08256880733944955,0.11009174311926606,0.11926605504587157,,0.01834862385321101,0.03211009174311927,0.045871559633027525,0.06422018348623854,0.0871559633027523,0.11009174311926606,0.14678899082568808,0.1651376146788991,0.16972477064220184,0.21559633027522937,0.26605504587155965,0.29357798165137616,0.3256880733944954,0.4036697247706422,,0.6376146788990825,0.6376146788990825,0.0,0.013761467889908258
joker_urna1,649_mod7_hot,10,True,1957,218,0.003912100015440956,math-649,0.573394495412844,3,0.0,0.0045871559633027525,6,0.0,0.0,21.31,0.0,0.0,0.0,1,False,,0.7064220183486238,0.8623853211009175,0.9678899082568807,1.0504587155963303,1.18348623853211,1.2706422018348624,1.385321100917431,1.5229357798165137,1.6330275229357798,1.724770642201835,1.8577981651376148,1.944954128440367,2.091743119266055,2.1788990825688073,,0.7064220183486238,0.8623853211009175,0.9678899082568807,1.0504587155963303,1.1376146788990826,1.2522935779816513,1.389908256880734,1.5,1.591743119266055,1.724770642201835,1.811926605504587,1.9587155963302751,2.0458715596330275,2.1376146788990824,,0.0,0.0,0.0045871559633027525,0.009174311926605505,0.009174311926605505,0.01834862385321101,0.022935779816513763,0.03211009174311927,0.03669724770642202,0.03669724770642202,0.05045871559633028,0.06422018348623854,0.10091743119266056,0.11926605504587157,,0.022935779816513763,0.03211009174311927,0.04128440366972477,0.04128440366972477,0.09174311926605505,0.11009174311926606,0.12844036697247707,0.16055045871559634,0.1926605504587156,0.22018348623853212,0.2706422018348624,0.30275229357798167,0.3440366972477064,0.37155963302752293,,0.573394495412844,0.573394495412844,0.0,0.0045871559633027525
joker_urna1,649_mod7_hot,30,False,1522,653,0.010602199996355921,math-649,0.5436447166921899,3,0.0,0.0015313935681470138,6,50.0,50.0,21.31,0.0,0.0,0.0,1,False,,0.6707503828483921,0.8177641653905053,0.9157733537519143,1.0229709035222052,1.1393568147013782,1.2572741194486983,1.3629402756508422,1.4931087289433385,1.5926493108728943,1.6860643185298623,1.7993874425727412,1.892802450229709,2.0382848392036754,2.131699846860643,,0.6707503828483921,0.8177641653905053,0.9157733537519143,1.0229709035222052,1.1408882082695253,1.2465543644716692,1.3767228177641655,1.4762633996937213,1.569678407350689,1.6830015313935682,1.776416539050536,1.9218989280245022,2.01531393568147,2.11791730474732,,0.0,0.0,0.0015313935681470138,0.0015313935681470138,0.004594180704441042,0.009188361408882083,0.015313935681470138,0.021439509954058193,0.02909647779479326,0.033690658499234305,0.045941807044410414,0.055130168453292494,0.08575803981623277,0.10107197549770292,,0.004594180704441042,0.021439509954058193,0.02909647779479326,0.0444104134762634,0.05972434915773354,0.07963246554364471,0.10719754977029096,0.1332312404287902,0.16539050535987748,0.1990811638591118,0.23736600306278713,0.2649310872894334,0.3001531393568147,0.33996937212863704,,0.5436447166921899,0.5436447166921899,0.0,0.0015313935681470138
joker_urna1,649_mod7_hot,30,True,1522,653,0.01020230000722222,math-649,0.5130168453292496,3,0.0,0.0015313935681470138,12,0.0,0.0,21.31,0.0,0.0,0.0,1,False,,0.6294027565084227,0.7320061255742726,0.8315467075038285,0.9479326186830015,1.0581929555895866,1.1730474732006126,1.2787136294027566,1.3797856049004593,1.4900459418070444,1.6202143950995407,1.7335375191424196,1.8575803981623278,2.003062787136294,2.131699846860643,,0.6156202143950995,0.7151607963246555,0.8315467075038285,0.9418070444104135,1.0566615620214395,1.1623277182235834,1.2725880551301685,1.3859111791730474,1.5099540581929556,1.6554364471669218,1.784073506891271,1.9111791730474732,2.029096477794793,2.139356814701378,,0.0,0.0,0.0015313935681470138,0.007656967840735069,0.013782542113323124,0.018376722817764167,0.021439509954058193,0.030627871362940276,0.03522205206738132,0.0444104134762634,0.05819295558958652,0.07503828483920368,0.08422664624808576,0.10566615620214395,,0.01225114854517611,0.021439509954058193,0.033690658499234305,0.04900459418070444,0.05819295558958652,0.08116385911179173,0.10260336906584992,0.12098009188361408,0.14854517611026033,0.18223583460949463,0.20673813169984687,0.24655436447166923,0.3093415007656968,0.35068912710566613,,0.5130168453292496,0.5130168453292496,0.0,0.0015313935681470138
joker_urna1,649_mod7_hot,60,False,870,1305,0.018288099992787465,math-649,0.514176245210728,4,0.0007662835249042146,0.009195402298850575,5,58.8,58.8,21.33,0.0,0.0,0.0,1,False,,0.6283524904214559,0.7363984674329502,0.8383141762452108,0.9509578544061302,1.0590038314176244,1.1655172413793105,1.281992337164751,1.4,1.5026819923371648,1.610727969348659,1.703448275862069,1.817624521072797,1.939463601532567,2.0329501915708814,,0.6283524904214559,0.7302681992337164,0.842911877394636,0.9509578544061302,1.0574712643678161,1.1739463601532567,1.2919540229885058,1.3946360153256705,1.5026819923371648,1.5954022988505747,1.7095785440613027,1.8030651340996169,1.9026819923371647,2.027586206896552,,0.0007662835249042146,0.0015325670498084292,0.0022988505747126436,0.004597701149425287,0.007662835249042145,0.010727969348659003,0.012260536398467433,0.01685823754789272,0.022222222222222223,0.031417624521072794,0.0367816091954023,0.04980842911877394,0.06896551724137931,0.08122605363984674,,0.017624521072796936,0.028352490421455937,0.04061302681992337,0.05517241379310345,0.07203065134099616,0.08582375478927202,0.1103448275862069,0.1363984674329502,0.1632183908045977,0.19540229885057472,0.221455938697318,0.2590038314176245,0.29808429118773944,0.32950191570881227,,0.514176245210728,0.514176245210728,0.0007662835249042146,0.009195402298850575
joker_urna1,649_mod7_hot,60,True,870,1305,0.015952699992340058,math-649,0.5471264367816092,3,0.0,0.0038314176245210726,5,0.0,0.0,21.32,0.0,0.0,0.0,1,False,,0.6482758620689655,0.7494252873563219,0.8743295019157088,0.9739463601532568,1.0881226053639848,1.2045977011494253,1.321072796934866,1.4383141762452107,1.5747126436781609,1.6904214559386974,1.7984674329501915,1.914942528735632,2.0291187739463603,2.1402298850574715,,0.6406130268199234,0.7655172413793103,0.8651340996168583,0.9793103448275862,1.0957854406130267,1.2122605363984675,1.3295019157088122,1.4452107279693487,1.553256704980843,1.6697318007662836,1.7839080459770116,1.8950191570881225,2.0229885057471266,2.128735632183908,,0.0,0.0,0.0,0.0022988505747126436,0.006130268199233717,0.00842911877394636,0.013026819923371647,0.01839080459770115,0.029885057471264367,0.03908045977011494,0.04904214559386973,0.06436781609195402,0.0842911877394636,0.1111111111111111,,0.009195402298850575,0.01839080459770115,0.03065134099616858,0.04674329501915709,0.06360153256704981,0.08352490421455938,0.10881226053639846,0.14022988505747128,0.18237547892720307,0.21455938697318008,0.2467432950191571,0.28888888888888886,0.32337164750957853,0.3593869731800766,,0.5471264367816092,0.539463601532567,0.0,0.0038314176245210726
joker_urna1,649_mod7_hot,100,False,80,2095,0.028776399994967505,math-649,0.5408114558472553,3,0.0,0.006205250596658711,7,51.0,51.0,21.32,0.0,0.0,0.0,1,False,,0.6620525059665872,0.7761336515513126,0.8983293556085918,1.0009546539379475,1.0964200477326969,1.20381861575179,1.316945107398568,1.4357995226730311,1.5513126491646778,1.6577565632458233,1.7727923627684965,1.8758949880668259,1.9933174224343675,2.104057279236277,,0.6620525059665872,0.7761336515513126,0.8983293556085918,1.0009546539379475,1.0964200477326969,1.20381861575179,1.3226730310262529,1.4381861575178998,1.5532219570405728,1.6563245823389021,1.773747016706444,1.905489260143198,2.0162291169451074,2.122673031026253,,0.00047732696897374703,0.001431980906921241,0.001431980906921241,0.003341288782816229,0.008114558472553698,0.010023866348448688,0.011933174224343675,0.016229116945107397,0.02243436754176611,0.031503579952267304,0.04295942720763723,0.05346062052505966,0.07398568019093078,0.09021479713603818,,0.012887828162291169,0.019570405727923627,0.032458233890214794,0.051551312649164675,0.06730310262529833,0.08162291169451073,0.10644391408114559,0.13556085918854416,0.16658711217183772,0.1937947494033413,0.2324582338902148,0.26730310262529833,0.3054892601431981,0.34844868735083534,,0.5408114558472553,0.5408114558472553,0.0,0.006205250596658711
joker_urna1,649_mod7_hot,100,True,80,2095,0.02843209999264218,math-649,0.5393794749403341,4,0.0009546539379474941,0.005727923627684964,6,0.0,0.0,21.32,0.0,0.0,0.0,1,False,,0.6591885441527446,0.7694510739856802,0.890692124105012,0.99618138424821,1.1136038186157518,1.231980906921241,1.3350835322195704,1.4400954653937947,1.5627684964200477,1.658233890214797,1.7699284009546539,1.8863961813842482,2.00381861575179,2.1212410501193317,,0.6591885441527446,0.7694510739856802,0.890692124105012,0.99618138424821,1.1145584725536992,1.2176610978520286,1.3226730310262529,1.445346062052506,1.5570405727923629,1.673508353221957,1.7909307875894989,1.9083532219570405,2.037708830548926,2.141288782816229,,0.001431980906921241,0.0019093078758949881,0.002863961813842482,0.003341288782816229,0.005727923627684964,0.008114558472553698,0.011933174224343675,0.018615751789976133,0.025775656324582338,0.03341288782816229,0.04486873508353222,0.05393794749403341,0.07159904534606205,0.08973747016706445,,0.011455847255369928,0.021479713603818614,0.031503579952267304,0.0486873508353222,0.06443914081145585,0.08305489260143198,0.10692124105011933,0.12935560859188544,0.160381861575179,0.18711217183770884,0.22291169451073986,0.2610978520286396,0.3026252983293556,0.3455847255369928,,0.5393794749403341,0.5393794749403341,0.0009546539379474941,0.005727923627684964
joker_urna1,graph_community_strength,10,False,1957,218,0.009245499997632578,graph-community,0.5229357798165137,3,0.0,0.009174311926605505,4,93.3,93.3,21.33,0.0,0.0,0.0,1,False,,0.6422018348623854,0.7706422018348624,0.8853211009174312,0.9678899082568807,1.091743119266055,1.224770642201835,1.3256880733944953,1.4495412844036697,1.5596330275229358,1.628440366972477,1.7477064220183487,1.834862385321101,1.9357798165137614,2.041284403669725,,0.6697247706422018,0.7844036697247706,0.8669724770642202,0.9908256880733946,1.1238532110091743,1.224770642201835,1.348623853211009,1.4174311926605505,1.536697247706422,1.6238532110091743,1.724770642201835,1.8302752293577982,1.9770642201834863,2.0871559633027523,,0.0,0.0,0.0,0.0,0.009174311926605505,0.01834862385321101,0.01834862385321101,0.027522935779816515,0.03669724770642202,0.03669724770642202,0.04128440366972477,0.045871559633027525,0.05045871559633028,0.05963302752293578,,0.009174311926605505,0.009174311926605505,0.01834862385321101,0.027522935779816515,0.03669724770642202,0.045871559633027525,0.06880733944954129,0.11467889908256881,0.15137614678899083,0.1651376146788991,0.1926605504587156,0.23853211009174313,0.2798165137614679,0.3302752293577982,,0.5229357798165137,0.5412844036697247,0.0,0.009174311926605505
joker_urna1,graph_community_strength,10,True,1957,218,0.009462400019401684,graph-community,0.6559633027522935,3,0.0,0.013761467889908258,6,0.0,0.0,21.32,0.0,0.0,0.0,1,False,,0.7798165137614679,0.8623853211009175,0.9495412844036697,1.073394495412844,1.1605504587155964,1.2568807339449541,1.3394495412844036,1.4770642201834863,1.5963302752293578,1.7064220183486238,1.7706422018348624,1.8807339449541285,1.9862385321100917,2.0825688073394497,,0.7798165137614679,0.8623853211009175,0.9495412844036697,1.073394495412844,1.1605504587155964,1.2568807339449541,1.3394495412844036,1.4770642201834863,1.5963302752293578,1.7064220183486238,1.811926605504587,1.908256880733945,2.0,2.114678899082569,,0.0,0.0045871559633027525,0.0045871559633027525,0.0045871559633027525,0.009174311926605505,0.013761467889908258,0.013761467889908258,0.013761467889908258,0.01834862385321101,0.03211009174311927,0.03211009174311927,0.05045871559633028,0.06880733944954129,0.08256880733944955,,0.022935779816513763,0.03211009174311927,0.04128440366972477,0.06422018348623854,0.07339449541284404,0.0779816513761468,0.0963302752293578,0.14220183486238533,0.1743119266055046,0.20642201834862386,0.21559633027522937,0.25688073394495414,0.2981651376146789,0.3348623853211009,,0.6559633027522935,0.6559633027522935,0.0,0.013761467889908258
joker_urna1,graph_community_strength,30,False,1522,653,0.015266000002156943,graph-community,0.5267993874425727,3,0.0,0.0030627871362940277,6,63.0,63.0,21.33,0.0,0.0,0.0,1,False,,0.6339969372128637,0.7212863705972435,0.8483920367534457,0.9464012251148545,1.0643185298621747,1.1638591117917305,1.2710566615620214,1.3705972434915774,1.4747320061255742,1.5681470137825422,1.664624808575804,1.781010719754977,1.886676875957121,2.003062787136294,,0.6339969372128637,0.7212863705972435,0.8483920367534457,0.9464012251148545,1.0459418070444104,1.1531393568147015,1.2526799387442573,1.356814701378254,1.450229709035222,1.5467075038284839,1.663093415007657,1.768759571209801,1.901990811638591,2.01531393568147,,0.0,0.0,0.0,0.0,0.0015313935681470138,0.0015313935681470138,0.004594180704441042,0.01225114854517611,0.02450229709035222,0.030627871362940276,0.03522205206738132,0.045941807044410414,0.05972434915773354,0.06891271056661562,,0.009188361408882083,0.016845329249617153,0.027565084226646247,0.030627871362940276,0.0444104134762634,0.06431852986217458,0.10566615620214395,0.12404287901990811,0.1439509954058193,0.1669218989280245,0.19448698315467075,0.2327718223583461,0.25267993874425726,0.2986217457886677,,0.5267993874425727,0.5267993874425727,0.0,0.0030627871362940277
joker_urna1,graph_community_strength,30,True,1522,653,0.014417200000025332,graph-community,0.552833078101072,3,0.0,0.006125574272588055,12,64.7,64.7,21.33,0.0,0.0,0.0,1,False,,0.6983154670750383,0.8330781010719756,0.9142419601837672,1.0321592649310873,1.1454823889739663,1.245022970903522,1.3415007656967841,1.457886676875957,1.5865237366003062,1.6937212863705973,1.7978560490045943,1.9234303215926494,2.0520673813169985,2.1761102603369067,,0.6891271056661562,0.8070444104134763,0.9203675344563553,1.0199081163859112,1.116385911179173,1.245022970903522,1.3736600306278715,1.4977029096477794,1.6094946401225114,1.7335375191424196,1.8437978560490047,1.9540581929555896,2.0781010719754978,2.1715160796324655,,0.0,0.0015313935681470138,0.0015313935681470138,0.0030627871362940277,0.007656967840735069,0.010719754977029096,0.013782542113323124,0.02450229709035222,0.036753445635528334,0.0444104134762634,0.05206738131699847,0.06278713629402756,0.07963246554364471,0.09341500765696784,,0.01225114854517611,0.018376722817764167,0.021439509954058193,0.04134762633996937,0.06125574272588055,0.08116385911179173,0.10413476263399694,0.13016845329249618,0.16998468606431852,0.19448698315467075,0.225114854517611,0.2725880551301684,0.32618683001531396,0.37978560490045943,,0.552833078101072,0.6079632465543645,0.0,0.006125574272588055
joker_urna1,graph_community_strength,60,False,870,1305,0.02045949999592267,graph-community,0.5739463601532567,3,0.0,0.006896551724137931,5,0.0,0.0,21.33,0.0,0.0,0.0,1,False,,0.6720306513409962,0.7862068965517242,0.878927203065134,0.989272030651341,1.0973180076628353,1.2367816091954023,1.3509578544061303,1.4590038314176246,1.5655172413793104,1.6666666666666667,1.7839080459770116,1.910344827586207,2.0260536398467432,2.1325670498084293,,0.6881226053639847,0.7808429118773946,0.8911877394636015,0.9992337164750957,1.138697318007663,1.2528735632183907,1.3593869731800767,1.4605363984674329,1.5777777777777777,1.704214559386973,1.8199233716475096,1.9264367816091954,2.045977011494253,2.1762452107279695,,0.0007662835249042146,0.0030651340996168583,0.0030651340996168583,0.0030651340996168583,0.0053639846743295016,0.007662835249042145,0.012260536398467433,0.01685823754789272,0.020689655172413793,0.029885057471264367,0.041379310344827586,0.052873563218390804,0.07203065134099616,0.0896551724137931,,0.00996168582375479,0.014559386973180077,0.02375478927203065,0.03908045977011494,0.04904214559386973,0.0735632183908046,0.10114942528735632,0.12643678160919541,0.1578544061302682,0.189272030651341,0.2260536398467433,0.27662835249042145,0.31417624521072796,0.35095785440613025,,0.5739463601532567,0.5739463601532567,0.0,0.006896551724137931
joker_urna1,graph_community_strength,60,True,870,1305,0.020340300019597635,graph-community,0.5670498084291188,3,0.0,0.004597701149425287,5,0.0,0.0,21.33,0.0,0.0,0.0,1,False,,0.6827586206896552,0.7900383141762453,0.8881226053639847,0.9984674329501916,1.1065134099616858,1.2314176245210728,1.3417624521072797,1.4559386973180077,1.5616858237547893,1.6835249042145595,1.7977011494252872,1.8988505747126436,2.003065134099617,2.10727969348659,,0.6919540229885057,0.7900383141762453,0.9003831417624522,1.0084291187739463,1.1187739463601531,1.2329501915708811,1.338697318007663,1.4605363984674329,1.5747126436781609,1.6758620689655173,1.7800766283524905,1.8842911877394637,1.9915708812260537,2.081226053639847,,0.0,0.0015325670498084292,0.0030651340996168583,0.0053639846743295016,0.00842911877394636,0.011494252873563218,0.01685823754789272,0.02375478927203065,0.028352490421455937,0.041379310344827586,0.05134099616858238,0.06743295019157088,0.07662835249042145,0.09272030651340996,,0.01839080459770115,0.029885057471264367,0.0421455938697318,0.05823754789272031,0.07662835249042145,0.09885057471264368,0.11877394636015326,0.1471264367816092,0.1724137931034483,0.20842911877394635,0.25593869731800767,0.2850574712643678,0.31877394636015327,0.3455938697318008,,0.5670498084291188,0.5846743295019157,0.0,0.004597701149425287
joker_urna1,graph_community_strength,100,False,80,2095,0.029406000016024336,graph-community,0.5398568019093078,3,0.0,0.007159904534606206,7,72.0,72.0,21.33,0.0,0.0,0.0,1,False,,0.6610978520286396,0.7794749403341289,0.8926014319809069,1.0114558472553699,1.1269689737470168,1.2429594272076372,1.3465393794749403,1.452983293556086,1.5594272076372315,1.6701670644391409,1.7727923627684965,1.8749403341288782,1.9818615751789976,2.084964200477327,,0.6610978520286396,0.7794749403341289,0.8926014319809069,1.0114558472553699,1.1269689737470168,1.2429594272076372,1.3465393794749403,1.452983293556086,1.5556085918854414,1.6577565632458233,1.768019093078759,1.8844868735083533,2.0062052505966586,2.1131264916467782,,0.0009546539379474941,0.0019093078758949881,0.0042959427207637235,0.005727923627684964,0.0076372315035799524,0.013365155131264916,0.016229116945107397,0.01909307875894988,0.02673031026252983,0.036276849642004776,0.050596658711217185,0.06252983293556086,0.07446300715990453,0.08878281622911695,,0.011933174224343675,0.02386634844868735,0.03341288782816229,0.050119331742243436,0.06968973747016706,0.0892601431980907,0.10930787589498807,0.13317422434367543,0.15990453460620524,0.19809069212410502,0.23532219570405727,0.26730310262529833,0.3026252983293556,0.33890214797136037,,0.5398568019093078,0.5398568019093078,0.0,0.007159904534606206
joker_urna1,graph_community_strength,100,True,80,2095,0.028360600001178682,graph-community,0.5193317422434367,3,0.0,0.006205250596658711,6,94.7,94.7,21.33,0.0,0.0,0.0,1,False,,0.641527446300716,0.7369928400954654,0.8568019093078759,0.9780429594272076,1.084964200477327,1.1990453460620525,1.3217183770883054,1.41909307875895,1.541766109785203,1.647255369928401,1.7608591885441527,1.8754176610978521,1.98472553699284,2.088782816229117,,0.6620525059665872,0.7832935560859189,0.8902147971360382,1.0042959427207636,1.1016706443914082,1.224343675417661,1.3298329355608591,1.4434367541766109,1.5579952267303103,1.6673031026252982,1.771360381861575,1.8911694510739856,2.0076372315035798,2.1250596658711216,,0.0,0.0,0.0009546539379474941,0.0019093078758949881,0.003341288782816229,0.007159904534606206,0.013842482100238664,0.019570405727923627,0.026252983293556086,0.03436754176610979,0.04725536992840095,0.06443914081145585,0.07589498806682578,0.09164677804295943,,0.016229116945107397,0.02052505966587112,0.031503579952267304,0.04725536992840095,0.06587112171837708,0.08257756563245823,0.11360381861575179,0.1341288782816229,0.16897374701670645,0.19427207637231503,0.2295942720763723,0.26634844868735086,0.3031026252983294,0.3360381861575179,,0.5193317422434367,0.5422434367541766,0.0,0.006205250596658711
joker_urna1,graph_neighbor_degree,10,False,1957,218,0.010278300003847107,graph-centrality,0.536697247706422,3,0.0,0.009174311926605505,4,63.0,63.0,21.33,0.0,0.0,0.0,1,False,,0.6513761467889908,0.7339449541284404,0.8623853211009175,0.963302752293578,1.0642201834862386,1.18348623853211,1.2706422018348624,1.4036697247706422,1.4724770642201834,1.591743119266055,1.724770642201835,1.848623853211009,1.9311926605504588,2.032110091743119,,0.6376146788990825,0.7660550458715596,0.8669724770642202,0.9678899082568807,1.0871559633027523,1.1743119266055047,1.3073394495412844,1.3761467889908257,1.4954128440366972,1.628440366972477,1.7522935779816513,1.834862385321101,1.9357798165137614,2.036697247706422,,0.0,0.0,0.0,0.0045871559633027525,0.009174311926605505,0.009174311926605505,0.009174311926605505,0.009174311926605505,0.01834862385321101,0.027522935779816515,0.03669724770642202,0.05045871559633028,0.05963302752293578,0.0779816513761468,,0.01834862385321101,0.022935779816513763,0.03211009174311927,0.04128440366972477,0.05045871559633028,0.08256880733944955,0.0963302752293578,0.11467889908256881,0.12385321100917432,0.16972477064220184,0.2018348623853211,0.23394495412844038,0.26146788990825687,0.29357798165137616,,0.536697247706422,0.555045871559633,0.0,0.009174311926605505
joker_urna1,graph_neighbor_degree,10,True,1957,218,0.009115499997278675,graph-centrality,0.6146788990825688,3,0.0,0.009174311926605505,6,81.0,81.0,21.33,0.0,0.0,0.0,1,False,,0.7110091743119266,0.8165137614678899,0.9220183486238532,1.036697247706422,1.1697247706422018,1.31651376146789,1.4403669724770642,1.5642201834862386,1.701834862385321,1.8256880733944953,1.9174311926605505,2.0045871559633026,2.128440366972477,2.220183486238532,,0.7110091743119266,0.8165137614678899,0.9220183486238532,1.0688073394495412,1.1926605504587156,1.31651376146789,1.4541284403669725,1.5779816513761469,1.6697247706422018,1.7568807339449541,1.8807339449541285,1.9724770642201834,2.1055045871559632,2.261467889908257,,0.0,0.0045871559633027525,0.0045871559633027525,0.009174311926605505,0.009174311926605505,0.009174311926605505,0.013761467889908258,0.04128440366972477,0.05504587155963303,0.05504587155963303,0.08256880733944955,0.10091743119266056,0.11009174311926606,0.14678899082568808,,0.022935779816513763,0.03211009174311927,0.05045871559633028,0.06422018348623854,0.0871559633027523,0.12385321100917432,0.1559633027522936,0.1926605504587156,0.23853211009174313,0.2798165137614679,0.3119266055045872,0.3302752293577982,0.3853211009174312,0.4036697247706422,,0.6146788990825688,0.6146788990825688,0.0,0.009174311926605505
joker_urna1,graph_neighbor_degree,30,False,1522,653,0.013139999995473772,graph-centrality,0.5467075038284839,3,0.0,0.006125574272588055,6,0.0,0.0,21.33,0.0,0.0,0.0,1,False,,0.6799387442572741,0.7733537519142419,0.889739663093415,0.998468606431853,1.0918836140888208,1.1914241960183767,1.2955589586523737,1.4257274119448697,1.5390505359877489,1.6324655436447166,1.7503828483920367,1.8499234303215926,1.9770290964777948,2.0735068912710566,,0.6799387442572741,0.7733537519142419,0.889739663093415,0.998468606431853,1.0918836140888208,1.1914241960183767,1.2955589586523737,1.4257274119448697,1.5390505359877489,1.6324655436447166,1.7320061255742727,1.8284839203675345,1.9356814701378253,2.035222052067381,,0.0,0.0030627871362940277,0.004594180704441042,0.004594180704441042,0.007656967840735069,0.010719754977029096,0.016845329249617153,0.021439509954058193,0.030627871362940276,0.039816232771822356,0.04900459418070444,0.05819295558958652,0.06891271056661562,0.07656967840735068,,0.016845329249617153,0.021439509954058193,0.02909647779479326,0.05206738131699847,0.06584992343032159,0.08116385911179173,0.10413476263399694,0.13016845329249618,0.15773353751914243,0.17917304747320062,0.22052067381316998,0.25114854517611024,0.29402756508422667,0.3430321592649311,,0.5467075038284839,0.5467075038284839,0.0,0.006125574272588055
joker_urna1,graph_neighbor_degree,30,True,1522,653,0.017201100010424852,graph-centrality,0.5068912710566615,3,0.0,0.006125574272588055,12,28.6,28.6,21.33,0.0,0.0,0.0,1,False,,0.6171516079632465,0.7243491577335375,0.8070444104134763,0.9188361408882083,1.0275650842266462,1.1454823889739663,1.2802450229709035,1.4134762633996938,1.5222052067381318,1.643185298621746,1.7886676875957122,1.9173047473200613,2.0413476263399692,2.134762633996937,,0.5895865237366003,0.7013782542113323,0.8101071975497703,0.9280245022970903,1.0627871362940275,1.1837672281776417,1.329249617151608,1.457886676875957,1.5819295558958653,1.675344563552833,1.785604900459418,1.8713629402756509,1.998468606431853,2.1225114854517613,,0.0015313935681470138,0.0015313935681470138,0.0015313935681470138,0.0015313935681470138,0.004594180704441042,0.009188361408882083,0.016845329249617153,0.022970903522205207,0.033690658499234305,0.0444104134762634,0.05206738131699847,0.06584992343032159,0.0903522205206738,0.10719754977029096,,0.009188361408882083,0.013782542113323124,0.026033690658499236,0.036753445635528334,0.05819295558958652,0.07197549770290965,0.10413476263399694,0.1439509954058193,0.16539050535987748,0.1883614088820827,0.24655436447166923,0.29096477794793263,0.327718223583461,0.35987748851454826,,0.5068912710566615,0.5068912710566615,0.0,0.006125574272588055
joker_urna1,graph_neighbor_degree,60,False,870,1305,0.022543300001416355,graph-centrality,0.5417624521072797,3,0.0,0.004597701149425287,5,42.9,42.9,21.33,0.0,0.0,0.0,1,False,,0.6505747126436782,0.7808429118773946,0.8904214559386974,1.0007662835249043,1.1111111111111112,1.2505747126436781,1.343295019157088,1.457471264367816,1.5754789272030651,1.6896551724137931,1.7977011494252872,1.9057471264367816,2.022222222222222,2.12183908045977,,0.6505747126436782,0.7808429118773946,0.8904214559386974,1.0007662835249043,1.1111111111111112,1.2505747126436781,1.343295019157088,1.457471264367816,1.5754789272030651,1.6896551724137931,1.7977011494252872,1.914176245210728,2.013793103448276,2.1310344827586207,,0.0,0.0015325670498084292,0.0030651340996168583,0.004597701149425287,0.00996168582375479,0.013026819923371647,0.014559386973180077,0.020689655172413793,0.026053639846743294,0.03908045977011494,0.04980842911877394,0.06206896551724138,0.08352490421455938,0.10421455938697317,,0.013026819923371647,0.024521072796934867,0.03601532567049808,0.05134099616858238,0.07203065134099616,0.10421455938697317,0.12413793103448276,0.15019157088122606,0.18160919540229886,0.21302681992337164,0.2482758620689655,0.28659003831417623,0.32413793103448274,0.36168582375478925,,0.5417624521072797,0.5417624521072797,0.0,0.004597701149425287
joker_urna1,graph_neighbor_degree,60,True,870,1305,0.020045000012032688,graph-centrality,0.5164750957854406,3,0.0,0.00842911877394636,5,0.0,0.0,21.33,0.0,0.0,0.0,1,False,,0.6375478927203065,0.7448275862068966,0.8505747126436781,0.9816091954022989,1.0881226053639848,1.1908045977011494,1.3011494252873563,1.4099616858237547,1.5187739463601533,1.6344827586206896,1.7593869731800766,1.8727969348659004,1.9908045977011495,2.0950191570881227,,0.6375478927203065,0.7448275862068966,0.8505747126436781,0.9816091954022989,1.0881226053639848,1.1908045977011494,1.3011494252873563,1.4168582375478926,1.5417624521072797,1.6551724137931034,1.7731800766283525,1.8773946360153257,2.0053639846743296,2.1157088122605363,,0.0,0.0015325670498084292,0.0022988505747126436,0.0038314176245210726,0.004597701149425287,0.009195402298850575,0.01532567049808429,0.019157088122605363,0.027586206896551724,0.037547892720306515,0.04367816091954023,0.05517241379310345,0.07586206896551724,0.09118773946360154,,0.013026819923371647,0.017624521072796936,0.031417624521072794,0.05134099616858238,0.06513409961685823,0.08659003831417625,0.1103448275862069,0.135632183908046,0.1578544061302682,0.18237547892720307,0.2260536398467433,0.2582375478927203,0.30191570881226054,0.3417624521072797,,0.5164750957854406,0.5164750957854406,0.0,0.00842911877394636
joker_urna1,graph_neighbor_degree,100,False,80,2095,0.028983500000322238,graph-centrality,0.5766109785202864,3,0.0,0.007159904534606206,7,0.0,0.0,21.33,0.0,0.0,0.0,1,False,,0.6921241050119332,0.7875894988066826,0.9040572792362769,1.0081145584725537,1.107398568019093,1.2105011933174223,1.332219570405728,1.4386634844868735,1.554653937947494,1.6572792362768496,1.7675417661097852,1.8816229116945107,1.9947494033412887,2.113603818615752,,0.6706443914081146,0.7871121718377089,0.8911694510739857,0.9904534606205251,1.0935560859188544,1.21527446300716,1.3217183770883054,1.437708830548926,1.5403341288782817,1.650596658711217,1.7646778042959428,1.8835322195704056,1.9852028639618138,2.101670644391408,,0.0,0.0009546539379474941,0.002863961813842482,0.00477326968973747,0.006205250596658711,0.010023866348448688,0.015274463007159905,0.022911694510739856,0.03054892601431981,0.03866348448687351,0.052028639618138424,0.06300715990453461,0.07875894988066826,0.09498806682577565,,0.014797136038186158,0.023389021479713605,0.03818615751789976,0.051551312649164675,0.06682577565632458,0.08353221957040573,0.1116945107398568,0.1341288782816229,0.16276849642004773,0.19236276849642006,0.22004773269689737,0.26252983293556087,0.30405727923627685,0.34653937947494035,,0.5766109785202864,0.5751789976133651,0.0,0.007159904534606206
joker_urna1,graph_neighbor_degree,100,True,80,2095,0.028090099978726357,graph-centrality,0.5508353221957041,3,0.0,0.0042959427207637235,6,57.5,57.5,21.33,0.0,0.0,0.0,1,False,,0.6601431980906921,0.7828162291169452,0.8873508353221957,0.9861575178997614,1.1088305489260144,1.2171837708830548,1.3212410501193317,1.4410501193317422,1.5704057279236276,1.6902147971360382,1.8124105011933174,1.9298329355608592,2.0424821002386633,2.1589498806682577,,0.6758949880668258,0.7804295942720764,0.879236276849642,0.9875894988066826,1.0916467780429595,1.21145584725537,1.3408114558472555,1.4606205250596658,1.5828162291169452,1.7002386634844868,1.812887828162291,1.9293556085918855,2.0348448687350835,2.1389021479713604,,0.0,0.0,0.00047732696897374703,0.002863961813842482,0.0076372315035799524,0.012410501193317422,0.014797136038186158,0.020047732696897375,0.03007159904534606,0.04105011933174224,0.05298329355608592,0.06252983293556086,0.07875894988066826,0.0964200477326969,,0.008114558472553698,0.018615751789976133,0.029116945107398567,0.04200477326968974,0.06205250596658711,0.08353221957040573,0.10501193317422435,0.14033412887828162,0.16992840095465395,0.20429594272076373,0.24009546539379475,0.2801909307875895,0.316945107398568,0.3665871121718377,,0.5508353221957041,0.5532219570405728,0.0,0.0042959427207637235
joker_urna1,649_mom_10_40,10,False,1957,218,0.01330489999963902,math-649,0.5275229357798165,3,0.0,0.009174311926605505,4,47.4,47.4,21.34,0.0,0.0,0.0,1,False,,0.6559633027522935,0.7798165137614679,0.8669724770642202,0.9908256880733946,1.1055045871559632,1.2293577981651376,1.3302752293577982,1.4678899082568808,1.5688073394495412,1.7064220183486238,1.8256880733944953,1.926605504587156,2.0458715596330275,2.128440366972477,,0.6559633027522935,0.7798165137614679,0.8669724770642202,0.9908256880733946,1.1055045871559632,1.2293577981651376,1.3302752293577982,1.4678899082568808,1.5688073394495412,1.7064220183486238,1.8256880733944953,1.926605504587156,2.0458715596330275,2.128440366972477,,0.0,0.0045871559633027525,0.0045871559633027525,0.009174311926605505,0.009174311926605505,0.01834862385321101,0.01834862385321101,0.022935779816513763,0.027522935779816515,0.04128440366972477,0.05963302752293578,0.06880733944954129,0.09174311926605505,0.10550458715596331,,0.01834862385321101,0.022935779816513763,0.03211009174311927,0.04128440366972477,0.05963302752293578,0.0871559633027523,0.10091743119266056,0.15137614678899083,0.1926605504587156,0.23853211009174313,0.27522935779816515,0.3073394495412844,0.3440366972477064,0.38073394495412843,,0.5275229357798165,0.5275229357798165,0.0,0.009174311926605505
joker_urna1,649_mom_10_40,10,True,1957,218,0.013552599994000047,math-649,0.5275229357798165,3,0.0,0.009174311926605505,6,47.4,47.4,21.34,0.0,0.0,0.0,1,False,,0.6146788990825688,0.7477064220183486,0.8394495412844036,0.963302752293578,1.0825688073394495,1.201834862385321,1.2844036697247707,1.3623853211009174,1.4495412844036697,1.573394495412844,1.665137614678899,1.7889908256880733,1.8944954128440368,2.0137614678899083,,0.6146788990825688,0.7477064220183486,0.8394495412844036,0.963302752293578,1.0825688073394495,1.201834862385321,1.2844036697247707,1.3623853211009174,1.4495412844036697,1.573394495412844,1.665137614678899,1.7889908256880733,1.8944954128440368,2.0137614678899083,,0.0,0.0,0.0,0.009174311926605505,0.009174311926605505,0.009174311926605505,0.013761467889908258,0.01834862385321101,0.022935779816513763,0.03211009174311927,0.03211009174311927,0.045871559633027525,0.06422018348623854,0.0779816513761468,,0.01834862385321101,0.022935779816513763,0.03211009174311927,0.03669724770642202,0.05504587155963303,0.0779816513761468,0.11009174311926606,0.11926605504587157,0.13302752293577982,0.1559633027522936,0.17889908256880735,0.21100917431192662,0.24770642201834864,0.2706422018348624,,0.5275229357798165,0.5275229357798165,0.0,0.009174311926605505
joker_urna1,649_mom_10_40,30,False,1522,653,0.017669199994998053,math-649,0.6202143950995406,4,0.0015313935681470138,0.006125574272588055,6,58.1,58.1,21.34,0.0,0.0,0.0,1,False,,0.7243491577335375,0.8116385911179173,0.9111791730474732,1.010719754977029,1.113323124042879,1.2113323124042878,1.3078101071975499,1.4349157733537519,1.542113323124043,1.650842266462481,1.7963246554364471,1.9188361408882082,2.021439509954058,2.1378254211332313,,0.7243491577335375,0.8116385911179173,0.9111791730474732,1.010719754977029,1.113323124042879,1.2113323124042878,1.3078101071975499,1.4349157733537519,1.542113323124043,1.650842266462481,1.7963246554364471,1.9188361408882082,2.021439509954058,2.1378254211332313,,0.0015313935681470138,0.0030627871362940277,0.0030627871362940277,0.004594180704441042,0.009188361408882083,0.016845329249617153,0.021439509954058193,0.026033690658499236,0.03215926493108729,0.036753445635528334,0.05359877488514548,0.07350689127105667,0.0888208269525268,0.10566615620214395,,0.013782542113323124,0.019908116385911178,0.033690658499234305,0.05666156202143951,0.0781010719754977,0.09188361408882083,0.11944869831546708,0.15007656967840735,0.1776416539050536,0.21286370597243492,0.2679938744257274,0.2986217457886677,0.33690658499234305,0.3889739663093415,,0.6202143950995406,0.6202143950995406,0.0015313935681470138,0.006125574272588055
joker_urna1,649_mom_10_40,30,True,1522,653,0.015123900026082993,math-649,0.5834609494640123,3,0.0,0.010719754977029096,12,0.0,0.0,21.34,0.0,0.0,0.0,1,False,,0.7105666156202144,0.8039816232771823,0.9280245022970903,1.0183767228177643,1.1393568147013782,1.2572741194486983,1.343032159264931,1.4885145482388975,1.5911179173047474,1.7013782542113323,1.8147013782542114,1.9173047473200613,2.0413476263399692,2.1378254211332313,,0.7105666156202144,0.8039816232771823,0.9280245022970903,1.0183767228177643,1.1393568147013782,1.2572741194486983,1.343032159264931,1.4885145482388975,1.5911179173047474,1.7013782542113323,1.8147013782542114,1.9173047473200613,2.0413476263399692,2.1378254211332313,,0.0,0.0015313935681470138,0.0015313935681470138,0.006125574272588055,0.007656967840735069,0.013782542113323124,0.016845329249617153,0.026033690658499236,0.03215926493108729,0.03828483920367534,0.0444104134762634,0.06125574272588055,0.07350689127105667,0.08575803981623277,,0.019908116385911178,0.027565084226646247,0.03522205206738132,0.055130168453292494,0.07503828483920368,0.0995405819295559,0.11944869831546708,0.15313935681470137,0.18223583460949463,0.20520673813169985,0.23889739663093415,0.2679938744257274,0.3231240428790199,0.3537519142419602,,0.5834609494640123,0.5834609494640123,0.0,0.010719754977029096
joker_urna1,649_mom_10_40,60,False,870,1305,0.02078560000518337,math-649,0.5524904214559387,4,0.0007662835249042146,0.0038314176245210726,5,0.0,0.0,21.34,0.0,0.0,0.0,1,False,,0.6590038314176245,0.7854406130268199,0.8934865900383142,1.0061302681992337,1.1080459770114943,1.2091954022988505,1.3126436781609196,1.4252873563218391,1.5394636015325671,1.657471264367816,1.763984674329502,1.8727969348659004,1.9724137931034482,2.0796934865900383,,0.6590038314176245,0.7854406130268199,0.8934865900383142,1.0061302681992337,1.1080459770114943,1.2091954022988505,1.3126436781609196,1.4252873563218391,1.5394636015325671,1.657471264367816,1.763984674329502,1.8727969348659004,1.9724137931034482,2.0796934865900383,,0.0007662835249042146,0.0007662835249042146,0.0007662835249042146,0.0030651340996168583,0.0038314176245210726,0.0053639846743295016,0.013026819923371647,0.01992337164750958,0.026053639846743294,0.03908045977011494,0.04980842911877394,0.06206896551724138,0.07126436781609195,0.08582375478927202,,0.006896551724137931,0.013793103448275862,0.028352490421455937,0.04904214559386973,0.06666666666666667,0.09195402298850575,0.11264367816091954,0.14022988505747128,0.1724137931034483,0.2045977011494253,0.24061302681992336,0.2727969348659004,0.3111111111111111,0.3478927203065134,,0.5524904214559387,0.5524904214559387,0.0007662835249042146,0.0038314176245210726
joker_urna1,649_mom_10_40,60,True,870,1305,0.022276400006376207,math-649,0.5655172413793104,4,0.0007662835249042146,0.012260536398467433,5,60.7,60.7,21.34,0.0,0.0,0.0,1,False,,0.6934865900383141,0.8099616858237548,0.9241379310344827,1.0314176245210729,1.1448275862068966,1.260536398467433,1.3816091954022989,1.488888888888889,1.5869731800766282,1.7088122605363985,1.8191570881226053,1.9440613026819924,2.0613026819923372,2.171647509578544,,0.6934865900383141,0.8099616858237548,0.9241379310344827,1.0314176245210729,1.1448275862068966,1.260536398467433,1.3816091954022989,1.488888888888889,1.5869731800766282,1.7088122605363985,1.8191570881226053,1.9440613026819924,2.0613026819923372,2.171647509578544,,0.0007662835249042146,0.0022988505747126436,0.0030651340996168583,0.004597701149425287,0.007662835249042145,0.00842911877394636,0.013793103448275862,0.021455938697318006,0.028352490421455937,0.03908045977011494,0.04827586206896552,0.06206896551724138,0.08505747126436781,0.10191570881226053,,0.017624521072796936,0.03065134099616858,0.041379310344827586,0.056704980842911874,0.0735632183908046,0.0896551724137931,0.12337164750957855,0.15708812260536398,0.18697318007662836,0.22298850574712645,0.2628352490421456,0.3057471264367816,0.33793103448275863,0.3739463601532567,,0.5655172413793104,0.5655172413793104,0.0007662835249042146,0.012260536398467433
joker_urna1,649_mom_10_40,100,False,80,2095,0.03017879999242723,math-649,0.5408114558472553,3,0.0,0.003341288782816229,7,0.0,0.0,21.34,0.0,0.0,0.0,1,False,,0.6477326968973747,0.7642004773269689,0.8634844868735083,0.9766109785202864,1.083054892601432,1.1899761336515513,1.2940334128878281,1.4128878281622912,1.5284009546539379,1.631980906921241,1.7532219570405727,1.884964200477327,2.007159904534606,2.1145584725536994,,0.6477326968973747,0.7642004773269689,0.8634844868735083,0.9766109785202864,1.083054892601432,1.1899761336515513,1.2940334128878281,1.4128878281622912,1.5284009546539379,1.631980906921241,1.7532219570405727,1.884964200477327,2.007159904534606,2.1145584725536994,,0.0,0.00047732696897374703,0.0009546539379474941,0.001431980906921241,0.002863961813842482,0.0042959427207637235,0.007159904534606206,0.013365155131264916,0.02100238663484487,0.029116945107398567,0.037708830548926014,0.05250596658711217,0.06730310262529833,0.08878281622911695,,0.008114558472553698,0.01766109785202864,0.02720763723150358,0.037231503579952266,0.05298329355608592,0.07255369928400955,0.09498806682577565,0.120763723150358,0.15513126491646778,0.18281622911694512,0.21957040572792363,0.2630071599045346,0.31121718377088303,0.3489260143198091,,0.5408114558472553,0.5408114558472553,0.0,0.003341288782816229
joker_urna1,649_mom_10_40,100,True,80,2095,0.0314139999973122,math-649,0.5599045346062053,3,0.0,0.00477326968973747,6,0.0,0.0,21.34,0.0,0.0,0.0,1,False,,0.6668257756563246,0.769928400954654,0.8911694510739857,0.9990453460620525,1.118854415274463,1.2257756563245823,1.3350835322195704,1.439618138424821,1.5689737470167064,1.6744630071599045,1.7894988066825777,1.9035799522673031,2.0081145584725535,2.1121718377088308,,0.6668257756563246,0.769928400954654,0.8911694510739857,0.9990453460620525,1.118854415274463,1.2257756563245823,1.3350835322195704,1.439618138424821,1.5689737470167064,1.6744630071599045,1.7894988066825777,1.9035799522673031,2.0081145584725535,2.1121718377088308,,0.00047732696897374703,0.0009546539379474941,0.0019093078758949881,0.0019093078758949881,0.005727923627684964,0.008591885441527447,0.012410501193317422,0.01909307875894988,0.026252983293556086,0.03389021479713604,0.04343675417661098,0.05393794749403341,0.07016706443914081,0.08448687350835322,,0.008591885441527447,0.017183770883054894,0.026252983293556086,0.044391408114558474,0.06157517899761337,0.0801909307875895,0.10739856801909307,0.1269689737470167,0.16324582338902147,0.20047732696897375,0.2315035799522673,0.2706443914081146,0.31121718377088303,0.34653937947494035,,0.5599045346062053,0.5599045346062053,0.0,0.00477326968973747
joker_urna1,649_katz75_prime25,10,False,1957,218,0.020527999993646517,top649,0.591743119266055,3,0.0,0.0045871559633027525,4,0.0,0.0,21.34,0.0,0.0,0.0,1,False,,0.7064220183486238,0.8073394495412844,0.9174311926605505,1.036697247706422,1.1192660550458715,1.238532110091743,1.3623853211009174,1.4954128440366972,1.5596330275229358,1.628440366972477,1.7522935779816513,1.871559633027523,2.018348623853211,2.1055045871559632,,0.7064220183486238,0.8165137614678899,0.9357798165137615,1.018348623853211,1.1376146788990826,1.261467889908257,1.3944954128440368,1.4587155963302751,1.5275229357798166,1.651376146788991,1.7706422018348624,1.9174311926605505,2.0045871559633026,2.0779816513761467,,0.0,0.0,0.0045871559633027525,0.0045871559633027525,0.0045871559633027525,0.0045871559633027525,0.0045871559633027525,0.013761467889908258,0.01834862385321101,0.01834862385321101,0.03211009174311927,0.03669724770642202,0.05045871559633028,0.06422018348623854,,0.009174311926605505,0.013761467889908258,0.027522935779816515,0.03211009174311927,0.03669724770642202,0.05963302752293578,0.11009174311926606,0.13302752293577982,0.15137614678899083,0.16972477064220184,0.19724770642201836,0.24770642201834864,0.29357798165137616,0.3256880733944954,,0.591743119266055,0.591743119266055,0.0,0.0045871559633027525
joker_urna1,649_katz75_prime25,10,True,1957,218,0.020818599994527176,top649,0.6238532110091743,3,0.0,0.01834862385321101,6,0.0,0.0,21.34,0.0,0.0,0.0,1,False,,0.7385321100917431,0.8211009174311926,0.944954128440367,1.0321100917431192,1.1192660550458715,1.2155963302752293,1.334862385321101,1.426605504587156,1.5642201834862386,1.646788990825688,1.7568807339449541,1.8669724770642202,1.963302752293578,2.0779816513761467,,0.7385321100917431,0.8211009174311926,0.944954128440367,1.0321100917431192,1.1192660550458715,1.2155963302752293,1.334862385321101,1.426605504587156,1.5642201834862386,1.646788990825688,1.7568807339449541,1.853211009174312,1.9678899082568808,2.0825688073394497,,0.0045871559633027525,0.0045871559633027525,0.0045871559633027525,0.0045871559633027525,0.0045871559633027525,0.009174311926605505,0.009174311926605505,0.013761467889908258,0.01834862385321101,0.027522935779816515,0.03669724770642202,0.05504587155963303,0.06422018348623854,0.0871559633027523,,0.022935779816513763,0.022935779816513763,0.03211009174311927,0.045871559633027525,0.06422018348623854,0.0779816513761468,0.10091743119266056,0.12385321100917432,0.16972477064220184,0.1926605504587156,0.22935779816513763,0.26605504587155965,0.30275229357798167,0.3394495412844037,,0.6238532110091743,0.6238532110091743,0.0,0.01834862385321101
joker_urna1,649_katz75_prime25,30,False,1522,653,0.0222864999959711,top649,0.5390505359877489,3,0.0,0.004594180704441042,6,65.4,65.4,21.34,0.0,0.0,0.0,1,False,,0.6462480857580398,0.7641653905053599,0.8637059724349158,0.9509954058192955,1.0490045941807045,1.1562021439509953,1.2496171516079633,1.349157733537519,1.4655436447166923,1.5819295558958653,1.678407350689127,1.793261868300153,1.892802450229709,1.998468606431853,,0.6462480857580398,0.7457886676875957,0.8330781010719756,0.9310872894333844,1.0382848392036754,1.1316998468606432,1.231240428790199,1.3476263399693722,1.444104134762634,1.55895865237366,1.6584992343032159,1.762633996937213,1.8759571209800918,2.021439509954058,,0.0,0.0015313935681470138,0.0030627871362940277,0.007656967840735069,0.007656967840735069,0.007656967840735069,0.010719754977029096,0.015313935681470138,0.018376722817764167,0.02450229709035222,0.030627871362940276,0.03522205206738132,0.055130168453292494,0.06431852986217458,,0.013782542113323124,0.018376722817764167,0.02450229709035222,0.03522205206738132,0.05206738131699847,0.07197549770290965,0.0888208269525268,0.11485451761102604,0.14854517611026033,0.17611026033690658,0.2006125574272588,0.24196018376722817,0.28483920367534454,0.3124042879019908,,0.5390505359877489,0.5390505359877489,0.0,0.004594180704441042
joker_urna1,649_katz75_prime25,30,True,1522,653,0.024234100012108684,top649,0.5803981623277182,3,0.0,0.006125574272588055,12,89.5,89.5,21.34,0.0,0.0,0.0,1,False,,0.6906584992343032,0.8039816232771823,0.9188361408882083,1.0183767228177643,1.1362940275650841,1.2465543644716692,1.3506891271056662,1.4609494640122511,1.5895865237366003,1.6830015313935682,1.7917304747320062,1.901990811638591,2.0183767228177643,2.114854517611026,,0.6860643185298622,0.8039816232771823,0.9142419601837672,1.0245022970903521,1.1531393568147015,1.2465543644716692,1.3552833078101072,1.4655436447166923,1.562021439509954,1.6906584992343032,1.773353751914242,1.886676875957121,2.0107197549770293,2.134762633996937,,0.0,0.0030627871362940277,0.0030627871362940277,0.004594180704441042,0.007656967840735069,0.01225114854517611,0.018376722817764167,0.026033690658499236,0.03215926493108729,0.03828483920367534,0.045941807044410414,0.04900459418070444,0.06891271056661562,0.08422664624808576,,0.010719754977029096,0.019908116385911178,0.03522205206738132,0.05053598774885146,0.07197549770290965,0.09647779479326186,0.10872894333843798,0.13476263399693722,0.16998468606431852,0.19142419601837674,0.23124042879019907,0.26033690658499237,0.3093415007656968,0.3445635528330781,,0.5803981623277182,0.5865237366003063,0.0,0.006125574272588055
joker_urna1,649_katz75_prime25,60,False,870,1305,0.025782300013815984,top649,0.5747126436781609,3,0.0,0.004597701149425287,5,52.6,52.6,21.34,0.0,0.0,0.0,1,False,,0.6674329501915709,0.7938697318007663,0.8950191570881226,1.025287356321839,1.1356321839080459,1.2513409961685824,1.3708812260536398,1.4773946360153256,1.58544061302682,1.710344827586207,1.8199233716475096,1.9264367816091954,2.0521072796934865,2.1655172413793102,,0.6674329501915709,0.7938697318007663,0.8950191570881226,1.025287356321839,1.1356321839080459,1.2513409961685824,1.3708812260536398,1.4773946360153256,1.58544061302682,1.710344827586207,1.8199233716475096,1.9264367816091954,2.0521072796934865,2.1655172413793102,,0.0,0.0022988505747126436,0.0030651340996168583,0.0038314176245210726,0.0053639846743295016,0.00842911877394636,0.013026819923371647,0.01685823754789272,0.02375478927203065,0.0367816091954023,0.0475095785440613,0.06206896551724138,0.09195402298850575,0.10881226053639846,,0.007662835249042145,0.012260536398467433,0.024521072796934867,0.045210727969348656,0.06896551724137931,0.08582375478927202,0.10957854406130269,0.1371647509578544,0.17547892720306513,0.21992337164750958,0.25287356321839083,0.2835249042145594,0.32413793103448274,0.3670498084291188,,0.5747126436781609,0.5747126436781609,0.0,0.004597701149425287
joker_urna1,649_katz75_prime25,60,True,870,1305,0.024849200010066852,top649,0.5678160919540229,4,0.0007662835249042146,0.007662835249042145,5,66.7,66.7,21.34,0.0,0.0,0.0,1,False,,0.6659003831417625,0.7716475095785441,0.8796934865900383,1.0015325670498085,1.1172413793103448,1.221455938697318,1.335632183908046,1.445977011494253,1.5708812260536398,1.6896551724137931,1.7877394636015325,1.9019157088122605,2.004597701149425,2.094252873563218,,0.6659003831417625,0.7716475095785441,0.8796934865900383,1.0015325670498085,1.1172413793103448,1.221455938697318,1.335632183908046,1.445977011494253,1.564750957854406,1.678927203065134,1.7816091954022988,1.8712643678160918,1.9724137931034482,2.0766283524904217,,0.0007662835249042146,0.0015325670498084292,0.0015325670498084292,0.0030651340996168583,0.007662835249042145,0.00996168582375479,0.010727969348659003,0.01839080459770115,0.02375478927203065,0.0367816091954023,0.04980842911877394,0.06283524904214559,0.08199233716475096,0.09961685823754789,,0.013793103448275862,0.019157088122605363,0.031417624521072794,0.0475095785440613,0.06360153256704981,0.07969348659003832,0.10651340996168582,0.1363984674329502,0.1739463601532567,0.20842911877394635,0.23754789272030652,0.2850574712643678,0.3195402298850575,0.3524904214559387,,0.5678160919540229,0.5678160919540229,0.0007662835249042146,0.007662835249042145
joker_urna1,649_katz75_prime25,100,False,80,2095,0.02847180000389926,top649,0.5622911694510739,4,0.00047732696897374703,0.0076372315035799524,7,64.3,64.3,21.34,0.0,0.0,0.0,1,False,,0.6725536992840095,0.7937947494033413,0.9078758949880669,1.0114558472553699,1.1155131264916467,1.210978520286396,1.316945107398568,1.4233890214797136,1.5274463007159904,1.6305489260143198,1.7465393794749404,1.8620525059665871,1.9646778042959427,2.066348448687351,,0.6725536992840095,0.7937947494033413,0.9078758949880669,1.0114558472553699,1.1155131264916467,1.210978520286396,1.316945107398568,1.421002386634845,1.5241050119331743,1.6400954653937947,1.7556085918854416,1.8582338902147972,1.9599045346062052,2.0673031026252984,,0.0019093078758949881,0.002386634844868735,0.003341288782816229,0.00477326968973747,0.006205250596658711,0.008591885441527447,0.013365155131264916,0.016706443914081145,0.022911694510739856,0.03198090692124105,0.04725536992840095,0.059665871121718374,0.0711217183770883,0.0892601431980907,,0.014797136038186158,0.020047732696897375,0.03293556085918854,0.052028639618138424,0.06539379474940334,0.0883054892601432,0.10930787589498807,0.13174224343675417,0.156563245823389,0.18281622911694512,0.21813842482100237,0.25966587112171835,0.2992840095465394,0.3360381861575179,,0.5622911694510739,0.5622911694510739,0.00047732696897374703,0.0076372315035799524
joker_urna1,649_katz75_prime25,100,True,80,2095,0.026509799994528294,top649,0.5665871121718377,4,0.00047732696897374703,0.005727923627684964,6,0.0,0.0,21.34,0.0,0.0,0.0,1,False,,0.6620525059665872,0.7847255369928401,0.8821002386634845,0.9861575178997614,1.1007159904534607,1.2100238663484486,1.3326968973747018,1.449164677804296,1.5608591885441527,1.665871121718377,1.7799522673031025,1.8878281622911695,2.005250596658711,2.118854415274463,,0.6639618138424821,0.7680190930787589,0.8825775656324583,0.9918854415274463,1.1145584725536992,1.2310262529832936,1.3427207637231504,1.4477326968973747,1.5618138424821002,1.6696897374701671,1.7871121718377088,1.9007159904534605,2.0062052505966586,2.1131264916467782,,0.00047732696897374703,0.0009546539379474941,0.002386634844868735,0.00477326968973747,0.008591885441527447,0.011933174224343675,0.015751789976133652,0.02243436754176611,0.03293556085918854,0.037231503579952266,0.04677804295942721,0.06157517899761337,0.07541766109785203,0.09069212410501193,,0.013365155131264916,0.022911694510739856,0.03436754176610979,0.04725536992840095,0.06968973747016706,0.09212410501193317,0.11694510739856802,0.14844868735083533,0.17517899761336517,0.20238663484486874,0.23293556085918854,0.2649164677804296,0.31551312649164676,0.3594272076372315,,0.5665871121718377,0.5665871121718377,0.00047732696897374703,0.005727923627684964
joker_urna1,ml_complement_nb,10,False,1957,218,0.10134880000259727,ml-bayes,0.5871559633027523,3,0.0,0.0045871559633027525,4,56.7,56.7,21.35,0.0,0.0,0.0,1,False,,0.6743119266055045,0.7981651376146789,0.8990825688073395,1.0504587155963303,1.2110091743119267,1.31651376146789,1.4403669724770642,1.5596330275229358,1.6238532110091743,1.7477064220183487,1.8440366972477065,1.9587155963302751,2.0871559633027523,2.1559633027522938,,0.6743119266055045,0.7981651376146789,0.8990825688073395,1.0504587155963303,1.2110091743119267,1.31651376146789,1.4403669724770642,1.5596330275229358,1.6238532110091743,1.7477064220183487,1.8623853211009174,1.9908256880733946,2.0596330275229358,2.1422018348623855,,0.0,0.0,0.0045871559633027525,0.0045871559633027525,0.013761467889908258,0.013761467889908258,0.022935779816513763,0.027522935779816515,0.03211009174311927,0.05045871559633028,0.05963302752293578,0.05963302752293578,0.0779816513761468,0.0779816513761468,,0.009174311926605505,0.027522935779816515,0.05045871559633028,0.07339449541284404,0.0963302752293578,0.12385321100917432,0.1559633027522936,0.17889908256880735,0.20642201834862386,0.22935779816513763,0.26146788990825687,0.29357798165137616,0.3532110091743119,0.38990825688073394,,0.5871559633027523,0.5871559633027523,0.0,0.0045871559633027525
joker_urna1,ml_complement_nb,10,True,1957,218,0.09717669998644851,ml-bayes,0.6192660550458715,3,0.0,0.0045871559633027525,6,50.0,50.0,21.35,0.0,0.0,0.0,1,False,,0.7110091743119266,0.8486238532110092,0.9541284403669725,1.0779816513761469,1.188073394495413,1.3027522935779816,1.385321100917431,1.4678899082568808,1.591743119266055,1.6972477064220184,1.871559633027523,1.9724770642201834,2.0642201834862384,2.1605504587155964,,0.7110091743119266,0.8486238532110092,0.9541284403669725,1.0779816513761469,1.188073394495413,1.3027522935779816,1.385321100917431,1.4678899082568808,1.591743119266055,1.6972477064220184,1.871559633027523,1.9724770642201834,2.0642201834862384,2.1605504587155964,,0.0,0.0,0.0,0.0,0.0045871559633027525,0.0045871559633027525,0.01834862385321101,0.01834862385321101,0.03211009174311927,0.03669724770642202,0.05045871559633028,0.06422018348623854,0.0779816513761468,0.09174311926605505,,0.009174311926605505,0.013761467889908258,0.03211009174311927,0.04128440366972477,0.06422018348623854,0.10550458715596331,0.11926605504587157,0.14678899082568808,0.1834862385321101,0.19724770642201836,0.26146788990825687,0.3073394495412844,0.3302752293577982,0.3577981651376147,,0.6192660550458715,0.6192660550458715,0.0,0.0045871559633027525
joker_urna1,ml_complement_nb,30,False,1522,653,0.12144389998866245,ml-bayes,0.5650842266462481,3,0.0,0.007656967840735069,6,55.2,49.8,21.35,0.0,0.0,0.0,1,False,,0.6799387442572741,0.7947932618683001,0.9111791730474732,1.004594180704441,1.11791730474732,1.215926493108729,1.343032159264931,1.4655436447166923,1.5650842266462481,1.6921898928024501,1.7917304747320062,1.894333843797856,2.0245022970903523,2.1699846860643186,,0.6799387442572741,0.7947932618683001,0.9111791730474732,1.004594180704441,1.11791730474732,1.215926493108729,1.343032159264931,1.4655436447166923,1.5650842266462481,1.6921898928024501,1.7917304747320062,1.894333843797856,2.0245022970903523,2.1699846860643186,,0.0,0.0,0.0015313935681470138,0.0030627871362940277,0.004594180704441042,0.007656967840735069,0.015313935681470138,0.021439509954058193,0.022970903522205207,0.033690658499234305,0.045941807044410414,0.05359877488514548,0.07350689127105667,0.10719754977029096,,0.019908116385911178,0.026033690658499236,0.03828483920367534,0.05206738131699847,0.06891271056661562,0.08116385911179173,0.11179173047473201,0.14854517611026033,0.16845329249617153,0.20520673813169985,0.23736600306278713,0.2771822358346095,0.3169984686064318,0.3675344563552833,,0.5650842266462481,0.5650842266462481,0.0,0.007656967840735069
joker_urna1,ml_complement_nb,30,True,1522,653,0.13481009998940863,ml-bayes,0.5681470137825421,3,0.0,0.009188361408882083,12,44.1,22.1,21.35,0.0,0.0,0.0,1,False,,0.7029096477794793,0.8162327718223583,0.8989280245022971,1.0260336906584993,1.111791730474732,1.229709035222052,1.329249617151608,1.4226646248085757,1.5436447166921898,1.6447166921898928,1.7534456355283308,1.8698315467075037,1.9739663093415007,2.076569678407351,,0.7029096477794793,0.8162327718223583,0.8989280245022971,1.0260336906584993,1.111791730474732,1.229709035222052,1.329249617151608,1.4226646248085757,1.5436447166921898,1.6523736600306278,1.7427258805513017,1.8667687595712097,1.9724349157733538,2.0535987748851454,,0.0,0.0,0.0015313935681470138,0.0030627871362940277,0.007656967840735069,0.013782542113323124,0.015313935681470138,0.019908116385911178,0.02450229709035222,0.03522205206738132,0.045941807044410414,0.06125574272588055,0.07197549770290965,0.09800918836140889,,0.016845329249617153,0.02450229709035222,0.039816232771822356,0.05666156202143951,0.06738131699846861,0.08728943338437979,0.11638591117917305,0.13016845329249618,0.1562021439509954,0.17611026033690658,0.20520673813169985,0.2450229709035222,0.2894333843797856,0.3215926493108729,,0.5681470137825421,0.5681470137825421,0.0,0.009188361408882083
joker_urna1,ml_complement_nb,60,False,870,1305,0.14751070001511835,ml-bayes,0.546360153256705,3,0.0,0.0038314176245210726,5,44.1,22.1,21.35,0.0,0.0,0.0,1,False,,0.653639846743295,0.7701149425287356,0.8766283524904215,1.0053639846743294,1.1065134099616858,1.2,1.303448275862069,1.4229885057471265,1.524904214559387,1.6260536398467433,1.7325670498084291,1.8574712643678162,1.9655172413793103,2.0697318007662835,,0.653639846743295,0.7701149425287356,0.8766283524904215,1.0053639846743294,1.1065134099616858,1.2,1.303448275862069,1.4229885057471265,1.524904214559387,1.6260536398467433,1.7325670498084291,1.8574712643678162,1.9670498084291188,2.0727969348659006,,0.0,0.0015325670498084292,0.0022988505747126436,0.0030651340996168583,0.004597701149425287,0.007662835249042145,0.012260536398467433,0.017624521072796936,0.024521072796934867,0.028352490421455937,0.0367816091954023,0.05057471264367816,0.06360153256704981,0.07739463601532567,,0.010727969348659003,0.020689655172413793,0.03065134099616858,0.04674329501915709,0.05823754789272031,0.07279693486590039,0.10038314176245211,0.12950191570881225,0.1578544061302682,0.19386973180076628,0.23065134099616857,0.2704980842911877,0.30727969348659,0.34406130268199236,,0.546360153256705,0.546360153256705,0.0,0.0038314176245210726
joker_urna1,ml_complement_nb,60,True,870,1305,0.13969109999015927,ml-bayes,0.6076628352490422,3,0.0,0.00996168582375479,5,70.4,61.9,21.35,0.0,0.0,0.0,1,False,,0.7295019157088123,0.8436781609195402,0.9601532567049809,1.0704980842911878,1.181609195402299,1.303448275862069,1.4153256704980843,1.5340996168582375,1.6383141762452107,1.735632183908046,1.8421455938697318,1.9478927203065135,2.056704980842912,2.15632183908046,,0.7295019157088123,0.8436781609195402,0.9601532567049809,1.0704980842911878,1.181609195402299,1.303448275862069,1.4153256704980843,1.5340996168582375,1.6383141762452107,1.735632183908046,1.8421455938697318,1.9478927203065135,2.0475095785440613,2.1517241379310343,,0.0,0.0007662835249042146,0.0007662835249042146,0.0038314176245210726,0.009195402298850575,0.012260536398467433,0.01839080459770115,0.026053639846743294,0.03218390804597701,0.04061302681992337,0.052873563218390804,0.06743295019157088,0.08352490421455938,0.09885057471264368,,0.017624521072796936,0.022222222222222223,0.03984674329501916,0.05747126436781609,0.0743295019157088,0.10421455938697317,0.12490421455938697,0.1578544061302682,0.18620689655172415,0.21915708812260537,0.2574712643678161,0.29808429118773944,0.3333333333333333,0.3701149425287356,,0.6076628352490422,0.6076628352490422,0.0,0.00996168582375479
joker_urna1,ml_complement_nb,100,False,80,2095,0.14493789998232387,ml-bayes,0.5689737470167064,4,0.0009546539379474941,0.008591885441527447,7,72.0,62.2,21.35,0.0,0.0,0.0,1,False,,0.6821002386634845,0.7985680190930787,0.9021479713603818,1.0243436754176611,1.1236276849642004,1.226252983293556,1.3336515513126492,1.4496420047732697,1.5813842482100238,1.692124105011933,1.8023866348448687,1.920763723150358,2.0281622911694512,2.141288782816229,,0.6821002386634845,0.7985680190930787,0.9021479713603818,1.0243436754176611,1.1236276849642004,1.226252983293556,1.3336515513126492,1.4496420047732697,1.5813842482100238,1.692124105011933,1.8023866348448687,1.920763723150358,2.0281622911694512,2.130310262529833,,0.0019093078758949881,0.003341288782816229,0.0042959427207637235,0.006205250596658711,0.010501193317422435,0.015751789976133652,0.021957040572792363,0.02720763723150358,0.03293556085918854,0.043914081145584725,0.051551312649164675,0.06825775656324583,0.08353221957040573,0.0973747016706444,,0.017183770883054894,0.0243436754176611,0.037708830548926014,0.05441527446300716,0.07064439140811456,0.09212410501193317,0.11360381861575179,0.13221957040572793,0.17136038186157518,0.20047732696897375,0.2315035799522673,0.2744630071599045,0.31121718377088303,0.35083532219570407,,0.5689737470167064,0.5689737470167064,0.0009546539379474941,0.008591885441527447
joker_urna1,ml_complement_nb,100,True,80,2095,0.1171477000170853,ml-bayes,0.575656324582339,3,0.0,0.00477326968973747,6,100.0,100.0,21.33,0.0,0.0,0.0,1,False,,0.6968973747016707,0.8190930787589499,0.9164677804295943,1.0210023866348448,1.1408114558472553,1.249164677804296,1.371837708830549,1.475417661097852,1.5708830548926014,1.6844868735083531,1.7928400954653938,1.9102625298329357,2.02673031026253,2.149403341288783,,0.6968973747016707,0.8190930787589499,0.9164677804295943,1.0210023866348448,1.1408114558472553,1.249164677804296,1.371837708830549,1.475417661097852,1.5890214797136037,1.7054892601431981,1.8238663484486874,1.9365155131264917,2.0520286396181384,2.156563245823389,,0.0,0.0,0.00047732696897374703,0.003341288782816229,0.0076372315035799524,0.011933174224343675,0.017183770883054894,0.022911694510739856,0.032458233890214794,0.04105011933174224,0.050119331742243436,0.06300715990453461,0.07875894988066826,0.10023866348448687,,0.011455847255369928,0.022911694510739856,0.03198090692124105,0.04630071599045346,0.06968973747016706,0.09021479713603818,0.11503579952267304,0.1412887828162291,0.16515513126491646,0.20381861575178997,0.2386634844868735,0.28066825775656323,0.3260143198090692,0.36945107398568017,,0.575656324582339,0.575656324582339,0.0,0.00477326968973747
joker_urna1,ml_nearest_centroid,10,False,1957,218,0.14268640000955202,ml-knn,0.555045871559633,3,0.0,0.009174311926605505,4,100.0,80.7,21.35,0.0,0.0,0.0,1,False,,0.6880733944954128,0.8394495412844036,0.963302752293578,1.1238532110091743,1.2110091743119267,1.334862385321101,1.4541284403669725,1.5596330275229358,1.688073394495413,1.811926605504587,1.8761467889908257,1.9495412844036697,2.0596330275229358,2.1605504587155964,,0.6880733944954128,0.8394495412844036,0.963302752293578,1.1238532110091743,1.2110091743119267,1.334862385321101,1.4541284403669725,1.5596330275229358,1.688073394495413,1.811926605504587,1.8761467889908257,1.9495412844036697,2.05045871559633,2.1788990825688073,,0.0,0.0,0.0,0.0045871559633027525,0.009174311926605505,0.013761467889908258,0.013761467889908258,0.022935779816513763,0.045871559633027525,0.06422018348623854,0.06880733944954129,0.08256880733944955,0.0871559633027523,0.10550458715596331,,0.022935779816513763,0.03669724770642202,0.045871559633027525,0.0779816513761468,0.0963302752293578,0.12844036697247707,0.1559633027522936,0.17889908256880735,0.2018348623853211,0.24770642201834864,0.2798165137614679,0.3073394495412844,0.3348623853211009,0.37155963302752293,,0.555045871559633,0.555045871559633,0.0,0.009174311926605505
joker_urna1,ml_nearest_centroid,10,True,1957,218,0.14486220001708716,ml-knn,0.6192660550458715,3,0.0,0.0045871559633027525,6,100.0,100.0,21.35,0.0,0.0,0.0,1,False,,0.7247706422018348,0.8623853211009175,0.9541284403669725,1.0779816513761469,1.1743119266055047,1.2844036697247707,1.3990825688073394,1.4908256880733946,1.6009174311926606,1.701834862385321,1.798165137614679,1.8807339449541285,1.9862385321100917,2.0779816513761467,,0.7247706422018348,0.8623853211009175,0.9541284403669725,1.0779816513761469,1.1743119266055047,1.2844036697247707,1.3990825688073394,1.4908256880733946,1.591743119266055,1.688073394495413,1.7706422018348624,1.8761467889908257,2.05045871559633,2.1743119266055047,,0.0,0.0,0.0,0.0,0.0,0.009174311926605505,0.009174311926605505,0.013761467889908258,0.01834862385321101,0.03211009174311927,0.04128440366972477,0.05504587155963303,0.06422018348623854,0.06880733944954129,,0.013761467889908258,0.022935779816513763,0.03211009174311927,0.04128440366972477,0.06422018348623854,0.08256880733944955,0.12385321100917432,0.14220183486238533,0.1743119266055046,0.21100917431192662,0.22477064220183487,0.25688073394495414,0.28440366972477066,0.3394495412844037,,0.6192660550458715,0.6192660550458715,0.0,0.0045871559633027525
joker_urna1,ml_nearest_centroid,30,False,1522,653,0.14015740001923405,ml-knn,0.5650842266462481,3,0.0,0.007656967840735069,6,60.7,59.6,21.36,0.0,0.0,0.0,1,False,,0.6584992343032159,0.7856049004594181,0.9019908116385911,1.0168453292496171,1.1301684532924963,1.228177641653905,1.3506891271056662,1.450229709035222,1.5803981623277181,1.6875957120980092,1.787136294027565,1.889739663093415,2.0168453292496173,2.120980091883614,,0.6584992343032159,0.7856049004594181,0.9019908116385911,1.0168453292496171,1.1301684532924963,1.228177641653905,1.3506891271056662,1.450229709035222,1.5803981623277181,1.6875957120980092,1.787136294027565,1.889739663093415,2.0168453292496173,2.120980091883614,,0.0,0.0015313935681470138,0.0015313935681470138,0.0015313935681470138,0.006125574272588055,0.007656967840735069,0.009188361408882083,0.016845329249617153,0.027565084226646247,0.03828483920367534,0.04134762633996937,0.05359877488514548,0.06584992343032159,0.09188361408882083,,0.01225114854517611,0.016845329249617153,0.036753445635528334,0.04900459418070444,0.06738131699846861,0.08269525267993874,0.11638591117917305,0.13935681470137826,0.16998468606431852,0.2006125574272588,0.2343032159264931,0.2679938744257274,0.31852986217457885,0.3445635528330781,,0.5650842266462481,0.5650842266462481,0.0,0.007656967840735069
joker_urna1,ml_nearest_centroid,30,True,1522,653,0.1260314999963157,ml-knn,0.5880551301684533,3,0.0,0.009188361408882083,12,61.1,51.2,21.35,0.0,0.0,0.0,1,False,,0.7029096477794793,0.8238897396630934,0.9372128637059725,1.0199081163859112,1.105666156202144,1.231240428790199,1.349157733537519,1.430321592649311,1.5313935681470139,1.6554364471669218,1.771822358346095,1.877488514548239,1.9770290964777948,2.104134762633997,,0.7029096477794793,0.8238897396630934,0.9372128637059725,1.0199081163859112,1.105666156202144,1.223583460949464,1.3047473200612558,1.4287901990811638,1.5344563552833077,1.6339969372128638,1.7611026033690658,1.8545176110260337,1.9448698315467075,2.0535987748851454,,0.0,0.0015313935681470138,0.0015313935681470138,0.0030627871362940277,0.007656967840735069,0.01225114854517611,0.015313935681470138,0.016845329249617153,0.019908116385911178,0.027565084226646247,0.0444104134762634,0.05053598774885146,0.05972434915773354,0.08575803981623277,,0.016845329249617153,0.02450229709035222,0.03522205206738132,0.05206738131699847,0.05972434915773354,0.07503828483920368,0.10413476263399694,0.12557427258805512,0.15313935681470137,0.18529862174578868,0.20673813169984687,0.25114854517611024,0.28177641653905056,0.32465543644716693,,0.5880551301684533,0.5880551301684533,0.0,0.009188361408882083
joker_urna1,ml_nearest_centroid,60,False,870,1305,0.12239360000239685,ml-knn,0.546360153256705,3,0.0,0.0038314176245210726,5,62.8,55.0,21.36,0.0,0.0,0.0,1,False,,0.6628352490421456,0.7639846743295019,0.8781609195402299,1.006896551724138,1.114176245210728,1.2206896551724138,1.314176245210728,1.417624521072797,1.5241379310344827,1.6306513409961685,1.7524904214559387,1.8544061302681993,1.9524904214559387,2.053639846743295,,0.6628352490421456,0.7639846743295019,0.8781609195402299,1.006896551724138,1.114176245210728,1.2206896551724138,1.314176245210728,1.417624521072797,1.5241379310344827,1.6306513409961685,1.7325670498084291,1.8337164750957855,1.9731800766283525,2.09272030651341,,0.0007662835249042146,0.0007662835249042146,0.0030651340996168583,0.0030651340996168583,0.0053639846743295016,0.006896551724137931,0.00996168582375479,0.01685823754789272,0.022988505747126436,0.028352490421455937,0.04061302681992337,0.055938697318007664,0.06666666666666667,0.08045977011494253,,0.012260536398467433,0.016091954022988506,0.029885057471264367,0.0475095785440613,0.06206896551724138,0.08659003831417625,0.10727969348659004,0.13026819923371646,0.1578544061302682,0.18850574712643678,0.22988505747126436,0.26436781609195403,0.296551724137931,0.335632183908046,,0.546360153256705,0.546360153256705,0.0,0.0038314176245210726
joker_urna1,ml_nearest_centroid,60,True,870,1305,0.13905989998602308,ml-knn,0.6130268199233716,3,0.0,0.00842911877394636,5,60.4,57.5,21.36,0.0,0.0,0.0,1,False,,0.7348659003831418,0.8452107279693487,0.9593869731800766,1.0758620689655172,1.1800766283524904,1.2858237547892721,1.396934865900383,1.5088122605363985,1.625287356321839,1.7295019157088123,1.8191570881226053,1.927969348659004,2.045977011494253,2.164750957854406,,0.7348659003831418,0.8452107279693487,0.9593869731800766,1.0758620689655172,1.1800766283524904,1.2858237547892721,1.396934865900383,1.5088122605363985,1.625287356321839,1.7295019157088123,1.8191570881226053,1.9371647509578545,2.0559386973180076,2.157088122605364,,0.0,0.0007662835249042146,0.0022988505747126436,0.0053639846743295016,0.00842911877394636,0.012260536398467433,0.01532567049808429,0.019157088122605363,0.028352490421455937,0.0421455938697318,0.05057471264367816,0.06283524904214559,0.0743295019157088,0.09578544061302682,,0.014559386973180077,0.022988505747126436,0.038314176245210725,0.05517241379310345,0.07049808429118774,0.09272030651340996,0.11877394636015326,0.1478927203065134,0.1839080459770115,0.21226053639846743,0.24521072796934865,0.2827586206896552,0.32873563218390806,0.3816091954022989,,0.6130268199233716,0.6130268199233716,0.0,0.00842911877394636
joker_urna1,ml_nearest_centroid,100,False,80,2095,0.11028960000840016,ml-knn,0.5780429594272076,3,0.0,0.005727923627684964,7,0.0,0.0,21.35,0.0,0.0,0.0,1,False,,0.6911694510739856,0.798090692124105,0.9083532219570406,1.0238663484486874,1.143675417661098,1.2544152744630073,1.3766109785202865,1.4801909307875896,1.5794749403341288,1.686873508353222,1.7894988066825777,1.9112171837708831,2.0295942720763724,2.132696897374702,,0.6911694510739856,0.798090692124105,0.9083532219570406,1.0238663484486874,1.1346062052505967,1.256801909307876,1.360381861575179,1.4596658711217183,1.5670644391408115,1.6696897374701671,1.7914081145584726,1.909785202863962,2.0128878281622913,2.115035799522673,,0.00047732696897374703,0.0019093078758949881,0.002386634844868735,0.0042959427207637235,0.005727923627684964,0.00954653937947494,0.014319809069212411,0.021479713603818614,0.029116945107398567,0.037708830548926014,0.050119331742243436,0.06730310262529833,0.08544152744630072,0.09928400954653938,,0.014797136038186158,0.0243436754176611,0.03341288782816229,0.04486873508353222,0.0639618138424821,0.08878281622911695,0.11789976133651552,0.1460620525059666,0.1737470167064439,0.20334128878281624,0.23914081145584726,0.28066825775656323,0.3183770883054893,0.360381861575179,,0.5780429594272076,0.5780429594272076,0.0,0.005727923627684964
joker_urna1,ml_nearest_centroid,100,True,80,2095,0.10394520001136698,ml-knn,0.5675417661097852,3,0.0,0.006682577565632458,6,25.6,25.6,21.35,0.0,0.0,0.0,1,False,,0.6968973747016707,0.8190930787589499,0.9164677804295943,1.0210023866348448,1.1408114558472553,1.2572792362768497,1.3799522673031026,1.4854415274463006,1.5937947494033413,1.6973747016706444,1.79618138424821,1.9116945107398569,2.0262529832935563,2.1331742243436755,,0.6968973747016707,0.8190930787589499,0.9164677804295943,1.0210023866348448,1.1408114558472553,1.2572792362768497,1.3799522673031026,1.4854415274463006,1.5937947494033413,1.6973747016706444,1.79618138424821,1.9116945107398569,2.0262529832935563,2.130310262529833,,0.0,0.0,0.00047732696897374703,0.003341288782816229,0.0076372315035799524,0.010023866348448688,0.015751789976133652,0.021957040572792363,0.03007159904534606,0.04009546539379475,0.050119331742243436,0.06205250596658711,0.08066825775656325,0.09689737470167065,,0.011455847255369928,0.022911694510739856,0.03198090692124105,0.04630071599045346,0.06968973747016706,0.09785202863961814,0.12362768496420047,0.1441527446300716,0.1747016706443914,0.2052505966587112,0.24009546539379475,0.2821002386634845,0.31408114558472555,0.356563245823389,,0.5675417661097852,0.5675417661097852,0.0,0.006682577565632458
